phase,replication,cell,learner,route,rule,metric,lambda,omega,value,status
pilot,0,shared,,unit_exact,,ratio/mean,,,1.0,ok
pilot,0,shared,,unit_exact,,ratio/second_moment,,,1.0,ok
pilot,0,shared,,unit_exact,,ratio/ess_fraction,,,1.0,ok
pilot,0,shared,,unit_exact,,ratio/max,,,1.0,ok
pilot,0,shared,,unit_exact,,ratio/classifier_converged,,,1.0,ok
pilot,0,shared,DRF,unit_exact,candidate,selection_score,0.0,0.0,6.528329346033196,ok
pilot,0,shared,DRF,unit_exact,candidate,selection_score,0.0,0.5,6.264328392379448,ok
pilot,0,shared,DRF,unit_exact,candidate,selection_score,0.0,1.0,6.212350859726716,ok
pilot,0,shared,DRF,unit_exact,candidate,selection_score,0.5,0.0,6.466862981260468,ok
pilot,0,shared,DRF,unit_exact,candidate,selection_score,0.5,0.5,6.228598729537081,ok
pilot,0,shared,DRF,unit_exact,candidate,selection_score,0.5,1.0,6.202991684010378,ok
pilot,0,shared,DRF,unit_exact,candidate,selection_score,1.0,0.0,6.467598093863617,ok
pilot,0,shared,DRF,unit_exact,candidate,selection_score,1.0,0.5,6.255247197861602,ok
pilot,0,shared,DRF,unit_exact,candidate,selection_score,1.0,1.0,6.262685233612205,ok
pilot,0,shared,DRF,unit_exact,rct_only,selected_lambda,0.0,0.0,0.0,ok
pilot,0,shared,DRF,unit_exact,rct_only,selected_omega,0.0,0.0,0.0,ok
pilot,0,shared,DRF,unit_exact,lambda_only,selected_lambda,0.5,0.0,0.5,ok
pilot,0,shared,DRF,unit_exact,lambda_only,selected_omega,0.5,0.0,0.0,ok
pilot,0,shared,DRF,unit_exact,omega_only,selected_lambda,0.0,1.0,0.0,ok
pilot,0,shared,DRF,unit_exact,omega_only,selected_omega,0.0,1.0,1.0,ok
pilot,0,shared,DRF,unit_exact,joint,selected_lambda,0.5,1.0,0.5,ok
pilot,0,shared,DRF,unit_exact,joint,selected_omega,0.5,1.0,1.0,ok
pilot,0,shared,DRF,unit_exact,diagnostic,fixed_candidate_drift,0.5,0.5,0.08175877469795723,ok
pilot,0,shared,RF,unit_exact,candidate,selection_score,0.0,0.0,6.802854504114929,ok
pilot,0,shared,RF,unit_exact,candidate,selection_score,0.0,0.5,6.367446030213696,ok
pilot,0,shared,RF,unit_exact,candidate,selection_score,0.0,1.0,6.315829612632997,ok
pilot,0,shared,RF,unit_exact,candidate,selection_score,0.5,0.0,6.616616300201186,ok
pilot,0,shared,RF,unit_exact,candidate,selection_score,0.5,0.5,6.269980836944007,ok
pilot,0,shared,RF,unit_exact,candidate,selection_score,0.5,1.0,6.268668263802883,ok
pilot,0,shared,RF,unit_exact,candidate,selection_score,1.0,0.0,6.473019617567828,ok
pilot,0,shared,RF,unit_exact,candidate,selection_score,1.0,0.5,6.209553489104835,ok
pilot,0,shared,RF,unit_exact,candidate,selection_score,1.0,1.0,6.26268523361221,ok
pilot,0,shared,RF,unit_exact,rct_only,selected_lambda,0.0,0.0,0.0,ok
pilot,0,shared,RF,unit_exact,rct_only,selected_omega,0.0,0.0,0.0,ok
pilot,0,shared,RF,unit_exact,lambda_only,selected_lambda,1.0,0.0,1.0,ok
pilot,0,shared,RF,unit_exact,lambda_only,selected_omega,1.0,0.0,0.0,ok
pilot,0,shared,RF,unit_exact,omega_only,selected_lambda,0.0,1.0,0.0,ok
pilot,0,shared,RF,unit_exact,omega_only,selected_omega,0.0,1.0,1.0,ok
pilot,0,shared,RF,unit_exact,joint,selected_lambda,1.0,0.5,1.0,ok
pilot,0,shared,RF,unit_exact,joint,selected_omega,1.0,0.5,0.5,ok
pilot,0,shared,RF,unit_exact,diagnostic,fixed_candidate_drift,0.5,0.5,0.09173880844107629,ok
pilot,0,shifted,,exact,,ratio/mean,,,1.0152998331620362,ok
pilot,0,shifted,,exact,,ratio/second_moment,,,2.9023271097709014,ok
pilot,0,shifted,,exact,,ratio/ess_fraction,,,0.3551749035277518,ok
pilot,0,shifted,,exact,,ratio/max,,,17.103193874172455,ok
pilot,0,shifted,,exact,,ratio/classifier_converged,,,1.0,ok
pilot,0,shifted,DRF,exact,candidate,selection_score,0.0,0.0,6.528329346033196,ok
pilot,0,shifted,DRF,exact,candidate,selection_score,0.0,0.5,6.2124479313076115,ok
pilot,0,shifted,DRF,exact,candidate,selection_score,0.0,1.0,6.051069306105665,ok
pilot,0,shifted,DRF,exact,candidate,selection_score,0.5,0.0,6.461579556348849,ok
pilot,0,shifted,DRF,exact,candidate,selection_score,0.5,0.5,6.198182945301734,ok
pilot,0,shifted,DRF,exact,candidate,selection_score,0.5,1.0,6.083021524086864,ok
pilot,0,shifted,DRF,exact,candidate,selection_score,1.0,0.0,6.466323397079114,ok
pilot,0,shifted,DRF,exact,candidate,selection_score,1.0,0.5,6.2495696791078394,ok
pilot,0,shifted,DRF,exact,candidate,selection_score,1.0,1.0,6.185948526586612,ok
pilot,0,shifted,DRF,exact,rct_only,selected_lambda,0.0,0.0,0.0,ok
pilot,0,shifted,DRF,exact,rct_only,selected_omega,0.0,0.0,0.0,ok
pilot,0,shifted,DRF,exact,lambda_only,selected_lambda,0.5,0.0,0.5,ok
pilot,0,shifted,DRF,exact,lambda_only,selected_omega,0.5,0.0,0.0,ok
pilot,0,shifted,DRF,exact,omega_only,selected_lambda,0.0,1.0,0.0,ok
pilot,0,shifted,DRF,exact,omega_only,selected_omega,0.0,1.0,1.0,ok
pilot,0,shifted,DRF,exact,joint,selected_lambda,0.0,1.0,0.0,ok
pilot,0,shifted,DRF,exact,joint,selected_omega,0.0,1.0,1.0,ok
pilot,0,shifted,DRF,exact,diagnostic,fixed_candidate_drift,0.5,0.5,-0.0075243312697432785,ok
pilot,0,shifted,RF,exact,candidate,selection_score,0.0,0.0,6.802854504114929,ok
pilot,0,shifted,RF,exact,candidate,selection_score,0.0,0.5,6.3617315289582494,ok
pilot,0,shifted,RF,exact,candidate,selection_score,0.0,1.0,6.20804025727771,ok
pilot,0,shifted,RF,exact,candidate,selection_score,0.5,0.0,6.620114361025659,ok
pilot,0,shifted,RF,exact,candidate,selection_score,0.5,0.5,6.271952172874164,ok
pilot,0,shifted,RF,exact,candidate,selection_score,0.5,1.0,6.178732165739165,ok
pilot,0,shifted,RF,exact,candidate,selection_score,1.0,0.0,6.480877602239263,ok
pilot,0,shifted,RF,exact,candidate,selection_score,1.0,0.5,6.2171275058068245,ok
pilot,0,shifted,RF,exact,candidate,selection_score,1.0,1.0,6.185948526586614,ok
pilot,0,shifted,RF,exact,rct_only,selected_lambda,0.0,0.0,0.0,ok
pilot,0,shifted,RF,exact,rct_only,selected_omega,0.0,0.0,0.0,ok
pilot,0,shifted,RF,exact,lambda_only,selected_lambda,1.0,0.0,1.0,ok
pilot,0,shifted,RF,exact,lambda_only,selected_omega,1.0,0.0,0.0,ok
pilot,0,shifted,RF,exact,omega_only,selected_lambda,0.0,1.0,0.0,ok
pilot,0,shifted,RF,exact,omega_only,selected_omega,0.0,1.0,1.0,ok
pilot,0,shifted,RF,exact,joint,selected_lambda,0.5,1.0,0.5,ok
pilot,0,shifted,RF,exact,joint,selected_omega,0.5,1.0,1.0,ok
pilot,0,shifted,RF,exact,diagnostic,fixed_candidate_drift,0.5,0.5,0.012013071358089267,ok
pilot,0,shifted,,classifier,,ratio/mean,,,0.9935239892786724,ok
pilot,0,shifted,,classifier,,ratio/second_moment,,,2.3331292427724675,ok
pilot,0,shifted,,classifier,,ratio/ess_fraction,,,0.42307554128430724,ok
pilot,0,shifted,,classifier,,ratio/max,,,13.648135913024277,ok
pilot,0,shifted,,classifier,,ratio/classifier_converged,,,1.0,ok
pilot,0,shifted,DRF,classifier,candidate,selection_score,0.0,0.0,6.528329346033196,ok
pilot,0,shifted,DRF,classifier,candidate,selection_score,0.0,0.5,6.205918605075166,ok
pilot,0,shifted,DRF,classifier,candidate,selection_score,0.0,1.0,6.041169577788361,ok
pilot,0,shifted,DRF,classifier,candidate,selection_score,0.5,0.0,6.461579556348849,ok
pilot,0,shifted,DRF,classifier,candidate,selection_score,0.5,0.5,6.193198508652619,ok
pilot,0,shifted,DRF,classifier,candidate,selection_score,0.5,1.0,6.072460817636873,ok
pilot,0,shifted,DRF,classifier,candidate,selection_score,1.0,0.0,6.466323397079114,ok
pilot,0,shifted,DRF,classifier,candidate,selection_score,1.0,0.5,6.2465276269184145,ok
pilot,0,shifted,DRF,classifier,candidate,selection_score,1.0,1.0,6.174937324793957,ok
pilot,0,shifted,DRF,classifier,rct_only,selected_lambda,0.0,0.0,0.0,ok
pilot,0,shifted,DRF,classifier,rct_only,selected_omega,0.0,0.0,0.0,ok
pilot,0,shifted,DRF,classifier,lambda_only,selected_lambda,0.5,0.0,0.5,ok
pilot,0,shifted,DRF,classifier,lambda_only,selected_omega,0.5,0.0,0.0,ok
pilot,0,shifted,DRF,classifier,omega_only,selected_lambda,0.0,1.0,0.0,ok
pilot,0,shifted,DRF,classifier,omega_only,selected_omega,0.0,1.0,1.0,ok
pilot,0,shifted,DRF,classifier,joint,selected_lambda,0.0,1.0,0.0,ok
pilot,0,shifted,DRF,classifier,joint,selected_omega,0.0,1.0,1.0,ok
pilot,0,shifted,DRF,classifier,diagnostic,fixed_candidate_drift,0.5,0.5,0.003442186699990857,ok
pilot,0,shifted,RF,classifier,candidate,selection_score,0.0,0.0,6.802854504114929,ok
pilot,0,shifted,RF,classifier,candidate,selection_score,0.0,0.5,6.355949826817836,ok
pilot,0,shifted,RF,classifier,candidate,selection_score,0.0,1.0,6.189732089795503,ok
pilot,0,shifted,RF,classifier,candidate,selection_score,0.5,0.0,6.620114361025659,ok
pilot,0,shifted,RF,classifier,candidate,selection_score,0.5,0.5,6.268336339954965,ok
pilot,0,shifted,RF,classifier,candidate,selection_score,0.5,1.0,6.163595101991764,ok
pilot,0,shifted,RF,classifier,candidate,selection_score,1.0,0.0,6.480877602239263,ok
pilot,0,shifted,RF,classifier,candidate,selection_score,1.0,0.5,6.2161377373169735,ok
pilot,0,shifted,RF,classifier,candidate,selection_score,1.0,1.0,6.174937324793957,ok
pilot,0,shifted,RF,classifier,rct_only,selected_lambda,0.0,0.0,0.0,ok
pilot,0,shifted,RF,classifier,rct_only,selected_omega,0.0,0.0,0.0,ok
pilot,0,shifted,RF,classifier,lambda_only,selected_lambda,1.0,0.0,1.0,ok
pilot,0,shifted,RF,classifier,lambda_only,selected_omega,1.0,0.0,0.0,ok
pilot,0,shifted,RF,classifier,omega_only,selected_lambda,0.0,1.0,0.0,ok
pilot,0,shifted,RF,classifier,omega_only,selected_omega,0.0,1.0,1.0,ok
pilot,0,shifted,RF,classifier,joint,selected_lambda,0.5,1.0,0.5,ok
pilot,0,shifted,RF,classifier,joint,selected_omega,0.5,1.0,1.0,ok
pilot,0,shifted,RF,classifier,diagnostic,fixed_candidate_drift,0.5,0.5,0.01717722775916508,ok
pilot,0,shifted,,wrong_unit,,ratio/mean,,,1.0,ok
pilot,0,shifted,,wrong_unit,,ratio/second_moment,,,1.0,ok
pilot,0,shifted,,wrong_unit,,ratio/ess_fraction,,,1.0,ok
pilot,0,shifted,,wrong_unit,,ratio/max,,,1.0,ok
pilot,0,shifted,,wrong_unit,,ratio/classifier_converged,,,1.0,ok
pilot,0,shifted,DRF,wrong_unit,candidate,selection_score,0.0,0.0,6.528329346033196,ok
pilot,0,shifted,DRF,wrong_unit,candidate,selection_score,0.0,0.5,6.250191546469114,ok
pilot,0,shifted,DRF,wrong_unit,candidate,selection_score,0.0,1.0,6.026563779903276,ok
pilot,0,shifted,DRF,wrong_unit,candidate,selection_score,0.5,0.0,6.461579556348849,ok
pilot,0,shifted,DRF,wrong_unit,candidate,selection_score,0.5,0.5,6.201408569780887,ok
pilot,0,shifted,DRF,wrong_unit,candidate,selection_score,0.5,1.0,5.999762656668368,ok
pilot,0,shifted,DRF,wrong_unit,candidate,selection_score,1.0,0.0,6.466323397079114,ok
pilot,0,shifted,DRF,wrong_unit,candidate,selection_score,1.0,0.5,6.225828482041131,ok
pilot,0,shifted,DRF,wrong_unit,candidate,selection_score,1.0,1.0,6.054034584406419,ok
pilot,0,shifted,DRF,wrong_unit,rct_only,selected_lambda,0.0,0.0,0.0,ok
pilot,0,shifted,DRF,wrong_unit,rct_only,selected_omega,0.0,0.0,0.0,ok
pilot,0,shifted,DRF,wrong_unit,lambda_only,selected_lambda,0.5,0.0,0.5,ok
pilot,0,shifted,DRF,wrong_unit,lambda_only,selected_omega,0.5,0.0,0.0,ok
pilot,0,shifted,DRF,wrong_unit,omega_only,selected_lambda,0.0,1.0,0.0,ok
pilot,0,shifted,DRF,wrong_unit,omega_only,selected_omega,0.0,1.0,1.0,ok
pilot,0,shifted,DRF,wrong_unit,joint,selected_lambda,0.5,1.0,0.5,ok
pilot,0,shifted,DRF,wrong_unit,joint,selected_omega,0.5,1.0,1.0,ok
pilot,0,shifted,DRF,wrong_unit,diagnostic,fixed_candidate_drift,0.5,0.5,0.06822886037912435,ok
pilot,0,shifted,RF,wrong_unit,candidate,selection_score,0.0,0.0,6.802854504114929,ok
pilot,0,shifted,RF,wrong_unit,candidate,selection_score,0.0,0.5,6.420376842618076,ok
pilot,0,shifted,RF,wrong_unit,candidate,selection_score,0.0,1.0,6.136221733783182,ok
pilot,0,shifted,RF,wrong_unit,candidate,selection_score,0.5,0.0,6.620114361025659,ok
pilot,0,shifted,RF,wrong_unit,candidate,selection_score,0.5,0.5,6.302020389001595,ok
pilot,0,shifted,RF,wrong_unit,candidate,selection_score,0.5,1.0,6.072286363587519,ok
pilot,0,shifted,RF,wrong_unit,candidate,selection_score,1.0,0.0,6.480877602239263,ok
pilot,0,shifted,RF,wrong_unit,candidate,selection_score,1.0,0.5,6.224567750080293,ok
pilot,0,shifted,RF,wrong_unit,candidate,selection_score,1.0,1.0,6.054034584406419,ok
pilot,0,shifted,RF,wrong_unit,rct_only,selected_lambda,0.0,0.0,0.0,ok
pilot,0,shifted,RF,wrong_unit,rct_only,selected_omega,0.0,0.0,0.0,ok
pilot,0,shifted,RF,wrong_unit,lambda_only,selected_lambda,1.0,0.0,1.0,ok
pilot,0,shifted,RF,wrong_unit,lambda_only,selected_omega,1.0,0.0,0.0,ok
pilot,0,shifted,RF,wrong_unit,omega_only,selected_lambda,0.0,1.0,0.0,ok
pilot,0,shifted,RF,wrong_unit,omega_only,selected_omega,0.0,1.0,1.0,ok
pilot,0,shifted,RF,wrong_unit,joint,selected_lambda,1.0,1.0,1.0,ok
pilot,0,shifted,RF,wrong_unit,joint,selected_omega,1.0,1.0,1.0,ok
pilot,0,shifted,RF,wrong_unit,diagnostic,fixed_candidate_drift,0.5,0.5,0.04050689400885399,ok
pilot,0,,,,,runtime_seconds,,,0.1251997947692871,ok
pilot,1,shared,,unit_exact,,ratio/mean,,,1.0,ok
pilot,1,shared,,unit_exact,,ratio/second_moment,,,1.0,ok
pilot,1,shared,,unit_exact,,ratio/ess_fraction,,,1.0,ok
pilot,1,shared,,unit_exact,,ratio/max,,,1.0,ok
pilot,1,shared,,unit_exact,,ratio/classifier_converged,,,1.0,ok
pilot,1,shared,DRF,unit_exact,candidate,selection_score,0.0,0.0,6.790225764119091,ok
pilot,1,shared,DRF,unit_exact,candidate,selection_score,0.0,0.5,6.539768412178427,ok
pilot,1,shared,DRF,unit_exact,candidate,selection_score,0.0,1.0,6.518756113599891,ok
pilot,1,shared,DRF,unit_exact,candidate,selection_score,0.5,0.0,6.4991592493188,ok
pilot,1,shared,DRF,unit_exact,candidate,selection_score,0.5,0.5,6.339584216977522,ok
pilot,1,shared,DRF,unit_exact,candidate,selection_score,0.5,1.0,6.3796501515456585,ok
pilot,1,shared,DRF,unit_exact,candidate,selection_score,1.0,0.0,6.3042897196349985,ok
pilot,1,shared,DRF,unit_exact,candidate,selection_score,1.0,0.5,6.225325839688512,ok
pilot,1,shared,DRF,unit_exact,candidate,selection_score,1.0,1.0,6.329652548670157,ok
pilot,1,shared,DRF,unit_exact,rct_only,selected_lambda,0.0,0.0,0.0,ok
pilot,1,shared,DRF,unit_exact,rct_only,selected_omega,0.0,0.0,0.0,ok
pilot,1,shared,DRF,unit_exact,lambda_only,selected_lambda,1.0,0.0,1.0,ok
pilot,1,shared,DRF,unit_exact,lambda_only,selected_omega,1.0,0.0,0.0,ok
pilot,1,shared,DRF,unit_exact,omega_only,selected_lambda,0.0,1.0,0.0,ok
pilot,1,shared,DRF,unit_exact,omega_only,selected_omega,0.0,1.0,1.0,ok
pilot,1,shared,DRF,unit_exact,joint,selected_lambda,1.0,0.5,1.0,ok
pilot,1,shared,DRF,unit_exact,joint,selected_omega,1.0,0.5,0.5,ok
pilot,1,shared,DRF,unit_exact,diagnostic,fixed_candidate_drift,0.5,0.5,-0.07562073790366586,ok
pilot,1,shared,RF,unit_exact,candidate,selection_score,0.0,0.0,6.515761105766707,ok
pilot,1,shared,RF,unit_exact,candidate,selection_score,0.0,0.5,6.4030588002761,ok
pilot,1,shared,RF,unit_exact,candidate,selection_score,0.0,1.0,6.48406969610761,ok
pilot,1,shared,RF,unit_exact,candidate,selection_score,0.5,0.0,6.300512852779901,ok
pilot,1,shared,RF,unit_exact,candidate,selection_score,0.5,0.5,6.2558880761793825,ok
pilot,1,shared,RF,unit_exact,candidate,selection_score,0.5,1.0,6.390494509163684,ok
pilot,1,shared,RF,unit_exact,candidate,selection_score,1.0,0.0,6.141445935542533,ok
pilot,1,shared,RF,unit_exact,candidate,selection_score,1.0,0.5,6.147347106872421,ok
pilot,1,shared,RF,unit_exact,candidate,selection_score,1.0,1.0,6.329652548670158,ok
pilot,1,shared,RF,unit_exact,rct_only,selected_lambda,0.0,0.0,0.0,ok
pilot,1,shared,RF,unit_exact,rct_only,selected_omega,0.0,0.0,0.0,ok
pilot,1,shared,RF,unit_exact,lambda_only,selected_lambda,1.0,0.0,1.0,ok
pilot,1,shared,RF,unit_exact,lambda_only,selected_omega,1.0,0.0,0.0,ok
pilot,1,shared,RF,unit_exact,omega_only,selected_lambda,0.0,0.5,0.0,ok
pilot,1,shared,RF,unit_exact,omega_only,selected_omega,0.0,0.5,0.5,ok
pilot,1,shared,RF,unit_exact,joint,selected_lambda,1.0,0.0,1.0,ok
pilot,1,shared,RF,unit_exact,joint,selected_omega,1.0,0.0,0.0,ok
pilot,1,shared,RF,unit_exact,diagnostic,fixed_candidate_drift,0.5,0.5,-0.08885856770735256,ok
pilot,1,shifted,,exact,,ratio/mean,,,1.0217214088744084,ok
pilot,1,shifted,,exact,,ratio/second_moment,,,2.7219914469752053,ok
pilot,1,shifted,,exact,,ratio/ess_fraction,,,0.38351135838885503,ok
pilot,1,shifted,,exact,,ratio/max,,,13.906656187888549,ok
pilot,1,shifted,,exact,,ratio/classifier_converged,,,1.0,ok
pilot,1,shifted,DRF,exact,candidate,selection_score,0.0,0.0,6.790225764119091,ok
pilot,1,shifted,DRF,exact,candidate,selection_score,0.0,0.5,6.623933417619083,ok
pilot,1,shifted,DRF,exact,candidate,selection_score,0.0,1.0,6.799903689705793,ok
pilot,1,shifted,DRF,exact,candidate,selection_score,0.5,0.0,6.5039023645153495,ok
pilot,1,shifted,DRF,exact,candidate,selection_score,0.5,0.5,6.376459191556932,ok
pilot,1,shifted,DRF,exact,candidate,selection_score,0.5,1.0,6.513537375649161,ok
pilot,1,shifted,DRF,exact,candidate,selection_score,1.0,0.0,6.333734267357163,ok
pilot,1,shifted,DRF,exact,candidate,selection_score,1.0,0.5,6.263762789561657,ok
pilot,1,shifted,DRF,exact,candidate,selection_score,1.0,1.0,6.444048527601735,ok
pilot,1,shifted,DRF,exact,rct_only,selected_lambda,0.0,0.0,0.0,ok
pilot,1,shifted,DRF,exact,rct_only,selected_omega,0.0,0.0,0.0,ok
pilot,1,shifted,DRF,exact,lambda_only,selected_lambda,1.0,0.0,1.0,ok
pilot,1,shifted,DRF,exact,lambda_only,selected_omega,1.0,0.0,0.0,ok
pilot,1,shifted,DRF,exact,omega_only,selected_lambda,0.0,0.5,0.0,ok
pilot,1,shifted,DRF,exact,omega_only,selected_omega,0.0,0.5,0.5,ok
pilot,1,shifted,DRF,exact,joint,selected_lambda,1.0,0.5,1.0,ok
pilot,1,shifted,DRF,exact,joint,selected_omega,1.0,0.5,0.5,ok
pilot,1,shifted,DRF,exact,diagnostic,fixed_candidate_drift,0.5,0.5,-0.08547597732791057,ok
pilot,1,shifted,RF,exact,candidate,selection_score,0.0,0.0,6.515761105766707,ok
pilot,1,shifted,RF,exact,candidate,selection_score,0.0,0.5,6.41579192052681,ok
pilot,1,shifted,RF,exact,candidate,selection_score,0.0,1.0,6.5573731487217914,ok
pilot,1,shifted,RF,exact,candidate,selection_score,0.5,0.0,6.307963491315444,ok
pilot,1,shifted,RF,exact,candidate,selection_score,0.5,0.5,6.266918096422737,ok
pilot,1,shifted,RF,exact,candidate,selection_score,0.5,1.0,6.458075359448964,ok
pilot,1,shifted,RF,exact,candidate,selection_score,1.0,0.0,6.184497738186674,ok
pilot,1,shifted,RF,exact,candidate,selection_score,1.0,0.5,6.189188193822833,ok
pilot,1,shifted,RF,exact,candidate,selection_score,1.0,1.0,6.444048527601737,ok
pilot,1,shifted,RF,exact,rct_only,selected_lambda,0.0,0.0,0.0,ok
pilot,1,shifted,RF,exact,rct_only,selected_omega,0.0,0.0,0.0,ok
pilot,1,shifted,RF,exact,lambda_only,selected_lambda,1.0,0.0,1.0,ok
pilot,1,shifted,RF,exact,lambda_only,selected_omega,1.0,0.0,0.0,ok
pilot,1,shifted,RF,exact,omega_only,selected_lambda,0.0,0.5,0.0,ok
pilot,1,shifted,RF,exact,omega_only,selected_omega,0.0,0.5,0.5,ok
pilot,1,shifted,RF,exact,joint,selected_lambda,1.0,0.0,1.0,ok
pilot,1,shifted,RF,exact,joint,selected_omega,1.0,0.0,0.0,ok
pilot,1,shifted,RF,exact,diagnostic,fixed_candidate_drift,0.5,0.5,-0.1083553646405696,ok
pilot,1,shifted,,classifier,,ratio/mean,,,0.9851478495398452,ok
pilot,1,shifted,,classifier,,ratio/second_moment,,,3.528786649494059,ok
pilot,1,shifted,,classifier,,ratio/ess_fraction,,,0.2750283261222748,ok
pilot,1,shifted,,classifier,,ratio/max,,,20.564139897172645,ok
pilot,1,shifted,,classifier,,ratio/classifier_converged,,,1.0,ok
pilot,1,shifted,DRF,classifier,candidate,selection_score,0.0,0.0,6.790225764119091,ok
pilot,1,shifted,DRF,classifier,candidate,selection_score,0.0,0.5,6.686594189468854,ok
pilot,1,shifted,DRF,classifier,candidate,selection_score,0.0,1.0,6.89541877967414,ok
pilot,1,shifted,DRF,classifier,candidate,selection_score,0.5,0.0,6.5039023645153495,ok
pilot,1,shifted,DRF,classifier,candidate,selection_score,0.5,0.5,6.430657555544655,ok
pilot,1,shifted,DRF,classifier,candidate,selection_score,0.5,1.0,6.57419583206109,ok
pilot,1,shifted,DRF,classifier,candidate,selection_score,1.0,0.0,6.333734267357163,ok
pilot,1,shifted,DRF,classifier,candidate,selection_score,1.0,0.5,6.320119569267998,ok
pilot,1,shifted,DRF,classifier,candidate,selection_score,1.0,1.0,6.513118948554036,ok
pilot,1,shifted,DRF,classifier,rct_only,selected_lambda,0.0,0.0,0.0,ok
pilot,1,shifted,DRF,classifier,rct_only,selected_omega,0.0,0.0,0.0,ok
pilot,1,shifted,DRF,classifier,lambda_only,selected_lambda,1.0,0.0,1.0,ok
pilot,1,shifted,DRF,classifier,lambda_only,selected_omega,1.0,0.0,0.0,ok
pilot,1,shifted,DRF,classifier,omega_only,selected_lambda,0.0,0.5,0.0,ok
pilot,1,shifted,DRF,classifier,omega_only,selected_omega,0.0,0.5,0.5,ok
pilot,1,shifted,DRF,classifier,joint,selected_lambda,1.0,0.5,1.0,ok
pilot,1,shifted,DRF,classifier,joint,selected_omega,1.0,0.5,0.5,ok
pilot,1,shifted,DRF,classifier,diagnostic,fixed_candidate_drift,0.5,0.5,-0.06828451547145653,ok
pilot,1,shifted,RF,classifier,candidate,selection_score,0.0,0.0,6.515761105766707,ok
pilot,1,shifted,RF,classifier,candidate,selection_score,0.0,0.5,6.4720647901364154,ok
pilot,1,shifted,RF,classifier,candidate,selection_score,0.0,1.0,6.624213345975282,ok
pilot,1,shifted,RF,classifier,candidate,selection_score,0.5,0.0,6.307963491315444,ok
pilot,1,shifted,RF,classifier,candidate,selection_score,0.5,0.5,6.322597753642235,ok
pilot,1,shifted,RF,classifier,candidate,selection_score,0.5,1.0,6.517448545472742,ok
pilot,1,shifted,RF,classifier,candidate,selection_score,1.0,0.0,6.184497738186674,ok
pilot,1,shifted,RF,classifier,candidate,selection_score,1.0,0.5,6.248590070885158,ok
pilot,1,shifted,RF,classifier,candidate,selection_score,1.0,1.0,6.513118948554038,ok
pilot,1,shifted,RF,classifier,rct_only,selected_lambda,0.0,0.0,0.0,ok
pilot,1,shifted,RF,classifier,rct_only,selected_omega,0.0,0.0,0.0,ok
pilot,1,shifted,RF,classifier,lambda_only,selected_lambda,1.0,0.0,1.0,ok
pilot,1,shifted,RF,classifier,lambda_only,selected_omega,1.0,0.0,0.0,ok
pilot,1,shifted,RF,classifier,omega_only,selected_lambda,0.0,0.5,0.0,ok
pilot,1,shifted,RF,classifier,omega_only,selected_omega,0.0,0.5,0.5,ok
pilot,1,shifted,RF,classifier,joint,selected_lambda,1.0,0.0,1.0,ok
pilot,1,shifted,RF,classifier,joint,selected_omega,1.0,0.0,0.0,ok
pilot,1,shifted,RF,classifier,diagnostic,fixed_candidate_drift,0.5,0.5,-0.08678125170579742,ok
pilot,1,shifted,,wrong_unit,,ratio/mean,,,1.0,ok
pilot,1,shifted,,wrong_unit,,ratio/second_moment,,,1.0,ok
pilot,1,shifted,,wrong_unit,,ratio/ess_fraction,,,1.0,ok
pilot,1,shifted,,wrong_unit,,ratio/max,,,1.0,ok
pilot,1,shifted,,wrong_unit,,ratio/classifier_converged,,,1.0,ok
pilot,1,shifted,DRF,wrong_unit,candidate,selection_score,0.0,0.0,6.790225764119091,ok
pilot,1,shifted,DRF,wrong_unit,candidate,selection_score,0.0,0.5,6.623850316823313,ok
pilot,1,shifted,DRF,wrong_unit,candidate,selection_score,0.0,1.0,6.781470446529737,ok
pilot,1,shifted,DRF,wrong_unit,candidate,selection_score,0.5,0.0,6.5039023645153495,ok
pilot,1,shifted,DRF,wrong_unit,candidate,selection_score,0.5,0.5,6.350345942831554,ok
pilot,1,shifted,DRF,wrong_unit,candidate,selection_score,0.5,1.0,6.527678198223832,ok
pilot,1,shifted,DRF,wrong_unit,candidate,selection_score,1.0,0.0,6.333734267357163,ok
pilot,1,shifted,DRF,wrong_unit,candidate,selection_score,1.0,0.5,6.192956034306572,ok
pilot,1,shifted,DRF,wrong_unit,candidate,selection_score,1.0,1.0,6.3775041474102805,ok
pilot,1,shifted,DRF,wrong_unit,rct_only,selected_lambda,0.0,0.0,0.0,ok
pilot,1,shifted,DRF,wrong_unit,rct_only,selected_omega,0.0,0.0,0.0,ok
pilot,1,shifted,DRF,wrong_unit,lambda_only,selected_lambda,1.0,0.0,1.0,ok
pilot,1,shifted,DRF,wrong_unit,lambda_only,selected_omega,1.0,0.0,0.0,ok
pilot,1,shifted,DRF,wrong_unit,omega_only,selected_lambda,0.0,0.5,0.0,ok
pilot,1,shifted,DRF,wrong_unit,omega_only,selected_omega,0.0,0.5,0.5,ok
pilot,1,shifted,DRF,wrong_unit,joint,selected_lambda,1.0,0.5,1.0,ok
pilot,1,shifted,DRF,wrong_unit,joint,selected_omega,1.0,0.5,0.5,ok
pilot,1,shifted,DRF,wrong_unit,diagnostic,fixed_candidate_drift,0.5,0.5,-0.3146745442711172,ok
pilot,1,shifted,RF,wrong_unit,candidate,selection_score,0.0,0.0,6.515761105766707,ok
pilot,1,shifted,RF,wrong_unit,candidate,selection_score,0.0,0.5,6.423188552907989,ok
pilot,1,shifted,RF,wrong_unit,candidate,selection_score,0.0,1.0,6.6505914956343535,ok
pilot,1,shifted,RF,wrong_unit,candidate,selection_score,0.5,0.0,6.307963491315444,ok
pilot,1,shifted,RF,wrong_unit,candidate,selection_score,0.5,0.5,6.210136979841292,ok
pilot,1,shifted,RF,wrong_unit,candidate,selection_score,0.5,1.0,6.493261378734063,ok
pilot,1,shifted,RF,wrong_unit,candidate,selection_score,1.0,0.0,6.184497738186674,ok
pilot,1,shifted,RF,wrong_unit,candidate,selection_score,1.0,0.5,6.067045245090425,ok
pilot,1,shifted,RF,wrong_unit,candidate,selection_score,1.0,1.0,6.377504147410283,ok
pilot,1,shifted,RF,wrong_unit,rct_only,selected_lambda,0.0,0.0,0.0,ok
pilot,1,shifted,RF,wrong_unit,rct_only,selected_omega,0.0,0.0,0.0,ok
pilot,1,shifted,RF,wrong_unit,lambda_only,selected_lambda,1.0,0.0,1.0,ok
pilot,1,shifted,RF,wrong_unit,lambda_only,selected_omega,1.0,0.0,0.0,ok
pilot,1,shifted,RF,wrong_unit,omega_only,selected_lambda,0.0,0.5,0.0,ok
pilot,1,shifted,RF,wrong_unit,omega_only,selected_omega,0.0,0.5,0.5,ok
pilot,1,shifted,RF,wrong_unit,joint,selected_lambda,1.0,0.5,1.0,ok
pilot,1,shifted,RF,wrong_unit,joint,selected_omega,1.0,0.5,0.5,ok
pilot,1,shifted,RF,wrong_unit,diagnostic,fixed_candidate_drift,0.5,0.5,-0.35187919057072514,ok
pilot,1,,,,,runtime_seconds,,,0.11484408378601074,ok
pilot,2,shared,,unit_exact,,ratio/mean,,,1.0,ok
pilot,2,shared,,unit_exact,,ratio/second_moment,,,1.0,ok
pilot,2,shared,,unit_exact,,ratio/ess_fraction,,,1.0,ok
pilot,2,shared,,unit_exact,,ratio/max,,,1.0,ok
pilot,2,shared,,unit_exact,,ratio/classifier_converged,,,1.0,ok
pilot,2,shared,DRF,unit_exact,candidate,selection_score,0.0,0.0,7.2591064831376375,ok
pilot,2,shared,DRF,unit_exact,candidate,selection_score,0.0,0.5,7.192888896020101,ok
pilot,2,shared,DRF,unit_exact,candidate,selection_score,0.0,1.0,7.2069254329753765,ok
pilot,2,shared,DRF,unit_exact,candidate,selection_score,0.5,0.0,7.154560804974211,ok
pilot,2,shared,DRF,unit_exact,candidate,selection_score,0.5,0.5,7.113378894341061,ok
pilot,2,shared,DRF,unit_exact,candidate,selection_score,0.5,1.0,7.148321589880942,ok
pilot,2,shared,DRF,unit_exact,candidate,selection_score,1.0,0.0,7.074407389140956,ok
pilot,2,shared,DRF,unit_exact,candidate,selection_score,1.0,0.5,7.05732885072374,ok
pilot,2,shared,DRF,unit_exact,candidate,selection_score,1.0,1.0,7.117251318834765,ok
pilot,2,shared,DRF,unit_exact,rct_only,selected_lambda,0.0,0.0,0.0,ok
pilot,2,shared,DRF,unit_exact,rct_only,selected_omega,0.0,0.0,0.0,ok
pilot,2,shared,DRF,unit_exact,lambda_only,selected_lambda,1.0,0.0,1.0,ok
pilot,2,shared,DRF,unit_exact,lambda_only,selected_omega,1.0,0.0,0.0,ok
pilot,2,shared,DRF,unit_exact,omega_only,selected_lambda,0.0,0.5,0.0,ok
pilot,2,shared,DRF,unit_exact,omega_only,selected_omega,0.0,0.5,0.5,ok
pilot,2,shared,DRF,unit_exact,joint,selected_lambda,1.0,0.5,1.0,ok
pilot,2,shared,DRF,unit_exact,joint,selected_omega,1.0,0.5,0.5,ok
pilot,2,shared,DRF,unit_exact,diagnostic,fixed_candidate_drift,0.5,0.5,-0.05348808311827358,ok
pilot,2,shared,RF,unit_exact,candidate,selection_score,0.0,0.0,7.201665263491395,ok
pilot,2,shared,RF,unit_exact,candidate,selection_score,0.0,0.5,7.160698679475748,ok
pilot,2,shared,RF,unit_exact,candidate,selection_score,0.0,1.0,7.2680359682922475,ok
pilot,2,shared,RF,unit_exact,candidate,selection_score,0.5,0.0,7.04863912804638,ok
pilot,2,shared,RF,unit_exact,candidate,selection_score,0.5,0.5,7.0434420586301085,ok
pilot,2,shared,RF,unit_exact,candidate,selection_score,0.5,1.0,7.174821438438427,ok
pilot,2,shared,RF,unit_exact,candidate,selection_score,1.0,0.0,6.9383012449475645,ok
pilot,2,shared,RF,unit_exact,candidate,selection_score,1.0,0.5,6.960574094792644,ok
pilot,2,shared,RF,unit_exact,candidate,selection_score,1.0,1.0,7.117251318834763,ok
pilot,2,shared,RF,unit_exact,rct_only,selected_lambda,0.0,0.0,0.0,ok
pilot,2,shared,RF,unit_exact,rct_only,selected_omega,0.0,0.0,0.0,ok
pilot,2,shared,RF,unit_exact,lambda_only,selected_lambda,1.0,0.0,1.0,ok
pilot,2,shared,RF,unit_exact,lambda_only,selected_omega,1.0,0.0,0.0,ok
pilot,2,shared,RF,unit_exact,omega_only,selected_lambda,0.0,0.5,0.0,ok
pilot,2,shared,RF,unit_exact,omega_only,selected_omega,0.0,0.5,0.5,ok
pilot,2,shared,RF,unit_exact,joint,selected_lambda,1.0,0.0,1.0,ok
pilot,2,shared,RF,unit_exact,joint,selected_omega,1.0,0.0,0.0,ok
pilot,2,shared,RF,unit_exact,diagnostic,fixed_candidate_drift,0.5,0.5,-0.10375410536929974,ok
pilot,2,shifted,,exact,,ratio/mean,,,1.0141299453887265,ok
pilot,2,shifted,,exact,,ratio/second_moment,,,2.5164025459685924,ok
pilot,2,shifted,,exact,,ratio/ess_fraction,,,0.40870231504962784,ok
pilot,2,shifted,,exact,,ratio/max,,,13.089564914313856,ok
pilot,2,shifted,,exact,,ratio/classifier_converged,,,1.0,ok
pilot,2,shifted,DRF,exact,candidate,selection_score,0.0,0.0,7.2591064831376375,ok
pilot,2,shifted,DRF,exact,candidate,selection_score,0.0,0.5,7.163991400368769,ok
pilot,2,shifted,DRF,exact,candidate,selection_score,0.0,1.0,7.193899548181931,ok
pilot,2,shifted,DRF,exact,candidate,selection_score,0.5,0.0,7.163746992735447,ok
pilot,2,shifted,DRF,exact,candidate,selection_score,0.5,0.5,7.097019839065931,ok
pilot,2,shifted,DRF,exact,candidate,selection_score,0.5,1.0,7.14429901324697,ok
pilot,2,shifted,DRF,exact,candidate,selection_score,1.0,0.0,7.0921141305114705,ok
pilot,2,shifted,DRF,exact,candidate,selection_score,1.0,0.5,7.053200139448673,ok
pilot,2,shifted,DRF,exact,candidate,selection_score,1.0,1.0,7.124452451549242,ok
pilot,2,shifted,DRF,exact,rct_only,selected_lambda,0.0,0.0,0.0,ok
pilot,2,shifted,DRF,exact,rct_only,selected_omega,0.0,0.0,0.0,ok
pilot,2,shifted,DRF,exact,lambda_only,selected_lambda,1.0,0.0,1.0,ok
pilot,2,shifted,DRF,exact,lambda_only,selected_omega,1.0,0.0,0.0,ok
pilot,2,shifted,DRF,exact,omega_only,selected_lambda,0.0,0.5,0.0,ok
pilot,2,shifted,DRF,exact,omega_only,selected_omega,0.0,0.5,0.5,ok
pilot,2,shifted,DRF,exact,joint,selected_lambda,1.0,0.5,1.0,ok
pilot,2,shifted,DRF,exact,joint,selected_omega,1.0,0.5,0.5,ok
pilot,2,shifted,DRF,exact,diagnostic,fixed_candidate_drift,0.5,0.5,-0.09270714385355305,ok
pilot,2,shifted,RF,exact,candidate,selection_score,0.0,0.0,7.201665263491395,ok
pilot,2,shifted,RF,exact,candidate,selection_score,0.0,0.5,7.135394701966128,ok
pilot,2,shifted,RF,exact,candidate,selection_score,0.0,1.0,7.266920509268839,ok
pilot,2,shifted,RF,exact,candidate,selection_score,0.5,0.0,7.047765500489906,ok
pilot,2,shifted,RF,exact,candidate,selection_score,0.5,0.5,7.024185564920206,ok
pilot,2,shifted,RF,exact,candidate,selection_score,0.5,1.0,7.177766667333673,ok
pilot,2,shifted,RF,exact,candidate,selection_score,1.0,0.0,6.932388867923571,ok
pilot,2,shifted,RF,exact,candidate,selection_score,1.0,0.5,6.9443559505197605,ok
pilot,2,shifted,RF,exact,candidate,selection_score,1.0,1.0,7.124452451549246,ok
pilot,2,shifted,RF,exact,rct_only,selected_lambda,0.0,0.0,0.0,ok
pilot,2,shifted,RF,exact,rct_only,selected_omega,0.0,0.0,0.0,ok
pilot,2,shifted,RF,exact,lambda_only,selected_lambda,1.0,0.0,1.0,ok
pilot,2,shifted,RF,exact,lambda_only,selected_omega,1.0,0.0,0.0,ok
pilot,2,shifted,RF,exact,omega_only,selected_lambda,0.0,0.5,0.0,ok
pilot,2,shifted,RF,exact,omega_only,selected_omega,0.0,0.5,0.5,ok
pilot,2,shifted,RF,exact,joint,selected_lambda,1.0,0.0,1.0,ok
pilot,2,shifted,RF,exact,joint,selected_omega,1.0,0.0,0.0,ok
pilot,2,shifted,RF,exact,diagnostic,fixed_candidate_drift,0.5,0.5,-0.14587767377816363,ok
pilot,2,shifted,,classifier,,ratio/mean,,,1.0640279057405875,ok
pilot,2,shifted,,classifier,,ratio/second_moment,,,3.59793159087449,ok
pilot,2,shifted,,classifier,,ratio/ess_fraction,,,0.3146684019969168,ok
pilot,2,shifted,,classifier,,ratio/max,,,15.173408559061158,ok
pilot,2,shifted,,classifier,,ratio/classifier_converged,,,1.0,ok
pilot,2,shifted,DRF,classifier,candidate,selection_score,0.0,0.0,7.2591064831376375,ok
pilot,2,shifted,DRF,classifier,candidate,selection_score,0.0,0.5,7.244882864261003,ok
pilot,2,shifted,DRF,classifier,candidate,selection_score,0.0,1.0,7.3926417164350084,ok
pilot,2,shifted,DRF,classifier,candidate,selection_score,0.5,0.0,7.163746992735447,ok
pilot,2,shifted,DRF,classifier,candidate,selection_score,0.5,0.5,7.185604284030641,ok
pilot,2,shifted,DRF,classifier,candidate,selection_score,0.5,1.0,7.3545749701172465,ok
pilot,2,shifted,DRF,classifier,candidate,selection_score,1.0,0.0,7.0921141305114705,ok
pilot,2,shifted,DRF,classifier,candidate,selection_score,1.0,0.5,7.14906981098988,ok
pilot,2,shifted,DRF,classifier,candidate,selection_score,1.0,1.0,7.345662576792985,ok
pilot,2,shifted,DRF,classifier,rct_only,selected_lambda,0.0,0.0,0.0,ok
pilot,2,shifted,DRF,classifier,rct_only,selected_omega,0.0,0.0,0.0,ok
pilot,2,shifted,DRF,classifier,lambda_only,selected_lambda,1.0,0.0,1.0,ok
pilot,2,shifted,DRF,classifier,lambda_only,selected_omega,1.0,0.0,0.0,ok
pilot,2,shifted,DRF,classifier,omega_only,selected_lambda,0.0,0.5,0.0,ok
pilot,2,shifted,DRF,classifier,omega_only,selected_omega,0.0,0.5,0.5,ok
pilot,2,shifted,DRF,classifier,joint,selected_lambda,1.0,0.0,1.0,ok
pilot,2,shifted,DRF,classifier,joint,selected_omega,1.0,0.0,0.0,ok
pilot,2,shifted,DRF,classifier,diagnostic,fixed_candidate_drift,0.5,0.5,-0.09519618431255084,ok
pilot,2,shifted,RF,classifier,candidate,selection_score,0.0,0.0,7.201665263491395,ok
pilot,2,shifted,RF,classifier,candidate,selection_score,0.0,0.5,7.207752090375696,ok
pilot,2,shifted,RF,classifier,candidate,selection_score,0.0,1.0,7.471708169043087,ok
pilot,2,shifted,RF,classifier,candidate,selection_score,0.5,0.0,7.047765500489906,ok
pilot,2,shifted,RF,classifier,candidate,selection_score,0.5,0.5,7.101010785416838,ok
pilot,2,shifted,RF,classifier,candidate,selection_score,0.5,1.0,7.390909427761468,ok
pilot,2,shifted,RF,classifier,candidate,selection_score,1.0,0.0,6.932388867923571,ok
pilot,2,shifted,RF,classifier,candidate,selection_score,1.0,0.5,7.024845525475543,ok
pilot,2,shifted,RF,classifier,candidate,selection_score,1.0,1.0,7.34566257679299,ok
pilot,2,shifted,RF,classifier,rct_only,selected_lambda,0.0,0.0,0.0,ok
pilot,2,shifted,RF,classifier,rct_only,selected_omega,0.0,0.0,0.0,ok
pilot,2,shifted,RF,classifier,lambda_only,selected_lambda,1.0,0.0,1.0,ok
pilot,2,shifted,RF,classifier,lambda_only,selected_omega,1.0,0.0,0.0,ok
pilot,2,shifted,RF,classifier,omega_only,selected_lambda,0.0,0.0,0.0,ok
pilot,2,shifted,RF,classifier,omega_only,selected_omega,0.0,0.0,0.0,ok
pilot,2,shifted,RF,classifier,joint,selected_lambda,1.0,0.0,1.0,ok
pilot,2,shifted,RF,classifier,joint,selected_omega,1.0,0.0,0.0,ok
pilot,2,shifted,RF,classifier,diagnostic,fixed_candidate_drift,0.5,0.5,-0.1442736667914849,ok
pilot,2,shifted,,wrong_unit,,ratio/mean,,,1.0,ok
pilot,2,shifted,,wrong_unit,,ratio/second_moment,,,1.0,ok
pilot,2,shifted,,wrong_unit,,ratio/ess_fraction,,,1.0,ok
pilot,2,shifted,,wrong_unit,,ratio/max,,,1.0,ok
pilot,2,shifted,,wrong_unit,,ratio/classifier_converged,,,1.0,ok
pilot,2,shifted,DRF,wrong_unit,candidate,selection_score,0.0,0.0,7.2591064831376375,ok
pilot,2,shifted,DRF,wrong_unit,candidate,selection_score,0.0,0.5,6.914907403735185,ok
pilot,2,shifted,DRF,wrong_unit,candidate,selection_score,0.0,1.0,6.745228511877938,ok
pilot,2,shifted,DRF,wrong_unit,candidate,selection_score,0.5,0.0,7.163746992735447,ok
pilot,2,shifted,DRF,wrong_unit,candidate,selection_score,0.5,0.5,6.843446226304358,ok
pilot,2,shifted,DRF,wrong_unit,candidate,selection_score,0.5,1.0,6.681598297974575,ok
pilot,2,shifted,DRF,wrong_unit,candidate,selection_score,1.0,0.0,7.0921141305114705,ok
pilot,2,shifted,DRF,wrong_unit,candidate,selection_score,1.0,0.5,6.7953522619043225,ok
pilot,2,shifted,DRF,wrong_unit,candidate,selection_score,1.0,1.0,6.648393098232034,ok
pilot,2,shifted,DRF,wrong_unit,rct_only,selected_lambda,0.0,0.0,0.0,ok
pilot,2,shifted,DRF,wrong_unit,rct_only,selected_omega,0.0,0.0,0.0,ok
pilot,2,shifted,DRF,wrong_unit,lambda_only,selected_lambda,1.0,0.0,1.0,ok
pilot,2,shifted,DRF,wrong_unit,lambda_only,selected_omega,1.0,0.0,0.0,ok
pilot,2,shifted,DRF,wrong_unit,omega_only,selected_lambda,0.0,1.0,0.0,ok
pilot,2,shifted,DRF,wrong_unit,omega_only,selected_omega,0.0,1.0,1.0,ok
pilot,2,shifted,DRF,wrong_unit,joint,selected_lambda,1.0,1.0,1.0,ok
pilot,2,shifted,DRF,wrong_unit,joint,selected_omega,1.0,1.0,1.0,ok
pilot,2,shifted,DRF,wrong_unit,diagnostic,fixed_candidate_drift,0.5,0.5,-0.1455525344668177,ok
pilot,2,shifted,RF,wrong_unit,candidate,selection_score,0.0,0.0,7.201665263491395,ok
pilot,2,shifted,RF,wrong_unit,candidate,selection_score,0.0,0.5,6.932516931413738,ok
pilot,2,shifted,RF,wrong_unit,candidate,selection_score,0.0,1.0,6.835799638502405,ok
pilot,2,shifted,RF,wrong_unit,candidate,selection_score,0.5,0.0,7.047765500489906,ok
pilot,2,shifted,RF,wrong_unit,candidate,selection_score,0.5,0.5,6.814422976403981,ok
pilot,2,shifted,RF,wrong_unit,candidate,selection_score,0.5,1.0,6.724942171052034,ok
pilot,2,shifted,RF,wrong_unit,candidate,selection_score,1.0,0.0,6.932388867923571,ok
pilot,2,shifted,RF,wrong_unit,candidate,selection_score,1.0,0.5,6.72831268582186,ok
pilot,2,shifted,RF,wrong_unit,candidate,selection_score,1.0,1.0,6.6483930982320345,ok
pilot,2,shifted,RF,wrong_unit,rct_only,selected_lambda,0.0,0.0,0.0,ok
pilot,2,shifted,RF,wrong_unit,rct_only,selected_omega,0.0,0.0,0.0,ok
pilot,2,shifted,RF,wrong_unit,lambda_only,selected_lambda,1.0,0.0,1.0,ok
pilot,2,shifted,RF,wrong_unit,lambda_only,selected_omega,1.0,0.0,0.0,ok
pilot,2,shifted,RF,wrong_unit,omega_only,selected_lambda,0.0,1.0,0.0,ok
pilot,2,shifted,RF,wrong_unit,omega_only,selected_omega,0.0,1.0,1.0,ok
pilot,2,shifted,RF,wrong_unit,joint,selected_lambda,1.0,1.0,1.0,ok
pilot,2,shifted,RF,wrong_unit,joint,selected_omega,1.0,1.0,1.0,ok
pilot,2,shifted,RF,wrong_unit,diagnostic,fixed_candidate_drift,0.5,0.5,-0.20040890428143754,ok
pilot,2,,,,,runtime_seconds,,,0.11207294464111328,ok
pilot,3,shared,,unit_exact,,ratio/mean,,,1.0,ok
pilot,3,shared,,unit_exact,,ratio/second_moment,,,1.0,ok
pilot,3,shared,,unit_exact,,ratio/ess_fraction,,,1.0,ok
pilot,3,shared,,unit_exact,,ratio/max,,,1.0,ok
pilot,3,shared,,unit_exact,,ratio/classifier_converged,,,1.0,ok
pilot,3,shared,DRF,unit_exact,candidate,selection_score,0.0,0.0,5.806698473013486,ok
pilot,3,shared,DRF,unit_exact,candidate,selection_score,0.0,0.5,5.81359321093297,ok
pilot,3,shared,DRF,unit_exact,candidate,selection_score,0.0,1.0,5.937486216826379,ok
pilot,3,shared,DRF,unit_exact,candidate,selection_score,0.5,0.0,5.349997835671108,ok
pilot,3,shared,DRF,unit_exact,candidate,selection_score,0.5,0.5,5.342031016682895,ok
pilot,3,shared,DRF,unit_exact,candidate,selection_score,0.5,1.0,5.3695973574777645,ok
pilot,3,shared,DRF,unit_exact,candidate,selection_score,1.0,0.0,5.0291150173177614,ok
pilot,3,shared,DRF,unit_exact,candidate,selection_score,1.0,0.5,5.015154782858752,ok
pilot,3,shared,DRF,unit_exact,candidate,selection_score,1.0,1.0,4.990026417637292,ok
pilot,3,shared,DRF,unit_exact,rct_only,selected_lambda,0.0,0.0,0.0,ok
pilot,3,shared,DRF,unit_exact,rct_only,selected_omega,0.0,0.0,0.0,ok
pilot,3,shared,DRF,unit_exact,lambda_only,selected_lambda,1.0,0.0,1.0,ok
pilot,3,shared,DRF,unit_exact,lambda_only,selected_omega,1.0,0.0,0.0,ok
pilot,3,shared,DRF,unit_exact,omega_only,selected_lambda,0.0,0.0,0.0,ok
pilot,3,shared,DRF,unit_exact,omega_only,selected_omega,0.0,0.0,0.0,ok
pilot,3,shared,DRF,unit_exact,joint,selected_lambda,1.0,1.0,1.0,ok
pilot,3,shared,DRF,unit_exact,joint,selected_omega,1.0,1.0,1.0,ok
pilot,3,shared,DRF,unit_exact,diagnostic,fixed_candidate_drift,0.5,0.5,-0.17965580850599494,ok
pilot,3,shared,RF,unit_exact,candidate,selection_score,0.0,0.0,5.507147015310079,ok
pilot,3,shared,RF,unit_exact,candidate,selection_score,0.0,0.5,5.509517887712768,ok
pilot,3,shared,RF,unit_exact,candidate,selection_score,0.0,1.0,5.68399050819781,ok
pilot,3,shared,RF,unit_exact,candidate,selection_score,0.5,0.0,5.2067817163765096,ok
pilot,3,shared,RF,unit_exact,candidate,selection_score,0.5,0.5,5.205552351663775,ok
pilot,3,shared,RF,unit_exact,candidate,selection_score,0.5,1.0,5.281984277558254,ok
pilot,3,shared,RF,unit_exact,candidate,selection_score,1.0,0.0,4.993938637411297,ok
pilot,3,shared,RF,unit_exact,candidate,selection_score,1.0,0.5,4.983869943720217,ok
pilot,3,shared,RF,unit_exact,candidate,selection_score,1.0,1.0,4.990026417637292,ok
pilot,3,shared,RF,unit_exact,rct_only,selected_lambda,0.0,0.0,0.0,ok
pilot,3,shared,RF,unit_exact,rct_only,selected_omega,0.0,0.0,0.0,ok
pilot,3,shared,RF,unit_exact,lambda_only,selected_lambda,1.0,0.0,1.0,ok
pilot,3,shared,RF,unit_exact,lambda_only,selected_omega,1.0,0.0,0.0,ok
pilot,3,shared,RF,unit_exact,omega_only,selected_lambda,0.0,0.0,0.0,ok
pilot,3,shared,RF,unit_exact,omega_only,selected_omega,0.0,0.0,0.0,ok
pilot,3,shared,RF,unit_exact,joint,selected_lambda,1.0,0.5,1.0,ok
pilot,3,shared,RF,unit_exact,joint,selected_omega,1.0,0.5,0.5,ok
pilot,3,shared,RF,unit_exact,diagnostic,fixed_candidate_drift,0.5,0.5,-0.13076088157293825,ok
pilot,3,shifted,,exact,,ratio/mean,,,0.9508791158489059,ok
pilot,3,shifted,,exact,,ratio/second_moment,,,2.126468663624175,ok
pilot,3,shifted,,exact,,ratio/ess_fraction,,,0.4251984091863379,ok
pilot,3,shifted,,exact,,ratio/max,,,11.25824106461212,ok
pilot,3,shifted,,exact,,ratio/classifier_converged,,,1.0,ok
pilot,3,shifted,DRF,exact,candidate,selection_score,0.0,0.0,5.806698473013486,ok
pilot,3,shifted,DRF,exact,candidate,selection_score,0.0,0.5,5.684754275540933,ok
pilot,3,shifted,DRF,exact,candidate,selection_score,0.0,1.0,5.636561827562541,ok
pilot,3,shifted,DRF,exact,candidate,selection_score,0.5,0.0,5.353516113661494,ok
pilot,3,shifted,DRF,exact,candidate,selection_score,0.5,0.5,5.260778162256498,ok
pilot,3,shifted,DRF,exact,candidate,selection_score,0.5,1.0,5.194181893064846,ok
pilot,3,shifted,DRF,exact,candidate,selection_score,1.0,0.0,5.03207370416076,ok
pilot,3,shifted,DRF,exact,candidate,selection_score,1.0,0.5,4.971331471858845,ok
pilot,3,shifted,DRF,exact,candidate,selection_score,1.0,1.0,4.91523303220408,ok
pilot,3,shifted,DRF,exact,rct_only,selected_lambda,0.0,0.0,0.0,ok
pilot,3,shifted,DRF,exact,rct_only,selected_omega,0.0,0.0,0.0,ok
pilot,3,shifted,DRF,exact,lambda_only,selected_lambda,1.0,0.0,1.0,ok
pilot,3,shifted,DRF,exact,lambda_only,selected_omega,1.0,0.0,0.0,ok
pilot,3,shifted,DRF,exact,omega_only,selected_lambda,0.0,1.0,0.0,ok
pilot,3,shifted,DRF,exact,omega_only,selected_omega,0.0,1.0,1.0,ok
pilot,3,shifted,DRF,exact,joint,selected_lambda,1.0,1.0,1.0,ok
pilot,3,shifted,DRF,exact,joint,selected_omega,1.0,1.0,1.0,ok
pilot,3,shifted,DRF,exact,diagnostic,fixed_candidate_drift,0.5,0.5,-0.251495546582188,ok
pilot,3,shifted,RF,exact,candidate,selection_score,0.0,0.0,5.507147015310079,ok
pilot,3,shifted,RF,exact,candidate,selection_score,0.0,0.5,5.430617517383448,ok
pilot,3,shifted,RF,exact,candidate,selection_score,0.0,1.0,5.471611132974777,ok
pilot,3,shifted,RF,exact,candidate,selection_score,0.5,0.0,5.195350446534203,ok
pilot,3,shifted,RF,exact,candidate,selection_score,0.5,0.5,5.136927640578143,ok
pilot,3,shifted,RF,exact,candidate,selection_score,0.5,1.0,5.141318211031159,ok
pilot,3,shifted,RF,exact,candidate,selection_score,1.0,0.0,4.977838843698125,ok
pilot,3,shifted,RF,exact,candidate,selection_score,1.0,0.5,4.930803353519675,ok
pilot,3,shifted,RF,exact,candidate,selection_score,1.0,1.0,4.915233032204083,ok
pilot,3,shifted,RF,exact,rct_only,selected_lambda,0.0,0.0,0.0,ok
pilot,3,shifted,RF,exact,rct_only,selected_omega,0.0,0.0,0.0,ok
pilot,3,shifted,RF,exact,lambda_only,selected_lambda,1.0,0.0,1.0,ok
pilot,3,shifted,RF,exact,lambda_only,selected_omega,1.0,0.0,0.0,ok
pilot,3,shifted,RF,exact,omega_only,selected_lambda,0.0,0.5,0.0,ok
pilot,3,shifted,RF,exact,omega_only,selected_omega,0.0,0.5,0.5,ok
pilot,3,shifted,RF,exact,joint,selected_lambda,1.0,1.0,1.0,ok
pilot,3,shifted,RF,exact,joint,selected_omega,1.0,1.0,1.0,ok
pilot,3,shifted,RF,exact,diagnostic,fixed_candidate_drift,0.5,0.5,-0.19740896256588653,ok
pilot,3,shifted,,classifier,,ratio/mean,,,0.9490848142950185,ok
pilot,3,shifted,,classifier,,ratio/second_moment,,,2.225495794869132,ok
pilot,3,shifted,,classifier,,ratio/ess_fraction,,,0.404746657712008,ok
pilot,3,shifted,,classifier,,ratio/max,,,14.005970988642966,ok
pilot,3,shifted,,classifier,,ratio/classifier_converged,,,1.0,ok
pilot,3,shifted,DRF,classifier,candidate,selection_score,0.0,0.0,5.806698473013486,ok
pilot,3,shifted,DRF,classifier,candidate,selection_score,0.0,0.5,5.715602802074515,ok
pilot,3,shifted,DRF,classifier,candidate,selection_score,0.0,1.0,5.697894317327846,ok
pilot,3,shifted,DRF,classifier,candidate,selection_score,0.5,0.0,5.353516113661494,ok
pilot,3,shifted,DRF,classifier,candidate,selection_score,0.5,0.5,5.2804090291618975,ok
pilot,3,shifted,DRF,classifier,candidate,selection_score,0.5,1.0,5.225878113121549,ok
pilot,3,shifted,DRF,classifier,candidate,selection_score,1.0,0.0,5.03207370416076,ok
pilot,3,shifted,DRF,classifier,candidate,selection_score,1.0,0.5,4.980703672640037,ok
pilot,3,shifted,DRF,classifier,candidate,selection_score,1.0,1.0,4.920941876154114,ok
pilot,3,shifted,DRF,classifier,rct_only,selected_lambda,0.0,0.0,0.0,ok
pilot,3,shifted,DRF,classifier,rct_only,selected_omega,0.0,0.0,0.0,ok
pilot,3,shifted,DRF,classifier,lambda_only,selected_lambda,1.0,0.0,1.0,ok
pilot,3,shifted,DRF,classifier,lambda_only,selected_omega,1.0,0.0,0.0,ok
pilot,3,shifted,DRF,classifier,omega_only,selected_lambda,0.0,1.0,0.0,ok
pilot,3,shifted,DRF,classifier,omega_only,selected_omega,0.0,1.0,1.0,ok
pilot,3,shifted,DRF,classifier,joint,selected_lambda,1.0,1.0,1.0,ok
pilot,3,shifted,DRF,classifier,joint,selected_omega,1.0,1.0,1.0,ok
pilot,3,shifted,DRF,classifier,diagnostic,fixed_candidate_drift,0.5,0.5,-0.24450425662957187,ok
pilot,3,shifted,RF,classifier,candidate,selection_score,0.0,0.0,5.507147015310079,ok
pilot,3,shifted,RF,classifier,candidate,selection_score,0.0,0.5,5.451448254721466,ok
pilot,3,shifted,RF,classifier,candidate,selection_score,0.0,1.0,5.537029400331249,ok
pilot,3,shifted,RF,classifier,candidate,selection_score,0.5,0.0,5.195350446534203,ok
pilot,3,shifted,RF,classifier,candidate,selection_score,0.5,0.5,5.149880521832648,ok
pilot,3,shifted,RF,classifier,candidate,selection_score,0.5,1.0,5.1753548888601495,ok
pilot,3,shifted,RF,classifier,candidate,selection_score,1.0,0.0,4.977838843698125,ok
pilot,3,shifted,RF,classifier,candidate,selection_score,1.0,0.5,4.935359859086344,ok
pilot,3,shifted,RF,classifier,candidate,selection_score,1.0,1.0,4.9209418761541155,ok
pilot,3,shifted,RF,classifier,rct_only,selected_lambda,0.0,0.0,0.0,ok
pilot,3,shifted,RF,classifier,rct_only,selected_omega,0.0,0.0,0.0,ok
pilot,3,shifted,RF,classifier,lambda_only,selected_lambda,1.0,0.0,1.0,ok
pilot,3,shifted,RF,classifier,lambda_only,selected_omega,1.0,0.0,0.0,ok
pilot,3,shifted,RF,classifier,omega_only,selected_lambda,0.0,0.5,0.0,ok
pilot,3,shifted,RF,classifier,omega_only,selected_omega,0.0,0.5,0.5,ok
pilot,3,shifted,RF,classifier,joint,selected_lambda,1.0,1.0,1.0,ok
pilot,3,shifted,RF,classifier,joint,selected_omega,1.0,1.0,1.0,ok
pilot,3,shifted,RF,classifier,diagnostic,fixed_candidate_drift,0.5,0.5,-0.19511773024738316,ok
pilot,3,shifted,,wrong_unit,,ratio/mean,,,1.0,ok
pilot,3,shifted,,wrong_unit,,ratio/second_moment,,,1.0,ok
pilot,3,shifted,,wrong_unit,,ratio/ess_fraction,,,1.0,ok
pilot,3,shifted,,wrong_unit,,ratio/max,,,1.0,ok
pilot,3,shifted,,wrong_unit,,ratio/classifier_converged,,,1.0,ok
pilot,3,shifted,DRF,wrong_unit,candidate,selection_score,0.0,0.0,5.806698473013486,ok
pilot,3,shifted,DRF,wrong_unit,candidate,selection_score,0.0,0.5,5.7405480686232355,ok
pilot,3,shifted,DRF,wrong_unit,candidate,selection_score,0.0,1.0,5.850725105863072,ok
pilot,3,shifted,DRF,wrong_unit,candidate,selection_score,0.5,0.0,5.353516113661494,ok
pilot,3,shifted,DRF,wrong_unit,candidate,selection_score,0.5,0.5,5.302641574482512,ok
pilot,3,shifted,DRF,wrong_unit,candidate,selection_score,0.5,1.0,5.31607248560167,ok
pilot,3,shifted,DRF,wrong_unit,candidate,selection_score,1.0,0.0,5.03207370416076,ok
pilot,3,shifted,DRF,wrong_unit,candidate,selection_score,1.0,0.5,5.002450576307298,ok
pilot,3,shifted,DRF,wrong_unit,candidate,selection_score,1.0,1.0,4.968014159647878,ok
pilot,3,shifted,DRF,wrong_unit,rct_only,selected_lambda,0.0,0.0,0.0,ok
pilot,3,shifted,DRF,wrong_unit,rct_only,selected_omega,0.0,0.0,0.0,ok
pilot,3,shifted,DRF,wrong_unit,lambda_only,selected_lambda,1.0,0.0,1.0,ok
pilot,3,shifted,DRF,wrong_unit,lambda_only,selected_omega,1.0,0.0,0.0,ok
pilot,3,shifted,DRF,wrong_unit,omega_only,selected_lambda,0.0,0.5,0.0,ok
pilot,3,shifted,DRF,wrong_unit,omega_only,selected_omega,0.0,0.5,0.5,ok
pilot,3,shifted,DRF,wrong_unit,joint,selected_lambda,1.0,1.0,1.0,ok
pilot,3,shifted,DRF,wrong_unit,joint,selected_omega,1.0,1.0,1.0,ok
pilot,3,shifted,DRF,wrong_unit,diagnostic,fixed_candidate_drift,0.5,0.5,-0.25279716116251005,ok
pilot,3,shifted,RF,wrong_unit,candidate,selection_score,0.0,0.0,5.507147015310079,ok
pilot,3,shifted,RF,wrong_unit,candidate,selection_score,0.0,0.5,5.472226114468599,ok
pilot,3,shifted,RF,wrong_unit,candidate,selection_score,0.0,1.0,5.643517311273854,ok
pilot,3,shifted,RF,wrong_unit,candidate,selection_score,0.5,0.0,5.195350446534203,ok
pilot,3,shifted,RF,wrong_unit,candidate,selection_score,0.5,0.5,5.167231820311848,ok
pilot,3,shifted,RF,wrong_unit,candidate,selection_score,0.5,1.0,5.2471092924503955,ok
pilot,3,shifted,RF,wrong_unit,candidate,selection_score,1.0,0.0,4.977838843698125,ok
pilot,3,shifted,RF,wrong_unit,candidate,selection_score,1.0,0.5,4.953485519036845,ok
pilot,3,shifted,RF,wrong_unit,candidate,selection_score,1.0,1.0,4.968014159647881,ok
pilot,3,shifted,RF,wrong_unit,rct_only,selected_lambda,0.0,0.0,0.0,ok
pilot,3,shifted,RF,wrong_unit,rct_only,selected_omega,0.0,0.0,0.0,ok
pilot,3,shifted,RF,wrong_unit,lambda_only,selected_lambda,1.0,0.0,1.0,ok
pilot,3,shifted,RF,wrong_unit,lambda_only,selected_omega,1.0,0.0,0.0,ok
pilot,3,shifted,RF,wrong_unit,omega_only,selected_lambda,0.0,0.5,0.0,ok
pilot,3,shifted,RF,wrong_unit,omega_only,selected_omega,0.0,0.5,0.5,ok
pilot,3,shifted,RF,wrong_unit,joint,selected_lambda,1.0,0.5,1.0,ok
pilot,3,shifted,RF,wrong_unit,joint,selected_omega,1.0,0.5,0.5,ok
pilot,3,shifted,RF,wrong_unit,diagnostic,fixed_candidate_drift,0.5,0.5,-0.19227649042506195,ok
pilot,3,,,,,runtime_seconds,,,0.11748409271240234,ok
pilot,4,shared,,unit_exact,,ratio/mean,,,1.0,ok
pilot,4,shared,,unit_exact,,ratio/second_moment,,,1.0,ok
pilot,4,shared,,unit_exact,,ratio/ess_fraction,,,1.0,ok
pilot,4,shared,,unit_exact,,ratio/max,,,1.0,ok
pilot,4,shared,,unit_exact,,ratio/classifier_converged,,,1.0,ok
pilot,4,shared,DRF,unit_exact,candidate,selection_score,0.0,0.0,9.1846506990001,ok
pilot,4,shared,DRF,unit_exact,candidate,selection_score,0.0,0.5,9.08672465882725,ok
pilot,4,shared,DRF,unit_exact,candidate,selection_score,0.0,1.0,9.396452166558003,ok
pilot,4,shared,DRF,unit_exact,candidate,selection_score,0.5,0.0,8.83985533381445,ok
pilot,4,shared,DRF,unit_exact,candidate,selection_score,0.5,0.5,8.7712170394764,ok
pilot,4,shared,DRF,unit_exact,candidate,selection_score,0.5,1.0,8.981052543712684,ok
pilot,4,shared,DRF,unit_exact,candidate,selection_score,1.0,0.0,8.622904747892283,ok
pilot,4,shared,DRF,unit_exact,candidate,selection_score,1.0,0.5,8.56176541290008,ok
pilot,4,shared,DRF,unit_exact,candidate,selection_score,1.0,1.0,8.684156029340555,ok
pilot,4,shared,DRF,unit_exact,rct_only,selected_lambda,0.0,0.0,0.0,ok
pilot,4,shared,DRF,unit_exact,rct_only,selected_omega,0.0,0.0,0.0,ok
pilot,4,shared,DRF,unit_exact,lambda_only,selected_lambda,1.0,0.0,1.0,ok
pilot,4,shared,DRF,unit_exact,lambda_only,selected_omega,1.0,0.0,0.0,ok
pilot,4,shared,DRF,unit_exact,omega_only,selected_lambda,0.0,0.5,0.0,ok
pilot,4,shared,DRF,unit_exact,omega_only,selected_omega,0.0,0.5,0.5,ok
pilot,4,shared,DRF,unit_exact,joint,selected_lambda,1.0,0.5,1.0,ok
pilot,4,shared,DRF,unit_exact,joint,selected_omega,1.0,0.5,0.5,ok
pilot,4,shared,DRF,unit_exact,diagnostic,fixed_candidate_drift,0.5,0.5,0.09082215351306488,ok
pilot,4,shared,RF,unit_exact,candidate,selection_score,0.0,0.0,8.647339484067583,ok
pilot,4,shared,RF,unit_exact,candidate,selection_score,0.0,0.5,8.745449310819678,ok
pilot,4,shared,RF,unit_exact,candidate,selection_score,0.0,1.0,9.22681578465056,ok
pilot,4,shared,RF,unit_exact,candidate,selection_score,0.5,0.0,8.504597705166884,ok
pilot,4,shared,RF,unit_exact,candidate,selection_score,0.5,0.5,8.567782299199086,ok
pilot,4,shared,RF,unit_exact,candidate,selection_score,0.5,1.0,8.896894625730802,ok
pilot,4,shared,RF,unit_exact,candidate,selection_score,1.0,0.0,8.455777493173152,ok
pilot,4,shared,RF,unit_exact,candidate,selection_score,1.0,0.5,8.478852379643644,ok
pilot,4,shared,RF,unit_exact,candidate,selection_score,1.0,1.0,8.684156029340553,ok
pilot,4,shared,RF,unit_exact,rct_only,selected_lambda,0.0,0.0,0.0,ok
pilot,4,shared,RF,unit_exact,rct_only,selected_omega,0.0,0.0,0.0,ok
pilot,4,shared,RF,unit_exact,lambda_only,selected_lambda,1.0,0.0,1.0,ok
pilot,4,shared,RF,unit_exact,lambda_only,selected_omega,1.0,0.0,0.0,ok
pilot,4,shared,RF,unit_exact,omega_only,selected_lambda,0.0,0.0,0.0,ok
pilot,4,shared,RF,unit_exact,omega_only,selected_omega,0.0,0.0,0.0,ok
pilot,4,shared,RF,unit_exact,joint,selected_lambda,1.0,0.0,1.0,ok
pilot,4,shared,RF,unit_exact,joint,selected_omega,1.0,0.0,0.0,ok
pilot,4,shared,RF,unit_exact,diagnostic,fixed_candidate_drift,0.5,0.5,0.04227085568769107,ok
pilot,4,shifted,,exact,,ratio/mean,,,0.9754338589197522,ok
pilot,4,shifted,,exact,,ratio/second_moment,,,2.8117718534761034,ok
pilot,4,shifted,,exact,,ratio/ess_fraction,,,0.3383884833866609,ok
pilot,4,shifted,,exact,,ratio/max,,,22.80184257645647,ok
pilot,4,shifted,,exact,,ratio/classifier_converged,,,1.0,ok
pilot,4,shifted,DRF,exact,candidate,selection_score,0.0,0.0,9.1846506990001,ok
pilot,4,shifted,DRF,exact,candidate,selection_score,0.0,0.5,9.094498736271799,ok
pilot,4,shifted,DRF,exact,candidate,selection_score,0.0,1.0,9.398879521488372,ok
pilot,4,shifted,DRF,exact,candidate,selection_score,0.5,0.0,8.874456178491315,ok
pilot,4,shifted,DRF,exact,candidate,selection_score,0.5,0.5,8.794536106080791,ok
pilot,4,shifted,DRF,exact,candidate,selection_score,0.5,1.0,8.99129369428661,ok
pilot,4,shifted,DRF,exact,candidate,selection_score,1.0,0.0,8.683715279546517,ok
pilot,4,shifted,DRF,exact,candidate,selection_score,1.0,0.5,8.595691826192883,ok
pilot,4,shifted,DRF,exact,candidate,selection_score,1.0,1.0,8.698220109770878,ok
pilot,4,shifted,DRF,exact,rct_only,selected_lambda,0.0,0.0,0.0,ok
pilot,4,shifted,DRF,exact,rct_only,selected_omega,0.0,0.0,0.0,ok
pilot,4,shifted,DRF,exact,lambda_only,selected_lambda,1.0,0.0,1.0,ok
pilot,4,shifted,DRF,exact,lambda_only,selected_omega,1.0,0.0,0.0,ok
pilot,4,shifted,DRF,exact,omega_only,selected_lambda,0.0,0.5,0.0,ok
pilot,4,shifted,DRF,exact,omega_only,selected_omega,0.0,0.5,0.5,ok
pilot,4,shifted,DRF,exact,joint,selected_lambda,1.0,0.5,1.0,ok
pilot,4,shifted,DRF,exact,joint,selected_omega,1.0,0.5,0.5,ok
pilot,4,shifted,DRF,exact,diagnostic,fixed_candidate_drift,0.5,0.5,0.10669204223457518,ok
pilot,4,shifted,RF,exact,candidate,selection_score,0.0,0.0,8.647339484067583,ok
pilot,4,shifted,RF,exact,candidate,selection_score,0.0,0.5,8.777338560771915,ok
pilot,4,shifted,RF,exact,candidate,selection_score,0.0,1.0,9.25451572073191,ok
pilot,4,shifted,RF,exact,candidate,selection_score,0.5,0.0,8.51562936847837,ok
pilot,4,shifted,RF,exact,candidate,selection_score,0.5,0.5,8.602106832319118,ok
pilot,4,shifted,RF,exact,candidate,selection_score,0.5,1.0,8.915889506265064,ok
pilot,4,shifted,RF,exact,candidate,selection_score,1.0,0.0,8.472376504362247,ok
pilot,4,shifted,RF,exact,candidate,selection_score,1.0,0.5,8.514189680812722,ok
pilot,4,shifted,RF,exact,candidate,selection_score,1.0,1.0,8.698220109770874,ok
pilot,4,shifted,RF,exact,rct_only,selected_lambda,0.0,0.0,0.0,ok
pilot,4,shifted,RF,exact,rct_only,selected_omega,0.0,0.0,0.0,ok
pilot,4,shifted,RF,exact,lambda_only,selected_lambda,1.0,0.0,1.0,ok
pilot,4,shifted,RF,exact,lambda_only,selected_omega,1.0,0.0,0.0,ok
pilot,4,shifted,RF,exact,omega_only,selected_lambda,0.0,0.0,0.0,ok
pilot,4,shifted,RF,exact,omega_only,selected_omega,0.0,0.0,0.0,ok
pilot,4,shifted,RF,exact,joint,selected_lambda,1.0,0.0,1.0,ok
pilot,4,shifted,RF,exact,joint,selected_omega,1.0,0.0,0.0,ok
pilot,4,shifted,RF,exact,diagnostic,fixed_candidate_drift,0.5,0.5,0.0638079018746166,ok
pilot,4,shifted,,classifier,,ratio/mean,,,0.9867050340405902,ok
pilot,4,shifted,,classifier,,ratio/second_moment,,,3.0285833841513217,ok
pilot,4,shifted,,classifier,,ratio/ess_fraction,,,0.321466078594981,ok
pilot,4,shifted,,classifier,,ratio/max,,,22.76018660961815,ok
pilot,4,shifted,,classifier,,ratio/classifier_converged,,,1.0,ok
pilot,4,shifted,DRF,classifier,candidate,selection_score,0.0,0.0,9.1846506990001,ok
pilot,4,shifted,DRF,classifier,candidate,selection_score,0.0,0.5,9.085180524866153,ok
pilot,4,shifted,DRF,classifier,candidate,selection_score,0.0,1.0,9.34365424703363,ok
pilot,4,shifted,DRF,classifier,candidate,selection_score,0.5,0.0,8.874456178491315,ok
pilot,4,shifted,DRF,classifier,candidate,selection_score,0.5,0.5,8.788556909976261,ok
pilot,4,shifted,DRF,classifier,candidate,selection_score,0.5,1.0,8.949893256927027,ok
pilot,4,shifted,DRF,classifier,candidate,selection_score,1.0,0.0,8.683715279546517,ok
pilot,4,shifted,DRF,classifier,candidate,selection_score,1.0,0.5,8.591830641137653,ok
pilot,4,shifted,DRF,classifier,candidate,selection_score,1.0,1.0,8.666170291338839,ok
pilot,4,shifted,DRF,classifier,rct_only,selected_lambda,0.0,0.0,0.0,ok
pilot,4,shifted,DRF,classifier,rct_only,selected_omega,0.0,0.0,0.0,ok
pilot,4,shifted,DRF,classifier,lambda_only,selected_lambda,1.0,0.0,1.0,ok
pilot,4,shifted,DRF,classifier,lambda_only,selected_omega,1.0,0.0,0.0,ok
pilot,4,shifted,DRF,classifier,omega_only,selected_lambda,0.0,0.5,0.0,ok
pilot,4,shifted,DRF,classifier,omega_only,selected_omega,0.0,0.5,0.5,ok
pilot,4,shifted,DRF,classifier,joint,selected_lambda,1.0,0.5,1.0,ok
pilot,4,shifted,DRF,classifier,joint,selected_omega,1.0,0.5,0.5,ok
pilot,4,shifted,DRF,classifier,diagnostic,fixed_candidate_drift,0.5,0.5,0.09602588873427464,ok
pilot,4,shifted,RF,classifier,candidate,selection_score,0.0,0.0,8.647339484067583,ok
pilot,4,shifted,RF,classifier,candidate,selection_score,0.0,0.5,8.77522159905153,ok
pilot,4,shifted,RF,classifier,candidate,selection_score,0.0,1.0,9.214010950819585,ok
pilot,4,shifted,RF,classifier,candidate,selection_score,0.5,0.0,8.51562936847837,ok
pilot,4,shifted,RF,classifier,candidate,selection_score,0.5,0.5,8.599851881414844,ok
pilot,4,shifted,RF,classifier,candidate,selection_score,0.5,1.0,8.88257437307544,ok
pilot,4,shifted,RF,classifier,candidate,selection_score,1.0,0.0,8.472376504362247,ok
pilot,4,shifted,RF,classifier,candidate,selection_score,1.0,0.5,8.511142810771902,ok
pilot,4,shifted,RF,classifier,candidate,selection_score,1.0,1.0,8.666170291338839,ok
pilot,4,shifted,RF,classifier,rct_only,selected_lambda,0.0,0.0,0.0,ok
pilot,4,shifted,RF,classifier,rct_only,selected_omega,0.0,0.0,0.0,ok
pilot,4,shifted,RF,classifier,lambda_only,selected_lambda,1.0,0.0,1.0,ok
pilot,4,shifted,RF,classifier,lambda_only,selected_omega,1.0,0.0,0.0,ok
pilot,4,shifted,RF,classifier,omega_only,selected_lambda,0.0,0.0,0.0,ok
pilot,4,shifted,RF,classifier,omega_only,selected_omega,0.0,0.0,0.0,ok
pilot,4,shifted,RF,classifier,joint,selected_lambda,1.0,0.0,1.0,ok
pilot,4,shifted,RF,classifier,joint,selected_omega,1.0,0.0,0.0,ok
pilot,4,shifted,RF,classifier,diagnostic,fixed_candidate_drift,0.5,0.5,0.051703794078816756,ok
pilot,4,shifted,,wrong_unit,,ratio/mean,,,1.0,ok
pilot,4,shifted,,wrong_unit,,ratio/second_moment,,,1.0,ok
pilot,4,shifted,,wrong_unit,,ratio/ess_fraction,,,1.0,ok
pilot,4,shifted,,wrong_unit,,ratio/max,,,1.0,ok
pilot,4,shifted,,wrong_unit,,ratio/classifier_converged,,,1.0,ok
pilot,4,shifted,DRF,wrong_unit,candidate,selection_score,0.0,0.0,9.1846506990001,ok
pilot,4,shifted,DRF,wrong_unit,candidate,selection_score,0.0,0.5,9.138366197303313,ok
pilot,4,shifted,DRF,wrong_unit,candidate,selection_score,0.0,1.0,9.493972300274917,ok
pilot,4,shifted,DRF,wrong_unit,candidate,selection_score,0.5,0.0,8.874456178491315,ok
pilot,4,shifted,DRF,wrong_unit,candidate,selection_score,0.5,0.5,8.833436834695195,ok
pilot,4,shifted,DRF,wrong_unit,candidate,selection_score,0.5,1.0,9.067924371147765,ok
pilot,4,shifted,DRF,wrong_unit,candidate,selection_score,1.0,0.0,8.683715279546517,ok
pilot,4,shifted,DRF,wrong_unit,candidate,selection_score,1.0,0.5,8.634469189040102,ok
pilot,4,shifted,DRF,wrong_unit,candidate,selection_score,1.0,1.0,8.771901032976414,ok
pilot,4,shifted,DRF,wrong_unit,rct_only,selected_lambda,0.0,0.0,0.0,ok
pilot,4,shifted,DRF,wrong_unit,rct_only,selected_omega,0.0,0.0,0.0,ok
pilot,4,shifted,DRF,wrong_unit,lambda_only,selected_lambda,1.0,0.0,1.0,ok
pilot,4,shifted,DRF,wrong_unit,lambda_only,selected_omega,1.0,0.0,0.0,ok
pilot,4,shifted,DRF,wrong_unit,omega_only,selected_lambda,0.0,0.5,0.0,ok
pilot,4,shifted,DRF,wrong_unit,omega_only,selected_omega,0.0,0.5,0.5,ok
pilot,4,shifted,DRF,wrong_unit,joint,selected_lambda,1.0,0.5,1.0,ok
pilot,4,shifted,DRF,wrong_unit,joint,selected_omega,1.0,0.5,0.5,ok
pilot,4,shifted,DRF,wrong_unit,diagnostic,fixed_candidate_drift,0.5,0.5,-0.15975098650904296,ok
pilot,4,shifted,RF,wrong_unit,candidate,selection_score,0.0,0.0,8.647339484067583,ok
pilot,4,shifted,RF,wrong_unit,candidate,selection_score,0.0,0.5,8.73842508250662,ok
pilot,4,shifted,RF,wrong_unit,candidate,selection_score,0.0,1.0,9.163031898998106,ok
pilot,4,shifted,RF,wrong_unit,candidate,selection_score,0.5,0.0,8.51562936847837,ok
pilot,4,shifted,RF,wrong_unit,candidate,selection_score,0.5,0.5,8.587198028041641,ok
pilot,4,shifted,RF,wrong_unit,candidate,selection_score,0.5,1.0,8.894937097927395,ok
pilot,4,shifted,RF,wrong_unit,candidate,selection_score,1.0,0.0,8.472376504362247,ok
pilot,4,shifted,RF,wrong_unit,candidate,selection_score,1.0,0.5,8.524084348216409,ok
pilot,4,shifted,RF,wrong_unit,candidate,selection_score,1.0,1.0,8.771901032976412,ok
pilot,4,shifted,RF,wrong_unit,rct_only,selected_lambda,0.0,0.0,0.0,ok
pilot,4,shifted,RF,wrong_unit,rct_only,selected_omega,0.0,0.0,0.0,ok
pilot,4,shifted,RF,wrong_unit,lambda_only,selected_lambda,1.0,0.0,1.0,ok
pilot,4,shifted,RF,wrong_unit,lambda_only,selected_omega,1.0,0.0,0.0,ok
pilot,4,shifted,RF,wrong_unit,omega_only,selected_lambda,0.0,0.0,0.0,ok
pilot,4,shifted,RF,wrong_unit,omega_only,selected_omega,0.0,0.0,0.0,ok
pilot,4,shifted,RF,wrong_unit,joint,selected_lambda,1.0,0.0,1.0,ok
pilot,4,shifted,RF,wrong_unit,joint,selected_omega,1.0,0.0,0.0,ok
pilot,4,shifted,RF,wrong_unit,diagnostic,fixed_candidate_drift,0.5,0.5,-0.13247726045464936,ok
pilot,4,,,,,runtime_seconds,,,0.11269402503967285,ok
pilot,5,shared,,unit_exact,,ratio/mean,,,1.0,ok
pilot,5,shared,,unit_exact,,ratio/second_moment,,,1.0,ok
pilot,5,shared,,unit_exact,,ratio/ess_fraction,,,1.0,ok
pilot,5,shared,,unit_exact,,ratio/max,,,1.0,ok
pilot,5,shared,,unit_exact,,ratio/classifier_converged,,,1.0,ok
pilot,5,shared,DRF,unit_exact,candidate,selection_score,0.0,0.0,10.775505219391317,ok
pilot,5,shared,DRF,unit_exact,candidate,selection_score,0.0,0.5,10.519187572506162,ok
pilot,5,shared,DRF,unit_exact,candidate,selection_score,0.0,1.0,10.554378401286252,ok
pilot,5,shared,DRF,unit_exact,candidate,selection_score,0.5,0.0,10.275585986878406,ok
pilot,5,shared,DRF,unit_exact,candidate,selection_score,0.5,0.5,10.111757172296395,ok
pilot,5,shared,DRF,unit_exact,candidate,selection_score,0.5,1.0,10.159658564983923,ok
pilot,5,shared,DRF,unit_exact,candidate,selection_score,1.0,0.0,9.913683047511013,ok
pilot,5,shared,DRF,unit_exact,candidate,selection_score,1.0,0.5,9.819170571902504,ok
pilot,5,shared,DRF,unit_exact,candidate,selection_score,1.0,1.0,9.87982812603326,ok
pilot,5,shared,DRF,unit_exact,rct_only,selected_lambda,0.0,0.0,0.0,ok
pilot,5,shared,DRF,unit_exact,rct_only,selected_omega,0.0,0.0,0.0,ok
pilot,5,shared,DRF,unit_exact,lambda_only,selected_lambda,1.0,0.0,1.0,ok
pilot,5,shared,DRF,unit_exact,lambda_only,selected_omega,1.0,0.0,0.0,ok
pilot,5,shared,DRF,unit_exact,omega_only,selected_lambda,0.0,0.5,0.0,ok
pilot,5,shared,DRF,unit_exact,omega_only,selected_omega,0.0,0.5,0.5,ok
pilot,5,shared,DRF,unit_exact,joint,selected_lambda,1.0,0.5,1.0,ok
pilot,5,shared,DRF,unit_exact,joint,selected_omega,1.0,0.5,0.5,ok
pilot,5,shared,DRF,unit_exact,diagnostic,fixed_candidate_drift,0.5,0.5,-0.41043246076135803,ok
pilot,5,shared,RF,unit_exact,candidate,selection_score,0.0,0.0,10.463904198748148,ok
pilot,5,shared,RF,unit_exact,candidate,selection_score,0.0,0.5,10.328465492008293,ok
pilot,5,shared,RF,unit_exact,candidate,selection_score,0.0,1.0,10.443294033386206,ok
pilot,5,shared,RF,unit_exact,candidate,selection_score,0.5,0.0,10.087951862682793,ok
pilot,5,shared,RF,unit_exact,candidate,selection_score,0.5,0.5,10.018054772082305,ok
pilot,5,shared,RF,unit_exact,candidate,selection_score,0.5,1.0,10.133279825724372,ok
pilot,5,shared,RF,unit_exact,candidate,selection_score,1.0,0.0,9.791551653245149,ok
pilot,5,shared,RF,unit_exact,candidate,selection_score,1.0,0.5,9.767234357779744,ok
pilot,5,shared,RF,unit_exact,candidate,selection_score,1.0,1.0,9.879828126033257,ok
pilot,5,shared,RF,unit_exact,rct_only,selected_lambda,0.0,0.0,0.0,ok
pilot,5,shared,RF,unit_exact,rct_only,selected_omega,0.0,0.0,0.0,ok
pilot,5,shared,RF,unit_exact,lambda_only,selected_lambda,1.0,0.0,1.0,ok
pilot,5,shared,RF,unit_exact,lambda_only,selected_omega,1.0,0.0,0.0,ok
pilot,5,shared,RF,unit_exact,omega_only,selected_lambda,0.0,0.5,0.0,ok
pilot,5,shared,RF,unit_exact,omega_only,selected_omega,0.0,0.5,0.5,ok
pilot,5,shared,RF,unit_exact,joint,selected_lambda,1.0,0.5,1.0,ok
pilot,5,shared,RF,unit_exact,joint,selected_omega,1.0,0.5,0.5,ok
pilot,5,shared,RF,unit_exact,diagnostic,fixed_candidate_drift,0.5,0.5,-0.30004409258711223,ok
pilot,5,shifted,,exact,,ratio/mean,,,0.9932765409840053,ok
pilot,5,shifted,,exact,,ratio/second_moment,,,2.244176848072074,ok
pilot,5,shifted,,exact,,ratio/ess_fraction,,,0.43962590903507304,ok
pilot,5,shifted,,exact,,ratio/max,,,8.86989560092569,ok
pilot,5,shifted,,exact,,ratio/classifier_converged,,,1.0,ok
pilot,5,shifted,DRF,exact,candidate,selection_score,0.0,0.0,10.775505219391317,ok
pilot,5,shifted,DRF,exact,candidate,selection_score,0.0,0.5,10.608346350447134,ok
pilot,5,shifted,DRF,exact,candidate,selection_score,0.0,1.0,10.887886885221883,ok
pilot,5,shifted,DRF,exact,candidate,selection_score,0.5,0.0,10.242017434931393,ok
pilot,5,shifted,DRF,exact,candidate,selection_score,0.5,0.5,10.165274639308727,ok
pilot,5,shifted,DRF,exact,candidate,selection_score,0.5,1.0,10.42419797456422,ok
pilot,5,shifted,DRF,exact,candidate,selection_score,1.0,0.0,9.855999889370949,ok
pilot,5,shifted,DRF,exact,candidate,selection_score,1.0,0.5,9.84338820101863,ok
pilot,5,shifted,DRF,exact,candidate,selection_score,1.0,1.0,10.087445152448321,ok
pilot,5,shifted,DRF,exact,rct_only,selected_lambda,0.0,0.0,0.0,ok
pilot,5,shifted,DRF,exact,rct_only,selected_omega,0.0,0.0,0.0,ok
pilot,5,shifted,DRF,exact,lambda_only,selected_lambda,1.0,0.0,1.0,ok
pilot,5,shifted,DRF,exact,lambda_only,selected_omega,1.0,0.0,0.0,ok
pilot,5,shifted,DRF,exact,omega_only,selected_lambda,0.0,0.5,0.0,ok
pilot,5,shifted,DRF,exact,omega_only,selected_omega,0.0,0.5,0.5,ok
pilot,5,shifted,DRF,exact,joint,selected_lambda,1.0,0.5,1.0,ok
pilot,5,shifted,DRF,exact,joint,selected_omega,1.0,0.5,0.5,ok
pilot,5,shifted,DRF,exact,diagnostic,fixed_candidate_drift,0.5,0.5,-0.43533503878761715,ok
pilot,5,shifted,RF,exact,candidate,selection_score,0.0,0.0,10.463904198748148,ok
pilot,5,shifted,RF,exact,candidate,selection_score,0.0,0.5,10.393747647254914,ok
pilot,5,shifted,RF,exact,candidate,selection_score,0.0,1.0,10.670821856220284,ok
pilot,5,shifted,RF,exact,candidate,selection_score,0.5,0.0,10.069893794878118,ok
pilot,5,shifted,RF,exact,candidate,selection_score,0.5,0.5,10.072865324466395,ok
pilot,5,shifted,RF,exact,candidate,selection_score,0.5,1.0,10.349250099117935,ok
pilot,5,shifted,RF,exact,candidate,selection_score,1.0,0.0,9.759161727744171,ok
pilot,5,shifted,RF,exact,candidate,selection_score,1.0,0.5,9.813959716806353,ok
pilot,5,shifted,RF,exact,candidate,selection_score,1.0,1.0,10.08744515244832,ok
pilot,5,shifted,RF,exact,rct_only,selected_lambda,0.0,0.0,0.0,ok
pilot,5,shifted,RF,exact,rct_only,selected_omega,0.0,0.0,0.0,ok
pilot,5,shifted,RF,exact,lambda_only,selected_lambda,1.0,0.0,1.0,ok
pilot,5,shifted,RF,exact,lambda_only,selected_omega,1.0,0.0,0.0,ok
pilot,5,shifted,RF,exact,omega_only,selected_lambda,0.0,0.5,0.0,ok
pilot,5,shifted,RF,exact,omega_only,selected_omega,0.0,0.5,0.5,ok
pilot,5,shifted,RF,exact,joint,selected_lambda,1.0,0.0,1.0,ok
pilot,5,shifted,RF,exact,joint,selected_omega,1.0,0.0,0.0,ok
pilot,5,shifted,RF,exact,diagnostic,fixed_candidate_drift,0.5,0.5,-0.3215769823859151,ok
pilot,5,shifted,,classifier,,ratio/mean,,,0.9610812804365894,ok
pilot,5,shifted,,classifier,,ratio/second_moment,,,2.2385630378126975,ok
pilot,5,shifted,,classifier,,ratio/ess_fraction,,,0.4126206016999906,ok
pilot,5,shifted,,classifier,,ratio/max,,,8.871427788173124,ok
pilot,5,shifted,,classifier,,ratio/classifier_converged,,,1.0,ok
pilot,5,shifted,DRF,classifier,candidate,selection_score,0.0,0.0,10.775505219391317,ok
pilot,5,shifted,DRF,classifier,candidate,selection_score,0.0,0.5,10.555738134058549,ok
pilot,5,shifted,DRF,classifier,candidate,selection_score,0.0,1.0,10.811047637236069,ok
pilot,5,shifted,DRF,classifier,candidate,selection_score,0.5,0.0,10.242017434931393,ok
pilot,5,shifted,DRF,classifier,candidate,selection_score,0.5,0.5,10.128424497466133,ok
pilot,5,shifted,DRF,classifier,candidate,selection_score,0.5,1.0,10.366765040952613,ok
pilot,5,shifted,DRF,classifier,candidate,selection_score,1.0,0.0,9.855999889370949,ok
pilot,5,shifted,DRF,classifier,candidate,selection_score,1.0,0.5,9.818686863891928,ok
pilot,5,shifted,DRF,classifier,candidate,selection_score,1.0,1.0,10.04703191460587,ok
pilot,5,shifted,DRF,classifier,rct_only,selected_lambda,0.0,0.0,0.0,ok
pilot,5,shifted,DRF,classifier,rct_only,selected_omega,0.0,0.0,0.0,ok
pilot,5,shifted,DRF,classifier,lambda_only,selected_lambda,1.0,0.0,1.0,ok
pilot,5,shifted,DRF,classifier,lambda_only,selected_omega,1.0,0.0,0.0,ok
pilot,5,shifted,DRF,classifier,omega_only,selected_lambda,0.0,0.5,0.0,ok
pilot,5,shifted,DRF,classifier,omega_only,selected_omega,0.0,0.5,0.5,ok
pilot,5,shifted,DRF,classifier,joint,selected_lambda,1.0,0.5,1.0,ok
pilot,5,shifted,DRF,classifier,joint,selected_omega,1.0,0.5,0.5,ok
pilot,5,shifted,DRF,classifier,diagnostic,fixed_candidate_drift,0.5,0.5,-0.4906112904896119,ok
pilot,5,shifted,RF,classifier,candidate,selection_score,0.0,0.0,10.463904198748148,ok
pilot,5,shifted,RF,classifier,candidate,selection_score,0.0,0.5,10.346540495560525,ok
pilot,5,shifted,RF,classifier,candidate,selection_score,0.0,1.0,10.601790310772738,ok
pilot,5,shifted,RF,classifier,candidate,selection_score,0.5,0.0,10.069893794878118,ok
pilot,5,shifted,RF,classifier,candidate,selection_score,0.5,0.5,10.037731392919635,ok
pilot,5,shifted,RF,classifier,candidate,selection_score,0.5,1.0,10.295664787129166,ok
pilot,5,shifted,RF,classifier,candidate,selection_score,1.0,0.0,9.759161727744171,ok
pilot,5,shifted,RF,classifier,candidate,selection_score,1.0,0.5,9.788466605272923,ok
pilot,5,shifted,RF,classifier,candidate,selection_score,1.0,1.0,10.047031914605867,ok
pilot,5,shifted,RF,classifier,rct_only,selected_lambda,0.0,0.0,0.0,ok
pilot,5,shifted,RF,classifier,rct_only,selected_omega,0.0,0.0,0.0,ok
pilot,5,shifted,RF,classifier,lambda_only,selected_lambda,1.0,0.0,1.0,ok
pilot,5,shifted,RF,classifier,lambda_only,selected_omega,1.0,0.0,0.0,ok
pilot,5,shifted,RF,classifier,omega_only,selected_lambda,0.0,0.5,0.0,ok
pilot,5,shifted,RF,classifier,omega_only,selected_omega,0.0,0.5,0.5,ok
pilot,5,shifted,RF,classifier,joint,selected_lambda,1.0,0.0,1.0,ok
pilot,5,shifted,RF,classifier,joint,selected_omega,1.0,0.0,0.0,ok
pilot,5,shifted,RF,classifier,diagnostic,fixed_candidate_drift,0.5,0.5,-0.37701934186248026,ok
pilot,5,shifted,,wrong_unit,,ratio/mean,,,1.0,ok
pilot,5,shifted,,wrong_unit,,ratio/second_moment,,,1.0,ok
pilot,5,shifted,,wrong_unit,,ratio/ess_fraction,,,1.0,ok
pilot,5,shifted,,wrong_unit,,ratio/max,,,1.0,ok
pilot,5,shifted,,wrong_unit,,ratio/classifier_converged,,,1.0,ok
pilot,5,shifted,DRF,wrong_unit,candidate,selection_score,0.0,0.0,10.775505219391317,ok
pilot,5,shifted,DRF,wrong_unit,candidate,selection_score,0.0,0.5,10.454067366454208,ok
pilot,5,shifted,DRF,wrong_unit,candidate,selection_score,0.0,1.0,10.515341007908477,ok
pilot,5,shifted,DRF,wrong_unit,candidate,selection_score,0.5,0.0,10.242017434931393,ok
pilot,5,shifted,DRF,wrong_unit,candidate,selection_score,0.5,0.5,10.01264932356202,ok
pilot,5,shifted,DRF,wrong_unit,candidate,selection_score,0.5,1.0,10.114693387596475,ok
pilot,5,shifted,DRF,wrong_unit,candidate,selection_score,1.0,0.0,9.855999889370949,ok
pilot,5,shifted,DRF,wrong_unit,candidate,selection_score,1.0,0.5,9.690081903778824,ok
pilot,5,shifted,DRF,wrong_unit,candidate,selection_score,1.0,1.0,9.827488496294343,ok
pilot,5,shifted,DRF,wrong_unit,rct_only,selected_lambda,0.0,0.0,0.0,ok
pilot,5,shifted,DRF,wrong_unit,rct_only,selected_omega,0.0,0.0,0.0,ok
pilot,5,shifted,DRF,wrong_unit,lambda_only,selected_lambda,1.0,0.0,1.0,ok
pilot,5,shifted,DRF,wrong_unit,lambda_only,selected_omega,1.0,0.0,0.0,ok
pilot,5,shifted,DRF,wrong_unit,omega_only,selected_lambda,0.0,0.5,0.0,ok
pilot,5,shifted,DRF,wrong_unit,omega_only,selected_omega,0.0,0.5,0.5,ok
pilot,5,shifted,DRF,wrong_unit,joint,selected_lambda,1.0,0.5,1.0,ok
pilot,5,shifted,DRF,wrong_unit,joint,selected_omega,1.0,0.5,0.5,ok
pilot,5,shifted,DRF,wrong_unit,diagnostic,fixed_candidate_drift,0.5,0.5,-0.6485307310281966,ok
pilot,5,shifted,RF,wrong_unit,candidate,selection_score,0.0,0.0,10.463904198748148,ok
pilot,5,shifted,RF,wrong_unit,candidate,selection_score,0.0,0.5,10.23667112295394,ok
pilot,5,shifted,RF,wrong_unit,candidate,selection_score,0.0,1.0,10.327378803949292,ok
pilot,5,shifted,RF,wrong_unit,candidate,selection_score,0.5,0.0,10.069893794878118,ok
pilot,5,shifted,RF,wrong_unit,candidate,selection_score,0.5,0.5,9.913625746936315,ok
pilot,5,shifted,RF,wrong_unit,candidate,selection_score,0.5,1.0,10.051516854244198,ok
pilot,5,shifted,RF,wrong_unit,candidate,selection_score,1.0,0.0,9.759161727744171,ok
pilot,5,shifted,RF,wrong_unit,candidate,selection_score,1.0,0.5,9.654927631695767,ok
pilot,5,shifted,RF,wrong_unit,candidate,selection_score,1.0,1.0,9.827488496294343,ok
pilot,5,shifted,RF,wrong_unit,rct_only,selected_lambda,0.0,0.0,0.0,ok
pilot,5,shifted,RF,wrong_unit,rct_only,selected_omega,0.0,0.0,0.0,ok
pilot,5,shifted,RF,wrong_unit,lambda_only,selected_lambda,1.0,0.0,1.0,ok
pilot,5,shifted,RF,wrong_unit,lambda_only,selected_omega,1.0,0.0,0.0,ok
pilot,5,shifted,RF,wrong_unit,omega_only,selected_lambda,0.0,0.5,0.0,ok
pilot,5,shifted,RF,wrong_unit,omega_only,selected_omega,0.0,0.5,0.5,ok
pilot,5,shifted,RF,wrong_unit,joint,selected_lambda,1.0,0.5,1.0,ok
pilot,5,shifted,RF,wrong_unit,joint,selected_omega,1.0,0.5,0.5,ok
pilot,5,shifted,RF,wrong_unit,diagnostic,fixed_candidate_drift,0.5,0.5,-0.543480194635245,ok
pilot,5,,,,,runtime_seconds,,,0.11226201057434082,ok
pilot,6,shared,,unit_exact,,ratio/mean,,,1.0,ok
pilot,6,shared,,unit_exact,,ratio/second_moment,,,1.0,ok
pilot,6,shared,,unit_exact,,ratio/ess_fraction,,,1.0,ok
pilot,6,shared,,unit_exact,,ratio/max,,,1.0,ok
pilot,6,shared,,unit_exact,,ratio/classifier_converged,,,1.0,ok
pilot,6,shared,DRF,unit_exact,candidate,selection_score,0.0,0.0,6.292110650938372,ok
pilot,6,shared,DRF,unit_exact,candidate,selection_score,0.0,0.5,6.293957033206565,ok
pilot,6,shared,DRF,unit_exact,candidate,selection_score,0.0,1.0,6.3837440087798445,ok
pilot,6,shared,DRF,unit_exact,candidate,selection_score,0.5,0.0,6.341491041585295,ok
pilot,6,shared,DRF,unit_exact,candidate,selection_score,0.5,0.5,6.311735257472465,ok
pilot,6,shared,DRF,unit_exact,candidate,selection_score,0.5,1.0,6.368993420706222,ok
pilot,6,shared,DRF,unit_exact,candidate,selection_score,1.0,0.0,6.421133475104964,ok
pilot,6,shared,DRF,unit_exact,candidate,selection_score,1.0,0.5,6.362153524935519,ok
pilot,6,shared,DRF,unit_exact,candidate,selection_score,1.0,1.0,6.4009605978181225,ok
pilot,6,shared,DRF,unit_exact,rct_only,selected_lambda,0.0,0.0,0.0,ok
pilot,6,shared,DRF,unit_exact,rct_only,selected_omega,0.0,0.0,0.0,ok
pilot,6,shared,DRF,unit_exact,lambda_only,selected_lambda,0.0,0.0,0.0,ok
pilot,6,shared,DRF,unit_exact,lambda_only,selected_omega,0.0,0.0,0.0,ok
pilot,6,shared,DRF,unit_exact,omega_only,selected_lambda,0.0,0.0,0.0,ok
pilot,6,shared,DRF,unit_exact,omega_only,selected_omega,0.0,0.0,0.0,ok
pilot,6,shared,DRF,unit_exact,joint,selected_lambda,0.0,0.0,0.0,ok
pilot,6,shared,DRF,unit_exact,joint,selected_omega,0.0,0.0,0.0,ok
pilot,6,shared,DRF,unit_exact,diagnostic,fixed_candidate_drift,0.5,0.5,0.059503097792862336,ok
pilot,6,shared,RF,unit_exact,candidate,selection_score,0.0,0.0,6.7075125020479165,ok
pilot,6,shared,RF,unit_exact,candidate,selection_score,0.0,0.5,6.624204722795148,ok
pilot,6,shared,RF,unit_exact,candidate,selection_score,0.0,1.0,6.598779009122731,ok
pilot,6,shared,RF,unit_exact,candidate,selection_score,0.5,0.0,6.483323842709341,ok
pilot,6,shared,RF,unit_exact,candidate,selection_score,0.5,0.5,6.46220888371127,ok
pilot,6,shared,RF,unit_exact,candidate,selection_score,0.5,1.0,6.472727991946669,ok
pilot,6,shared,RF,unit_exact,candidate,selection_score,1.0,0.0,6.324972814750647,ok
pilot,6,shared,RF,unit_exact,candidate,selection_score,1.0,0.5,6.353619366260971,ok
pilot,6,shared,RF,unit_exact,candidate,selection_score,1.0,1.0,6.400960597818123,ok
pilot,6,shared,RF,unit_exact,rct_only,selected_lambda,0.0,0.0,0.0,ok
pilot,6,shared,RF,unit_exact,rct_only,selected_omega,0.0,0.0,0.0,ok
pilot,6,shared,RF,unit_exact,lambda_only,selected_lambda,1.0,0.0,1.0,ok
pilot,6,shared,RF,unit_exact,lambda_only,selected_omega,1.0,0.0,0.0,ok
pilot,6,shared,RF,unit_exact,omega_only,selected_lambda,0.0,1.0,0.0,ok
pilot,6,shared,RF,unit_exact,omega_only,selected_omega,0.0,1.0,1.0,ok
pilot,6,shared,RF,unit_exact,joint,selected_lambda,1.0,0.0,1.0,ok
pilot,6,shared,RF,unit_exact,joint,selected_omega,1.0,0.0,0.0,ok
pilot,6,shared,RF,unit_exact,diagnostic,fixed_candidate_drift,0.5,0.5,-0.09212242689684297,ok
pilot,6,shifted,,exact,,ratio/mean,,,0.9973437805360732,ok
pilot,6,shifted,,exact,,ratio/second_moment,,,2.5876905209286374,ok
pilot,6,shifted,,exact,,ratio/ess_fraction,,,0.38439473674658114,ok
pilot,6,shifted,,exact,,ratio/max,,,16.80829190646578,ok
pilot,6,shifted,,exact,,ratio/classifier_converged,,,1.0,ok
pilot,6,shifted,DRF,exact,candidate,selection_score,0.0,0.0,6.292110650938372,ok
pilot,6,shifted,DRF,exact,candidate,selection_score,0.0,0.5,6.363594056630815,ok
pilot,6,shifted,DRF,exact,candidate,selection_score,0.0,1.0,6.527624148737327,ok
pilot,6,shifted,DRF,exact,candidate,selection_score,0.5,0.0,6.309932944597125,ok
pilot,6,shifted,DRF,exact,candidate,selection_score,0.5,0.5,6.323587659307846,ok
pilot,6,shifted,DRF,exact,candidate,selection_score,0.5,1.0,6.416465109950052,ok
pilot,6,shifted,DRF,exact,candidate,selection_score,1.0,0.0,6.365101484864872,ok
pilot,6,shifted,DRF,exact,candidate,selection_score,1.0,0.5,6.335188734669019,ok
pilot,6,shifted,DRF,exact,candidate,selection_score,1.0,1.0,6.399175066099555,ok
pilot,6,shifted,DRF,exact,rct_only,selected_lambda,0.0,0.0,0.0,ok
pilot,6,shifted,DRF,exact,rct_only,selected_omega,0.0,0.0,0.0,ok
pilot,6,shifted,DRF,exact,lambda_only,selected_lambda,0.0,0.0,0.0,ok
pilot,6,shifted,DRF,exact,lambda_only,selected_omega,0.0,0.0,0.0,ok
pilot,6,shifted,DRF,exact,omega_only,selected_lambda,0.0,0.0,0.0,ok
pilot,6,shifted,DRF,exact,omega_only,selected_omega,0.0,0.0,0.0,ok
pilot,6,shifted,DRF,exact,joint,selected_lambda,0.0,0.0,0.0,ok
pilot,6,shifted,DRF,exact,joint,selected_omega,0.0,0.0,0.0,ok
pilot,6,shifted,DRF,exact,diagnostic,fixed_candidate_drift,0.5,0.5,0.06819074929290847,ok
pilot,6,shifted,RF,exact,candidate,selection_score,0.0,0.0,6.7075125020479165,ok
pilot,6,shifted,RF,exact,candidate,selection_score,0.0,0.5,6.66966132705971,ok
pilot,6,shifted,RF,exact,candidate,selection_score,0.0,1.0,6.681194472130558,ok
pilot,6,shifted,RF,exact,candidate,selection_score,0.5,0.0,6.4357218909036655,ok
pilot,6,shifted,RF,exact,candidate,selection_score,0.5,0.5,6.455200430769777,ok
pilot,6,shifted,RF,exact,candidate,selection_score,0.5,1.0,6.499437324761335,ok
pilot,6,shifted,RF,exact,candidate,selection_score,1.0,0.0,6.255983481094566,ok
pilot,6,shifted,RF,exact,candidate,selection_score,1.0,0.5,6.318705468958123,ok
pilot,6,shifted,RF,exact,candidate,selection_score,1.0,1.0,6.399175066099555,ok
pilot,6,shifted,RF,exact,rct_only,selected_lambda,0.0,0.0,0.0,ok
pilot,6,shifted,RF,exact,rct_only,selected_omega,0.0,0.0,0.0,ok
pilot,6,shifted,RF,exact,lambda_only,selected_lambda,1.0,0.0,1.0,ok
pilot,6,shifted,RF,exact,lambda_only,selected_omega,1.0,0.0,0.0,ok
pilot,6,shifted,RF,exact,omega_only,selected_lambda,0.0,0.5,0.0,ok
pilot,6,shifted,RF,exact,omega_only,selected_omega,0.0,0.5,0.5,ok
pilot,6,shifted,RF,exact,joint,selected_lambda,1.0,0.0,1.0,ok
pilot,6,shifted,RF,exact,joint,selected_omega,1.0,0.0,0.0,ok
pilot,6,shifted,RF,exact,diagnostic,fixed_candidate_drift,0.5,0.5,-0.0917228467118249,ok
pilot,6,shifted,,classifier,,ratio/mean,,,1.0034296226779906,ok
pilot,6,shifted,,classifier,,ratio/second_moment,,,2.284582749547989,ok
pilot,6,shifted,,classifier,,ratio/ess_fraction,,,0.4407242451020462,ok
pilot,6,shifted,,classifier,,ratio/max,,,13.005292797110364,ok
pilot,6,shifted,,classifier,,ratio/classifier_converged,,,1.0,ok
pilot,6,shifted,DRF,classifier,candidate,selection_score,0.0,0.0,6.292110650938372,ok
pilot,6,shifted,DRF,classifier,candidate,selection_score,0.0,0.5,6.347893223480324,ok
pilot,6,shifted,DRF,classifier,candidate,selection_score,0.0,1.0,6.511829738777169,ok
pilot,6,shifted,DRF,classifier,candidate,selection_score,0.5,0.0,6.309932944597125,ok
pilot,6,shifted,DRF,classifier,candidate,selection_score,0.5,0.5,6.301291278376566,ok
pilot,6,shifted,DRF,classifier,candidate,selection_score,0.5,1.0,6.390341375100366,ok
pilot,6,shifted,DRF,classifier,candidate,selection_score,1.0,0.0,6.365101484864872,ok
pilot,6,shifted,DRF,classifier,candidate,selection_score,1.0,0.5,6.306577399241301,ok
pilot,6,shifted,DRF,classifier,candidate,selection_score,1.0,1.0,6.361553078067491,ok
pilot,6,shifted,DRF,classifier,rct_only,selected_lambda,0.0,0.0,0.0,ok
pilot,6,shifted,DRF,classifier,rct_only,selected_omega,0.0,0.0,0.0,ok
pilot,6,shifted,DRF,classifier,lambda_only,selected_lambda,0.0,0.0,0.0,ok
pilot,6,shifted,DRF,classifier,lambda_only,selected_omega,0.0,0.0,0.0,ok
pilot,6,shifted,DRF,classifier,omega_only,selected_lambda,0.0,0.0,0.0,ok
pilot,6,shifted,DRF,classifier,omega_only,selected_omega,0.0,0.0,0.0,ok
pilot,6,shifted,DRF,classifier,joint,selected_lambda,0.0,0.0,0.0,ok
pilot,6,shifted,DRF,classifier,joint,selected_omega,0.0,0.0,0.0,ok
pilot,6,shifted,DRF,classifier,diagnostic,fixed_candidate_drift,0.5,0.5,0.02918539452695801,ok
pilot,6,shifted,RF,classifier,candidate,selection_score,0.0,0.0,6.7075125020479165,ok
pilot,6,shifted,RF,classifier,candidate,selection_score,0.0,0.5,6.6749783458291425,ok
pilot,6,shifted,RF,classifier,candidate,selection_score,0.0,1.0,6.692414623182706,ok
pilot,6,shifted,RF,classifier,candidate,selection_score,0.5,0.0,6.4357218909036655,ok
pilot,6,shifted,RF,classifier,candidate,selection_score,0.5,0.5,6.438769916350585,ok
pilot,6,shifted,RF,classifier,candidate,selection_score,0.5,1.0,6.484255507076873,ok
pilot,6,shifted,RF,classifier,candidate,selection_score,1.0,0.0,6.255983481094566,ok
pilot,6,shifted,RF,classifier,candidate,selection_score,1.0,0.5,6.285174912579649,ok
pilot,6,shifted,RF,classifier,candidate,selection_score,1.0,1.0,6.361553078067492,ok
pilot,6,shifted,RF,classifier,rct_only,selected_lambda,0.0,0.0,0.0,ok
pilot,6,shifted,RF,classifier,rct_only,selected_omega,0.0,0.0,0.0,ok
pilot,6,shifted,RF,classifier,lambda_only,selected_lambda,1.0,0.0,1.0,ok
pilot,6,shifted,RF,classifier,lambda_only,selected_omega,1.0,0.0,0.0,ok
pilot,6,shifted,RF,classifier,omega_only,selected_lambda,0.0,0.5,0.0,ok
pilot,6,shifted,RF,classifier,omega_only,selected_omega,0.0,0.5,0.5,ok
pilot,6,shifted,RF,classifier,joint,selected_lambda,1.0,0.0,1.0,ok
pilot,6,shifted,RF,classifier,joint,selected_omega,1.0,0.0,0.0,ok
pilot,6,shifted,RF,classifier,diagnostic,fixed_candidate_drift,0.5,0.5,-0.12155773788880037,ok
pilot,6,shifted,,wrong_unit,,ratio/mean,,,1.0,ok
pilot,6,shifted,,wrong_unit,,ratio/second_moment,,,1.0,ok
pilot,6,shifted,,wrong_unit,,ratio/ess_fraction,,,1.0,ok
pilot,6,shifted,,wrong_unit,,ratio/max,,,1.0,ok
pilot,6,shifted,,wrong_unit,,ratio/classifier_converged,,,1.0,ok
pilot,6,shifted,DRF,wrong_unit,candidate,selection_score,0.0,0.0,6.292110650938372,ok
pilot,6,shifted,DRF,wrong_unit,candidate,selection_score,0.0,0.5,6.332765216474666,ok
pilot,6,shifted,DRF,wrong_unit,candidate,selection_score,0.0,1.0,6.500453118376779,ok
pilot,6,shifted,DRF,wrong_unit,candidate,selection_score,0.5,0.0,6.309932944597125,ok
pilot,6,shifted,DRF,wrong_unit,candidate,selection_score,0.5,0.5,6.257267361963282,ok
pilot,6,shifted,DRF,wrong_unit,candidate,selection_score,0.5,1.0,6.239581167286047,ok
pilot,6,shifted,DRF,wrong_unit,candidate,selection_score,1.0,0.0,6.365101484864872,ok
pilot,6,shifted,DRF,wrong_unit,candidate,selection_score,1.0,0.5,6.227534181630458,ok
pilot,6,shifted,DRF,wrong_unit,candidate,selection_score,1.0,1.0,6.05145748020386,ok
pilot,6,shifted,DRF,wrong_unit,rct_only,selected_lambda,0.0,0.0,0.0,ok
pilot,6,shifted,DRF,wrong_unit,rct_only,selected_omega,0.0,0.0,0.0,ok
pilot,6,shifted,DRF,wrong_unit,lambda_only,selected_lambda,0.0,0.0,0.0,ok
pilot,6,shifted,DRF,wrong_unit,lambda_only,selected_omega,0.0,0.0,0.0,ok
pilot,6,shifted,DRF,wrong_unit,omega_only,selected_lambda,0.0,0.0,0.0,ok
pilot,6,shifted,DRF,wrong_unit,omega_only,selected_omega,0.0,0.0,0.0,ok
pilot,6,shifted,DRF,wrong_unit,joint,selected_lambda,1.0,1.0,1.0,ok
pilot,6,shifted,DRF,wrong_unit,joint,selected_omega,1.0,1.0,1.0,ok
pilot,6,shifted,DRF,wrong_unit,diagnostic,fixed_candidate_drift,0.5,0.5,-0.08124266368891309,ok
pilot,6,shifted,RF,wrong_unit,candidate,selection_score,0.0,0.0,6.7075125020479165,ok
pilot,6,shifted,RF,wrong_unit,candidate,selection_score,0.0,0.5,6.837474213218115,ok
pilot,6,shifted,RF,wrong_unit,candidate,selection_score,0.0,1.0,7.119236127444737,ok
pilot,6,shifted,RF,wrong_unit,candidate,selection_score,0.5,0.0,6.4357218909036655,ok
pilot,6,shifted,RF,wrong_unit,candidate,selection_score,0.5,0.5,6.449342159735761,ok
pilot,6,shifted,RF,wrong_unit,candidate,selection_score,0.5,1.0,6.538060955056115,ok
pilot,6,shifted,RF,wrong_unit,candidate,selection_score,1.0,0.0,6.255983481094566,ok
pilot,6,shifted,RF,wrong_unit,candidate,selection_score,1.0,0.5,6.164645961944708,ok
pilot,6,shifted,RF,wrong_unit,candidate,selection_score,1.0,1.0,6.05145748020386,ok
pilot,6,shifted,RF,wrong_unit,rct_only,selected_lambda,0.0,0.0,0.0,ok
pilot,6,shifted,RF,wrong_unit,rct_only,selected_omega,0.0,0.0,0.0,ok
pilot,6,shifted,RF,wrong_unit,lambda_only,selected_lambda,1.0,0.0,1.0,ok
pilot,6,shifted,RF,wrong_unit,lambda_only,selected_omega,1.0,0.0,0.0,ok
pilot,6,shifted,RF,wrong_unit,omega_only,selected_lambda,0.0,0.0,0.0,ok
pilot,6,shifted,RF,wrong_unit,omega_only,selected_omega,0.0,0.0,0.0,ok
pilot,6,shifted,RF,wrong_unit,joint,selected_lambda,1.0,1.0,1.0,ok
pilot,6,shifted,RF,wrong_unit,joint,selected_omega,1.0,1.0,1.0,ok
pilot,6,shifted,RF,wrong_unit,diagnostic,fixed_candidate_drift,0.5,0.5,-0.18147831950101162,ok
pilot,6,,,,,runtime_seconds,,,0.11132001876831055,ok
pilot,7,shared,,unit_exact,,ratio/mean,,,1.0,ok
pilot,7,shared,,unit_exact,,ratio/second_moment,,,1.0,ok
pilot,7,shared,,unit_exact,,ratio/ess_fraction,,,1.0,ok
pilot,7,shared,,unit_exact,,ratio/max,,,1.0,ok
pilot,7,shared,,unit_exact,,ratio/classifier_converged,,,1.0,ok
pilot,7,shared,DRF,unit_exact,candidate,selection_score,0.0,0.0,7.001618585281374,ok
pilot,7,shared,DRF,unit_exact,candidate,selection_score,0.0,0.5,6.986890006666927,ok
pilot,7,shared,DRF,unit_exact,candidate,selection_score,0.0,1.0,7.097997688118872,ok
pilot,7,shared,DRF,unit_exact,candidate,selection_score,0.5,0.0,6.901924737921426,ok
pilot,7,shared,DRF,unit_exact,candidate,selection_score,0.5,0.5,6.857618627690542,ok
pilot,7,shared,DRF,unit_exact,candidate,selection_score,0.5,1.0,6.930152573184976,ok
pilot,7,shared,DRF,unit_exact,candidate,selection_score,1.0,0.0,6.858896326342436,ok
pilot,7,shared,DRF,unit_exact,candidate,selection_score,1.0,0.5,6.784975412353432,ok
pilot,7,shared,DRF,unit_exact,candidate,selection_score,1.0,1.0,6.833023345897804,ok
pilot,7,shared,DRF,unit_exact,rct_only,selected_lambda,0.0,0.0,0.0,ok
pilot,7,shared,DRF,unit_exact,rct_only,selected_omega,0.0,0.0,0.0,ok
pilot,7,shared,DRF,unit_exact,lambda_only,selected_lambda,1.0,0.0,1.0,ok
pilot,7,shared,DRF,unit_exact,lambda_only,selected_omega,1.0,0.0,0.0,ok
pilot,7,shared,DRF,unit_exact,omega_only,selected_lambda,0.0,0.5,0.0,ok
pilot,7,shared,DRF,unit_exact,omega_only,selected_omega,0.0,0.5,0.5,ok
pilot,7,shared,DRF,unit_exact,joint,selected_lambda,1.0,0.5,1.0,ok
pilot,7,shared,DRF,unit_exact,joint,selected_omega,1.0,0.5,0.5,ok
pilot,7,shared,DRF,unit_exact,diagnostic,fixed_candidate_drift,0.5,0.5,0.16016118504671606,ok
pilot,7,shared,RF,unit_exact,candidate,selection_score,0.0,0.0,7.059575952027286,ok
pilot,7,shared,RF,unit_exact,candidate,selection_score,0.0,0.5,6.979511009734718,ok
pilot,7,shared,RF,unit_exact,candidate,selection_score,0.0,1.0,7.050503254918665,ok
pilot,7,shared,RF,unit_exact,candidate,selection_score,0.5,0.0,6.91751174849629,ok
pilot,7,shared,RF,unit_exact,candidate,selection_score,0.5,0.5,6.843689585860644,ok
pilot,7,shared,RF,unit_exact,candidate,selection_score,0.5,1.0,6.912574199495242,ok
pilot,7,shared,RF,unit_exact,candidate,selection_score,1.0,0.0,6.873457104194464,ok
pilot,7,shared,RF,unit_exact,candidate,selection_score,1.0,0.5,6.766139538346063,ok
pilot,7,shared,RF,unit_exact,candidate,selection_score,1.0,1.0,6.833023345897804,ok
pilot,7,shared,RF,unit_exact,rct_only,selected_lambda,0.0,0.0,0.0,ok
pilot,7,shared,RF,unit_exact,rct_only,selected_omega,0.0,0.0,0.0,ok
pilot,7,shared,RF,unit_exact,lambda_only,selected_lambda,1.0,0.0,1.0,ok
pilot,7,shared,RF,unit_exact,lambda_only,selected_omega,1.0,0.0,0.0,ok
pilot,7,shared,RF,unit_exact,omega_only,selected_lambda,0.0,0.5,0.0,ok
pilot,7,shared,RF,unit_exact,omega_only,selected_omega,0.0,0.5,0.5,ok
pilot,7,shared,RF,unit_exact,joint,selected_lambda,1.0,0.5,1.0,ok
pilot,7,shared,RF,unit_exact,joint,selected_omega,1.0,0.5,0.5,ok
pilot,7,shared,RF,unit_exact,diagnostic,fixed_candidate_drift,0.5,0.5,0.20524986347628238,ok
pilot,7,shifted,,exact,,ratio/mean,,,0.9672102221366201,ok
pilot,7,shifted,,exact,,ratio/second_moment,,,2.29807119966377,ok
pilot,7,shifted,,exact,,ratio/ess_fraction,,,0.4070786031096173,ok
pilot,7,shifted,,exact,,ratio/max,,,12.313920758701812,ok
pilot,7,shifted,,exact,,ratio/classifier_converged,,,1.0,ok
pilot,7,shifted,DRF,exact,candidate,selection_score,0.0,0.0,7.001618585281374,ok
pilot,7,shifted,DRF,exact,candidate,selection_score,0.0,0.5,6.883990563454885,ok
pilot,7,shifted,DRF,exact,candidate,selection_score,0.0,1.0,6.987635744630364,ok
pilot,7,shifted,DRF,exact,candidate,selection_score,0.5,0.0,6.907218940048814,ok
pilot,7,shifted,DRF,exact,candidate,selection_score,0.5,0.5,6.782961720016973,ok
pilot,7,shifted,DRF,exact,candidate,selection_score,0.5,1.0,6.874726366500457,ok
pilot,7,shifted,DRF,exact,candidate,selection_score,1.0,0.0,6.868753246135822,ok
pilot,7,shifted,DRF,exact,candidate,selection_score,1.0,0.5,6.741116920599063,ok
pilot,7,shifted,DRF,exact,candidate,selection_score,1.0,1.0,6.842781751434843,ok
pilot,7,shifted,DRF,exact,rct_only,selected_lambda,0.0,0.0,0.0,ok
pilot,7,shifted,DRF,exact,rct_only,selected_omega,0.0,0.0,0.0,ok
pilot,7,shifted,DRF,exact,lambda_only,selected_lambda,1.0,0.0,1.0,ok
pilot,7,shifted,DRF,exact,lambda_only,selected_omega,1.0,0.0,0.0,ok
pilot,7,shifted,DRF,exact,omega_only,selected_lambda,0.0,0.5,0.0,ok
pilot,7,shifted,DRF,exact,omega_only,selected_omega,0.0,0.5,0.5,ok
pilot,7,shifted,DRF,exact,joint,selected_lambda,1.0,0.5,1.0,ok
pilot,7,shifted,DRF,exact,joint,selected_omega,1.0,0.5,0.5,ok
pilot,7,shifted,DRF,exact,diagnostic,fixed_candidate_drift,0.5,0.5,0.09957102936151185,ok
pilot,7,shifted,RF,exact,candidate,selection_score,0.0,0.0,7.059575952027286,ok
pilot,7,shifted,RF,exact,candidate,selection_score,0.0,0.5,6.889380835317839,ok
pilot,7,shifted,RF,exact,candidate,selection_score,0.0,1.0,6.9414338149240224,ok
pilot,7,shifted,RF,exact,candidate,selection_score,0.5,0.0,6.91435774077144,ok
pilot,7,shifted,RF,exact,candidate,selection_score,0.5,0.5,6.7762213919691066,ok
pilot,7,shifted,RF,exact,candidate,selection_score,0.5,1.0,6.858059768143783,ok
pilot,7,shifted,RF,exact,candidate,selection_score,1.0,0.0,6.86033079992972,ok
pilot,7,shifted,RF,exact,candidate,selection_score,1.0,0.5,6.722647792442353,ok
pilot,7,shifted,RF,exact,candidate,selection_score,1.0,1.0,6.842781751434844,ok
pilot,7,shifted,RF,exact,rct_only,selected_lambda,0.0,0.0,0.0,ok
pilot,7,shifted,RF,exact,rct_only,selected_omega,0.0,0.0,0.0,ok
pilot,7,shifted,RF,exact,lambda_only,selected_lambda,1.0,0.0,1.0,ok
pilot,7,shifted,RF,exact,lambda_only,selected_omega,1.0,0.0,0.0,ok
pilot,7,shifted,RF,exact,omega_only,selected_lambda,0.0,0.5,0.0,ok
pilot,7,shifted,RF,exact,omega_only,selected_omega,0.0,0.5,0.5,ok
pilot,7,shifted,RF,exact,joint,selected_lambda,1.0,0.5,1.0,ok
pilot,7,shifted,RF,exact,joint,selected_omega,1.0,0.5,0.5,ok
pilot,7,shifted,RF,exact,diagnostic,fixed_candidate_drift,0.5,0.5,0.14563814016468657,ok
pilot,7,shifted,,classifier,,ratio/mean,,,0.943201407677146,ok
pilot,7,shifted,,classifier,,ratio/second_moment,,,1.9399954587165789,ok
pilot,7,shifted,,classifier,,ratio/ess_fraction,,,0.4585726690477367,ok
pilot,7,shifted,,classifier,,ratio/max,,,10.034095263681508,ok
pilot,7,shifted,,classifier,,ratio/classifier_converged,,,1.0,ok
pilot,7,shifted,DRF,classifier,candidate,selection_score,0.0,0.0,7.001618585281374,ok
pilot,7,shifted,DRF,classifier,candidate,selection_score,0.0,0.5,6.877078380056438,ok
pilot,7,shifted,DRF,classifier,candidate,selection_score,0.0,1.0,6.964734556775518,ok
pilot,7,shifted,DRF,classifier,candidate,selection_score,0.5,0.0,6.907218940048814,ok
pilot,7,shifted,DRF,classifier,candidate,selection_score,0.5,0.5,6.773058054752779,ok
pilot,7,shifted,DRF,classifier,candidate,selection_score,0.5,1.0,6.850233478929196,ok
pilot,7,shifted,DRF,classifier,candidate,selection_score,1.0,0.0,6.868753246135822,ok
pilot,7,shifted,DRF,classifier,candidate,selection_score,1.0,0.5,6.728517218548732,ok
pilot,7,shifted,DRF,classifier,candidate,selection_score,1.0,1.0,6.8167146767401725,ok
pilot,7,shifted,DRF,classifier,rct_only,selected_lambda,0.0,0.0,0.0,ok
pilot,7,shifted,DRF,classifier,rct_only,selected_omega,0.0,0.0,0.0,ok
pilot,7,shifted,DRF,classifier,lambda_only,selected_lambda,1.0,0.0,1.0,ok
pilot,7,shifted,DRF,classifier,lambda_only,selected_omega,1.0,0.0,0.0,ok
pilot,7,shifted,DRF,classifier,omega_only,selected_lambda,0.0,0.5,0.0,ok
pilot,7,shifted,DRF,classifier,omega_only,selected_omega,0.0,0.5,0.5,ok
pilot,7,shifted,DRF,classifier,joint,selected_lambda,1.0,0.5,1.0,ok
pilot,7,shifted,DRF,classifier,joint,selected_omega,1.0,0.5,0.5,ok
pilot,7,shifted,DRF,classifier,diagnostic,fixed_candidate_drift,0.5,0.5,0.07209923313080491,ok
pilot,7,shifted,RF,classifier,candidate,selection_score,0.0,0.0,7.059575952027286,ok
pilot,7,shifted,RF,classifier,candidate,selection_score,0.0,0.5,6.8766270519214405,ok
pilot,7,shifted,RF,classifier,candidate,selection_score,0.0,1.0,6.913988092964321,ok
pilot,7,shifted,RF,classifier,candidate,selection_score,0.5,0.0,6.91435774077144,ok
pilot,7,shifted,RF,classifier,candidate,selection_score,0.5,0.5,6.761918853947307,ok
pilot,7,shifted,RF,classifier,candidate,selection_score,0.5,1.0,6.831270415387989,ok
pilot,7,shifted,RF,classifier,candidate,selection_score,1.0,0.0,6.86033079992972,ok
pilot,7,shifted,RF,classifier,candidate,selection_score,1.0,0.5,6.707373749182351,ok
pilot,7,shifted,RF,classifier,candidate,selection_score,1.0,1.0,6.816714676740172,ok
pilot,7,shifted,RF,classifier,rct_only,selected_lambda,0.0,0.0,0.0,ok
pilot,7,shifted,RF,classifier,rct_only,selected_omega,0.0,0.0,0.0,ok
pilot,7,shifted,RF,classifier,lambda_only,selected_lambda,1.0,0.0,1.0,ok
pilot,7,shifted,RF,classifier,lambda_only,selected_omega,1.0,0.0,0.0,ok
pilot,7,shifted,RF,classifier,omega_only,selected_lambda,0.0,0.5,0.0,ok
pilot,7,shifted,RF,classifier,omega_only,selected_omega,0.0,0.5,0.5,ok
pilot,7,shifted,RF,classifier,joint,selected_lambda,1.0,0.5,1.0,ok
pilot,7,shifted,RF,classifier,joint,selected_omega,1.0,0.5,0.5,ok
pilot,7,shifted,RF,classifier,diagnostic,fixed_candidate_drift,0.5,0.5,0.11145584461129532,ok
pilot,7,shifted,,wrong_unit,,ratio/mean,,,1.0,ok
pilot,7,shifted,,wrong_unit,,ratio/second_moment,,,1.0,ok
pilot,7,shifted,,wrong_unit,,ratio/ess_fraction,,,1.0,ok
pilot,7,shifted,,wrong_unit,,ratio/max,,,1.0,ok
pilot,7,shifted,,wrong_unit,,ratio/classifier_converged,,,1.0,ok
pilot,7,shifted,DRF,wrong_unit,candidate,selection_score,0.0,0.0,7.001618585281374,ok
pilot,7,shifted,DRF,wrong_unit,candidate,selection_score,0.0,0.5,6.796249582685969,ok
pilot,7,shifted,DRF,wrong_unit,candidate,selection_score,0.0,1.0,6.385735229544633,ok
pilot,7,shifted,DRF,wrong_unit,candidate,selection_score,0.5,0.0,6.907218940048814,ok
pilot,7,shifted,DRF,wrong_unit,candidate,selection_score,0.5,0.5,6.702499453658459,ok
pilot,7,shifted,DRF,wrong_unit,candidate,selection_score,0.5,1.0,6.279370572883506,ok
pilot,7,shifted,DRF,wrong_unit,candidate,selection_score,1.0,0.0,6.868753246135822,ok
pilot,7,shifted,DRF,wrong_unit,candidate,selection_score,1.0,0.5,6.662770302586645,ok
pilot,7,shifted,DRF,wrong_unit,candidate,selection_score,1.0,1.0,6.235416102167597,ok
pilot,7,shifted,DRF,wrong_unit,rct_only,selected_lambda,0.0,0.0,0.0,ok
pilot,7,shifted,DRF,wrong_unit,rct_only,selected_omega,0.0,0.0,0.0,ok
pilot,7,shifted,DRF,wrong_unit,lambda_only,selected_lambda,1.0,0.0,1.0,ok
pilot,7,shifted,DRF,wrong_unit,lambda_only,selected_omega,1.0,0.0,0.0,ok
pilot,7,shifted,DRF,wrong_unit,omega_only,selected_lambda,0.0,1.0,0.0,ok
pilot,7,shifted,DRF,wrong_unit,omega_only,selected_omega,0.0,1.0,1.0,ok
pilot,7,shifted,DRF,wrong_unit,joint,selected_lambda,1.0,1.0,1.0,ok
pilot,7,shifted,DRF,wrong_unit,joint,selected_omega,1.0,1.0,1.0,ok
pilot,7,shifted,DRF,wrong_unit,diagnostic,fixed_candidate_drift,0.5,0.5,-0.19089591962360708,ok
pilot,7,shifted,RF,wrong_unit,candidate,selection_score,0.0,0.0,7.059575952027286,ok
pilot,7,shifted,RF,wrong_unit,candidate,selection_score,0.0,0.5,6.764354128465177,ok
pilot,7,shifted,RF,wrong_unit,candidate,selection_score,0.0,1.0,6.351213456199184,ok
pilot,7,shifted,RF,wrong_unit,candidate,selection_score,0.5,0.0,6.91435774077144,ok
pilot,7,shifted,RF,wrong_unit,candidate,selection_score,0.5,0.5,6.666655952134824,ok
pilot,7,shifted,RF,wrong_unit,candidate,selection_score,0.5,1.0,6.267513450891846,ok
pilot,7,shifted,RF,wrong_unit,candidate,selection_score,1.0,0.0,6.86033079992972,ok
pilot,7,shifted,RF,wrong_unit,candidate,selection_score,1.0,0.5,6.622783161287929,ok
pilot,7,shifted,RF,wrong_unit,candidate,selection_score,1.0,1.0,6.235416102167596,ok
pilot,7,shifted,RF,wrong_unit,rct_only,selected_lambda,0.0,0.0,0.0,ok
pilot,7,shifted,RF,wrong_unit,rct_only,selected_omega,0.0,0.0,0.0,ok
pilot,7,shifted,RF,wrong_unit,lambda_only,selected_lambda,1.0,0.0,1.0,ok
pilot,7,shifted,RF,wrong_unit,lambda_only,selected_omega,1.0,0.0,0.0,ok
pilot,7,shifted,RF,wrong_unit,omega_only,selected_lambda,0.0,1.0,0.0,ok
pilot,7,shifted,RF,wrong_unit,omega_only,selected_omega,0.0,1.0,1.0,ok
pilot,7,shifted,RF,wrong_unit,joint,selected_lambda,1.0,1.0,1.0,ok
pilot,7,shifted,RF,wrong_unit,joint,selected_omega,1.0,1.0,1.0,ok
pilot,7,shifted,RF,wrong_unit,diagnostic,fixed_candidate_drift,0.5,0.5,-0.18501899009221012,ok
pilot,7,,,,,runtime_seconds,,,0.11210322380065918,ok
pilot,8,shared,,unit_exact,,ratio/mean,,,1.0,ok
pilot,8,shared,,unit_exact,,ratio/second_moment,,,1.0,ok
pilot,8,shared,,unit_exact,,ratio/ess_fraction,,,1.0,ok
pilot,8,shared,,unit_exact,,ratio/max,,,1.0,ok
pilot,8,shared,,unit_exact,,ratio/classifier_converged,,,1.0,ok
pilot,8,shared,DRF,unit_exact,candidate,selection_score,0.0,0.0,7.412722086470531,ok
pilot,8,shared,DRF,unit_exact,candidate,selection_score,0.0,0.5,7.148384051456726,ok
pilot,8,shared,DRF,unit_exact,candidate,selection_score,0.0,1.0,7.36288141711725,ok
pilot,8,shared,DRF,unit_exact,candidate,selection_score,0.5,0.0,7.406284735860663,ok
pilot,8,shared,DRF,unit_exact,candidate,selection_score,0.5,0.5,7.034203019117486,ok
pilot,8,shared,DRF,unit_exact,candidate,selection_score,0.5,1.0,7.176447860364803,ok
pilot,8,shared,DRF,unit_exact,candidate,selection_score,1.0,0.0,7.558844391420125,ok
pilot,8,shared,DRF,unit_exact,candidate,selection_score,1.0,0.5,7.041504847743992,ok
pilot,8,shared,DRF,unit_exact,candidate,selection_score,1.0,1.0,7.1094506763309,ok
pilot,8,shared,DRF,unit_exact,rct_only,selected_lambda,0.0,0.0,0.0,ok
pilot,8,shared,DRF,unit_exact,rct_only,selected_omega,0.0,0.0,0.0,ok
pilot,8,shared,DRF,unit_exact,lambda_only,selected_lambda,0.5,0.0,0.5,ok
pilot,8,shared,DRF,unit_exact,lambda_only,selected_omega,0.5,0.0,0.0,ok
pilot,8,shared,DRF,unit_exact,omega_only,selected_lambda,0.0,0.5,0.0,ok
pilot,8,shared,DRF,unit_exact,omega_only,selected_omega,0.0,0.5,0.5,ok
pilot,8,shared,DRF,unit_exact,joint,selected_lambda,0.5,0.5,0.5,ok
pilot,8,shared,DRF,unit_exact,joint,selected_omega,0.5,0.5,0.5,ok
pilot,8,shared,DRF,unit_exact,diagnostic,fixed_candidate_drift,0.5,0.5,0.05870622156501032,ok
pilot,8,shared,RF,unit_exact,candidate,selection_score,0.0,0.0,7.376947685078807,ok
pilot,8,shared,RF,unit_exact,candidate,selection_score,0.0,0.5,7.090088390385189,ok
pilot,8,shared,RF,unit_exact,candidate,selection_score,0.0,1.0,7.31686623702606,ok
pilot,8,shared,RF,unit_exact,candidate,selection_score,0.5,0.0,7.370327305887282,ok
pilot,8,shared,RF,unit_exact,candidate,selection_score,0.5,0.5,7.007730644912011,ok
pilot,8,shared,RF,unit_exact,candidate,selection_score,0.5,1.0,7.186619866899667,ok
pilot,8,shared,RF,unit_exact,candidate,selection_score,1.0,0.0,7.434942836217154,ok
pilot,8,shared,RF,unit_exact,candidate,selection_score,1.0,0.5,6.975459299616584,ok
pilot,8,shared,RF,unit_exact,candidate,selection_score,1.0,1.0,7.109450676330901,ok
pilot,8,shared,RF,unit_exact,rct_only,selected_lambda,0.0,0.0,0.0,ok
pilot,8,shared,RF,unit_exact,rct_only,selected_omega,0.0,0.0,0.0,ok
pilot,8,shared,RF,unit_exact,lambda_only,selected_lambda,0.5,0.0,0.5,ok
pilot,8,shared,RF,unit_exact,lambda_only,selected_omega,0.5,0.0,0.0,ok
pilot,8,shared,RF,unit_exact,omega_only,selected_lambda,0.0,0.5,0.0,ok
pilot,8,shared,RF,unit_exact,omega_only,selected_omega,0.0,0.5,0.5,ok
pilot,8,shared,RF,unit_exact,joint,selected_lambda,1.0,0.5,1.0,ok
pilot,8,shared,RF,unit_exact,joint,selected_omega,1.0,0.5,0.5,ok
pilot,8,shared,RF,unit_exact,diagnostic,fixed_candidate_drift,0.5,0.5,0.09028655040419731,ok
pilot,8,shifted,,exact,,ratio/mean,,,0.9380640953802656,ok
pilot,8,shifted,,exact,,ratio/second_moment,,,1.8964883221384174,ok
pilot,8,shifted,,exact,,ratio/ess_fraction,,,0.46399665991582667,ok
pilot,8,shifted,,exact,,ratio/max,,,8.073297051148433,ok
pilot,8,shifted,,exact,,ratio/classifier_converged,,,1.0,ok
pilot,8,shifted,DRF,exact,candidate,selection_score,0.0,0.0,7.412722086470531,ok
pilot,8,shifted,DRF,exact,candidate,selection_score,0.0,0.5,7.175557625216973,ok
pilot,8,shifted,DRF,exact,candidate,selection_score,0.0,1.0,7.411154906928341,ok
pilot,8,shifted,DRF,exact,candidate,selection_score,0.5,0.0,7.385803382863452,ok
pilot,8,shifted,DRF,exact,candidate,selection_score,0.5,0.5,7.068326647287496,ok
pilot,8,shifted,DRF,exact,candidate,selection_score,0.5,1.0,7.22270340558888,ok
pilot,8,shifted,DRF,exact,candidate,selection_score,1.0,0.0,7.5161045669744935,ok
pilot,8,shifted,DRF,exact,candidate,selection_score,1.0,0.5,7.088846506036258,ok
pilot,8,shifted,DRF,exact,candidate,selection_score,1.0,1.0,7.16561395217593,ok
pilot,8,shifted,DRF,exact,rct_only,selected_lambda,0.0,0.0,0.0,ok
pilot,8,shifted,DRF,exact,rct_only,selected_omega,0.0,0.0,0.0,ok
pilot,8,shifted,DRF,exact,lambda_only,selected_lambda,0.5,0.0,0.5,ok
pilot,8,shifted,DRF,exact,lambda_only,selected_omega,0.5,0.0,0.0,ok
pilot,8,shifted,DRF,exact,omega_only,selected_lambda,0.0,0.5,0.0,ok
pilot,8,shifted,DRF,exact,omega_only,selected_omega,0.0,0.5,0.5,ok
pilot,8,shifted,DRF,exact,joint,selected_lambda,0.5,0.5,0.5,ok
pilot,8,shifted,DRF,exact,joint,selected_omega,0.5,0.5,0.5,ok
pilot,8,shifted,DRF,exact,diagnostic,fixed_candidate_drift,0.5,0.5,0.0909084669087542,ok
pilot,8,shifted,RF,exact,candidate,selection_score,0.0,0.0,7.376947685078807,ok
pilot,8,shifted,RF,exact,candidate,selection_score,0.0,0.5,7.1406147046939745,ok
pilot,8,shifted,RF,exact,candidate,selection_score,0.0,1.0,7.403330631121161,ok
pilot,8,shifted,RF,exact,candidate,selection_score,0.5,0.0,7.3423718881428375,ok
pilot,8,shifted,RF,exact,candidate,selection_score,0.5,0.5,7.046104923096483,ok
pilot,8,shifted,RF,exact,candidate,selection_score,0.5,1.0,7.256168976134178,ok
pilot,8,shifted,RF,exact,candidate,selection_score,1.0,0.0,7.374646197535369,ok
pilot,8,shifted,RF,exact,candidate,selection_score,1.0,0.5,7.002018980876005,ok
pilot,8,shifted,RF,exact,candidate,selection_score,1.0,1.0,7.165613952175925,ok
pilot,8,shifted,RF,exact,rct_only,selected_lambda,0.0,0.0,0.0,ok
pilot,8,shifted,RF,exact,rct_only,selected_omega,0.0,0.0,0.0,ok
pilot,8,shifted,RF,exact,lambda_only,selected_lambda,0.5,0.0,0.5,ok
pilot,8,shifted,RF,exact,lambda_only,selected_omega,0.5,0.0,0.0,ok
pilot,8,shifted,RF,exact,omega_only,selected_lambda,0.0,0.5,0.0,ok
pilot,8,shifted,RF,exact,omega_only,selected_omega,0.0,0.5,0.5,ok
pilot,8,shifted,RF,exact,joint,selected_lambda,1.0,0.5,1.0,ok
pilot,8,shifted,RF,exact,joint,selected_omega,1.0,0.5,0.5,ok
pilot,8,shifted,RF,exact,diagnostic,fixed_candidate_drift,0.5,0.5,0.12928077902749557,ok
pilot,8,shifted,,classifier,,ratio/mean,,,0.9849546401137725,ok
pilot,8,shifted,,classifier,,ratio/second_moment,,,2.745745223396987,ok
pilot,8,shifted,,classifier,,ratio/ess_fraction,,,0.35332325622018806,ok
pilot,8,shifted,,classifier,,ratio/max,,,10.88548926176007,ok
pilot,8,shifted,,classifier,,ratio/classifier_converged,,,1.0,ok
pilot,8,shifted,DRF,classifier,candidate,selection_score,0.0,0.0,7.412722086470531,ok
pilot,8,shifted,DRF,classifier,candidate,selection_score,0.0,0.5,7.210719389333117,ok
pilot,8,shifted,DRF,classifier,candidate,selection_score,0.0,1.0,7.457250426907268,ok
pilot,8,shifted,DRF,classifier,candidate,selection_score,0.5,0.0,7.385803382863452,ok
pilot,8,shifted,DRF,classifier,candidate,selection_score,0.5,0.5,7.085075305166839,ok
pilot,8,shifted,DRF,classifier,candidate,selection_score,0.5,1.0,7.251536276419024,ok
pilot,8,shifted,DRF,classifier,candidate,selection_score,1.0,0.0,7.5161045669744935,ok
pilot,8,shifted,DRF,classifier,candidate,selection_score,1.0,0.5,7.08577283050324,ok
pilot,8,shifted,DRF,classifier,candidate,selection_score,1.0,1.0,7.177667265466663,ok
pilot,8,shifted,DRF,classifier,rct_only,selected_lambda,0.0,0.0,0.0,ok
pilot,8,shifted,DRF,classifier,rct_only,selected_omega,0.0,0.0,0.0,ok
pilot,8,shifted,DRF,classifier,lambda_only,selected_lambda,0.5,0.0,0.5,ok
pilot,8,shifted,DRF,classifier,lambda_only,selected_omega,0.5,0.0,0.0,ok
pilot,8,shifted,DRF,classifier,omega_only,selected_lambda,0.0,0.5,0.0,ok
pilot,8,shifted,DRF,classifier,omega_only,selected_omega,0.0,0.5,0.5,ok
pilot,8,shifted,DRF,classifier,joint,selected_lambda,0.5,0.5,0.5,ok
pilot,8,shifted,DRF,classifier,joint,selected_omega,0.5,0.5,0.5,ok
pilot,8,shifted,DRF,classifier,diagnostic,fixed_candidate_drift,0.5,0.5,0.11004774849541171,ok
pilot,8,shifted,RF,classifier,candidate,selection_score,0.0,0.0,7.376947685078807,ok
pilot,8,shifted,RF,classifier,candidate,selection_score,0.0,0.5,7.168392206587505,ok
pilot,8,shifted,RF,classifier,candidate,selection_score,0.0,1.0,7.440746870321187,ok
pilot,8,shifted,RF,classifier,candidate,selection_score,0.5,0.0,7.3423718881428375,ok
pilot,8,shifted,RF,classifier,candidate,selection_score,0.5,0.5,7.059752328674918,ok
pilot,8,shifted,RF,classifier,candidate,selection_score,0.5,1.0,7.280801190947296,ok
pilot,8,shifted,RF,classifier,candidate,selection_score,1.0,0.0,7.374646197535369,ok
pilot,8,shifted,RF,classifier,candidate,selection_score,1.0,0.5,7.001070900465964,ok
pilot,8,shifted,RF,classifier,candidate,selection_score,1.0,1.0,7.17766726546666,ok
pilot,8,shifted,RF,classifier,rct_only,selected_lambda,0.0,0.0,0.0,ok
pilot,8,shifted,RF,classifier,rct_only,selected_omega,0.0,0.0,0.0,ok
pilot,8,shifted,RF,classifier,lambda_only,selected_lambda,0.5,0.0,0.5,ok
pilot,8,shifted,RF,classifier,lambda_only,selected_omega,0.5,0.0,0.0,ok
pilot,8,shifted,RF,classifier,omega_only,selected_lambda,0.0,0.5,0.0,ok
pilot,8,shifted,RF,classifier,omega_only,selected_omega,0.0,0.5,0.5,ok
pilot,8,shifted,RF,classifier,joint,selected_lambda,1.0,0.5,1.0,ok
pilot,8,shifted,RF,classifier,joint,selected_omega,1.0,0.5,0.5,ok
pilot,8,shifted,RF,classifier,diagnostic,fixed_candidate_drift,0.5,0.5,0.14261656000305278,ok
pilot,8,shifted,,wrong_unit,,ratio/mean,,,1.0,ok
pilot,8,shifted,,wrong_unit,,ratio/second_moment,,,1.0,ok
pilot,8,shifted,,wrong_unit,,ratio/ess_fraction,,,1.0,ok
pilot,8,shifted,,wrong_unit,,ratio/max,,,1.0,ok
pilot,8,shifted,,wrong_unit,,ratio/classifier_converged,,,1.0,ok
pilot,8,shifted,DRF,wrong_unit,candidate,selection_score,0.0,0.0,7.412722086470531,ok
pilot,8,shifted,DRF,wrong_unit,candidate,selection_score,0.0,0.5,6.914429856494963,ok
pilot,8,shifted,DRF,wrong_unit,candidate,selection_score,0.0,1.0,6.462861498142104,ok
pilot,8,shifted,DRF,wrong_unit,candidate,selection_score,0.5,0.0,7.385803382863452,ok
pilot,8,shifted,DRF,wrong_unit,candidate,selection_score,0.5,0.5,6.870693693920321,ok
pilot,8,shifted,DRF,wrong_unit,candidate,selection_score,0.5,1.0,6.507652312274045,ok
pilot,8,shifted,DRF,wrong_unit,candidate,selection_score,1.0,0.0,7.5161045669744935,ok
pilot,8,shifted,DRF,wrong_unit,candidate,selection_score,1.0,0.5,6.95787198430192,ok
pilot,8,shifted,DRF,wrong_unit,candidate,selection_score,1.0,1.0,6.665928450735496,ok
pilot,8,shifted,DRF,wrong_unit,rct_only,selected_lambda,0.0,0.0,0.0,ok
pilot,8,shifted,DRF,wrong_unit,rct_only,selected_omega,0.0,0.0,0.0,ok
pilot,8,shifted,DRF,wrong_unit,lambda_only,selected_lambda,0.5,0.0,0.5,ok
pilot,8,shifted,DRF,wrong_unit,lambda_only,selected_omega,0.5,0.0,0.0,ok
pilot,8,shifted,DRF,wrong_unit,omega_only,selected_lambda,0.0,1.0,0.0,ok
pilot,8,shifted,DRF,wrong_unit,omega_only,selected_omega,0.0,1.0,1.0,ok
pilot,8,shifted,DRF,wrong_unit,joint,selected_lambda,0.0,1.0,0.0,ok
pilot,8,shifted,DRF,wrong_unit,joint,selected_omega,0.0,1.0,1.0,ok
pilot,8,shifted,DRF,wrong_unit,diagnostic,fixed_candidate_drift,0.5,0.5,-0.3602404319617266,ok
pilot,8,shifted,RF,wrong_unit,candidate,selection_score,0.0,0.0,7.376947685078807,ok
pilot,8,shifted,RF,wrong_unit,candidate,selection_score,0.0,0.5,6.885394802592045,ok
pilot,8,shifted,RF,wrong_unit,candidate,selection_score,0.0,1.0,6.666232782025405,ok
pilot,8,shifted,RF,wrong_unit,candidate,selection_score,0.5,0.0,7.3423718881428375,ok
pilot,8,shifted,RF,wrong_unit,candidate,selection_score,0.5,0.5,6.835614907135491,ok
pilot,8,shifted,RF,wrong_unit,candidate,selection_score,0.5,1.0,6.6413514854996,ok
pilot,8,shifted,RF,wrong_unit,candidate,selection_score,1.0,0.0,7.374646197535369,ok
pilot,8,shifted,RF,wrong_unit,candidate,selection_score,1.0,0.5,6.8372014060938096,ok
pilot,8,shifted,RF,wrong_unit,candidate,selection_score,1.0,1.0,6.6659284507354934,ok
pilot,8,shifted,RF,wrong_unit,rct_only,selected_lambda,0.0,0.0,0.0,ok
pilot,8,shifted,RF,wrong_unit,rct_only,selected_omega,0.0,0.0,0.0,ok
pilot,8,shifted,RF,wrong_unit,lambda_only,selected_lambda,0.5,0.0,0.5,ok
pilot,8,shifted,RF,wrong_unit,lambda_only,selected_omega,0.5,0.0,0.0,ok
pilot,8,shifted,RF,wrong_unit,omega_only,selected_lambda,0.0,1.0,0.0,ok
pilot,8,shifted,RF,wrong_unit,omega_only,selected_omega,0.0,1.0,1.0,ok
pilot,8,shifted,RF,wrong_unit,joint,selected_lambda,0.5,1.0,0.5,ok
pilot,8,shifted,RF,wrong_unit,joint,selected_omega,0.5,1.0,1.0,ok
pilot,8,shifted,RF,wrong_unit,diagnostic,fixed_candidate_drift,0.5,0.5,-0.32640575452564047,ok
pilot,8,,,,,runtime_seconds,,,0.10962295532226562,ok
pilot,9,shared,,unit_exact,,ratio/mean,,,1.0,ok
pilot,9,shared,,unit_exact,,ratio/second_moment,,,1.0,ok
pilot,9,shared,,unit_exact,,ratio/ess_fraction,,,1.0,ok
pilot,9,shared,,unit_exact,,ratio/max,,,1.0,ok
pilot,9,shared,,unit_exact,,ratio/classifier_converged,,,1.0,ok
pilot,9,shared,DRF,unit_exact,candidate,selection_score,0.0,0.0,6.707381423832249,ok
pilot,9,shared,DRF,unit_exact,candidate,selection_score,0.0,0.5,6.673142747269445,ok
pilot,9,shared,DRF,unit_exact,candidate,selection_score,0.0,1.0,6.940234771179268,ok
pilot,9,shared,DRF,unit_exact,candidate,selection_score,0.5,0.0,6.705498473617253,ok
pilot,9,shared,DRF,unit_exact,candidate,selection_score,0.5,0.5,6.614323701369434,ok
pilot,9,shared,DRF,unit_exact,candidate,selection_score,0.5,1.0,6.752160771829672,ok
pilot,9,shared,DRF,unit_exact,candidate,selection_score,1.0,0.0,6.782582340765913,ok
pilot,9,shared,DRF,unit_exact,candidate,selection_score,1.0,0.5,6.648330668265816,ok
pilot,9,shared,DRF,unit_exact,candidate,selection_score,1.0,1.0,6.734176405205152,ok
pilot,9,shared,DRF,unit_exact,rct_only,selected_lambda,0.0,0.0,0.0,ok
pilot,9,shared,DRF,unit_exact,rct_only,selected_omega,0.0,0.0,0.0,ok
pilot,9,shared,DRF,unit_exact,lambda_only,selected_lambda,0.5,0.0,0.5,ok
pilot,9,shared,DRF,unit_exact,lambda_only,selected_omega,0.5,0.0,0.0,ok
pilot,9,shared,DRF,unit_exact,omega_only,selected_lambda,0.0,0.5,0.0,ok
pilot,9,shared,DRF,unit_exact,omega_only,selected_omega,0.0,0.5,0.5,ok
pilot,9,shared,DRF,unit_exact,joint,selected_lambda,0.5,0.5,0.5,ok
pilot,9,shared,DRF,unit_exact,joint,selected_omega,0.5,0.5,0.5,ok
pilot,9,shared,DRF,unit_exact,diagnostic,fixed_candidate_drift,0.5,0.5,0.10767241213286993,ok
pilot,9,shared,RF,unit_exact,candidate,selection_score,0.0,0.0,6.777249292023542,ok
pilot,9,shared,RF,unit_exact,candidate,selection_score,0.0,0.5,6.787140000613112,ok
pilot,9,shared,RF,unit_exact,candidate,selection_score,0.0,1.0,7.039048975085207,ok
pilot,9,shared,RF,unit_exact,candidate,selection_score,0.5,0.0,6.7142282765149774,ok
pilot,9,shared,RF,unit_exact,candidate,selection_score,0.5,0.5,6.680587403700021,ok
pilot,9,shared,RF,unit_exact,candidate,selection_score,0.5,1.0,6.80878532575773,ok
pilot,9,shared,RF,unit_exact,candidate,selection_score,1.0,0.0,6.731701393287859,ok
pilot,9,shared,RF,unit_exact,candidate,selection_score,1.0,0.5,6.673539007040788,ok
pilot,9,shared,RF,unit_exact,candidate,selection_score,1.0,1.0,6.734176405205151,ok
pilot,9,shared,RF,unit_exact,rct_only,selected_lambda,0.0,0.0,0.0,ok
pilot,9,shared,RF,unit_exact,rct_only,selected_omega,0.0,0.0,0.0,ok
pilot,9,shared,RF,unit_exact,lambda_only,selected_lambda,0.5,0.0,0.5,ok
pilot,9,shared,RF,unit_exact,lambda_only,selected_omega,0.5,0.0,0.0,ok
pilot,9,shared,RF,unit_exact,omega_only,selected_lambda,0.0,0.0,0.0,ok
pilot,9,shared,RF,unit_exact,omega_only,selected_omega,0.0,0.0,0.0,ok
pilot,9,shared,RF,unit_exact,joint,selected_lambda,1.0,0.5,1.0,ok
pilot,9,shared,RF,unit_exact,joint,selected_omega,1.0,0.5,0.5,ok
pilot,9,shared,RF,unit_exact,diagnostic,fixed_candidate_drift,0.5,0.5,0.15803494900151527,ok
pilot,9,shifted,,exact,,ratio/mean,,,0.971372076567807,ok
pilot,9,shifted,,exact,,ratio/second_moment,,,2.5769280546588496,ok
pilot,9,shifted,,exact,,ratio/ess_fraction,,,0.3661583447895555,ok
pilot,9,shifted,,exact,,ratio/max,,,22.35456204075965,ok
pilot,9,shifted,,exact,,ratio/classifier_converged,,,1.0,ok
pilot,9,shifted,DRF,exact,candidate,selection_score,0.0,0.0,6.707381423832249,ok
pilot,9,shifted,DRF,exact,candidate,selection_score,0.0,0.5,6.889384138280756,ok
pilot,9,shifted,DRF,exact,candidate,selection_score,0.0,1.0,7.47375655658034,ok
pilot,9,shifted,DRF,exact,candidate,selection_score,0.5,0.0,6.783311614975677,ok
pilot,9,shifted,DRF,exact,candidate,selection_score,0.5,0.5,6.99584919286983,ok
pilot,9,shifted,DRF,exact,candidate,selection_score,0.5,1.0,7.629395332926867,ok
pilot,9,shifted,DRF,exact,candidate,selection_score,1.0,0.0,6.958574108017457,ok
pilot,9,shifted,DRF,exact,candidate,selection_score,1.0,0.5,7.218679393265746,ok
pilot,9,shifted,DRF,exact,candidate,selection_score,1.0,1.0,7.993887285207523,ok
pilot,9,shifted,DRF,exact,rct_only,selected_lambda,0.0,0.0,0.0,ok
pilot,9,shifted,DRF,exact,rct_only,selected_omega,0.0,0.0,0.0,ok
pilot,9,shifted,DRF,exact,lambda_only,selected_lambda,0.0,0.0,0.0,ok
pilot,9,shifted,DRF,exact,lambda_only,selected_omega,0.0,0.0,0.0,ok
pilot,9,shifted,DRF,exact,omega_only,selected_lambda,0.0,0.0,0.0,ok
pilot,9,shifted,DRF,exact,omega_only,selected_omega,0.0,0.0,0.0,ok
pilot,9,shifted,DRF,exact,joint,selected_lambda,0.0,0.0,0.0,ok
pilot,9,shifted,DRF,exact,joint,selected_omega,0.0,0.0,0.0,ok
pilot,9,shifted,DRF,exact,diagnostic,fixed_candidate_drift,0.5,0.5,0.3286391928499427,ok
pilot,9,shifted,RF,exact,candidate,selection_score,0.0,0.0,6.777249292023542,ok
pilot,9,shifted,RF,exact,candidate,selection_score,0.0,0.5,6.975875814202423,ok
pilot,9,shifted,RF,exact,candidate,selection_score,0.0,1.0,8.19424473990707,ok
pilot,9,shifted,RF,exact,candidate,selection_score,0.5,0.0,6.7685949365183635,ok
pilot,9,shifted,RF,exact,candidate,selection_score,0.5,0.5,6.939590572111822,ok
pilot,9,shifted,RF,exact,candidate,selection_score,0.5,1.0,8.03683413364038,ok
pilot,9,shifted,RF,exact,candidate,selection_score,1.0,0.0,6.830750974898055,ok
pilot,9,shifted,RF,exact,candidate,selection_score,1.0,0.5,6.97809529325356,ok
pilot,9,shifted,RF,exact,candidate,selection_score,1.0,1.0,7.9938872852075225,ok
pilot,9,shifted,RF,exact,rct_only,selected_lambda,0.0,0.0,0.0,ok
pilot,9,shifted,RF,exact,rct_only,selected_omega,0.0,0.0,0.0,ok
pilot,9,shifted,RF,exact,lambda_only,selected_lambda,0.5,0.0,0.5,ok
pilot,9,shifted,RF,exact,lambda_only,selected_omega,0.5,0.0,0.0,ok
pilot,9,shifted,RF,exact,omega_only,selected_lambda,0.0,0.0,0.0,ok
pilot,9,shifted,RF,exact,omega_only,selected_omega,0.0,0.0,0.0,ok
pilot,9,shifted,RF,exact,joint,selected_lambda,0.5,0.0,0.5,ok
pilot,9,shifted,RF,exact,joint,selected_omega,0.5,0.0,0.0,ok
pilot,9,shifted,RF,exact,diagnostic,fixed_candidate_drift,0.5,0.5,0.31320518077219683,ok
pilot,9,shifted,,classifier,,ratio/mean,,,0.9391290779498644,ok
pilot,9,shifted,,classifier,,ratio/second_moment,,,1.8598953744521824,ok
pilot,9,shifted,,classifier,,ratio/ess_fraction,,,0.47420055835707314,ok
pilot,9,shifted,,classifier,,ratio/max,,,11.272729816819048,ok
pilot,9,shifted,,classifier,,ratio/classifier_converged,,,1.0,ok
pilot,9,shifted,DRF,classifier,candidate,selection_score,0.0,0.0,6.707381423832249,ok
pilot,9,shifted,DRF,classifier,candidate,selection_score,0.0,0.5,6.846748755548109,ok
pilot,9,shifted,DRF,classifier,candidate,selection_score,0.0,1.0,7.1260355197914445,ok
pilot,9,shifted,DRF,classifier,candidate,selection_score,0.5,0.0,6.783311614975677,ok
pilot,9,shifted,DRF,classifier,candidate,selection_score,0.5,0.5,6.874506690628008,ok
pilot,9,shifted,DRF,classifier,candidate,selection_score,0.5,1.0,7.024359924397612,ok
pilot,9,shifted,DRF,classifier,candidate,selection_score,1.0,0.0,6.958574108017457,ok
pilot,9,shifted,DRF,classifier,candidate,selection_score,1.0,0.5,7.018894353721787,ok
pilot,9,shifted,DRF,classifier,candidate,selection_score,1.0,1.0,7.120787929705641,ok
pilot,9,shifted,DRF,classifier,rct_only,selected_lambda,0.0,0.0,0.0,ok
pilot,9,shifted,DRF,classifier,rct_only,selected_omega,0.0,0.0,0.0,ok
pilot,9,shifted,DRF,classifier,lambda_only,selected_lambda,0.0,0.0,0.0,ok
pilot,9,shifted,DRF,classifier,lambda_only,selected_omega,0.0,0.0,0.0,ok
pilot,9,shifted,DRF,classifier,omega_only,selected_lambda,0.0,0.0,0.0,ok
pilot,9,shifted,DRF,classifier,omega_only,selected_omega,0.0,0.0,0.0,ok
pilot,9,shifted,DRF,classifier,joint,selected_lambda,0.0,0.0,0.0,ok
pilot,9,shifted,DRF,classifier,joint,selected_omega,0.0,0.0,0.0,ok
pilot,9,shifted,DRF,classifier,diagnostic,fixed_candidate_drift,0.5,0.5,0.138969823840433,ok
pilot,9,shifted,RF,classifier,candidate,selection_score,0.0,0.0,6.777249292023542,ok
pilot,9,shifted,RF,classifier,candidate,selection_score,0.0,0.5,6.919031790537427,ok
pilot,9,shifted,RF,classifier,candidate,selection_score,0.0,1.0,7.410247415331998,ok
pilot,9,shifted,RF,classifier,candidate,selection_score,0.5,0.0,6.7685949365183635,ok
pilot,9,shifted,RF,classifier,candidate,selection_score,0.5,0.5,6.835448943856215,ok
pilot,9,shifted,RF,classifier,candidate,selection_score,0.5,1.0,7.201400322318007,ok
pilot,9,shifted,RF,classifier,candidate,selection_score,1.0,0.0,6.830750974898055,ok
pilot,9,shifted,RF,classifier,candidate,selection_score,1.0,0.5,6.833893709551978,ok
pilot,9,shifted,RF,classifier,candidate,selection_score,1.0,1.0,7.1207879297056405,ok
pilot,9,shifted,RF,classifier,rct_only,selected_lambda,0.0,0.0,0.0,ok
pilot,9,shifted,RF,classifier,rct_only,selected_omega,0.0,0.0,0.0,ok
pilot,9,shifted,RF,classifier,lambda_only,selected_lambda,0.5,0.0,0.5,ok
pilot,9,shifted,RF,classifier,lambda_only,selected_omega,0.5,0.0,0.0,ok
pilot,9,shifted,RF,classifier,omega_only,selected_lambda,0.0,0.0,0.0,ok
pilot,9,shifted,RF,classifier,omega_only,selected_omega,0.0,0.0,0.0,ok
pilot,9,shifted,RF,classifier,joint,selected_lambda,0.5,0.0,0.5,ok
pilot,9,shifted,RF,classifier,joint,selected_omega,0.5,0.0,0.0,ok
pilot,9,shifted,RF,classifier,diagnostic,fixed_candidate_drift,0.5,0.5,0.16790536340276319,ok
pilot,9,shifted,,wrong_unit,,ratio/mean,,,1.0,ok
pilot,9,shifted,,wrong_unit,,ratio/second_moment,,,1.0,ok
pilot,9,shifted,,wrong_unit,,ratio/ess_fraction,,,1.0,ok
pilot,9,shifted,,wrong_unit,,ratio/max,,,1.0,ok
pilot,9,shifted,,wrong_unit,,ratio/classifier_converged,,,1.0,ok
pilot,9,shifted,DRF,wrong_unit,candidate,selection_score,0.0,0.0,6.707381423832249,ok
pilot,9,shifted,DRF,wrong_unit,candidate,selection_score,0.0,0.5,7.078199572563076,ok
pilot,9,shifted,DRF,wrong_unit,candidate,selection_score,0.0,1.0,7.277934103394861,ok
pilot,9,shifted,DRF,wrong_unit,candidate,selection_score,0.5,0.0,6.783311614975677,ok
pilot,9,shifted,DRF,wrong_unit,candidate,selection_score,0.5,0.5,7.063330497331017,ok
pilot,9,shifted,DRF,wrong_unit,candidate,selection_score,0.5,1.0,6.910260078168381,ok
pilot,9,shifted,DRF,wrong_unit,candidate,selection_score,1.0,0.0,6.958574108017457,ok
pilot,9,shifted,DRF,wrong_unit,candidate,selection_score,1.0,0.5,7.152823167237343,ok
pilot,9,shifted,DRF,wrong_unit,candidate,selection_score,1.0,1.0,6.738674800763321,ok
pilot,9,shifted,DRF,wrong_unit,rct_only,selected_lambda,0.0,0.0,0.0,ok
pilot,9,shifted,DRF,wrong_unit,rct_only,selected_omega,0.0,0.0,0.0,ok
pilot,9,shifted,DRF,wrong_unit,lambda_only,selected_lambda,0.0,0.0,0.0,ok
pilot,9,shifted,DRF,wrong_unit,lambda_only,selected_omega,0.0,0.0,0.0,ok
pilot,9,shifted,DRF,wrong_unit,omega_only,selected_lambda,0.0,0.0,0.0,ok
pilot,9,shifted,DRF,wrong_unit,omega_only,selected_omega,0.0,0.0,0.0,ok
pilot,9,shifted,DRF,wrong_unit,joint,selected_lambda,0.0,0.0,0.0,ok
pilot,9,shifted,DRF,wrong_unit,joint,selected_omega,0.0,0.0,0.0,ok
pilot,9,shifted,DRF,wrong_unit,diagnostic,fixed_candidate_drift,0.5,0.5,0.10247825701510516,ok
pilot,9,shifted,RF,wrong_unit,candidate,selection_score,0.0,0.0,6.777249292023542,ok
pilot,9,shifted,RF,wrong_unit,candidate,selection_score,0.0,0.5,7.099776591786231,ok
pilot,9,shifted,RF,wrong_unit,candidate,selection_score,0.0,1.0,7.255055878750868,ok
pilot,9,shifted,RF,wrong_unit,candidate,selection_score,0.5,0.0,6.7685949365183635,ok
pilot,9,shifted,RF,wrong_unit,candidate,selection_score,0.5,0.5,6.990393049748451,ok
pilot,9,shifted,RF,wrong_unit,candidate,selection_score,0.5,1.0,6.925684420407558,ok
pilot,9,shifted,RF,wrong_unit,candidate,selection_score,1.0,0.0,6.830750974898055,ok
pilot,9,shifted,RF,wrong_unit,candidate,selection_score,1.0,0.5,6.956639231408525,ok
pilot,9,shifted,RF,wrong_unit,candidate,selection_score,1.0,1.0,6.738674800763321,ok
pilot,9,shifted,RF,wrong_unit,rct_only,selected_lambda,0.0,0.0,0.0,ok
pilot,9,shifted,RF,wrong_unit,rct_only,selected_omega,0.0,0.0,0.0,ok
pilot,9,shifted,RF,wrong_unit,lambda_only,selected_lambda,0.5,0.0,0.5,ok
pilot,9,shifted,RF,wrong_unit,lambda_only,selected_omega,0.5,0.0,0.0,ok
pilot,9,shifted,RF,wrong_unit,omega_only,selected_lambda,0.0,0.0,0.0,ok
pilot,9,shifted,RF,wrong_unit,omega_only,selected_omega,0.0,0.0,0.0,ok
pilot,9,shifted,RF,wrong_unit,joint,selected_lambda,1.0,1.0,1.0,ok
pilot,9,shifted,RF,wrong_unit,joint,selected_omega,1.0,1.0,1.0,ok
pilot,9,shifted,RF,wrong_unit,diagnostic,fixed_candidate_drift,0.5,0.5,0.21355291166249035,ok
pilot,9,,,,,runtime_seconds,,,0.11028099060058594,ok
pilot,10,shared,,unit_exact,,ratio/mean,,,1.0,ok
pilot,10,shared,,unit_exact,,ratio/second_moment,,,1.0,ok
pilot,10,shared,,unit_exact,,ratio/ess_fraction,,,1.0,ok
pilot,10,shared,,unit_exact,,ratio/max,,,1.0,ok
pilot,10,shared,,unit_exact,,ratio/classifier_converged,,,1.0,ok
pilot,10,shared,DRF,unit_exact,candidate,selection_score,0.0,0.0,8.215840177545903,ok
pilot,10,shared,DRF,unit_exact,candidate,selection_score,0.0,0.5,7.985594898219646,ok
pilot,10,shared,DRF,unit_exact,candidate,selection_score,0.0,1.0,7.912001713432739,ok
pilot,10,shared,DRF,unit_exact,candidate,selection_score,0.5,0.0,7.9644819817913675,ok
pilot,10,shared,DRF,unit_exact,candidate,selection_score,0.5,0.5,7.790429359417628,ok
pilot,10,shared,DRF,unit_exact,candidate,selection_score,0.5,1.0,7.745472834763869,ok
pilot,10,shared,DRF,unit_exact,candidate,selection_score,1.0,0.0,7.837990084681211,ok
pilot,10,shared,DRF,unit_exact,candidate,selection_score,1.0,0.5,7.690501089375295,ok
pilot,10,shared,DRF,unit_exact,candidate,selection_score,1.0,1.0,7.66443677516303,ok
pilot,10,shared,DRF,unit_exact,rct_only,selected_lambda,0.0,0.0,0.0,ok
pilot,10,shared,DRF,unit_exact,rct_only,selected_omega,0.0,0.0,0.0,ok
pilot,10,shared,DRF,unit_exact,lambda_only,selected_lambda,1.0,0.0,1.0,ok
pilot,10,shared,DRF,unit_exact,lambda_only,selected_omega,1.0,0.0,0.0,ok
pilot,10,shared,DRF,unit_exact,omega_only,selected_lambda,0.0,1.0,0.0,ok
pilot,10,shared,DRF,unit_exact,omega_only,selected_omega,0.0,1.0,1.0,ok
pilot,10,shared,DRF,unit_exact,joint,selected_lambda,1.0,1.0,1.0,ok
pilot,10,shared,DRF,unit_exact,joint,selected_omega,1.0,1.0,1.0,ok
pilot,10,shared,DRF,unit_exact,diagnostic,fixed_candidate_drift,0.5,0.5,-0.21571680706472535,ok
pilot,10,shared,RF,unit_exact,candidate,selection_score,0.0,0.0,7.724818702469148,ok
pilot,10,shared,RF,unit_exact,candidate,selection_score,0.0,0.5,7.693345234995653,ok
pilot,10,shared,RF,unit_exact,candidate,selection_score,0.0,1.0,7.769945348708243,ok
pilot,10,shared,RF,unit_exact,candidate,selection_score,0.5,0.0,7.7192752839682575,ok
pilot,10,shared,RF,unit_exact,candidate,selection_score,0.5,0.5,7.643018058724308,ok
pilot,10,shared,RF,unit_exact,candidate,selection_score,0.5,1.0,7.68269747287882,ok
pilot,10,shared,RF,unit_exact,candidate,selection_score,1.0,0.0,7.8017077543804465,ok
pilot,10,shared,RF,unit_exact,candidate,selection_score,1.0,0.5,7.657507146921095,ok
pilot,10,shared,RF,unit_exact,candidate,selection_score,1.0,1.0,7.664436775163033,ok
pilot,10,shared,RF,unit_exact,rct_only,selected_lambda,0.0,0.0,0.0,ok
pilot,10,shared,RF,unit_exact,rct_only,selected_omega,0.0,0.0,0.0,ok
pilot,10,shared,RF,unit_exact,lambda_only,selected_lambda,0.5,0.0,0.5,ok
pilot,10,shared,RF,unit_exact,lambda_only,selected_omega,0.5,0.0,0.0,ok
pilot,10,shared,RF,unit_exact,omega_only,selected_lambda,0.0,0.5,0.0,ok
pilot,10,shared,RF,unit_exact,omega_only,selected_omega,0.0,0.5,0.5,ok
pilot,10,shared,RF,unit_exact,joint,selected_lambda,0.5,0.5,0.5,ok
pilot,10,shared,RF,unit_exact,joint,selected_omega,0.5,0.5,0.5,ok
pilot,10,shared,RF,unit_exact,diagnostic,fixed_candidate_drift,0.5,0.5,-0.01957508047062495,ok
pilot,10,shifted,,exact,,ratio/mean,,,0.9833540845999825,ok
pilot,10,shifted,,exact,,ratio/second_moment,,,2.538122192588184,ok
pilot,10,shifted,,exact,,ratio/ess_fraction,,,0.38098451623931134,ok
pilot,10,shifted,,exact,,ratio/max,,,16.012915576389855,ok
pilot,10,shifted,,exact,,ratio/classifier_converged,,,1.0,ok
pilot,10,shifted,DRF,exact,candidate,selection_score,0.0,0.0,8.215840177545903,ok
pilot,10,shifted,DRF,exact,candidate,selection_score,0.0,0.5,8.086468617936001,ok
pilot,10,shifted,DRF,exact,candidate,selection_score,0.0,1.0,8.075030724178918,ok
pilot,10,shifted,DRF,exact,candidate,selection_score,0.5,0.0,7.914981593617811,ok
pilot,10,shifted,DRF,exact,candidate,selection_score,0.5,0.5,7.825698169523321,ok
pilot,10,shifted,DRF,exact,candidate,selection_score,0.5,1.0,7.806855008898805,ok
pilot,10,shifted,DRF,exact,candidate,selection_score,1.0,0.0,7.755034826409351,ok
pilot,10,shifted,DRF,exact,candidate,selection_score,1.0,0.5,7.671003074392985,ok
pilot,10,shifted,DRF,exact,candidate,selection_score,1.0,1.0,7.635320664056522,ok
pilot,10,shifted,DRF,exact,rct_only,selected_lambda,0.0,0.0,0.0,ok
pilot,10,shifted,DRF,exact,rct_only,selected_omega,0.0,0.0,0.0,ok
pilot,10,shifted,DRF,exact,lambda_only,selected_lambda,1.0,0.0,1.0,ok
pilot,10,shifted,DRF,exact,lambda_only,selected_omega,1.0,0.0,0.0,ok
pilot,10,shifted,DRF,exact,omega_only,selected_lambda,0.0,1.0,0.0,ok
pilot,10,shifted,DRF,exact,omega_only,selected_omega,0.0,1.0,1.0,ok
pilot,10,shifted,DRF,exact,joint,selected_lambda,1.0,1.0,1.0,ok
pilot,10,shifted,DRF,exact,joint,selected_omega,1.0,1.0,1.0,ok
pilot,10,shifted,DRF,exact,diagnostic,fixed_candidate_drift,0.5,0.5,-0.19365419195997646,ok
pilot,10,shifted,RF,exact,candidate,selection_score,0.0,0.0,7.724818702469148,ok
pilot,10,shifted,RF,exact,candidate,selection_score,0.0,0.5,7.751259647861021,ok
pilot,10,shifted,RF,exact,candidate,selection_score,0.0,1.0,7.862432992837569,ok
pilot,10,shifted,RF,exact,candidate,selection_score,0.5,0.0,7.695414351576059,ok
pilot,10,shifted,RF,exact,candidate,selection_score,0.5,0.5,7.670559003644868,ok
pilot,10,shifted,RF,exact,candidate,selection_score,0.5,1.0,7.721865097699068,ok
pilot,10,shifted,RF,exact,candidate,selection_score,1.0,0.0,7.751509901716064,ok
pilot,10,shifted,RF,exact,candidate,selection_score,1.0,0.5,7.651490606007931,ok
pilot,10,shifted,RF,exact,candidate,selection_score,1.0,1.0,7.635320664056523,ok
pilot,10,shifted,RF,exact,rct_only,selected_lambda,0.0,0.0,0.0,ok
pilot,10,shifted,RF,exact,rct_only,selected_omega,0.0,0.0,0.0,ok
pilot,10,shifted,RF,exact,lambda_only,selected_lambda,0.5,0.0,0.5,ok
pilot,10,shifted,RF,exact,lambda_only,selected_omega,0.5,0.0,0.0,ok
pilot,10,shifted,RF,exact,omega_only,selected_lambda,0.0,0.0,0.0,ok
pilot,10,shifted,RF,exact,omega_only,selected_omega,0.0,0.0,0.0,ok
pilot,10,shifted,RF,exact,joint,selected_lambda,1.0,1.0,1.0,ok
pilot,10,shifted,RF,exact,joint,selected_omega,1.0,1.0,1.0,ok
pilot,10,shifted,RF,exact,diagnostic,fixed_candidate_drift,0.5,0.5,0.0038199591876745265,ok
pilot,10,shifted,,classifier,,ratio/mean,,,0.9968922713861057,ok
pilot,10,shifted,,classifier,,ratio/second_moment,,,2.3275440841030597,ok
pilot,10,shifted,,classifier,,ratio/ess_fraction,,,0.4269711613785896,ok
pilot,10,shifted,,classifier,,ratio/max,,,14.799326193747826,ok
pilot,10,shifted,,classifier,,ratio/classifier_converged,,,1.0,ok
pilot,10,shifted,DRF,classifier,candidate,selection_score,0.0,0.0,8.215840177545903,ok
pilot,10,shifted,DRF,classifier,candidate,selection_score,0.0,0.5,8.075296830450643,ok
pilot,10,shifted,DRF,classifier,candidate,selection_score,0.0,1.0,8.051432511843974,ok
pilot,10,shifted,DRF,classifier,candidate,selection_score,0.5,0.0,7.914981593617811,ok
pilot,10,shifted,DRF,classifier,candidate,selection_score,0.5,0.5,7.821913200567863,ok
pilot,10,shifted,DRF,classifier,candidate,selection_score,0.5,1.0,7.793749939811927,ok
pilot,10,shifted,DRF,classifier,candidate,selection_score,1.0,0.0,7.755034826409351,ok
pilot,10,shifted,DRF,classifier,candidate,selection_score,1.0,0.5,7.67277408888573,ok
pilot,10,shifted,DRF,classifier,candidate,selection_score,1.0,1.0,7.630065621973341,ok
pilot,10,shifted,DRF,classifier,rct_only,selected_lambda,0.0,0.0,0.0,ok
pilot,10,shifted,DRF,classifier,rct_only,selected_omega,0.0,0.0,0.0,ok
pilot,10,shifted,DRF,classifier,lambda_only,selected_lambda,1.0,0.0,1.0,ok
pilot,10,shifted,DRF,classifier,lambda_only,selected_omega,1.0,0.0,0.0,ok
pilot,10,shifted,DRF,classifier,omega_only,selected_lambda,0.0,1.0,0.0,ok
pilot,10,shifted,DRF,classifier,omega_only,selected_omega,0.0,1.0,1.0,ok
pilot,10,shifted,DRF,classifier,joint,selected_lambda,1.0,1.0,1.0,ok
pilot,10,shifted,DRF,classifier,joint,selected_omega,1.0,1.0,1.0,ok
pilot,10,shifted,DRF,classifier,diagnostic,fixed_candidate_drift,0.5,0.5,-0.1965565833370408,ok
pilot,10,shifted,RF,classifier,candidate,selection_score,0.0,0.0,7.724818702469148,ok
pilot,10,shifted,RF,classifier,candidate,selection_score,0.0,0.5,7.748804589154498,ok
pilot,10,shifted,RF,classifier,candidate,selection_score,0.0,1.0,7.847541981016512,ok
pilot,10,shifted,RF,classifier,candidate,selection_score,0.5,0.0,7.695414351576059,ok
pilot,10,shifted,RF,classifier,candidate,selection_score,0.5,0.5,7.671721862272321,ok
pilot,10,shifted,RF,classifier,candidate,selection_score,0.5,1.0,7.712032298754325,ok
pilot,10,shifted,RF,classifier,candidate,selection_score,1.0,0.0,7.751509901716064,ok
pilot,10,shifted,RF,classifier,candidate,selection_score,1.0,0.5,7.656123092353403,ok
pilot,10,shifted,RF,classifier,candidate,selection_score,1.0,1.0,7.630065621973341,ok
pilot,10,shifted,RF,classifier,rct_only,selected_lambda,0.0,0.0,0.0,ok
pilot,10,shifted,RF,classifier,rct_only,selected_omega,0.0,0.0,0.0,ok
pilot,10,shifted,RF,classifier,lambda_only,selected_lambda,0.5,0.0,0.5,ok
pilot,10,shifted,RF,classifier,lambda_only,selected_omega,0.5,0.0,0.0,ok
pilot,10,shifted,RF,classifier,omega_only,selected_lambda,0.0,0.0,0.0,ok
pilot,10,shifted,RF,classifier,omega_only,selected_omega,0.0,0.0,0.0,ok
pilot,10,shifted,RF,classifier,joint,selected_lambda,1.0,1.0,1.0,ok
pilot,10,shifted,RF,classifier,joint,selected_omega,1.0,1.0,1.0,ok
pilot,10,shifted,RF,classifier,diagnostic,fixed_candidate_drift,0.5,0.5,0.004042870229065965,ok
pilot,10,shifted,,wrong_unit,,ratio/mean,,,1.0,ok
pilot,10,shifted,,wrong_unit,,ratio/second_moment,,,1.0,ok
pilot,10,shifted,,wrong_unit,,ratio/ess_fraction,,,1.0,ok
pilot,10,shifted,,wrong_unit,,ratio/max,,,1.0,ok
pilot,10,shifted,,wrong_unit,,ratio/classifier_converged,,,1.0,ok
pilot,10,shifted,DRF,wrong_unit,candidate,selection_score,0.0,0.0,8.215840177545903,ok
pilot,10,shifted,DRF,wrong_unit,candidate,selection_score,0.0,0.5,8.059725685398867,ok
pilot,10,shifted,DRF,wrong_unit,candidate,selection_score,0.0,1.0,7.864065484441663,ok
pilot,10,shifted,DRF,wrong_unit,candidate,selection_score,0.5,0.0,7.914981593617811,ok
pilot,10,shifted,DRF,wrong_unit,candidate,selection_score,0.5,0.5,7.8179450529424255,ok
pilot,10,shifted,DRF,wrong_unit,candidate,selection_score,0.5,1.0,7.675031645762103,ok
pilot,10,shifted,DRF,wrong_unit,candidate,selection_score,1.0,0.0,7.755034826409351,ok
pilot,10,shifted,DRF,wrong_unit,candidate,selection_score,1.0,0.5,7.675442675000112,ok
pilot,10,shifted,DRF,wrong_unit,candidate,selection_score,1.0,1.0,7.571065543386293,ok
pilot,10,shifted,DRF,wrong_unit,rct_only,selected_lambda,0.0,0.0,0.0,ok
pilot,10,shifted,DRF,wrong_unit,rct_only,selected_omega,0.0,0.0,0.0,ok
pilot,10,shifted,DRF,wrong_unit,lambda_only,selected_lambda,1.0,0.0,1.0,ok
pilot,10,shifted,DRF,wrong_unit,lambda_only,selected_omega,1.0,0.0,0.0,ok
pilot,10,shifted,DRF,wrong_unit,omega_only,selected_lambda,0.0,1.0,0.0,ok
pilot,10,shifted,DRF,wrong_unit,omega_only,selected_omega,0.0,1.0,1.0,ok
pilot,10,shifted,DRF,wrong_unit,joint,selected_lambda,1.0,1.0,1.0,ok
pilot,10,shifted,DRF,wrong_unit,joint,selected_omega,1.0,1.0,1.0,ok
pilot,10,shifted,DRF,wrong_unit,diagnostic,fixed_candidate_drift,0.5,0.5,-0.2550705734806642,ok
pilot,10,shifted,RF,wrong_unit,candidate,selection_score,0.0,0.0,7.724818702469148,ok
pilot,10,shifted,RF,wrong_unit,candidate,selection_score,0.0,0.5,7.723407026012715,ok
pilot,10,shifted,RF,wrong_unit,candidate,selection_score,0.0,1.0,7.665662962790235,ok
pilot,10,shifted,RF,wrong_unit,candidate,selection_score,0.5,0.0,7.695414351576059,ok
pilot,10,shifted,RF,wrong_unit,candidate,selection_score,0.5,0.5,7.657070503421808,ok
pilot,10,shifted,RF,wrong_unit,candidate,selection_score,0.5,1.0,7.590464213547075,ok
pilot,10,shifted,RF,wrong_unit,candidate,selection_score,1.0,0.0,7.751509901716064,ok
pilot,10,shifted,RF,wrong_unit,candidate,selection_score,1.0,0.5,7.6515312504416055,ok
pilot,10,shifted,RF,wrong_unit,candidate,selection_score,1.0,1.0,7.571065543386293,ok
pilot,10,shifted,RF,wrong_unit,rct_only,selected_lambda,0.0,0.0,0.0,ok
pilot,10,shifted,RF,wrong_unit,rct_only,selected_omega,0.0,0.0,0.0,ok
pilot,10,shifted,RF,wrong_unit,lambda_only,selected_lambda,0.5,0.0,0.5,ok
pilot,10,shifted,RF,wrong_unit,lambda_only,selected_omega,0.5,0.0,0.0,ok
pilot,10,shifted,RF,wrong_unit,omega_only,selected_lambda,0.0,1.0,0.0,ok
pilot,10,shifted,RF,wrong_unit,omega_only,selected_omega,0.0,1.0,1.0,ok
pilot,10,shifted,RF,wrong_unit,joint,selected_lambda,1.0,1.0,1.0,ok
pilot,10,shifted,RF,wrong_unit,joint,selected_omega,1.0,1.0,1.0,ok
pilot,10,shifted,RF,wrong_unit,diagnostic,fixed_candidate_drift,0.5,0.5,-0.05428468780225704,ok
pilot,10,,,,,runtime_seconds,,,0.1169440746307373,ok
pilot,11,shared,,unit_exact,,ratio/mean,,,1.0,ok
pilot,11,shared,,unit_exact,,ratio/second_moment,,,1.0,ok
pilot,11,shared,,unit_exact,,ratio/ess_fraction,,,1.0,ok
pilot,11,shared,,unit_exact,,ratio/max,,,1.0,ok
pilot,11,shared,,unit_exact,,ratio/classifier_converged,,,1.0,ok
pilot,11,shared,DRF,unit_exact,candidate,selection_score,0.0,0.0,6.52536806465359,ok
pilot,11,shared,DRF,unit_exact,candidate,selection_score,0.0,0.5,6.444683079772333,ok
pilot,11,shared,DRF,unit_exact,candidate,selection_score,0.0,1.0,6.503646684415293,ok
pilot,11,shared,DRF,unit_exact,candidate,selection_score,0.5,0.0,5.997126641753485,ok
pilot,11,shared,DRF,unit_exact,candidate,selection_score,0.5,0.5,5.9063052308866375,ok
pilot,11,shared,DRF,unit_exact,candidate,selection_score,0.5,1.0,5.891965431271414,ok
pilot,11,shared,DRF,unit_exact,candidate,selection_score,1.0,0.0,5.631381138617725,ok
pilot,11,shared,DRF,unit_exact,candidate,selection_score,1.0,0.5,5.55206643641431,ok
pilot,11,shared,DRF,unit_exact,candidate,selection_score,1.0,1.0,5.522900304124841,ok
pilot,11,shared,DRF,unit_exact,rct_only,selected_lambda,0.0,0.0,0.0,ok
pilot,11,shared,DRF,unit_exact,rct_only,selected_omega,0.0,0.0,0.0,ok
pilot,11,shared,DRF,unit_exact,lambda_only,selected_lambda,1.0,0.0,1.0,ok
pilot,11,shared,DRF,unit_exact,lambda_only,selected_omega,1.0,0.0,0.0,ok
pilot,11,shared,DRF,unit_exact,omega_only,selected_lambda,0.0,0.5,0.0,ok
pilot,11,shared,DRF,unit_exact,omega_only,selected_omega,0.0,0.5,0.5,ok
pilot,11,shared,DRF,unit_exact,joint,selected_lambda,1.0,1.0,1.0,ok
pilot,11,shared,DRF,unit_exact,joint,selected_omega,1.0,1.0,1.0,ok
pilot,11,shared,DRF,unit_exact,diagnostic,fixed_candidate_drift,0.5,0.5,-0.4220545931841756,ok
pilot,11,shared,RF,unit_exact,candidate,selection_score,0.0,0.0,6.520999921479806,ok
pilot,11,shared,RF,unit_exact,candidate,selection_score,0.0,0.5,6.194280284617446,ok
pilot,11,shared,RF,unit_exact,candidate,selection_score,0.0,1.0,6.023512197588501,ok
pilot,11,shared,RF,unit_exact,candidate,selection_score,0.5,0.0,6.017069000214266,ok
pilot,11,shared,RF,unit_exact,candidate,selection_score,0.5,0.5,5.821734084778594,ok
pilot,11,shared,RF,unit_exact,candidate,selection_score,0.5,1.0,5.725137933740263,ok
pilot,11,shared,RF,unit_exact,candidate,selection_score,1.0,0.0,5.6903706698321095,ok
pilot,11,shared,RF,unit_exact,candidate,selection_score,1.0,0.5,5.568640307652236,ok
pilot,11,shared,RF,unit_exact,candidate,selection_score,1.0,1.0,5.522900304124841,ok
pilot,11,shared,RF,unit_exact,rct_only,selected_lambda,0.0,0.0,0.0,ok
pilot,11,shared,RF,unit_exact,rct_only,selected_omega,0.0,0.0,0.0,ok
pilot,11,shared,RF,unit_exact,lambda_only,selected_lambda,1.0,0.0,1.0,ok
pilot,11,shared,RF,unit_exact,lambda_only,selected_omega,1.0,0.0,0.0,ok
pilot,11,shared,RF,unit_exact,omega_only,selected_lambda,0.0,1.0,0.0,ok
pilot,11,shared,RF,unit_exact,omega_only,selected_omega,0.0,1.0,1.0,ok
pilot,11,shared,RF,unit_exact,joint,selected_lambda,1.0,1.0,1.0,ok
pilot,11,shared,RF,unit_exact,joint,selected_omega,1.0,1.0,1.0,ok
pilot,11,shared,RF,unit_exact,diagnostic,fixed_candidate_drift,0.5,0.5,-0.4432841344872867,ok
pilot,11,shifted,,exact,,ratio/mean,,,0.969242880393296,ok
pilot,11,shifted,,exact,,ratio/second_moment,,,2.3310298676633185,ok
pilot,11,shifted,,exact,,ratio/ess_fraction,,,0.4030114646856938,ok
pilot,11,shifted,,exact,,ratio/max,,,12.48032566690646,ok
pilot,11,shifted,,exact,,ratio/classifier_converged,,,1.0,ok
pilot,11,shifted,DRF,exact,candidate,selection_score,0.0,0.0,6.52536806465359,ok
pilot,11,shifted,DRF,exact,candidate,selection_score,0.0,0.5,6.6358590591215485,ok
pilot,11,shifted,DRF,exact,candidate,selection_score,0.0,1.0,7.164033918615299,ok
pilot,11,shifted,DRF,exact,candidate,selection_score,0.5,0.0,6.0020887308808595,ok
pilot,11,shifted,DRF,exact,candidate,selection_score,0.5,0.5,6.032510226149997,ok
pilot,11,shifted,DRF,exact,candidate,selection_score,0.5,1.0,6.264902537980508,ok
pilot,11,shifted,DRF,exact,candidate,selection_score,1.0,0.0,5.632568495005252,ok
pilot,11,shifted,DRF,exact,candidate,selection_score,1.0,0.5,5.617296894746247,ok
pilot,11,shifted,DRF,exact,candidate,selection_score,1.0,1.0,5.671551194508078,ok
pilot,11,shifted,DRF,exact,rct_only,selected_lambda,0.0,0.0,0.0,ok
pilot,11,shifted,DRF,exact,rct_only,selected_omega,0.0,0.0,0.0,ok
pilot,11,shifted,DRF,exact,lambda_only,selected_lambda,1.0,0.0,1.0,ok
pilot,11,shifted,DRF,exact,lambda_only,selected_omega,1.0,0.0,0.0,ok
pilot,11,shifted,DRF,exact,omega_only,selected_lambda,0.0,0.0,0.0,ok
pilot,11,shifted,DRF,exact,omega_only,selected_omega,0.0,0.0,0.0,ok
pilot,11,shifted,DRF,exact,joint,selected_lambda,1.0,0.5,1.0,ok
pilot,11,shifted,DRF,exact,joint,selected_omega,1.0,0.5,0.5,ok
pilot,11,shifted,DRF,exact,diagnostic,fixed_candidate_drift,0.5,0.5,-0.39301479399538924,ok
pilot,11,shifted,RF,exact,candidate,selection_score,0.0,0.0,6.520999921479806,ok
pilot,11,shifted,RF,exact,candidate,selection_score,0.0,0.5,6.3500964574641925,ok
pilot,11,shifted,RF,exact,candidate,selection_score,0.0,1.0,6.422075925891424,ok
pilot,11,shifted,RF,exact,candidate,selection_score,0.5,0.0,6.02919043766166,ok
pilot,11,shifted,RF,exact,candidate,selection_score,0.5,0.5,5.9400323661462,ok
pilot,11,shifted,RF,exact,candidate,selection_score,0.5,1.0,5.990703664296145,ok
pilot,11,shifted,RF,exact,candidate,selection_score,1.0,0.0,5.699756827484516,ok
pilot,11,shifted,RF,exact,candidate,selection_score,1.0,0.5,5.644646505236536,ok
pilot,11,shifted,RF,exact,candidate,selection_score,1.0,1.0,5.67155119450808,ok
pilot,11,shifted,RF,exact,rct_only,selected_lambda,0.0,0.0,0.0,ok
pilot,11,shifted,RF,exact,rct_only,selected_omega,0.0,0.0,0.0,ok
pilot,11,shifted,RF,exact,lambda_only,selected_lambda,1.0,0.0,1.0,ok
pilot,11,shifted,RF,exact,lambda_only,selected_omega,1.0,0.0,0.0,ok
pilot,11,shifted,RF,exact,omega_only,selected_lambda,0.0,0.5,0.0,ok
pilot,11,shifted,RF,exact,omega_only,selected_omega,0.0,0.5,0.5,ok
pilot,11,shifted,RF,exact,joint,selected_lambda,1.0,0.5,1.0,ok
pilot,11,shifted,RF,exact,joint,selected_omega,1.0,0.5,0.5,ok
pilot,11,shifted,RF,exact,diagnostic,fixed_candidate_drift,0.5,0.5,-0.417404079080138,ok
pilot,11,shifted,,classifier,,ratio/mean,,,0.9938606845773491,ok
pilot,11,shifted,,classifier,,ratio/second_moment,,,1.8581314688517074,ok
pilot,11,shifted,,classifier,,ratio/ess_fraction,,,0.5315872837345437,ok
pilot,11,shifted,,classifier,,ratio/max,,,8.998411868472871,ok
pilot,11,shifted,,classifier,,ratio/classifier_converged,,,1.0,ok
pilot,11,shifted,DRF,classifier,candidate,selection_score,0.0,0.0,6.52536806465359,ok
pilot,11,shifted,DRF,classifier,candidate,selection_score,0.0,0.5,6.583337686369941,ok
pilot,11,shifted,DRF,classifier,candidate,selection_score,0.0,1.0,6.928834849384526,ok
pilot,11,shifted,DRF,classifier,candidate,selection_score,0.5,0.0,6.0020887308808595,ok
pilot,11,shifted,DRF,classifier,candidate,selection_score,0.5,0.5,6.00000514317275,ok
pilot,11,shifted,DRF,classifier,candidate,selection_score,0.5,1.0,6.110579382405712,ok
pilot,11,shifted,DRF,classifier,candidate,selection_score,1.0,0.0,5.632568495005252,ok
pilot,11,shifted,DRF,classifier,candidate,selection_score,1.0,0.5,5.5988662685695365,ok
pilot,11,shifted,DRF,classifier,candidate,selection_score,1.0,1.0,5.572992815075269,ok
pilot,11,shifted,DRF,classifier,rct_only,selected_lambda,0.0,0.0,0.0,ok
pilot,11,shifted,DRF,classifier,rct_only,selected_omega,0.0,0.0,0.0,ok
pilot,11,shifted,DRF,classifier,lambda_only,selected_lambda,1.0,0.0,1.0,ok
pilot,11,shifted,DRF,classifier,lambda_only,selected_omega,1.0,0.0,0.0,ok
pilot,11,shifted,DRF,classifier,omega_only,selected_lambda,0.0,0.0,0.0,ok
pilot,11,shifted,DRF,classifier,omega_only,selected_omega,0.0,0.0,0.0,ok
pilot,11,shifted,DRF,classifier,joint,selected_lambda,1.0,1.0,1.0,ok
pilot,11,shifted,DRF,classifier,joint,selected_omega,1.0,1.0,1.0,ok
pilot,11,shifted,DRF,classifier,diagnostic,fixed_candidate_drift,0.5,0.5,-0.41958065438639625,ok
pilot,11,shifted,RF,classifier,candidate,selection_score,0.0,0.0,6.520999921479806,ok
pilot,11,shifted,RF,classifier,candidate,selection_score,0.0,0.5,6.307074357194686,ok
pilot,11,shifted,RF,classifier,candidate,selection_score,0.0,1.0,6.255527425690184,ok
pilot,11,shifted,RF,classifier,candidate,selection_score,0.5,0.0,6.02919043766166,ok
pilot,11,shifted,RF,classifier,candidate,selection_score,0.5,0.5,5.910243410575216,ok
pilot,11,shifted,RF,classifier,candidate,selection_score,0.5,1.0,5.863083097474924,ok
pilot,11,shifted,RF,classifier,candidate,selection_score,1.0,0.0,5.699756827484516,ok
pilot,11,shifted,RF,classifier,candidate,selection_score,1.0,0.5,5.624442763406555,ok
pilot,11,shifted,RF,classifier,candidate,selection_score,1.0,1.0,5.572992815075272,ok
pilot,11,shifted,RF,classifier,rct_only,selected_lambda,0.0,0.0,0.0,ok
pilot,11,shifted,RF,classifier,rct_only,selected_omega,0.0,0.0,0.0,ok
pilot,11,shifted,RF,classifier,lambda_only,selected_lambda,1.0,0.0,1.0,ok
pilot,11,shifted,RF,classifier,lambda_only,selected_omega,1.0,0.0,0.0,ok
pilot,11,shifted,RF,classifier,omega_only,selected_lambda,0.0,1.0,0.0,ok
pilot,11,shifted,RF,classifier,omega_only,selected_omega,0.0,1.0,1.0,ok
pilot,11,shifted,RF,classifier,joint,selected_lambda,1.0,1.0,1.0,ok
pilot,11,shifted,RF,classifier,joint,selected_omega,1.0,1.0,1.0,ok
pilot,11,shifted,RF,classifier,diagnostic,fixed_candidate_drift,0.5,0.5,-0.4476213337887024,ok
pilot,11,shifted,,wrong_unit,,ratio/mean,,,1.0,ok
pilot,11,shifted,,wrong_unit,,ratio/second_moment,,,1.0,ok
pilot,11,shifted,,wrong_unit,,ratio/ess_fraction,,,1.0,ok
pilot,11,shifted,,wrong_unit,,ratio/max,,,1.0,ok
pilot,11,shifted,,wrong_unit,,ratio/classifier_converged,,,1.0,ok
pilot,11,shifted,DRF,wrong_unit,candidate,selection_score,0.0,0.0,6.52536806465359,ok
pilot,11,shifted,DRF,wrong_unit,candidate,selection_score,0.0,0.5,6.435193358976689,ok
pilot,11,shifted,DRF,wrong_unit,candidate,selection_score,0.0,1.0,6.385278683071065,ok
pilot,11,shifted,DRF,wrong_unit,candidate,selection_score,0.5,0.0,6.0020887308808595,ok
pilot,11,shifted,DRF,wrong_unit,candidate,selection_score,0.5,0.5,5.877955553076054,ok
pilot,11,shifted,DRF,wrong_unit,candidate,selection_score,0.5,1.0,5.679925421426683,ok
pilot,11,shifted,DRF,wrong_unit,candidate,selection_score,1.0,0.0,5.632568495005252,ok
pilot,11,shifted,DRF,wrong_unit,candidate,selection_score,1.0,0.5,5.496522232674539,ok
pilot,11,shifted,DRF,wrong_unit,candidate,selection_score,1.0,1.0,5.2386403555075285,ok
pilot,11,shifted,DRF,wrong_unit,rct_only,selected_lambda,0.0,0.0,0.0,ok
pilot,11,shifted,DRF,wrong_unit,rct_only,selected_omega,0.0,0.0,0.0,ok
pilot,11,shifted,DRF,wrong_unit,lambda_only,selected_lambda,1.0,0.0,1.0,ok
pilot,11,shifted,DRF,wrong_unit,lambda_only,selected_omega,1.0,0.0,0.0,ok
pilot,11,shifted,DRF,wrong_unit,omega_only,selected_lambda,0.0,1.0,0.0,ok
pilot,11,shifted,DRF,wrong_unit,omega_only,selected_omega,0.0,1.0,1.0,ok
pilot,11,shifted,DRF,wrong_unit,joint,selected_lambda,1.0,1.0,1.0,ok
pilot,11,shifted,DRF,wrong_unit,joint,selected_omega,1.0,1.0,1.0,ok
pilot,11,shifted,DRF,wrong_unit,diagnostic,fixed_candidate_drift,0.5,0.5,-0.5440939910433469,ok
pilot,11,shifted,RF,wrong_unit,candidate,selection_score,0.0,0.0,6.520999921479806,ok
pilot,11,shifted,RF,wrong_unit,candidate,selection_score,0.0,0.5,6.208201643926689,ok
pilot,11,shifted,RF,wrong_unit,candidate,selection_score,0.0,1.0,5.827754129190385,ok
pilot,11,shifted,RF,wrong_unit,candidate,selection_score,0.5,0.0,6.02919043766166,ok
pilot,11,shifted,RF,wrong_unit,candidate,selection_score,0.5,0.5,5.815044757171315,ok
pilot,11,shifted,RF,wrong_unit,candidate,selection_score,0.5,1.0,5.484890269651521,ok
pilot,11,shifted,RF,wrong_unit,candidate,selection_score,1.0,0.0,5.699756827484516,ok
pilot,11,shifted,RF,wrong_unit,candidate,selection_score,1.0,0.5,5.534289441324342,ok
pilot,11,shifted,RF,wrong_unit,candidate,selection_score,1.0,1.0,5.23864035550753,ok
pilot,11,shifted,RF,wrong_unit,rct_only,selected_lambda,0.0,0.0,0.0,ok
pilot,11,shifted,RF,wrong_unit,rct_only,selected_omega,0.0,0.0,0.0,ok
pilot,11,shifted,RF,wrong_unit,lambda_only,selected_lambda,1.0,0.0,1.0,ok
pilot,11,shifted,RF,wrong_unit,lambda_only,selected_omega,1.0,0.0,0.0,ok
pilot,11,shifted,RF,wrong_unit,omega_only,selected_lambda,0.0,1.0,0.0,ok
pilot,11,shifted,RF,wrong_unit,omega_only,selected_omega,0.0,1.0,1.0,ok
pilot,11,shifted,RF,wrong_unit,joint,selected_lambda,1.0,1.0,1.0,ok
pilot,11,shifted,RF,wrong_unit,joint,selected_omega,1.0,1.0,1.0,ok
pilot,11,shifted,RF,wrong_unit,diagnostic,fixed_candidate_drift,0.5,0.5,-0.5962438734996788,ok
pilot,11,,,,,runtime_seconds,,,0.1123499870300293,ok
pilot,12,shared,,unit_exact,,ratio/mean,,,1.0,ok
pilot,12,shared,,unit_exact,,ratio/second_moment,,,1.0,ok
pilot,12,shared,,unit_exact,,ratio/ess_fraction,,,1.0,ok
pilot,12,shared,,unit_exact,,ratio/max,,,1.0,ok
pilot,12,shared,,unit_exact,,ratio/classifier_converged,,,1.0,ok
pilot,12,shared,DRF,unit_exact,candidate,selection_score,0.0,0.0,9.446352445684209,ok
pilot,12,shared,DRF,unit_exact,candidate,selection_score,0.0,0.5,9.36429753880263,ok
pilot,12,shared,DRF,unit_exact,candidate,selection_score,0.0,1.0,9.396519350099727,ok
pilot,12,shared,DRF,unit_exact,candidate,selection_score,0.5,0.0,9.15272220993795,ok
pilot,12,shared,DRF,unit_exact,candidate,selection_score,0.5,0.5,9.085318862815539,ok
pilot,12,shared,DRF,unit_exact,candidate,selection_score,0.5,1.0,9.032572113489195,ok
pilot,12,shared,DRF,unit_exact,candidate,selection_score,1.0,0.0,9.01678936637489,ok
pilot,12,shared,DRF,unit_exact,candidate,selection_score,1.0,0.5,8.968094430070442,ok
pilot,12,shared,DRF,unit_exact,candidate,selection_score,1.0,1.0,8.893214327301857,ok
pilot,12,shared,DRF,unit_exact,rct_only,selected_lambda,0.0,0.0,0.0,ok
pilot,12,shared,DRF,unit_exact,rct_only,selected_omega,0.0,0.0,0.0,ok
pilot,12,shared,DRF,unit_exact,lambda_only,selected_lambda,1.0,0.0,1.0,ok
pilot,12,shared,DRF,unit_exact,lambda_only,selected_omega,1.0,0.0,0.0,ok
pilot,12,shared,DRF,unit_exact,omega_only,selected_lambda,0.0,0.5,0.0,ok
pilot,12,shared,DRF,unit_exact,omega_only,selected_omega,0.0,0.5,0.5,ok
pilot,12,shared,DRF,unit_exact,joint,selected_lambda,1.0,1.0,1.0,ok
pilot,12,shared,DRF,unit_exact,joint,selected_omega,1.0,1.0,1.0,ok
pilot,12,shared,DRF,unit_exact,diagnostic,fixed_candidate_drift,0.5,0.5,-0.20191533892795094,ok
pilot,12,shared,RF,unit_exact,candidate,selection_score,0.0,0.0,9.162571488178026,ok
pilot,12,shared,RF,unit_exact,candidate,selection_score,0.0,0.5,9.082563513633874,ok
pilot,12,shared,RF,unit_exact,candidate,selection_score,0.0,1.0,9.003283291985712,ok
pilot,12,shared,RF,unit_exact,candidate,selection_score,0.5,0.0,8.992236426267041,ok
pilot,12,shared,RF,unit_exact,candidate,selection_score,0.5,0.5,8.964758939105852,ok
pilot,12,shared,RF,unit_exact,candidate,selection_score,0.5,1.0,8.916410835186072,ok
pilot,12,shared,RF,unit_exact,candidate,selection_score,1.0,0.0,8.880170500775604,ok
pilot,12,shared,RF,unit_exact,candidate,selection_score,1.0,0.5,8.901199016906798,ok
pilot,12,shared,RF,unit_exact,candidate,selection_score,1.0,1.0,8.893214327301859,ok
pilot,12,shared,RF,unit_exact,rct_only,selected_lambda,0.0,0.0,0.0,ok
pilot,12,shared,RF,unit_exact,rct_only,selected_omega,0.0,0.0,0.0,ok
pilot,12,shared,RF,unit_exact,lambda_only,selected_lambda,1.0,0.0,1.0,ok
pilot,12,shared,RF,unit_exact,lambda_only,selected_omega,1.0,0.0,0.0,ok
pilot,12,shared,RF,unit_exact,omega_only,selected_lambda,0.0,1.0,0.0,ok
pilot,12,shared,RF,unit_exact,omega_only,selected_omega,0.0,1.0,1.0,ok
pilot,12,shared,RF,unit_exact,joint,selected_lambda,1.0,0.0,1.0,ok
pilot,12,shared,RF,unit_exact,joint,selected_omega,1.0,0.0,0.0,ok
pilot,12,shared,RF,unit_exact,diagnostic,fixed_candidate_drift,0.5,0.5,-0.1089157275321446,ok
pilot,12,shifted,,exact,,ratio/mean,,,0.972157244233348,ok
pilot,12,shifted,,exact,,ratio/second_moment,,,2.3917978623088474,ok
pilot,12,shifted,,exact,,ratio/ess_fraction,,,0.3951377841784107,ok
pilot,12,shifted,,exact,,ratio/max,,,14.147278177751478,ok
pilot,12,shifted,,exact,,ratio/classifier_converged,,,1.0,ok
pilot,12,shifted,DRF,exact,candidate,selection_score,0.0,0.0,9.446352445684209,ok
pilot,12,shifted,DRF,exact,candidate,selection_score,0.0,0.5,9.421121197138078,ok
pilot,12,shifted,DRF,exact,candidate,selection_score,0.0,1.0,9.60444864523332,ok
pilot,12,shifted,DRF,exact,candidate,selection_score,0.5,0.0,9.14101718803407,ok
pilot,12,shifted,DRF,exact,candidate,selection_score,0.5,0.5,9.128256159176319,ok
pilot,12,shifted,DRF,exact,candidate,selection_score,0.5,1.0,9.164622999580523,ok
pilot,12,shifted,DRF,exact,candidate,selection_score,1.0,0.0,9.000447763447074,ok
pilot,12,shifted,DRF,exact,candidate,selection_score,1.0,0.5,9.016974047144009,ok
pilot,12,shifted,DRF,exact,candidate,selection_score,1.0,1.0,9.016507505183462,ok
pilot,12,shifted,DRF,exact,rct_only,selected_lambda,0.0,0.0,0.0,ok
pilot,12,shifted,DRF,exact,rct_only,selected_omega,0.0,0.0,0.0,ok
pilot,12,shifted,DRF,exact,lambda_only,selected_lambda,1.0,0.0,1.0,ok
pilot,12,shifted,DRF,exact,lambda_only,selected_omega,1.0,0.0,0.0,ok
pilot,12,shifted,DRF,exact,omega_only,selected_lambda,0.0,0.5,0.0,ok
pilot,12,shifted,DRF,exact,omega_only,selected_omega,0.0,0.5,0.5,ok
pilot,12,shifted,DRF,exact,joint,selected_lambda,1.0,0.0,1.0,ok
pilot,12,shifted,DRF,exact,joint,selected_omega,1.0,0.0,0.0,ok
pilot,12,shifted,DRF,exact,diagnostic,fixed_candidate_drift,0.5,0.5,-0.1625288110857251,ok
pilot,12,shifted,RF,exact,candidate,selection_score,0.0,0.0,9.162571488178026,ok
pilot,12,shifted,RF,exact,candidate,selection_score,0.0,0.5,9.108548101629818,ok
pilot,12,shifted,RF,exact,candidate,selection_score,0.0,1.0,9.038436237730156,ok
pilot,12,shifted,RF,exact,candidate,selection_score,0.5,0.0,8.984586765093173,ok
pilot,12,shifted,RF,exact,candidate,selection_score,0.5,0.5,9.005135617118244,ok
pilot,12,shifted,RF,exact,candidate,selection_score,0.5,1.0,8.982735148283284,ok
pilot,12,shifted,RF,exact,candidate,selection_score,1.0,0.0,8.864194105471856,ok
pilot,12,shifted,RF,exact,candidate,selection_score,1.0,0.5,8.96339785545612,ok
pilot,12,shifted,RF,exact,candidate,selection_score,1.0,1.0,9.01650750518346,ok
pilot,12,shifted,RF,exact,rct_only,selected_lambda,0.0,0.0,0.0,ok
pilot,12,shifted,RF,exact,rct_only,selected_omega,0.0,0.0,0.0,ok
pilot,12,shifted,RF,exact,lambda_only,selected_lambda,1.0,0.0,1.0,ok
pilot,12,shifted,RF,exact,lambda_only,selected_omega,1.0,0.0,0.0,ok
pilot,12,shifted,RF,exact,omega_only,selected_lambda,0.0,1.0,0.0,ok
pilot,12,shifted,RF,exact,omega_only,selected_omega,0.0,1.0,1.0,ok
pilot,12,shifted,RF,exact,joint,selected_lambda,1.0,0.0,1.0,ok
pilot,12,shifted,RF,exact,joint,selected_omega,1.0,0.0,0.0,ok
pilot,12,shifted,RF,exact,diagnostic,fixed_candidate_drift,0.5,0.5,-0.07106980457644868,ok
pilot,12,shifted,,classifier,,ratio/mean,,,0.96288998817411,ok
pilot,12,shifted,,classifier,,ratio/second_moment,,,3.11263125501158,ok
pilot,12,shifted,,classifier,,ratio/ess_fraction,,,0.29786924738776627,ok
pilot,12,shifted,,classifier,,ratio/max,,,19.02585525902521,ok
pilot,12,shifted,,classifier,,ratio/classifier_converged,,,1.0,ok
pilot,12,shifted,DRF,classifier,candidate,selection_score,0.0,0.0,9.446352445684209,ok
pilot,12,shifted,DRF,classifier,candidate,selection_score,0.0,0.5,9.473620583741715,ok
pilot,12,shifted,DRF,classifier,candidate,selection_score,0.0,1.0,9.726809020414109,ok
pilot,12,shifted,DRF,classifier,candidate,selection_score,0.5,0.0,9.14101718803407,ok
pilot,12,shifted,DRF,classifier,candidate,selection_score,0.5,0.5,9.159712552724939,ok
pilot,12,shifted,DRF,classifier,candidate,selection_score,0.5,1.0,9.235891198781214,ok
pilot,12,shifted,DRF,classifier,candidate,selection_score,1.0,0.0,9.000447763447074,ok
pilot,12,shifted,DRF,classifier,candidate,selection_score,1.0,0.5,9.032601377060493,ok
pilot,12,shifted,DRF,classifier,candidate,selection_score,1.0,1.0,9.05132820738185,ok
pilot,12,shifted,DRF,classifier,rct_only,selected_lambda,0.0,0.0,0.0,ok
pilot,12,shifted,DRF,classifier,rct_only,selected_omega,0.0,0.0,0.0,ok
pilot,12,shifted,DRF,classifier,lambda_only,selected_lambda,1.0,0.0,1.0,ok
pilot,12,shifted,DRF,classifier,lambda_only,selected_omega,1.0,0.0,0.0,ok
pilot,12,shifted,DRF,classifier,omega_only,selected_lambda,0.0,0.0,0.0,ok
pilot,12,shifted,DRF,classifier,omega_only,selected_omega,0.0,0.0,0.0,ok
pilot,12,shifted,DRF,classifier,joint,selected_lambda,1.0,0.0,1.0,ok
pilot,12,shifted,DRF,classifier,joint,selected_omega,1.0,0.0,0.0,ok
pilot,12,shifted,DRF,classifier,diagnostic,fixed_candidate_drift,0.5,0.5,-0.1254651315960167,ok
pilot,12,shifted,RF,classifier,candidate,selection_score,0.0,0.0,9.162571488178026,ok
pilot,12,shifted,RF,classifier,candidate,selection_score,0.0,0.5,9.147796588216373,ok
pilot,12,shifted,RF,classifier,candidate,selection_score,0.0,1.0,9.105539911944408,ok
pilot,12,shifted,RF,classifier,candidate,selection_score,0.5,0.0,8.984586765093173,ok
pilot,12,shifted,RF,classifier,candidate,selection_score,0.5,0.5,9.034312428460758,ok
pilot,12,shifted,RF,classifier,candidate,selection_score,0.5,1.0,9.030569948808667,ok
pilot,12,shifted,RF,classifier,candidate,selection_score,1.0,0.0,8.864194105471856,ok
pilot,12,shifted,RF,classifier,candidate,selection_score,1.0,0.5,8.984597345269917,ok
pilot,12,shifted,RF,classifier,candidate,selection_score,1.0,1.0,9.051328207381847,ok
pilot,12,shifted,RF,classifier,rct_only,selected_lambda,0.0,0.0,0.0,ok
pilot,12,shifted,RF,classifier,rct_only,selected_omega,0.0,0.0,0.0,ok
pilot,12,shifted,RF,classifier,lambda_only,selected_lambda,1.0,0.0,1.0,ok
pilot,12,shifted,RF,classifier,lambda_only,selected_omega,1.0,0.0,0.0,ok
pilot,12,shifted,RF,classifier,omega_only,selected_lambda,0.0,1.0,0.0,ok
pilot,12,shifted,RF,classifier,omega_only,selected_omega,0.0,1.0,1.0,ok
pilot,12,shifted,RF,classifier,joint,selected_lambda,1.0,0.0,1.0,ok
pilot,12,shifted,RF,classifier,joint,selected_omega,1.0,0.0,0.0,ok
pilot,12,shifted,RF,classifier,diagnostic,fixed_candidate_drift,0.5,0.5,-0.040500899450431116,ok
pilot,12,shifted,,wrong_unit,,ratio/mean,,,1.0,ok
pilot,12,shifted,,wrong_unit,,ratio/second_moment,,,1.0,ok
pilot,12,shifted,,wrong_unit,,ratio/ess_fraction,,,1.0,ok
pilot,12,shifted,,wrong_unit,,ratio/max,,,1.0,ok
pilot,12,shifted,,wrong_unit,,ratio/classifier_converged,,,1.0,ok
pilot,12,shifted,DRF,wrong_unit,candidate,selection_score,0.0,0.0,9.446352445684209,ok
pilot,12,shifted,DRF,wrong_unit,candidate,selection_score,0.0,0.5,8.974953120010666,ok
pilot,12,shifted,DRF,wrong_unit,candidate,selection_score,0.0,1.0,8.417704468124066,ok
pilot,12,shifted,DRF,wrong_unit,candidate,selection_score,0.5,0.0,9.14101718803407,ok
pilot,12,shifted,DRF,wrong_unit,candidate,selection_score,0.5,0.5,8.801200904925794,ok
pilot,12,shifted,DRF,wrong_unit,candidate,selection_score,0.5,1.0,8.184206726060625,ok
pilot,12,shifted,DRF,wrong_unit,candidate,selection_score,1.0,0.0,9.000447763447074,ok
pilot,12,shifted,DRF,wrong_unit,candidate,selection_score,1.0,0.5,8.79042359172061,ok
pilot,12,shifted,DRF,wrong_unit,candidate,selection_score,1.0,1.0,8.244385441279972,ok
pilot,12,shifted,DRF,wrong_unit,rct_only,selected_lambda,0.0,0.0,0.0,ok
pilot,12,shifted,DRF,wrong_unit,rct_only,selected_omega,0.0,0.0,0.0,ok
pilot,12,shifted,DRF,wrong_unit,lambda_only,selected_lambda,1.0,0.0,1.0,ok
pilot,12,shifted,DRF,wrong_unit,lambda_only,selected_omega,1.0,0.0,0.0,ok
pilot,12,shifted,DRF,wrong_unit,omega_only,selected_lambda,0.0,1.0,0.0,ok
pilot,12,shifted,DRF,wrong_unit,omega_only,selected_omega,0.0,1.0,1.0,ok
pilot,12,shifted,DRF,wrong_unit,joint,selected_lambda,0.5,1.0,0.5,ok
pilot,12,shifted,DRF,wrong_unit,joint,selected_omega,0.5,1.0,1.0,ok
pilot,12,shifted,DRF,wrong_unit,diagnostic,fixed_candidate_drift,0.5,0.5,-0.6735102658124599,ok
pilot,12,shifted,RF,wrong_unit,candidate,selection_score,0.0,0.0,9.162571488178026,ok
pilot,12,shifted,RF,wrong_unit,candidate,selection_score,0.0,0.5,8.727486840203774,ok
pilot,12,shifted,RF,wrong_unit,candidate,selection_score,0.0,1.0,8.08799656094814,ok
pilot,12,shifted,RF,wrong_unit,candidate,selection_score,0.5,0.0,8.984586765093173,ok
pilot,12,shifted,RF,wrong_unit,candidate,selection_score,0.5,0.5,8.688533368692228,ok
pilot,12,shifted,RF,wrong_unit,candidate,selection_score,0.5,1.0,8.131704349118872,ok
pilot,12,shifted,RF,wrong_unit,candidate,selection_score,1.0,0.0,8.864194105471856,ok
pilot,12,shifted,RF,wrong_unit,candidate,selection_score,1.0,0.5,8.702887296835609,ok
pilot,12,shifted,RF,wrong_unit,candidate,selection_score,1.0,1.0,8.244385441279972,ok
pilot,12,shifted,RF,wrong_unit,rct_only,selected_lambda,0.0,0.0,0.0,ok
pilot,12,shifted,RF,wrong_unit,rct_only,selected_omega,0.0,0.0,0.0,ok
pilot,12,shifted,RF,wrong_unit,lambda_only,selected_lambda,1.0,0.0,1.0,ok
pilot,12,shifted,RF,wrong_unit,lambda_only,selected_omega,1.0,0.0,0.0,ok
pilot,12,shifted,RF,wrong_unit,omega_only,selected_lambda,0.0,1.0,0.0,ok
pilot,12,shifted,RF,wrong_unit,omega_only,selected_omega,0.0,1.0,1.0,ok
pilot,12,shifted,RF,wrong_unit,joint,selected_lambda,0.0,1.0,0.0,ok
pilot,12,shifted,RF,wrong_unit,joint,selected_omega,0.0,1.0,1.0,ok
pilot,12,shifted,RF,wrong_unit,diagnostic,fixed_candidate_drift,0.5,0.5,-0.52797688523825,ok
pilot,12,,,,,runtime_seconds,,,0.11151576042175293,ok
pilot,13,shared,,unit_exact,,ratio/mean,,,1.0,ok
pilot,13,shared,,unit_exact,,ratio/second_moment,,,1.0,ok
pilot,13,shared,,unit_exact,,ratio/ess_fraction,,,1.0,ok
pilot,13,shared,,unit_exact,,ratio/max,,,1.0,ok
pilot,13,shared,,unit_exact,,ratio/classifier_converged,,,1.0,ok
pilot,13,shared,DRF,unit_exact,candidate,selection_score,0.0,0.0,5.173870448923594,ok
pilot,13,shared,DRF,unit_exact,candidate,selection_score,0.0,0.5,5.231179534593626,ok
pilot,13,shared,DRF,unit_exact,candidate,selection_score,0.0,1.0,5.501261802500693,ok
pilot,13,shared,DRF,unit_exact,candidate,selection_score,0.5,0.0,5.09952369120942,ok
pilot,13,shared,DRF,unit_exact,candidate,selection_score,0.5,0.5,5.192925477393994,ok
pilot,13,shared,DRF,unit_exact,candidate,selection_score,0.5,1.0,5.489233122958602,ok
pilot,13,shared,DRF,unit_exact,candidate,selection_score,1.0,0.0,5.078428910499389,ok
pilot,13,shared,DRF,unit_exact,candidate,selection_score,1.0,0.5,5.199541400612004,ok
pilot,13,shared,DRF,unit_exact,candidate,selection_score,1.0,1.0,5.5233342537149515,ok
pilot,13,shared,DRF,unit_exact,rct_only,selected_lambda,0.0,0.0,0.0,ok
pilot,13,shared,DRF,unit_exact,rct_only,selected_omega,0.0,0.0,0.0,ok
pilot,13,shared,DRF,unit_exact,lambda_only,selected_lambda,1.0,0.0,1.0,ok
pilot,13,shared,DRF,unit_exact,lambda_only,selected_omega,1.0,0.0,0.0,ok
pilot,13,shared,DRF,unit_exact,omega_only,selected_lambda,0.0,0.0,0.0,ok
pilot,13,shared,DRF,unit_exact,omega_only,selected_omega,0.0,0.0,0.0,ok
pilot,13,shared,DRF,unit_exact,joint,selected_lambda,1.0,0.0,1.0,ok
pilot,13,shared,DRF,unit_exact,joint,selected_omega,1.0,0.0,0.0,ok
pilot,13,shared,DRF,unit_exact,diagnostic,fixed_candidate_drift,0.5,0.5,0.019878196689509298,ok
pilot,13,shared,RF,unit_exact,candidate,selection_score,0.0,0.0,5.2987960290757234,ok
pilot,13,shared,RF,unit_exact,candidate,selection_score,0.0,0.5,5.334954808192073,ok
pilot,13,shared,RF,unit_exact,candidate,selection_score,0.0,1.0,5.71532357670427,ok
pilot,13,shared,RF,unit_exact,candidate,selection_score,0.5,0.0,5.1347336567930935,ok
pilot,13,shared,RF,unit_exact,candidate,selection_score,0.5,0.5,5.215297315017911,ok
pilot,13,shared,RF,unit_exact,candidate,selection_score,0.5,1.0,5.601049460983912,ok
pilot,13,shared,RF,unit_exact,candidate,selection_score,1.0,0.0,5.001070755054431,ok
pilot,13,shared,RF,unit_exact,candidate,selection_score,1.0,0.5,5.121816330971595,ok
pilot,13,shared,RF,unit_exact,candidate,selection_score,1.0,1.0,5.523334253714951,ok
pilot,13,shared,RF,unit_exact,rct_only,selected_lambda,0.0,0.0,0.0,ok
pilot,13,shared,RF,unit_exact,rct_only,selected_omega,0.0,0.0,0.0,ok
pilot,13,shared,RF,unit_exact,lambda_only,selected_lambda,1.0,0.0,1.0,ok
pilot,13,shared,RF,unit_exact,lambda_only,selected_omega,1.0,0.0,0.0,ok
pilot,13,shared,RF,unit_exact,omega_only,selected_lambda,0.0,0.0,0.0,ok
pilot,13,shared,RF,unit_exact,omega_only,selected_omega,0.0,0.0,0.0,ok
pilot,13,shared,RF,unit_exact,joint,selected_lambda,1.0,0.0,1.0,ok
pilot,13,shared,RF,unit_exact,joint,selected_omega,1.0,0.0,0.0,ok
pilot,13,shared,RF,unit_exact,diagnostic,fixed_candidate_drift,0.5,0.5,-0.021832984355307783,ok
pilot,13,shifted,,exact,,ratio/mean,,,1.0216577449579314,ok
pilot,13,shifted,,exact,,ratio/second_moment,,,3.5007920959558025,ok
pilot,13,shifted,,exact,,ratio/ess_fraction,,,0.29815667975208526,ok
pilot,13,shifted,,exact,,ratio/max,,,29.680318168459713,ok
pilot,13,shifted,,exact,,ratio/classifier_converged,,,1.0,ok
pilot,13,shifted,DRF,exact,candidate,selection_score,0.0,0.0,5.173870448923594,ok
pilot,13,shifted,DRF,exact,candidate,selection_score,0.0,0.5,5.2692386799982,ok
pilot,13,shifted,DRF,exact,candidate,selection_score,0.0,1.0,5.630143634182375,ok
pilot,13,shifted,DRF,exact,candidate,selection_score,0.5,0.0,5.096967916006688,ok
pilot,13,shifted,DRF,exact,candidate,selection_score,0.5,0.5,5.2427792154160855,ok
pilot,13,shifted,DRF,exact,candidate,selection_score,0.5,1.0,5.650293075338599,ok
pilot,13,shifted,DRF,exact,candidate,selection_score,1.0,0.0,5.064795623018419,ok
pilot,13,shifted,DRF,exact,candidate,selection_score,1.0,0.5,5.256891646511255,ok
pilot,13,shifted,DRF,exact,candidate,selection_score,1.0,1.0,5.721569775398873,ok
pilot,13,shifted,DRF,exact,rct_only,selected_lambda,0.0,0.0,0.0,ok
pilot,13,shifted,DRF,exact,rct_only,selected_omega,0.0,0.0,0.0,ok
pilot,13,shifted,DRF,exact,lambda_only,selected_lambda,1.0,0.0,1.0,ok
pilot,13,shifted,DRF,exact,lambda_only,selected_omega,1.0,0.0,0.0,ok
pilot,13,shifted,DRF,exact,omega_only,selected_lambda,0.0,0.0,0.0,ok
pilot,13,shifted,DRF,exact,omega_only,selected_omega,0.0,0.0,0.0,ok
pilot,13,shifted,DRF,exact,joint,selected_lambda,1.0,0.0,1.0,ok
pilot,13,shifted,DRF,exact,joint,selected_omega,1.0,0.0,0.0,ok
pilot,13,shifted,DRF,exact,diagnostic,fixed_candidate_drift,0.5,0.5,0.04504789373834428,ok
pilot,13,shifted,RF,exact,candidate,selection_score,0.0,0.0,5.2987960290757234,ok
pilot,13,shifted,RF,exact,candidate,selection_score,0.0,0.5,5.431118277533015,ok
pilot,13,shifted,RF,exact,candidate,selection_score,0.0,1.0,5.938702920459704,ok
pilot,13,shifted,RF,exact,candidate,selection_score,0.5,0.0,5.138660530477043,ok
pilot,13,shifted,RF,exact,candidate,selection_score,0.5,0.5,5.297605390775441,ok
pilot,13,shifted,RF,exact,candidate,selection_score,0.5,1.0,5.801769126094287,ok
pilot,13,shifted,RF,exact,candidate,selection_score,1.0,0.0,5.0057342219977015,ok
pilot,13,shifted,RF,exact,candidate,selection_score,1.0,0.5,5.1919162303075685,ok
pilot,13,shifted,RF,exact,candidate,selection_score,1.0,1.0,5.7215697753988755,ok
pilot,13,shifted,RF,exact,rct_only,selected_lambda,0.0,0.0,0.0,ok
pilot,13,shifted,RF,exact,rct_only,selected_omega,0.0,0.0,0.0,ok
pilot,13,shifted,RF,exact,lambda_only,selected_lambda,1.0,0.0,1.0,ok
pilot,13,shifted,RF,exact,lambda_only,selected_omega,1.0,0.0,0.0,ok
pilot,13,shifted,RF,exact,omega_only,selected_lambda,0.0,0.0,0.0,ok
pilot,13,shifted,RF,exact,omega_only,selected_omega,0.0,0.0,0.0,ok
pilot,13,shifted,RF,exact,joint,selected_lambda,1.0,0.0,1.0,ok
pilot,13,shifted,RF,exact,joint,selected_omega,1.0,0.0,0.0,ok
pilot,13,shifted,RF,exact,diagnostic,fixed_candidate_drift,0.5,0.5,0.020312786636319635,ok
pilot,13,shifted,,classifier,,ratio/mean,,,1.0202481203711746,ok
pilot,13,shifted,,classifier,,ratio/second_moment,,,3.3289192142187423,ok
pilot,13,shifted,,classifier,,ratio/ess_fraction,,,0.3126859380290498,ok
pilot,13,shifted,,classifier,,ratio/max,,,27.610730890961545,ok
pilot,13,shifted,,classifier,,ratio/classifier_converged,,,1.0,ok
pilot,13,shifted,DRF,classifier,candidate,selection_score,0.0,0.0,5.173870448923594,ok
pilot,13,shifted,DRF,classifier,candidate,selection_score,0.0,0.5,5.266822466869561,ok
pilot,13,shifted,DRF,classifier,candidate,selection_score,0.0,1.0,5.5880976635276625,ok
pilot,13,shifted,DRF,classifier,candidate,selection_score,0.5,0.0,5.096967916006688,ok
pilot,13,shifted,DRF,classifier,candidate,selection_score,0.5,0.5,5.225209828578001,ok
pilot,13,shifted,DRF,classifier,candidate,selection_score,0.5,1.0,5.584300084171541,ok
pilot,13,shifted,DRF,classifier,candidate,selection_score,1.0,0.0,5.064795623018419,ok
pilot,13,shifted,DRF,classifier,candidate,selection_score,1.0,0.5,5.2234711976271,ok
pilot,13,shifted,DRF,classifier,candidate,selection_score,1.0,1.0,5.628705288718068,ok
pilot,13,shifted,DRF,classifier,rct_only,selected_lambda,0.0,0.0,0.0,ok
pilot,13,shifted,DRF,classifier,rct_only,selected_omega,0.0,0.0,0.0,ok
pilot,13,shifted,DRF,classifier,lambda_only,selected_lambda,1.0,0.0,1.0,ok
pilot,13,shifted,DRF,classifier,lambda_only,selected_omega,1.0,0.0,0.0,ok
pilot,13,shifted,DRF,classifier,omega_only,selected_lambda,0.0,0.0,0.0,ok
pilot,13,shifted,DRF,classifier,omega_only,selected_omega,0.0,0.0,0.0,ok
pilot,13,shifted,DRF,classifier,joint,selected_lambda,1.0,0.0,1.0,ok
pilot,13,shifted,DRF,classifier,joint,selected_omega,1.0,0.0,0.0,ok
pilot,13,shifted,DRF,classifier,diagnostic,fixed_candidate_drift,0.5,0.5,0.023083843651185987,ok
pilot,13,shifted,RF,classifier,candidate,selection_score,0.0,0.0,5.2987960290757234,ok
pilot,13,shifted,RF,classifier,candidate,selection_score,0.0,0.5,5.418954137013194,ok
pilot,13,shifted,RF,classifier,candidate,selection_score,0.0,1.0,5.849470024703657,ok
pilot,13,shifted,RF,classifier,candidate,selection_score,0.5,0.0,5.138660530477043,ok
pilot,13,shifted,RF,classifier,candidate,selection_score,0.5,0.5,5.277567572339299,ok
pilot,13,shifted,RF,classifier,candidate,selection_score,0.5,1.0,5.711644914850915,ok
pilot,13,shifted,RF,classifier,candidate,selection_score,1.0,0.0,5.0057342219977015,ok
pilot,13,shifted,RF,classifier,candidate,selection_score,1.0,0.5,5.164873684283369,ok
pilot,13,shifted,RF,classifier,candidate,selection_score,1.0,1.0,5.62870528871807,ok
pilot,13,shifted,RF,classifier,rct_only,selected_lambda,0.0,0.0,0.0,ok
pilot,13,shifted,RF,classifier,rct_only,selected_omega,0.0,0.0,0.0,ok
pilot,13,shifted,RF,classifier,lambda_only,selected_lambda,1.0,0.0,1.0,ok
pilot,13,shifted,RF,classifier,lambda_only,selected_omega,1.0,0.0,0.0,ok
pilot,13,shifted,RF,classifier,omega_only,selected_lambda,0.0,0.0,0.0,ok
pilot,13,shifted,RF,classifier,omega_only,selected_omega,0.0,0.0,0.0,ok
pilot,13,shifted,RF,classifier,joint,selected_lambda,1.0,0.0,1.0,ok
pilot,13,shifted,RF,classifier,joint,selected_omega,1.0,0.0,0.0,ok
pilot,13,shifted,RF,classifier,diagnostic,fixed_candidate_drift,0.5,0.5,0.0027934802518716495,ok
pilot,13,shifted,,wrong_unit,,ratio/mean,,,1.0,ok
pilot,13,shifted,,wrong_unit,,ratio/second_moment,,,1.0,ok
pilot,13,shifted,,wrong_unit,,ratio/ess_fraction,,,1.0,ok
pilot,13,shifted,,wrong_unit,,ratio/max,,,1.0,ok
pilot,13,shifted,,wrong_unit,,ratio/classifier_converged,,,1.0,ok
pilot,13,shifted,DRF,wrong_unit,candidate,selection_score,0.0,0.0,5.173870448923594,ok
pilot,13,shifted,DRF,wrong_unit,candidate,selection_score,0.0,0.5,5.247195876870148,ok
pilot,13,shifted,DRF,wrong_unit,candidate,selection_score,0.0,1.0,5.490600484323328,ok
pilot,13,shifted,DRF,wrong_unit,candidate,selection_score,0.5,0.0,5.096967916006688,ok
pilot,13,shifted,DRF,wrong_unit,candidate,selection_score,0.5,0.5,5.176381826886264,ok
pilot,13,shifted,DRF,wrong_unit,candidate,selection_score,0.5,1.0,5.419566937428655,ok
pilot,13,shifted,DRF,wrong_unit,candidate,selection_score,1.0,0.0,5.064795623018419,ok
pilot,13,shifted,DRF,wrong_unit,candidate,selection_score,1.0,0.5,5.1415143943451875,ok
pilot,13,shifted,DRF,wrong_unit,candidate,selection_score,1.0,1.0,5.392343331940078,ok
pilot,13,shifted,DRF,wrong_unit,rct_only,selected_lambda,0.0,0.0,0.0,ok
pilot,13,shifted,DRF,wrong_unit,rct_only,selected_omega,0.0,0.0,0.0,ok
pilot,13,shifted,DRF,wrong_unit,lambda_only,selected_lambda,1.0,0.0,1.0,ok
pilot,13,shifted,DRF,wrong_unit,lambda_only,selected_omega,1.0,0.0,0.0,ok
pilot,13,shifted,DRF,wrong_unit,omega_only,selected_lambda,0.0,0.0,0.0,ok
pilot,13,shifted,DRF,wrong_unit,omega_only,selected_omega,0.0,0.0,0.0,ok
pilot,13,shifted,DRF,wrong_unit,joint,selected_lambda,1.0,0.0,1.0,ok
pilot,13,shifted,DRF,wrong_unit,joint,selected_omega,1.0,0.0,0.0,ok
pilot,13,shifted,DRF,wrong_unit,diagnostic,fixed_candidate_drift,0.5,0.5,0.0038701370018879855,ok
pilot,13,shifted,RF,wrong_unit,candidate,selection_score,0.0,0.0,5.2987960290757234,ok
pilot,13,shifted,RF,wrong_unit,candidate,selection_score,0.0,0.5,5.353409034034068,ok
pilot,13,shifted,RF,wrong_unit,candidate,selection_score,0.0,1.0,5.756387096543735,ok
pilot,13,shifted,RF,wrong_unit,candidate,selection_score,0.5,0.0,5.138660530477043,ok
pilot,13,shifted,RF,wrong_unit,candidate,selection_score,0.5,0.5,5.206992237474745,ok
pilot,13,shifted,RF,wrong_unit,candidate,selection_score,0.5,1.0,5.5550579348780795,ok
pilot,13,shifted,RF,wrong_unit,candidate,selection_score,1.0,0.0,5.0057342219977015,ok
pilot,13,shifted,RF,wrong_unit,candidate,selection_score,1.0,0.5,5.083460893892964,ok
pilot,13,shifted,RF,wrong_unit,candidate,selection_score,1.0,1.0,5.392343331940079,ok
pilot,13,shifted,RF,wrong_unit,rct_only,selected_lambda,0.0,0.0,0.0,ok
pilot,13,shifted,RF,wrong_unit,rct_only,selected_omega,0.0,0.0,0.0,ok
pilot,13,shifted,RF,wrong_unit,lambda_only,selected_lambda,1.0,0.0,1.0,ok
pilot,13,shifted,RF,wrong_unit,lambda_only,selected_omega,1.0,0.0,0.0,ok
pilot,13,shifted,RF,wrong_unit,omega_only,selected_lambda,0.0,0.0,0.0,ok
pilot,13,shifted,RF,wrong_unit,omega_only,selected_omega,0.0,0.0,0.0,ok
pilot,13,shifted,RF,wrong_unit,joint,selected_lambda,1.0,0.0,1.0,ok
pilot,13,shifted,RF,wrong_unit,joint,selected_omega,1.0,0.0,0.0,ok
pilot,13,shifted,RF,wrong_unit,diagnostic,fixed_candidate_drift,0.5,0.5,-0.04166472954035316,ok
pilot,13,,,,,runtime_seconds,,,0.11090898513793945,ok
pilot,14,shared,,unit_exact,,ratio/mean,,,1.0,ok
pilot,14,shared,,unit_exact,,ratio/second_moment,,,1.0,ok
pilot,14,shared,,unit_exact,,ratio/ess_fraction,,,1.0,ok
pilot,14,shared,,unit_exact,,ratio/max,,,1.0,ok
pilot,14,shared,,unit_exact,,ratio/classifier_converged,,,1.0,ok
pilot,14,shared,DRF,unit_exact,candidate,selection_score,0.0,0.0,5.957234987996992,ok
pilot,14,shared,DRF,unit_exact,candidate,selection_score,0.0,0.5,5.793849790097164,ok
pilot,14,shared,DRF,unit_exact,candidate,selection_score,0.0,1.0,5.761033022246747,ok
pilot,14,shared,DRF,unit_exact,candidate,selection_score,0.5,0.0,5.825409680913382,ok
pilot,14,shared,DRF,unit_exact,candidate,selection_score,0.5,0.5,5.679537320396954,ok
pilot,14,shared,DRF,unit_exact,candidate,selection_score,0.5,1.0,5.631094650564371,ok
pilot,14,shared,DRF,unit_exact,candidate,selection_score,1.0,0.0,5.786115542548508,ok
pilot,14,shared,DRF,unit_exact,candidate,selection_score,1.0,0.5,5.678468147835282,ok
pilot,14,shared,DRF,unit_exact,candidate,selection_score,1.0,1.0,5.649750256220382,ok
pilot,14,shared,DRF,unit_exact,rct_only,selected_lambda,0.0,0.0,0.0,ok
pilot,14,shared,DRF,unit_exact,rct_only,selected_omega,0.0,0.0,0.0,ok
pilot,14,shared,DRF,unit_exact,lambda_only,selected_lambda,1.0,0.0,1.0,ok
pilot,14,shared,DRF,unit_exact,lambda_only,selected_omega,1.0,0.0,0.0,ok
pilot,14,shared,DRF,unit_exact,omega_only,selected_lambda,0.0,1.0,0.0,ok
pilot,14,shared,DRF,unit_exact,omega_only,selected_omega,0.0,1.0,1.0,ok
pilot,14,shared,DRF,unit_exact,joint,selected_lambda,0.5,1.0,0.5,ok
pilot,14,shared,DRF,unit_exact,joint,selected_omega,0.5,1.0,1.0,ok
pilot,14,shared,DRF,unit_exact,diagnostic,fixed_candidate_drift,0.5,0.5,0.00787971596837811,ok
pilot,14,shared,RF,unit_exact,candidate,selection_score,0.0,0.0,5.9201281557355765,ok
pilot,14,shared,RF,unit_exact,candidate,selection_score,0.0,0.5,5.691751672348589,ok
pilot,14,shared,RF,unit_exact,candidate,selection_score,0.0,1.0,5.630215102389704,ok
pilot,14,shared,RF,unit_exact,candidate,selection_score,0.5,0.0,5.908123164492428,ok
pilot,14,shared,RF,unit_exact,candidate,selection_score,0.5,0.5,5.676127843522884,ok
pilot,14,shared,RF,unit_exact,candidate,selection_score,0.5,1.0,5.611621262038644,ok
pilot,14,shared,RF,unit_exact,candidate,selection_score,1.0,0.0,5.926765791372442,ok
pilot,14,shared,RF,unit_exact,candidate,selection_score,1.0,0.5,5.699012772093525,ok
pilot,14,shared,RF,unit_exact,candidate,selection_score,1.0,1.0,5.649750256220384,ok
pilot,14,shared,RF,unit_exact,rct_only,selected_lambda,0.0,0.0,0.0,ok
pilot,14,shared,RF,unit_exact,rct_only,selected_omega,0.0,0.0,0.0,ok
pilot,14,shared,RF,unit_exact,lambda_only,selected_lambda,0.5,0.0,0.5,ok
pilot,14,shared,RF,unit_exact,lambda_only,selected_omega,0.5,0.0,0.0,ok
pilot,14,shared,RF,unit_exact,omega_only,selected_lambda,0.0,1.0,0.0,ok
pilot,14,shared,RF,unit_exact,omega_only,selected_omega,0.0,1.0,1.0,ok
pilot,14,shared,RF,unit_exact,joint,selected_lambda,0.5,1.0,0.5,ok
pilot,14,shared,RF,unit_exact,joint,selected_omega,0.5,1.0,1.0,ok
pilot,14,shared,RF,unit_exact,diagnostic,fixed_candidate_drift,0.5,0.5,-0.07202178511593127,ok
pilot,14,shifted,,exact,,ratio/mean,,,1.0120157006162473,ok
pilot,14,shifted,,exact,,ratio/second_moment,,,2.914096335712925,ok
pilot,14,shifted,,exact,,ratio/ess_fraction,,,0.3514557036918385,ok
pilot,14,shifted,,exact,,ratio/max,,,18.797768388478836,ok
pilot,14,shifted,,exact,,ratio/classifier_converged,,,1.0,ok
pilot,14,shifted,DRF,exact,candidate,selection_score,0.0,0.0,5.957234987996992,ok
pilot,14,shifted,DRF,exact,candidate,selection_score,0.0,0.5,5.82093383263137,ok
pilot,14,shifted,DRF,exact,candidate,selection_score,0.0,1.0,5.810734144286011,ok
pilot,14,shifted,DRF,exact,candidate,selection_score,0.5,0.0,5.829270975786726,ok
pilot,14,shifted,DRF,exact,candidate,selection_score,0.5,0.5,5.735125660257466,ok
pilot,14,shifted,DRF,exact,candidate,selection_score,0.5,1.0,5.729362286367892,ok
pilot,14,shifted,DRF,exact,candidate,selection_score,1.0,0.0,5.796866977283498,ok
pilot,14,shifted,DRF,exact,candidate,selection_score,1.0,0.5,5.758300273507071,ok
pilot,14,shifted,DRF,exact,candidate,selection_score,1.0,1.0,5.796217894980045,ok
pilot,14,shifted,DRF,exact,rct_only,selected_lambda,0.0,0.0,0.0,ok
pilot,14,shifted,DRF,exact,rct_only,selected_omega,0.0,0.0,0.0,ok
pilot,14,shifted,DRF,exact,lambda_only,selected_lambda,1.0,0.0,1.0,ok
pilot,14,shifted,DRF,exact,lambda_only,selected_omega,1.0,0.0,0.0,ok
pilot,14,shifted,DRF,exact,omega_only,selected_lambda,0.0,1.0,0.0,ok
pilot,14,shifted,DRF,exact,omega_only,selected_omega,0.0,1.0,1.0,ok
pilot,14,shifted,DRF,exact,joint,selected_lambda,0.5,1.0,0.5,ok
pilot,14,shifted,DRF,exact,joint,selected_omega,0.5,1.0,1.0,ok
pilot,14,shifted,DRF,exact,diagnostic,fixed_candidate_drift,0.5,0.5,0.06461496153894852,ok
pilot,14,shifted,RF,exact,candidate,selection_score,0.0,0.0,5.9201281557355765,ok
pilot,14,shifted,RF,exact,candidate,selection_score,0.0,0.5,5.746493158540723,ok
pilot,14,shifted,RF,exact,candidate,selection_score,0.0,1.0,5.675907050608526,ok
pilot,14,shifted,RF,exact,candidate,selection_score,0.5,0.0,5.929121046574919,ok
pilot,14,shifted,RF,exact,candidate,selection_score,0.5,0.5,5.762701359165318,ok
pilot,14,shifted,RF,exact,candidate,selection_score,0.5,1.0,5.702185754973267,ok
pilot,14,shifted,RF,exact,candidate,selection_score,1.0,0.0,5.97144049843377,ok
pilot,14,shifted,RF,exact,candidate,selection_score,1.0,0.5,5.821589450554907,ok
pilot,14,shifted,RF,exact,candidate,selection_score,1.0,1.0,5.796217894980043,ok
pilot,14,shifted,RF,exact,rct_only,selected_lambda,0.0,0.0,0.0,ok
pilot,14,shifted,RF,exact,rct_only,selected_omega,0.0,0.0,0.0,ok
pilot,14,shifted,RF,exact,lambda_only,selected_lambda,0.0,0.0,0.0,ok
pilot,14,shifted,RF,exact,lambda_only,selected_omega,0.0,0.0,0.0,ok
pilot,14,shifted,RF,exact,omega_only,selected_lambda,0.0,1.0,0.0,ok
pilot,14,shifted,RF,exact,omega_only,selected_omega,0.0,1.0,1.0,ok
pilot,14,shifted,RF,exact,joint,selected_lambda,0.0,1.0,0.0,ok
pilot,14,shifted,RF,exact,joint,selected_omega,0.0,1.0,1.0,ok
pilot,14,shifted,RF,exact,diagnostic,fixed_candidate_drift,0.5,0.5,0.004729489466920644,ok
pilot,14,shifted,,classifier,,ratio/mean,,,0.992971881691978,ok
pilot,14,shifted,,classifier,,ratio/second_moment,,,2.186774055446377,ok
pilot,14,shifted,,classifier,,ratio/ess_fraction,,,0.4508893616033143,ok
pilot,14,shifted,,classifier,,ratio/max,,,13.86248678659227,ok
pilot,14,shifted,,classifier,,ratio/classifier_converged,,,1.0,ok
pilot,14,shifted,DRF,classifier,candidate,selection_score,0.0,0.0,5.957234987996992,ok
pilot,14,shifted,DRF,classifier,candidate,selection_score,0.0,0.5,5.808769653941856,ok
pilot,14,shifted,DRF,classifier,candidate,selection_score,0.0,1.0,5.7818793459941125,ok
pilot,14,shifted,DRF,classifier,candidate,selection_score,0.5,0.0,5.829270975786726,ok
pilot,14,shifted,DRF,classifier,candidate,selection_score,0.5,0.5,5.715182132501635,ok
pilot,14,shifted,DRF,classifier,candidate,selection_score,0.5,1.0,5.68736496393473,ok
pilot,14,shifted,DRF,classifier,candidate,selection_score,1.0,0.0,5.796866977283498,ok
pilot,14,shifted,DRF,classifier,candidate,selection_score,1.0,0.5,5.73017776561181,ok
pilot,14,shifted,DRF,classifier,candidate,selection_score,1.0,1.0,5.735833995329095,ok
pilot,14,shifted,DRF,classifier,rct_only,selected_lambda,0.0,0.0,0.0,ok
pilot,14,shifted,DRF,classifier,rct_only,selected_omega,0.0,0.0,0.0,ok
pilot,14,shifted,DRF,classifier,lambda_only,selected_lambda,1.0,0.0,1.0,ok
pilot,14,shifted,DRF,classifier,lambda_only,selected_omega,1.0,0.0,0.0,ok
pilot,14,shifted,DRF,classifier,omega_only,selected_lambda,0.0,1.0,0.0,ok
pilot,14,shifted,DRF,classifier,omega_only,selected_omega,0.0,1.0,1.0,ok
pilot,14,shifted,DRF,classifier,joint,selected_lambda,0.5,1.0,0.5,ok
pilot,14,shifted,DRF,classifier,joint,selected_omega,0.5,1.0,1.0,ok
pilot,14,shifted,DRF,classifier,diagnostic,fixed_candidate_drift,0.5,0.5,0.03932019151320609,ok
pilot,14,shifted,RF,classifier,candidate,selection_score,0.0,0.0,5.9201281557355765,ok
pilot,14,shifted,RF,classifier,candidate,selection_score,0.0,0.5,5.724930618321146,ok
pilot,14,shifted,RF,classifier,candidate,selection_score,0.0,1.0,5.63802193405397,ok
pilot,14,shifted,RF,classifier,candidate,selection_score,0.5,0.0,5.929121046574919,ok
pilot,14,shifted,RF,classifier,candidate,selection_score,0.5,0.5,5.737465664279127,ok
pilot,14,shifted,RF,classifier,candidate,selection_score,0.5,1.0,5.654855196347056,ok
pilot,14,shifted,RF,classifier,candidate,selection_score,1.0,0.0,5.97144049843377,ok
pilot,14,shifted,RF,classifier,candidate,selection_score,1.0,0.5,5.7916291913291325,ok
pilot,14,shifted,RF,classifier,candidate,selection_score,1.0,1.0,5.735833995329093,ok
pilot,14,shifted,RF,classifier,rct_only,selected_lambda,0.0,0.0,0.0,ok
pilot,14,shifted,RF,classifier,rct_only,selected_omega,0.0,0.0,0.0,ok
pilot,14,shifted,RF,classifier,lambda_only,selected_lambda,0.0,0.0,0.0,ok
pilot,14,shifted,RF,classifier,lambda_only,selected_omega,0.0,0.0,0.0,ok
pilot,14,shifted,RF,classifier,omega_only,selected_lambda,0.0,1.0,0.0,ok
pilot,14,shifted,RF,classifier,omega_only,selected_omega,0.0,1.0,1.0,ok
pilot,14,shifted,RF,classifier,joint,selected_lambda,0.0,1.0,0.0,ok
pilot,14,shifted,RF,classifier,joint,selected_omega,0.0,1.0,1.0,ok
pilot,14,shifted,RF,classifier,diagnostic,fixed_candidate_drift,0.5,0.5,-0.024807605902593677,ok
pilot,14,shifted,,wrong_unit,,ratio/mean,,,1.0,ok
pilot,14,shifted,,wrong_unit,,ratio/second_moment,,,1.0,ok
pilot,14,shifted,,wrong_unit,,ratio/ess_fraction,,,1.0,ok
pilot,14,shifted,,wrong_unit,,ratio/max,,,1.0,ok
pilot,14,shifted,,wrong_unit,,ratio/classifier_converged,,,1.0,ok
pilot,14,shifted,DRF,wrong_unit,candidate,selection_score,0.0,0.0,5.957234987996992,ok
pilot,14,shifted,DRF,wrong_unit,candidate,selection_score,0.0,0.5,5.840712352148127,ok
pilot,14,shifted,DRF,wrong_unit,candidate,selection_score,0.0,1.0,5.792057340622669,ok
pilot,14,shifted,DRF,wrong_unit,candidate,selection_score,0.5,0.0,5.829270975786726,ok
pilot,14,shifted,DRF,wrong_unit,candidate,selection_score,0.5,0.5,5.7158488565609735,ok
pilot,14,shifted,DRF,wrong_unit,candidate,selection_score,0.5,1.0,5.61529289941939,ok
pilot,14,shifted,DRF,wrong_unit,candidate,selection_score,1.0,0.0,5.796866977283498,ok
pilot,14,shifted,DRF,wrong_unit,candidate,selection_score,1.0,0.5,5.70703278705847,ok
pilot,14,shifted,DRF,wrong_unit,candidate,selection_score,1.0,1.0,5.599652679802773,ok
pilot,14,shifted,DRF,wrong_unit,rct_only,selected_lambda,0.0,0.0,0.0,ok
pilot,14,shifted,DRF,wrong_unit,rct_only,selected_omega,0.0,0.0,0.0,ok
pilot,14,shifted,DRF,wrong_unit,lambda_only,selected_lambda,1.0,0.0,1.0,ok
pilot,14,shifted,DRF,wrong_unit,lambda_only,selected_omega,1.0,0.0,0.0,ok
pilot,14,shifted,DRF,wrong_unit,omega_only,selected_lambda,0.0,1.0,0.0,ok
pilot,14,shifted,DRF,wrong_unit,omega_only,selected_omega,0.0,1.0,1.0,ok
pilot,14,shifted,DRF,wrong_unit,joint,selected_lambda,1.0,1.0,1.0,ok
pilot,14,shifted,DRF,wrong_unit,joint,selected_omega,1.0,1.0,1.0,ok
pilot,14,shifted,DRF,wrong_unit,diagnostic,fixed_candidate_drift,0.5,0.5,0.027501462947651878,ok
pilot,14,shifted,RF,wrong_unit,candidate,selection_score,0.0,0.0,5.9201281557355765,ok
pilot,14,shifted,RF,wrong_unit,candidate,selection_score,0.0,0.5,5.731474317216481,ok
pilot,14,shifted,RF,wrong_unit,candidate,selection_score,0.0,1.0,5.559500545043731,ok
pilot,14,shifted,RF,wrong_unit,candidate,selection_score,0.5,0.0,5.929121046574919,ok
pilot,14,shifted,RF,wrong_unit,candidate,selection_score,0.5,0.5,5.731450780645549,ok
pilot,14,shifted,RF,wrong_unit,candidate,selection_score,0.5,1.0,5.548869612182333,ok
pilot,14,shifted,RF,wrong_unit,candidate,selection_score,1.0,0.0,5.97144049843377,ok
pilot,14,shifted,RF,wrong_unit,candidate,selection_score,1.0,0.5,5.77236743780211,ok
pilot,14,shifted,RF,wrong_unit,candidate,selection_score,1.0,1.0,5.599652679802772,ok
pilot,14,shifted,RF,wrong_unit,rct_only,selected_lambda,0.0,0.0,0.0,ok
pilot,14,shifted,RF,wrong_unit,rct_only,selected_omega,0.0,0.0,0.0,ok
pilot,14,shifted,RF,wrong_unit,lambda_only,selected_lambda,0.0,0.0,0.0,ok
pilot,14,shifted,RF,wrong_unit,lambda_only,selected_omega,0.0,0.0,0.0,ok
pilot,14,shifted,RF,wrong_unit,omega_only,selected_lambda,0.0,1.0,0.0,ok
pilot,14,shifted,RF,wrong_unit,omega_only,selected_omega,0.0,1.0,1.0,ok
pilot,14,shifted,RF,wrong_unit,joint,selected_lambda,0.5,1.0,0.5,ok
pilot,14,shifted,RF,wrong_unit,joint,selected_omega,0.5,1.0,1.0,ok
pilot,14,shifted,RF,wrong_unit,diagnostic,fixed_candidate_drift,0.5,0.5,-0.061303291581087604,ok
pilot,14,,,,,runtime_seconds,,,0.10827064514160156,ok
pilot,15,shared,,unit_exact,,ratio/mean,,,1.0,ok
pilot,15,shared,,unit_exact,,ratio/second_moment,,,1.0,ok
pilot,15,shared,,unit_exact,,ratio/ess_fraction,,,1.0,ok
pilot,15,shared,,unit_exact,,ratio/max,,,1.0,ok
pilot,15,shared,,unit_exact,,ratio/classifier_converged,,,1.0,ok
pilot,15,shared,DRF,unit_exact,candidate,selection_score,0.0,0.0,5.3997090750480545,ok
pilot,15,shared,DRF,unit_exact,candidate,selection_score,0.0,0.5,5.393261242225825,ok
pilot,15,shared,DRF,unit_exact,candidate,selection_score,0.0,1.0,5.434060710923885,ok
pilot,15,shared,DRF,unit_exact,candidate,selection_score,0.5,0.0,5.485247132767127,ok
pilot,15,shared,DRF,unit_exact,candidate,selection_score,0.5,0.5,5.44395687404936,ok
pilot,15,shared,DRF,unit_exact,candidate,selection_score,0.5,1.0,5.443496440358344,ok
pilot,15,shared,DRF,unit_exact,candidate,selection_score,1.0,0.0,5.656660028606488,ok
pilot,15,shared,DRF,unit_exact,candidate,selection_score,1.0,0.5,5.570938318842434,ok
pilot,15,shared,DRF,unit_exact,candidate,selection_score,1.0,1.0,5.530848769083187,ok
pilot,15,shared,DRF,unit_exact,rct_only,selected_lambda,0.0,0.0,0.0,ok
pilot,15,shared,DRF,unit_exact,rct_only,selected_omega,0.0,0.0,0.0,ok
pilot,15,shared,DRF,unit_exact,lambda_only,selected_lambda,0.0,0.0,0.0,ok
pilot,15,shared,DRF,unit_exact,lambda_only,selected_omega,0.0,0.0,0.0,ok
pilot,15,shared,DRF,unit_exact,omega_only,selected_lambda,0.0,0.5,0.0,ok
pilot,15,shared,DRF,unit_exact,omega_only,selected_omega,0.0,0.5,0.5,ok
pilot,15,shared,DRF,unit_exact,joint,selected_lambda,0.0,0.5,0.0,ok
pilot,15,shared,DRF,unit_exact,joint,selected_omega,0.0,0.5,0.5,ok
pilot,15,shared,DRF,unit_exact,diagnostic,fixed_candidate_drift,0.5,0.5,0.09478166059583848,ok
pilot,15,shared,RF,unit_exact,candidate,selection_score,0.0,0.0,5.686347339893922,ok
pilot,15,shared,RF,unit_exact,candidate,selection_score,0.0,0.5,5.592795131368081,ok
pilot,15,shared,RF,unit_exact,candidate,selection_score,0.0,1.0,5.576111956183541,ok
pilot,15,shared,RF,unit_exact,candidate,selection_score,0.5,0.0,5.6404319375170235,ok
pilot,15,shared,RF,unit_exact,candidate,selection_score,0.5,0.5,5.542232766848712,ok
pilot,15,shared,RF,unit_exact,candidate,selection_score,0.5,1.0,5.516662739212083,ok
pilot,15,shared,RF,unit_exact,candidate,selection_score,1.0,0.0,5.68197313814343,ok
pilot,15,shared,RF,unit_exact,candidate,selection_score,1.0,0.5,5.564190064245843,ok
pilot,15,shared,RF,unit_exact,candidate,selection_score,1.0,1.0,5.530848769083186,ok
pilot,15,shared,RF,unit_exact,rct_only,selected_lambda,0.0,0.0,0.0,ok
pilot,15,shared,RF,unit_exact,rct_only,selected_omega,0.0,0.0,0.0,ok
pilot,15,shared,RF,unit_exact,lambda_only,selected_lambda,0.5,0.0,0.5,ok
pilot,15,shared,RF,unit_exact,lambda_only,selected_omega,0.5,0.0,0.0,ok
pilot,15,shared,RF,unit_exact,omega_only,selected_lambda,0.0,1.0,0.0,ok
pilot,15,shared,RF,unit_exact,omega_only,selected_omega,0.0,1.0,1.0,ok
pilot,15,shared,RF,unit_exact,joint,selected_lambda,0.5,1.0,0.5,ok
pilot,15,shared,RF,unit_exact,joint,selected_omega,0.5,1.0,1.0,ok
pilot,15,shared,RF,unit_exact,diagnostic,fixed_candidate_drift,0.5,0.5,-0.002145677562070847,ok
pilot,15,shifted,,exact,,ratio/mean,,,0.9449862164281396,ok
pilot,15,shifted,,exact,,ratio/second_moment,,,2.1615363412166424,ok
pilot,15,shifted,,exact,,ratio/ess_fraction,,,0.4131315917346721,ok
pilot,15,shifted,,exact,,ratio/max,,,11.085481133234852,ok
pilot,15,shifted,,exact,,ratio/classifier_converged,,,1.0,ok
pilot,15,shifted,DRF,exact,candidate,selection_score,0.0,0.0,5.3997090750480545,ok
pilot,15,shifted,DRF,exact,candidate,selection_score,0.0,0.5,5.355781082607057,ok
pilot,15,shifted,DRF,exact,candidate,selection_score,0.0,1.0,5.386143802291706,ok
pilot,15,shifted,DRF,exact,candidate,selection_score,0.5,0.0,5.465670389980442,ok
pilot,15,shifted,DRF,exact,candidate,selection_score,0.5,0.5,5.405170606938164,ok
pilot,15,shifted,DRF,exact,candidate,selection_score,0.5,1.0,5.396904787634912,ok
pilot,15,shifted,DRF,exact,candidate,selection_score,1.0,0.0,5.610895921335838,ok
pilot,15,shifted,DRF,exact,candidate,selection_score,1.0,0.5,5.532627400053031,ok
pilot,15,shifted,DRF,exact,candidate,selection_score,1.0,1.0,5.503068177628252,ok
pilot,15,shifted,DRF,exact,rct_only,selected_lambda,0.0,0.0,0.0,ok
pilot,15,shifted,DRF,exact,rct_only,selected_omega,0.0,0.0,0.0,ok
pilot,15,shifted,DRF,exact,lambda_only,selected_lambda,0.0,0.0,0.0,ok
pilot,15,shifted,DRF,exact,lambda_only,selected_omega,0.0,0.0,0.0,ok
pilot,15,shifted,DRF,exact,omega_only,selected_lambda,0.0,0.5,0.0,ok
pilot,15,shifted,DRF,exact,omega_only,selected_omega,0.0,0.5,0.5,ok
pilot,15,shifted,DRF,exact,joint,selected_lambda,0.0,0.5,0.0,ok
pilot,15,shifted,DRF,exact,joint,selected_omega,0.0,0.5,0.5,ok
pilot,15,shifted,DRF,exact,diagnostic,fixed_candidate_drift,0.5,0.5,0.06822832942885382,ok
pilot,15,shifted,RF,exact,candidate,selection_score,0.0,0.0,5.686347339893922,ok
pilot,15,shifted,RF,exact,candidate,selection_score,0.0,0.5,5.597162520481546,ok
pilot,15,shifted,RF,exact,candidate,selection_score,0.0,1.0,5.590064095200996,ok
pilot,15,shifted,RF,exact,candidate,selection_score,0.5,0.0,5.604584399819804,ok
pilot,15,shifted,RF,exact,candidate,selection_score,0.5,0.5,5.518491962023781,ok
pilot,15,shifted,RF,exact,candidate,selection_score,0.5,1.0,5.5117326561388325,ok
pilot,15,shifted,RF,exact,candidate,selection_score,1.0,0.0,5.608600461688069,ok
pilot,15,shifted,RF,exact,candidate,selection_score,1.0,0.5,5.50823538239771,ok
pilot,15,shifted,RF,exact,candidate,selection_score,1.0,1.0,5.503068177628257,ok
pilot,15,shifted,RF,exact,rct_only,selected_lambda,0.0,0.0,0.0,ok
pilot,15,shifted,RF,exact,rct_only,selected_omega,0.0,0.0,0.0,ok
pilot,15,shifted,RF,exact,lambda_only,selected_lambda,0.5,0.0,0.5,ok
pilot,15,shifted,RF,exact,lambda_only,selected_omega,0.5,0.0,0.0,ok
pilot,15,shifted,RF,exact,omega_only,selected_lambda,0.0,1.0,0.0,ok
pilot,15,shifted,RF,exact,omega_only,selected_omega,0.0,1.0,1.0,ok
pilot,15,shifted,RF,exact,joint,selected_lambda,1.0,1.0,1.0,ok
pilot,15,shifted,RF,exact,joint,selected_omega,1.0,1.0,1.0,ok
pilot,15,shifted,RF,exact,diagnostic,fixed_candidate_drift,0.5,0.5,-0.007635414909614391,ok
pilot,15,shifted,,classifier,,ratio/mean,,,0.9624491952248445,ok
pilot,15,shifted,,classifier,,ratio/second_moment,,,2.406378865534308,ok
pilot,15,shifted,,classifier,,ratio/ess_fraction,,,0.38493874204770123,ok
pilot,15,shifted,,classifier,,ratio/max,,,12.389341480904267,ok
pilot,15,shifted,,classifier,,ratio/classifier_converged,,,1.0,ok
pilot,15,shifted,DRF,classifier,candidate,selection_score,0.0,0.0,5.3997090750480545,ok
pilot,15,shifted,DRF,classifier,candidate,selection_score,0.0,0.5,5.382102581478805,ok
pilot,15,shifted,DRF,classifier,candidate,selection_score,0.0,1.0,5.406407536574453,ok
pilot,15,shifted,DRF,classifier,candidate,selection_score,0.5,0.0,5.465670389980442,ok
pilot,15,shifted,DRF,classifier,candidate,selection_score,0.5,0.5,5.431341019354159,ok
pilot,15,shifted,DRF,classifier,candidate,selection_score,0.5,1.0,5.415238996026545,ok
pilot,15,shifted,DRF,classifier,candidate,selection_score,1.0,0.0,5.610895921335838,ok
pilot,15,shifted,DRF,classifier,candidate,selection_score,1.0,0.5,5.560772708308363,ok
pilot,15,shifted,DRF,classifier,candidate,selection_score,1.0,1.0,5.520309610635628,ok
pilot,15,shifted,DRF,classifier,rct_only,selected_lambda,0.0,0.0,0.0,ok
pilot,15,shifted,DRF,classifier,rct_only,selected_omega,0.0,0.0,0.0,ok
pilot,15,shifted,DRF,classifier,lambda_only,selected_lambda,0.0,0.0,0.0,ok
pilot,15,shifted,DRF,classifier,lambda_only,selected_omega,0.0,0.0,0.0,ok
pilot,15,shifted,DRF,classifier,omega_only,selected_lambda,0.0,0.5,0.0,ok
pilot,15,shifted,DRF,classifier,omega_only,selected_omega,0.0,0.5,0.5,ok
pilot,15,shifted,DRF,classifier,joint,selected_lambda,0.0,0.5,0.0,ok
pilot,15,shifted,DRF,classifier,joint,selected_omega,0.0,0.5,0.5,ok
pilot,15,shifted,DRF,classifier,diagnostic,fixed_candidate_drift,0.5,0.5,0.07944322198340531,ok
pilot,15,shifted,RF,classifier,candidate,selection_score,0.0,0.0,5.686347339893922,ok
pilot,15,shifted,RF,classifier,candidate,selection_score,0.0,0.5,5.638601879732371,ok
pilot,15,shifted,RF,classifier,candidate,selection_score,0.0,1.0,5.636945913796013,ok
pilot,15,shifted,RF,classifier,candidate,selection_score,0.5,0.0,5.604584399819804,ok
pilot,15,shifted,RF,classifier,candidate,selection_score,0.5,0.5,5.552287807979536,ok
pilot,15,shifted,RF,classifier,candidate,selection_score,0.5,1.0,5.542973149862402,ok
pilot,15,shifted,RF,classifier,candidate,selection_score,1.0,0.0,5.608600461688069,ok
pilot,15,shifted,RF,classifier,candidate,selection_score,1.0,0.5,5.537592700136156,ok
pilot,15,shifted,RF,classifier,candidate,selection_score,1.0,1.0,5.520309610635634,ok
pilot,15,shifted,RF,classifier,rct_only,selected_lambda,0.0,0.0,0.0,ok
pilot,15,shifted,RF,classifier,rct_only,selected_omega,0.0,0.0,0.0,ok
pilot,15,shifted,RF,classifier,lambda_only,selected_lambda,0.5,0.0,0.5,ok
pilot,15,shifted,RF,classifier,lambda_only,selected_omega,0.5,0.0,0.0,ok
pilot,15,shifted,RF,classifier,omega_only,selected_lambda,0.0,1.0,0.0,ok
pilot,15,shifted,RF,classifier,omega_only,selected_omega,0.0,1.0,1.0,ok
pilot,15,shifted,RF,classifier,joint,selected_lambda,1.0,1.0,1.0,ok
pilot,15,shifted,RF,classifier,joint,selected_omega,1.0,1.0,1.0,ok
pilot,15,shifted,RF,classifier,diagnostic,fixed_candidate_drift,0.5,0.5,0.01351543236719166,ok
pilot,15,shifted,,wrong_unit,,ratio/mean,,,1.0,ok
pilot,15,shifted,,wrong_unit,,ratio/second_moment,,,1.0,ok
pilot,15,shifted,,wrong_unit,,ratio/ess_fraction,,,1.0,ok
pilot,15,shifted,,wrong_unit,,ratio/max,,,1.0,ok
pilot,15,shifted,,wrong_unit,,ratio/classifier_converged,,,1.0,ok
pilot,15,shifted,DRF,wrong_unit,candidate,selection_score,0.0,0.0,5.3997090750480545,ok
pilot,15,shifted,DRF,wrong_unit,candidate,selection_score,0.0,0.5,5.237526799417028,ok
pilot,15,shifted,DRF,wrong_unit,candidate,selection_score,0.0,1.0,4.893598272832158,ok
pilot,15,shifted,DRF,wrong_unit,candidate,selection_score,0.5,0.0,5.465670389980442,ok
pilot,15,shifted,DRF,wrong_unit,candidate,selection_score,0.5,0.5,5.27379251601016,ok
pilot,15,shifted,DRF,wrong_unit,candidate,selection_score,0.5,1.0,4.94805032109462,ok
pilot,15,shifted,DRF,wrong_unit,candidate,selection_score,1.0,0.0,5.610895921335838,ok
pilot,15,shifted,DRF,wrong_unit,candidate,selection_score,1.0,0.5,5.3831394566037805,ok
pilot,15,shifted,DRF,wrong_unit,candidate,selection_score,1.0,1.0,5.076566921161502,ok
pilot,15,shifted,DRF,wrong_unit,rct_only,selected_lambda,0.0,0.0,0.0,ok
pilot,15,shifted,DRF,wrong_unit,rct_only,selected_omega,0.0,0.0,0.0,ok
pilot,15,shifted,DRF,wrong_unit,lambda_only,selected_lambda,0.0,0.0,0.0,ok
pilot,15,shifted,DRF,wrong_unit,lambda_only,selected_omega,0.0,0.0,0.0,ok
pilot,15,shifted,DRF,wrong_unit,omega_only,selected_lambda,0.0,1.0,0.0,ok
pilot,15,shifted,DRF,wrong_unit,omega_only,selected_omega,0.0,1.0,1.0,ok
pilot,15,shifted,DRF,wrong_unit,joint,selected_lambda,0.0,1.0,0.0,ok
pilot,15,shifted,DRF,wrong_unit,joint,selected_omega,0.0,1.0,1.0,ok
pilot,15,shifted,DRF,wrong_unit,diagnostic,fixed_candidate_drift,0.5,0.5,-0.174649378084273,ok
pilot,15,shifted,RF,wrong_unit,candidate,selection_score,0.0,0.0,5.686347339893922,ok
pilot,15,shifted,RF,wrong_unit,candidate,selection_score,0.0,0.5,5.443981058837943,ok
pilot,15,shifted,RF,wrong_unit,candidate,selection_score,0.0,1.0,5.11939950753565,ok
pilot,15,shifted,RF,wrong_unit,candidate,selection_score,0.5,0.0,5.604584399819804,ok
pilot,15,shifted,RF,wrong_unit,candidate,selection_score,0.5,0.5,5.363786034653416,ok
pilot,15,shifted,RF,wrong_unit,candidate,selection_score,0.5,1.0,5.065800602098954,ok
pilot,15,shifted,RF,wrong_unit,candidate,selection_score,1.0,0.0,5.608600461688069,ok
pilot,15,shifted,RF,wrong_unit,candidate,selection_score,1.0,0.5,5.353196075679061,ok
pilot,15,shifted,RF,wrong_unit,candidate,selection_score,1.0,1.0,5.076566921161507,ok
pilot,15,shifted,RF,wrong_unit,rct_only,selected_lambda,0.0,0.0,0.0,ok
pilot,15,shifted,RF,wrong_unit,rct_only,selected_omega,0.0,0.0,0.0,ok
pilot,15,shifted,RF,wrong_unit,lambda_only,selected_lambda,0.5,0.0,0.5,ok
pilot,15,shifted,RF,wrong_unit,lambda_only,selected_omega,0.5,0.0,0.0,ok
pilot,15,shifted,RF,wrong_unit,omega_only,selected_lambda,0.0,1.0,0.0,ok
pilot,15,shifted,RF,wrong_unit,omega_only,selected_omega,0.0,1.0,1.0,ok
pilot,15,shifted,RF,wrong_unit,joint,selected_lambda,0.5,1.0,0.5,ok
pilot,15,shifted,RF,wrong_unit,joint,selected_omega,0.5,1.0,1.0,ok
pilot,15,shifted,RF,wrong_unit,diagnostic,fixed_candidate_drift,0.5,0.5,-0.3408531270630698,ok
pilot,15,,,,,runtime_seconds,,,0.11132407188415527,ok
pilot,16,shared,,unit_exact,,ratio/mean,,,1.0,ok
pilot,16,shared,,unit_exact,,ratio/second_moment,,,1.0,ok
pilot,16,shared,,unit_exact,,ratio/ess_fraction,,,1.0,ok
pilot,16,shared,,unit_exact,,ratio/max,,,1.0,ok
pilot,16,shared,,unit_exact,,ratio/classifier_converged,,,1.0,ok
pilot,16,shared,DRF,unit_exact,candidate,selection_score,0.0,0.0,5.443927302371576,ok
pilot,16,shared,DRF,unit_exact,candidate,selection_score,0.0,0.5,5.574563809869822,ok
pilot,16,shared,DRF,unit_exact,candidate,selection_score,0.0,1.0,5.742455757565566,ok
pilot,16,shared,DRF,unit_exact,candidate,selection_score,0.5,0.0,5.445558261648197,ok
pilot,16,shared,DRF,unit_exact,candidate,selection_score,0.5,0.5,5.561459110000568,ok
pilot,16,shared,DRF,unit_exact,candidate,selection_score,0.5,1.0,5.731268647279502,ok
pilot,16,shared,DRF,unit_exact,candidate,selection_score,1.0,0.0,5.499393736775667,ok
pilot,16,shared,DRF,unit_exact,candidate,selection_score,1.0,0.5,5.598464255959329,ok
pilot,16,shared,DRF,unit_exact,candidate,selection_score,1.0,1.0,5.772796043818067,ok
pilot,16,shared,DRF,unit_exact,rct_only,selected_lambda,0.0,0.0,0.0,ok
pilot,16,shared,DRF,unit_exact,rct_only,selected_omega,0.0,0.0,0.0,ok
pilot,16,shared,DRF,unit_exact,lambda_only,selected_lambda,0.0,0.0,0.0,ok
pilot,16,shared,DRF,unit_exact,lambda_only,selected_omega,0.0,0.0,0.0,ok
pilot,16,shared,DRF,unit_exact,omega_only,selected_lambda,0.0,0.0,0.0,ok
pilot,16,shared,DRF,unit_exact,omega_only,selected_omega,0.0,0.0,0.0,ok
pilot,16,shared,DRF,unit_exact,joint,selected_lambda,0.0,0.0,0.0,ok
pilot,16,shared,DRF,unit_exact,joint,selected_omega,0.0,0.0,0.0,ok
pilot,16,shared,DRF,unit_exact,diagnostic,fixed_candidate_drift,0.5,0.5,0.2366851794730771,ok
pilot,16,shared,RF,unit_exact,candidate,selection_score,0.0,0.0,5.316874182989063,ok
pilot,16,shared,RF,unit_exact,candidate,selection_score,0.0,0.5,5.530301610117888,ok
pilot,16,shared,RF,unit_exact,candidate,selection_score,0.0,1.0,5.7425020720351405,ok
pilot,16,shared,RF,unit_exact,candidate,selection_score,0.5,0.0,5.298583518892312,ok
pilot,16,shared,RF,unit_exact,candidate,selection_score,0.5,0.5,5.514749763335785,ok
pilot,16,shared,RF,unit_exact,candidate,selection_score,0.5,1.0,5.742488881094778,ok
pilot,16,shared,RF,unit_exact,candidate,selection_score,1.0,0.0,5.314052121068308,ok
pilot,16,shared,RF,unit_exact,candidate,selection_score,1.0,0.5,5.526639764809428,ok
pilot,16,shared,RF,unit_exact,candidate,selection_score,1.0,1.0,5.772796043818067,ok
pilot,16,shared,RF,unit_exact,rct_only,selected_lambda,0.0,0.0,0.0,ok
pilot,16,shared,RF,unit_exact,rct_only,selected_omega,0.0,0.0,0.0,ok
pilot,16,shared,RF,unit_exact,lambda_only,selected_lambda,0.5,0.0,0.5,ok
pilot,16,shared,RF,unit_exact,lambda_only,selected_omega,0.5,0.0,0.0,ok
pilot,16,shared,RF,unit_exact,omega_only,selected_lambda,0.0,0.0,0.0,ok
pilot,16,shared,RF,unit_exact,omega_only,selected_omega,0.0,0.0,0.0,ok
pilot,16,shared,RF,unit_exact,joint,selected_lambda,0.5,0.0,0.5,ok
pilot,16,shared,RF,unit_exact,joint,selected_omega,0.5,0.0,0.0,ok
pilot,16,shared,RF,unit_exact,diagnostic,fixed_candidate_drift,0.5,0.5,0.3318860427664163,ok
pilot,16,shifted,,exact,,ratio/mean,,,0.9196039577525735,ok
pilot,16,shifted,,exact,,ratio/second_moment,,,1.758063618927008,ok
pilot,16,shifted,,exact,,ratio/ess_fraction,,,0.48102436681462774,ok
pilot,16,shifted,,exact,,ratio/max,,,8.428539917002515,ok
pilot,16,shifted,,exact,,ratio/classifier_converged,,,1.0,ok
pilot,16,shifted,DRF,exact,candidate,selection_score,0.0,0.0,5.443927302371576,ok
pilot,16,shifted,DRF,exact,candidate,selection_score,0.0,0.5,5.587318237804743,ok
pilot,16,shifted,DRF,exact,candidate,selection_score,0.0,1.0,5.780587590717344,ok
pilot,16,shifted,DRF,exact,candidate,selection_score,0.5,0.0,5.454660768289745,ok
pilot,16,shifted,DRF,exact,candidate,selection_score,0.5,0.5,5.585654380718244,ok
pilot,16,shifted,DRF,exact,candidate,selection_score,0.5,1.0,5.783977861255374,ok
pilot,16,shifted,DRF,exact,candidate,selection_score,1.0,0.0,5.519860855306521,ok
pilot,16,shifted,DRF,exact,candidate,selection_score,1.0,0.5,5.637911471566244,ok
pilot,16,shifted,DRF,exact,candidate,selection_score,1.0,1.0,5.845624307197658,ok
pilot,16,shifted,DRF,exact,rct_only,selected_lambda,0.0,0.0,0.0,ok
pilot,16,shifted,DRF,exact,rct_only,selected_omega,0.0,0.0,0.0,ok
pilot,16,shifted,DRF,exact,lambda_only,selected_lambda,0.0,0.0,0.0,ok
pilot,16,shifted,DRF,exact,lambda_only,selected_omega,0.0,0.0,0.0,ok
pilot,16,shifted,DRF,exact,omega_only,selected_lambda,0.0,0.0,0.0,ok
pilot,16,shifted,DRF,exact,omega_only,selected_omega,0.0,0.0,0.0,ok
pilot,16,shifted,DRF,exact,joint,selected_lambda,0.0,0.0,0.0,ok
pilot,16,shifted,DRF,exact,joint,selected_omega,0.0,0.0,0.0,ok
pilot,16,shifted,DRF,exact,diagnostic,fixed_candidate_drift,0.5,0.5,0.23665476471342067,ok
pilot,16,shifted,RF,exact,candidate,selection_score,0.0,0.0,5.316874182989063,ok
pilot,16,shifted,RF,exact,candidate,selection_score,0.0,0.5,5.516195988313627,ok
pilot,16,shifted,RF,exact,candidate,selection_score,0.0,1.0,5.738049838296243,ok
pilot,16,shifted,RF,exact,candidate,selection_score,0.5,0.0,5.3137939545927955,ok
pilot,16,shifted,RF,exact,candidate,selection_score,0.5,0.5,5.52153552413692,ok
pilot,16,shifted,RF,exact,candidate,selection_score,0.5,1.0,5.772455224953056,ok
pilot,16,shifted,RF,exact,candidate,selection_score,1.0,0.0,5.345360697120299,ok
pilot,16,shifted,RF,exact,candidate,selection_score,1.0,0.5,5.556880756661581,ok
pilot,16,shifted,RF,exact,candidate,selection_score,1.0,1.0,5.845624307197662,ok
pilot,16,shifted,RF,exact,rct_only,selected_lambda,0.0,0.0,0.0,ok
pilot,16,shifted,RF,exact,rct_only,selected_omega,0.0,0.0,0.0,ok
pilot,16,shifted,RF,exact,lambda_only,selected_lambda,0.5,0.0,0.5,ok
pilot,16,shifted,RF,exact,lambda_only,selected_omega,0.5,0.0,0.0,ok
pilot,16,shifted,RF,exact,omega_only,selected_lambda,0.0,0.0,0.0,ok
pilot,16,shifted,RF,exact,omega_only,selected_omega,0.0,0.0,0.0,ok
pilot,16,shifted,RF,exact,joint,selected_lambda,0.5,0.0,0.5,ok
pilot,16,shifted,RF,exact,joint,selected_omega,0.5,0.0,0.0,ok
pilot,16,shifted,RF,exact,diagnostic,fixed_candidate_drift,0.5,0.5,0.3284642844846509,ok
pilot,16,shifted,,classifier,,ratio/mean,,,0.9218989095803438,ok
pilot,16,shifted,,classifier,,ratio/second_moment,,,1.6225867659917894,ok
pilot,16,shifted,,classifier,,ratio/ess_fraction,,,0.5237917732959789,ok
pilot,16,shifted,,classifier,,ratio/max,,,7.329033892367991,ok
pilot,16,shifted,,classifier,,ratio/classifier_converged,,,1.0,ok
pilot,16,shifted,DRF,classifier,candidate,selection_score,0.0,0.0,5.443927302371576,ok
pilot,16,shifted,DRF,classifier,candidate,selection_score,0.0,0.5,5.539493575897755,ok
pilot,16,shifted,DRF,classifier,candidate,selection_score,0.0,1.0,5.686917686147846,ok
pilot,16,shifted,DRF,classifier,candidate,selection_score,0.5,0.0,5.454660768289745,ok
pilot,16,shifted,DRF,classifier,candidate,selection_score,0.5,0.5,5.534590305666473,ok
pilot,16,shifted,DRF,classifier,candidate,selection_score,0.5,1.0,5.68505101703212,ok
pilot,16,shifted,DRF,classifier,candidate,selection_score,1.0,0.0,5.519860855306521,ok
pilot,16,shifted,DRF,classifier,candidate,selection_score,1.0,0.5,5.582809327362954,ok
pilot,16,shifted,DRF,classifier,candidate,selection_score,1.0,1.0,5.739239447363277,ok
pilot,16,shifted,DRF,classifier,rct_only,selected_lambda,0.0,0.0,0.0,ok
pilot,16,shifted,DRF,classifier,rct_only,selected_omega,0.0,0.0,0.0,ok
pilot,16,shifted,DRF,classifier,lambda_only,selected_lambda,0.0,0.0,0.0,ok
pilot,16,shifted,DRF,classifier,lambda_only,selected_omega,0.0,0.0,0.0,ok
pilot,16,shifted,DRF,classifier,omega_only,selected_lambda,0.0,0.0,0.0,ok
pilot,16,shifted,DRF,classifier,omega_only,selected_omega,0.0,0.0,0.0,ok
pilot,16,shifted,DRF,classifier,joint,selected_lambda,0.0,0.0,0.0,ok
pilot,16,shifted,DRF,classifier,joint,selected_omega,0.0,0.0,0.0,ok
pilot,16,shifted,DRF,classifier,diagnostic,fixed_candidate_drift,0.5,0.5,0.20722578443160417,ok
pilot,16,shifted,RF,classifier,candidate,selection_score,0.0,0.0,5.316874182989063,ok
pilot,16,shifted,RF,classifier,candidate,selection_score,0.0,0.5,5.47444472150045,ok
pilot,16,shifted,RF,classifier,candidate,selection_score,0.0,1.0,5.646211683579442,ok
pilot,16,shifted,RF,classifier,candidate,selection_score,0.5,0.0,5.3137939545927955,ok
pilot,16,shifted,RF,classifier,candidate,selection_score,0.5,0.5,5.479025212963259,ok
pilot,16,shifted,RF,classifier,candidate,selection_score,0.5,1.0,5.673413550044966,ok
pilot,16,shifted,RF,classifier,candidate,selection_score,1.0,0.0,5.345360697120299,ok
pilot,16,shifted,RF,classifier,candidate,selection_score,1.0,0.5,5.514610098405039,ok
pilot,16,shifted,RF,classifier,candidate,selection_score,1.0,1.0,5.739239447363278,ok
pilot,16,shifted,RF,classifier,rct_only,selected_lambda,0.0,0.0,0.0,ok
pilot,16,shifted,RF,classifier,rct_only,selected_omega,0.0,0.0,0.0,ok
pilot,16,shifted,RF,classifier,lambda_only,selected_lambda,0.5,0.0,0.5,ok
pilot,16,shifted,RF,classifier,lambda_only,selected_omega,0.5,0.0,0.0,ok
pilot,16,shifted,RF,classifier,omega_only,selected_lambda,0.0,0.0,0.0,ok
pilot,16,shifted,RF,classifier,omega_only,selected_omega,0.0,0.0,0.0,ok
pilot,16,shifted,RF,classifier,joint,selected_lambda,0.5,0.0,0.5,ok
pilot,16,shifted,RF,classifier,joint,selected_omega,0.5,0.0,0.0,ok
pilot,16,shifted,RF,classifier,diagnostic,fixed_candidate_drift,0.5,0.5,0.29867543447963707,ok
pilot,16,shifted,,wrong_unit,,ratio/mean,,,1.0,ok
pilot,16,shifted,,wrong_unit,,ratio/second_moment,,,1.0,ok
pilot,16,shifted,,wrong_unit,,ratio/ess_fraction,,,1.0,ok
pilot,16,shifted,,wrong_unit,,ratio/max,,,1.0,ok
pilot,16,shifted,,wrong_unit,,ratio/classifier_converged,,,1.0,ok
pilot,16,shifted,DRF,wrong_unit,candidate,selection_score,0.0,0.0,5.443927302371576,ok
pilot,16,shifted,DRF,wrong_unit,candidate,selection_score,0.0,0.5,5.371939515900928,ok
pilot,16,shifted,DRF,wrong_unit,candidate,selection_score,0.0,1.0,5.163555613636932,ok
pilot,16,shifted,DRF,wrong_unit,candidate,selection_score,0.5,0.0,5.454660768289745,ok
pilot,16,shifted,DRF,wrong_unit,candidate,selection_score,0.5,0.5,5.384122438031554,ok
pilot,16,shifted,DRF,wrong_unit,candidate,selection_score,0.5,1.0,5.264553851751952,ok
pilot,16,shifted,DRF,wrong_unit,candidate,selection_score,1.0,0.0,5.519860855306521,ok
pilot,16,shifted,DRF,wrong_unit,candidate,selection_score,1.0,0.5,5.4498026873884235,ok
pilot,16,shifted,DRF,wrong_unit,candidate,selection_score,1.0,1.0,5.423054155516448,ok
pilot,16,shifted,DRF,wrong_unit,rct_only,selected_lambda,0.0,0.0,0.0,ok
pilot,16,shifted,DRF,wrong_unit,rct_only,selected_omega,0.0,0.0,0.0,ok
pilot,16,shifted,DRF,wrong_unit,lambda_only,selected_lambda,0.0,0.0,0.0,ok
pilot,16,shifted,DRF,wrong_unit,lambda_only,selected_omega,0.0,0.0,0.0,ok
pilot,16,shifted,DRF,wrong_unit,omega_only,selected_lambda,0.0,1.0,0.0,ok
pilot,16,shifted,DRF,wrong_unit,omega_only,selected_omega,0.0,1.0,1.0,ok
pilot,16,shifted,DRF,wrong_unit,joint,selected_lambda,0.0,1.0,0.0,ok
pilot,16,shifted,DRF,wrong_unit,joint,selected_omega,0.0,1.0,1.0,ok
pilot,16,shifted,DRF,wrong_unit,diagnostic,fixed_candidate_drift,0.5,0.5,-0.14188702154277466,ok
pilot,16,shifted,RF,wrong_unit,candidate,selection_score,0.0,0.0,5.316874182989063,ok
pilot,16,shifted,RF,wrong_unit,candidate,selection_score,0.0,0.5,5.319686794833244,ok
pilot,16,shifted,RF,wrong_unit,candidate,selection_score,0.0,1.0,5.278975289879052,ok
pilot,16,shifted,RF,wrong_unit,candidate,selection_score,0.5,0.0,5.3137939545927955,ok
pilot,16,shifted,RF,wrong_unit,candidate,selection_score,0.5,0.5,5.3280565552436805,ok
pilot,16,shifted,RF,wrong_unit,candidate,selection_score,0.5,1.0,5.331199195815099,ok
pilot,16,shifted,RF,wrong_unit,candidate,selection_score,1.0,0.0,5.345360697120299,ok
pilot,16,shifted,RF,wrong_unit,candidate,selection_score,1.0,0.5,5.366853970634396,ok
pilot,16,shifted,RF,wrong_unit,candidate,selection_score,1.0,1.0,5.423054155516452,ok
pilot,16,shifted,RF,wrong_unit,rct_only,selected_lambda,0.0,0.0,0.0,ok
pilot,16,shifted,RF,wrong_unit,rct_only,selected_omega,0.0,0.0,0.0,ok
pilot,16,shifted,RF,wrong_unit,lambda_only,selected_lambda,0.5,0.0,0.5,ok
pilot,16,shifted,RF,wrong_unit,lambda_only,selected_omega,0.5,0.0,0.0,ok
pilot,16,shifted,RF,wrong_unit,omega_only,selected_lambda,0.0,1.0,0.0,ok
pilot,16,shifted,RF,wrong_unit,omega_only,selected_omega,0.0,1.0,1.0,ok
pilot,16,shifted,RF,wrong_unit,joint,selected_lambda,0.0,1.0,0.0,ok
pilot,16,shifted,RF,wrong_unit,joint,selected_omega,0.0,1.0,1.0,ok
pilot,16,shifted,RF,wrong_unit,diagnostic,fixed_candidate_drift,0.5,0.5,-0.11784817502439426,ok
pilot,16,,,,,runtime_seconds,,,0.11123204231262207,ok
pilot,17,shared,,unit_exact,,ratio/mean,,,1.0,ok
pilot,17,shared,,unit_exact,,ratio/second_moment,,,1.0,ok
pilot,17,shared,,unit_exact,,ratio/ess_fraction,,,1.0,ok
pilot,17,shared,,unit_exact,,ratio/max,,,1.0,ok
pilot,17,shared,,unit_exact,,ratio/classifier_converged,,,1.0,ok
pilot,17,shared,DRF,unit_exact,candidate,selection_score,0.0,0.0,5.115599758970096,ok
pilot,17,shared,DRF,unit_exact,candidate,selection_score,0.0,0.5,5.1925907457788,ok
pilot,17,shared,DRF,unit_exact,candidate,selection_score,0.0,1.0,5.329311364064737,ok
pilot,17,shared,DRF,unit_exact,candidate,selection_score,0.5,0.0,5.0187132142463176,ok
pilot,17,shared,DRF,unit_exact,candidate,selection_score,0.5,0.5,5.095849233173791,ok
pilot,17,shared,DRF,unit_exact,candidate,selection_score,0.5,1.0,5.224659918102021,ok
pilot,17,shared,DRF,unit_exact,candidate,selection_score,1.0,0.0,4.976462902263512,ok
pilot,17,shared,DRF,unit_exact,candidate,selection_score,1.0,0.5,5.052567075121814,ok
pilot,17,shared,DRF,unit_exact,candidate,selection_score,1.0,1.0,5.17596563855248,ok
pilot,17,shared,DRF,unit_exact,rct_only,selected_lambda,0.0,0.0,0.0,ok
pilot,17,shared,DRF,unit_exact,rct_only,selected_omega,0.0,0.0,0.0,ok
pilot,17,shared,DRF,unit_exact,lambda_only,selected_lambda,1.0,0.0,1.0,ok
pilot,17,shared,DRF,unit_exact,lambda_only,selected_omega,1.0,0.0,0.0,ok
pilot,17,shared,DRF,unit_exact,omega_only,selected_lambda,0.0,0.0,0.0,ok
pilot,17,shared,DRF,unit_exact,omega_only,selected_omega,0.0,0.0,0.0,ok
pilot,17,shared,DRF,unit_exact,joint,selected_lambda,1.0,0.0,1.0,ok
pilot,17,shared,DRF,unit_exact,joint,selected_omega,1.0,0.0,0.0,ok
pilot,17,shared,DRF,unit_exact,diagnostic,fixed_candidate_drift,0.5,0.5,0.04173593641011475,ok
pilot,17,shared,RF,unit_exact,candidate,selection_score,0.0,0.0,5.089187969307911,ok
pilot,17,shared,RF,unit_exact,candidate,selection_score,0.0,0.5,5.078283177283353,ok
pilot,17,shared,RF,unit_exact,candidate,selection_score,0.0,1.0,5.185256675074098,ok
pilot,17,shared,RF,unit_exact,candidate,selection_score,0.5,0.0,4.9793719332495145,ok
pilot,17,shared,RF,unit_exact,candidate,selection_score,0.5,0.5,5.008754828688454,ok
pilot,17,shared,RF,unit_exact,candidate,selection_score,0.5,1.0,5.152189403516817,ok
pilot,17,shared,RF,unit_exact,candidate,selection_score,1.0,0.0,4.955660530452667,ok
pilot,17,shared,RF,unit_exact,candidate,selection_score,1.0,0.5,5.00370574531753,ok
pilot,17,shared,RF,unit_exact,candidate,selection_score,1.0,1.0,5.175965638552482,ok
pilot,17,shared,RF,unit_exact,rct_only,selected_lambda,0.0,0.0,0.0,ok
pilot,17,shared,RF,unit_exact,rct_only,selected_omega,0.0,0.0,0.0,ok
pilot,17,shared,RF,unit_exact,lambda_only,selected_lambda,1.0,0.0,1.0,ok
pilot,17,shared,RF,unit_exact,lambda_only,selected_omega,1.0,0.0,0.0,ok
pilot,17,shared,RF,unit_exact,omega_only,selected_lambda,0.0,0.5,0.0,ok
pilot,17,shared,RF,unit_exact,omega_only,selected_omega,0.0,0.5,0.5,ok
pilot,17,shared,RF,unit_exact,joint,selected_lambda,1.0,0.0,1.0,ok
pilot,17,shared,RF,unit_exact,joint,selected_omega,1.0,0.0,0.0,ok
pilot,17,shared,RF,unit_exact,diagnostic,fixed_candidate_drift,0.5,0.5,0.03301860147883562,ok
pilot,17,shifted,,exact,,ratio/mean,,,1.0274863191708468,ok
pilot,17,shifted,,exact,,ratio/second_moment,,,2.660665930804362,ok
pilot,17,shifted,,exact,,ratio/ess_fraction,,,0.3967909401403473,ok
pilot,17,shifted,,exact,,ratio/max,,,9.669724241447968,ok
pilot,17,shifted,,exact,,ratio/classifier_converged,,,1.0,ok
pilot,17,shifted,DRF,exact,candidate,selection_score,0.0,0.0,5.115599758970096,ok
pilot,17,shifted,DRF,exact,candidate,selection_score,0.0,0.5,5.164058339360911,ok
pilot,17,shifted,DRF,exact,candidate,selection_score,0.0,1.0,5.249589458161723,ok
pilot,17,shifted,DRF,exact,candidate,selection_score,0.5,0.0,5.017219644559212,ok
pilot,17,shifted,DRF,exact,candidate,selection_score,0.5,0.5,5.0698071198723,ok
pilot,17,shifted,DRF,exact,candidate,selection_score,0.5,1.0,5.144845364210459,ok
pilot,17,shifted,DRF,exact,candidate,selection_score,1.0,0.0,4.9781027467424686,ok
pilot,17,shifted,DRF,exact,candidate,selection_score,1.0,0.5,5.031785428765258,ok
pilot,17,shifted,DRF,exact,candidate,selection_score,1.0,1.0,5.101621001033006,ok
pilot,17,shifted,DRF,exact,rct_only,selected_lambda,0.0,0.0,0.0,ok
pilot,17,shifted,DRF,exact,rct_only,selected_omega,0.0,0.0,0.0,ok
pilot,17,shifted,DRF,exact,lambda_only,selected_lambda,1.0,0.0,1.0,ok
pilot,17,shifted,DRF,exact,lambda_only,selected_omega,1.0,0.0,0.0,ok
pilot,17,shifted,DRF,exact,omega_only,selected_lambda,0.0,0.0,0.0,ok
pilot,17,shifted,DRF,exact,omega_only,selected_omega,0.0,0.0,0.0,ok
pilot,17,shifted,DRF,exact,joint,selected_lambda,1.0,0.0,1.0,ok
pilot,17,shifted,DRF,exact,joint,selected_omega,1.0,0.0,0.0,ok
pilot,17,shifted,DRF,exact,diagnostic,fixed_candidate_drift,0.5,0.5,0.055588881211486474,ok
pilot,17,shifted,RF,exact,candidate,selection_score,0.0,0.0,5.089187969307911,ok
pilot,17,shifted,RF,exact,candidate,selection_score,0.0,0.5,5.045344228465194,ok
pilot,17,shifted,RF,exact,candidate,selection_score,0.0,1.0,5.101644825008858,ok
pilot,17,shifted,RF,exact,candidate,selection_score,0.5,0.0,4.977627399578512,ok
pilot,17,shifted,RF,exact,candidate,selection_score,0.5,0.5,4.989937586441782,ok
pilot,17,shifted,RF,exact,candidate,selection_score,0.5,1.0,5.081621564402057,ok
pilot,17,shifted,RF,exact,candidate,selection_score,1.0,0.0,4.950825198044535,ok
pilot,17,shifted,RF,exact,candidate,selection_score,1.0,0.5,4.990253220837733,ok
pilot,17,shifted,RF,exact,candidate,selection_score,1.0,1.0,5.1016210010330045,ok
pilot,17,shifted,RF,exact,rct_only,selected_lambda,0.0,0.0,0.0,ok
pilot,17,shifted,RF,exact,rct_only,selected_omega,0.0,0.0,0.0,ok
pilot,17,shifted,RF,exact,lambda_only,selected_lambda,1.0,0.0,1.0,ok
pilot,17,shifted,RF,exact,lambda_only,selected_omega,1.0,0.0,0.0,ok
pilot,17,shifted,RF,exact,omega_only,selected_lambda,0.0,0.5,0.0,ok
pilot,17,shifted,RF,exact,omega_only,selected_omega,0.0,0.5,0.5,ok
pilot,17,shifted,RF,exact,joint,selected_lambda,1.0,0.0,1.0,ok
pilot,17,shifted,RF,exact,joint,selected_omega,1.0,0.0,0.0,ok
pilot,17,shifted,RF,exact,diagnostic,fixed_candidate_drift,0.5,0.5,0.05235319686435769,ok
pilot,17,shifted,,classifier,,ratio/mean,,,1.0073410257630797,ok
pilot,17,shifted,,classifier,,ratio/second_moment,,,2.644391856371703,ok
pilot,17,shifted,,classifier,,ratio/ess_fraction,,,0.3837313065914916,ok
pilot,17,shifted,,classifier,,ratio/max,,,11.438848530810535,ok
pilot,17,shifted,,classifier,,ratio/classifier_converged,,,1.0,ok
pilot,17,shifted,DRF,classifier,candidate,selection_score,0.0,0.0,5.115599758970096,ok
pilot,17,shifted,DRF,classifier,candidate,selection_score,0.0,0.5,5.140398857622213,ok
pilot,17,shifted,DRF,classifier,candidate,selection_score,0.0,1.0,5.217640889583182,ok
pilot,17,shifted,DRF,classifier,candidate,selection_score,0.5,0.0,5.017219644559212,ok
pilot,17,shifted,DRF,classifier,candidate,selection_score,0.5,0.5,5.048193410311985,ok
pilot,17,shifted,DRF,classifier,candidate,selection_score,0.5,1.0,5.111677592825547,ok
pilot,17,shifted,DRF,classifier,candidate,selection_score,1.0,0.0,4.9781027467424686,ok
pilot,17,shifted,DRF,classifier,candidate,selection_score,1.0,0.5,5.012189274733736,ok
pilot,17,shifted,DRF,classifier,candidate,selection_score,1.0,1.0,5.067405223650395,ok
pilot,17,shifted,DRF,classifier,rct_only,selected_lambda,0.0,0.0,0.0,ok
pilot,17,shifted,DRF,classifier,rct_only,selected_omega,0.0,0.0,0.0,ok
pilot,17,shifted,DRF,classifier,lambda_only,selected_lambda,1.0,0.0,1.0,ok
pilot,17,shifted,DRF,classifier,lambda_only,selected_omega,1.0,0.0,0.0,ok
pilot,17,shifted,DRF,classifier,omega_only,selected_lambda,0.0,0.0,0.0,ok
pilot,17,shifted,DRF,classifier,omega_only,selected_omega,0.0,0.0,0.0,ok
pilot,17,shifted,DRF,classifier,joint,selected_lambda,1.0,0.0,1.0,ok
pilot,17,shifted,DRF,classifier,joint,selected_omega,1.0,0.0,0.0,ok
pilot,17,shifted,DRF,classifier,diagnostic,fixed_candidate_drift,0.5,0.5,0.03475700652493752,ok
pilot,17,shifted,RF,classifier,candidate,selection_score,0.0,0.0,5.089187969307911,ok
pilot,17,shifted,RF,classifier,candidate,selection_score,0.0,0.5,5.017581683071972,ok
pilot,17,shifted,RF,classifier,candidate,selection_score,0.0,1.0,5.052364539180966,ok
pilot,17,shifted,RF,classifier,candidate,selection_score,0.5,0.0,4.977627399578512,ok
pilot,17,shifted,RF,classifier,candidate,selection_score,0.5,0.5,4.965372474138227,ok
pilot,17,shifted,RF,classifier,candidate,selection_score,0.5,1.0,5.039647320605549,ok
pilot,17,shifted,RF,classifier,candidate,selection_score,1.0,0.0,4.950825198044535,ok
pilot,17,shifted,RF,classifier,candidate,selection_score,1.0,0.5,4.969515280424706,ok
pilot,17,shifted,RF,classifier,candidate,selection_score,1.0,1.0,5.067405223650394,ok
pilot,17,shifted,RF,classifier,rct_only,selected_lambda,0.0,0.0,0.0,ok
pilot,17,shifted,RF,classifier,rct_only,selected_omega,0.0,0.0,0.0,ok
pilot,17,shifted,RF,classifier,lambda_only,selected_lambda,1.0,0.0,1.0,ok
pilot,17,shifted,RF,classifier,lambda_only,selected_omega,1.0,0.0,0.0,ok
pilot,17,shifted,RF,classifier,omega_only,selected_lambda,0.0,0.5,0.0,ok
pilot,17,shifted,RF,classifier,omega_only,selected_omega,0.0,0.5,0.5,ok
pilot,17,shifted,RF,classifier,joint,selected_lambda,1.0,0.0,1.0,ok
pilot,17,shifted,RF,classifier,joint,selected_omega,1.0,0.0,0.0,ok
pilot,17,shifted,RF,classifier,diagnostic,fixed_candidate_drift,0.5,0.5,0.03129760026333389,ok
pilot,17,shifted,,wrong_unit,,ratio/mean,,,1.0,ok
pilot,17,shifted,,wrong_unit,,ratio/second_moment,,,1.0,ok
pilot,17,shifted,,wrong_unit,,ratio/ess_fraction,,,1.0,ok
pilot,17,shifted,,wrong_unit,,ratio/max,,,1.0,ok
pilot,17,shifted,,wrong_unit,,ratio/classifier_converged,,,1.0,ok
pilot,17,shifted,DRF,wrong_unit,candidate,selection_score,0.0,0.0,5.115599758970096,ok
pilot,17,shifted,DRF,wrong_unit,candidate,selection_score,0.0,0.5,5.057162160375635,ok
pilot,17,shifted,DRF,wrong_unit,candidate,selection_score,0.0,1.0,4.988333835953763,ok
pilot,17,shifted,DRF,wrong_unit,candidate,selection_score,0.5,0.0,5.017219644559212,ok
pilot,17,shifted,DRF,wrong_unit,candidate,selection_score,0.5,0.5,4.964075399017577,ok
pilot,17,shifted,DRF,wrong_unit,candidate,selection_score,0.5,1.0,4.895416754457175,ok
pilot,17,shifted,DRF,wrong_unit,candidate,selection_score,1.0,0.0,4.9781027467424686,ok
pilot,17,shifted,DRF,wrong_unit,candidate,selection_score,1.0,0.5,4.928500338338686,ok
pilot,17,shifted,DRF,wrong_unit,candidate,selection_score,1.0,1.0,4.86657318419183,ok
pilot,17,shifted,DRF,wrong_unit,rct_only,selected_lambda,0.0,0.0,0.0,ok
pilot,17,shifted,DRF,wrong_unit,rct_only,selected_omega,0.0,0.0,0.0,ok
pilot,17,shifted,DRF,wrong_unit,lambda_only,selected_lambda,1.0,0.0,1.0,ok
pilot,17,shifted,DRF,wrong_unit,lambda_only,selected_omega,1.0,0.0,0.0,ok
pilot,17,shifted,DRF,wrong_unit,omega_only,selected_lambda,0.0,1.0,0.0,ok
pilot,17,shifted,DRF,wrong_unit,omega_only,selected_omega,0.0,1.0,1.0,ok
pilot,17,shifted,DRF,wrong_unit,joint,selected_lambda,1.0,1.0,1.0,ok
pilot,17,shifted,DRF,wrong_unit,joint,selected_omega,1.0,1.0,1.0,ok
pilot,17,shifted,DRF,wrong_unit,diagnostic,fixed_candidate_drift,0.5,0.5,-0.017154517689449256,ok
pilot,17,shifted,RF,wrong_unit,candidate,selection_score,0.0,0.0,5.089187969307911,ok
pilot,17,shifted,RF,wrong_unit,candidate,selection_score,0.0,0.5,4.906512643875752,ok
pilot,17,shifted,RF,wrong_unit,candidate,selection_score,0.0,1.0,4.775118950486863,ok
pilot,17,shifted,RF,wrong_unit,candidate,selection_score,0.5,0.0,4.977627399578512,ok
pilot,17,shifted,RF,wrong_unit,candidate,selection_score,0.5,0.5,4.879819915144431,ok
pilot,17,shifted,RF,wrong_unit,candidate,selection_score,0.5,1.0,4.800932598483175,ok
pilot,17,shifted,RF,wrong_unit,candidate,selection_score,1.0,0.0,4.950825198044535,ok
pilot,17,shifted,RF,wrong_unit,candidate,selection_score,1.0,0.5,4.908692339279136,ok
pilot,17,shifted,RF,wrong_unit,candidate,selection_score,1.0,1.0,4.866573184191827,ok
pilot,17,shifted,RF,wrong_unit,rct_only,selected_lambda,0.0,0.0,0.0,ok
pilot,17,shifted,RF,wrong_unit,rct_only,selected_omega,0.0,0.0,0.0,ok
pilot,17,shifted,RF,wrong_unit,lambda_only,selected_lambda,1.0,0.0,1.0,ok
pilot,17,shifted,RF,wrong_unit,lambda_only,selected_omega,1.0,0.0,0.0,ok
pilot,17,shifted,RF,wrong_unit,omega_only,selected_lambda,0.0,1.0,0.0,ok
pilot,17,shifted,RF,wrong_unit,omega_only,selected_omega,0.0,1.0,1.0,ok
pilot,17,shifted,RF,wrong_unit,joint,selected_lambda,0.0,1.0,0.0,ok
pilot,17,shifted,RF,wrong_unit,joint,selected_omega,0.0,1.0,1.0,ok
pilot,17,shifted,RF,wrong_unit,diagnostic,fixed_candidate_drift,0.5,0.5,-0.011742773326443384,ok
pilot,17,,,,,runtime_seconds,,,0.10785198211669922,ok
pilot,18,shared,,unit_exact,,ratio/mean,,,1.0,ok
pilot,18,shared,,unit_exact,,ratio/second_moment,,,1.0,ok
pilot,18,shared,,unit_exact,,ratio/ess_fraction,,,1.0,ok
pilot,18,shared,,unit_exact,,ratio/max,,,1.0,ok
pilot,18,shared,,unit_exact,,ratio/classifier_converged,,,1.0,ok
pilot,18,shared,DRF,unit_exact,candidate,selection_score,0.0,0.0,6.599749205115595,ok
pilot,18,shared,DRF,unit_exact,candidate,selection_score,0.0,0.5,6.7185318323540555,ok
pilot,18,shared,DRF,unit_exact,candidate,selection_score,0.0,1.0,7.224131757166086,ok
pilot,18,shared,DRF,unit_exact,candidate,selection_score,0.5,0.0,6.386452992312041,ok
pilot,18,shared,DRF,unit_exact,candidate,selection_score,0.5,0.5,6.503411341572322,ok
pilot,18,shared,DRF,unit_exact,candidate,selection_score,0.5,1.0,6.838439885080816,ok
pilot,18,shared,DRF,unit_exact,candidate,selection_score,1.0,0.0,6.4002595469941586,ok
pilot,18,shared,DRF,unit_exact,candidate,selection_score,1.0,0.5,6.508999985192372,ok
pilot,18,shared,DRF,unit_exact,candidate,selection_score,1.0,1.0,6.730971212070002,ok
pilot,18,shared,DRF,unit_exact,rct_only,selected_lambda,0.0,0.0,0.0,ok
pilot,18,shared,DRF,unit_exact,rct_only,selected_omega,0.0,0.0,0.0,ok
pilot,18,shared,DRF,unit_exact,lambda_only,selected_lambda,0.5,0.0,0.5,ok
pilot,18,shared,DRF,unit_exact,lambda_only,selected_omega,0.5,0.0,0.0,ok
pilot,18,shared,DRF,unit_exact,omega_only,selected_lambda,0.0,0.0,0.0,ok
pilot,18,shared,DRF,unit_exact,omega_only,selected_omega,0.0,0.0,0.0,ok
pilot,18,shared,DRF,unit_exact,joint,selected_lambda,0.5,0.0,0.5,ok
pilot,18,shared,DRF,unit_exact,joint,selected_omega,0.5,0.0,0.0,ok
pilot,18,shared,DRF,unit_exact,diagnostic,fixed_candidate_drift,0.5,0.5,0.050502518131728014,ok
pilot,18,shared,RF,unit_exact,candidate,selection_score,0.0,0.0,6.2943592684005205,ok
pilot,18,shared,RF,unit_exact,candidate,selection_score,0.0,0.5,6.491707832195757,ok
pilot,18,shared,RF,unit_exact,candidate,selection_score,0.0,1.0,6.996340142334521,ok
pilot,18,shared,RF,unit_exact,candidate,selection_score,0.5,0.0,6.259015801041699,ok
pilot,18,shared,RF,unit_exact,candidate,selection_score,0.5,0.5,6.4101274528195145,ok
pilot,18,shared,RF,unit_exact,candidate,selection_score,0.5,1.0,6.740351714195381,ok
pilot,18,shared,RF,unit_exact,candidate,selection_score,1.0,0.0,6.440146812796602,ok
pilot,18,shared,RF,unit_exact,candidate,selection_score,1.0,0.5,6.529074794743342,ok
pilot,18,shared,RF,unit_exact,candidate,selection_score,1.0,1.0,6.730971212070002,ok
pilot,18,shared,RF,unit_exact,rct_only,selected_lambda,0.0,0.0,0.0,ok
pilot,18,shared,RF,unit_exact,rct_only,selected_omega,0.0,0.0,0.0,ok
pilot,18,shared,RF,unit_exact,lambda_only,selected_lambda,0.5,0.0,0.5,ok
pilot,18,shared,RF,unit_exact,lambda_only,selected_omega,0.5,0.0,0.0,ok
pilot,18,shared,RF,unit_exact,omega_only,selected_lambda,0.0,0.0,0.0,ok
pilot,18,shared,RF,unit_exact,omega_only,selected_omega,0.0,0.0,0.0,ok
pilot,18,shared,RF,unit_exact,joint,selected_lambda,0.5,0.0,0.5,ok
pilot,18,shared,RF,unit_exact,joint,selected_omega,0.5,0.0,0.0,ok
pilot,18,shared,RF,unit_exact,diagnostic,fixed_candidate_drift,0.5,0.5,0.17654644467236302,ok
pilot,18,shifted,,exact,,ratio/mean,,,1.0099175870685442,ok
pilot,18,shifted,,exact,,ratio/second_moment,,,2.6559908446372784,ok
pilot,18,shifted,,exact,,ratio/ess_fraction,,,0.3840124429380855,ok
pilot,18,shifted,,exact,,ratio/max,,,17.70329914304527,ok
pilot,18,shifted,,exact,,ratio/classifier_converged,,,1.0,ok
pilot,18,shifted,DRF,exact,candidate,selection_score,0.0,0.0,6.599749205115595,ok
pilot,18,shifted,DRF,exact,candidate,selection_score,0.0,0.5,7.006946789923018,ok
pilot,18,shifted,DRF,exact,candidate,selection_score,0.0,1.0,9.957670991233833,ok
pilot,18,shifted,DRF,exact,candidate,selection_score,0.5,0.0,6.365602264430274,ok
pilot,18,shifted,DRF,exact,candidate,selection_score,0.5,0.5,6.637074327483603,ok
pilot,18,shifted,DRF,exact,candidate,selection_score,0.5,1.0,8.193235821400638,ok
pilot,18,shifted,DRF,exact,candidate,selection_score,1.0,0.0,6.364861534138259,ok
pilot,18,shifted,DRF,exact,candidate,selection_score,1.0,0.5,6.548230824731471,ok
pilot,18,shifted,DRF,exact,candidate,selection_score,1.0,1.0,7.226720469440634,ok
pilot,18,shifted,DRF,exact,rct_only,selected_lambda,0.0,0.0,0.0,ok
pilot,18,shifted,DRF,exact,rct_only,selected_omega,0.0,0.0,0.0,ok
pilot,18,shifted,DRF,exact,lambda_only,selected_lambda,1.0,0.0,1.0,ok
pilot,18,shifted,DRF,exact,lambda_only,selected_omega,1.0,0.0,0.0,ok
pilot,18,shifted,DRF,exact,omega_only,selected_lambda,0.0,0.0,0.0,ok
pilot,18,shifted,DRF,exact,omega_only,selected_omega,0.0,0.0,0.0,ok
pilot,18,shifted,DRF,exact,joint,selected_lambda,1.0,0.0,1.0,ok
pilot,18,shifted,DRF,exact,joint,selected_omega,1.0,0.0,0.0,ok
pilot,18,shifted,DRF,exact,diagnostic,fixed_candidate_drift,0.5,0.5,0.07258061000667393,ok
pilot,18,shifted,RF,exact,candidate,selection_score,0.0,0.0,6.2943592684005205,ok
pilot,18,shifted,RF,exact,candidate,selection_score,0.0,0.5,6.709556468818108,ok
pilot,18,shifted,RF,exact,candidate,selection_score,0.0,1.0,9.204102616646775,ok
pilot,18,shifted,RF,exact,candidate,selection_score,0.5,0.0,6.262441279783627,ok
pilot,18,shifted,RF,exact,candidate,selection_score,0.5,0.5,6.531752867990014,ok
pilot,18,shifted,RF,exact,candidate,selection_score,0.5,1.0,7.904441167006487,ok
pilot,18,shifted,RF,exact,candidate,selection_score,1.0,0.0,6.459983841598678,ok
pilot,18,shifted,RF,exact,candidate,selection_score,1.0,0.5,6.603160546944202,ok
pilot,18,shifted,RF,exact,candidate,selection_score,1.0,1.0,7.226720469440634,ok
pilot,18,shifted,RF,exact,rct_only,selected_lambda,0.0,0.0,0.0,ok
pilot,18,shifted,RF,exact,rct_only,selected_omega,0.0,0.0,0.0,ok
pilot,18,shifted,RF,exact,lambda_only,selected_lambda,0.5,0.0,0.5,ok
pilot,18,shifted,RF,exact,lambda_only,selected_omega,0.5,0.0,0.0,ok
pilot,18,shifted,RF,exact,omega_only,selected_lambda,0.0,0.0,0.0,ok
pilot,18,shifted,RF,exact,omega_only,selected_omega,0.0,0.0,0.0,ok
pilot,18,shifted,RF,exact,joint,selected_lambda,0.5,0.0,0.5,ok
pilot,18,shifted,RF,exact,joint,selected_omega,0.5,0.0,0.0,ok
pilot,18,shifted,RF,exact,diagnostic,fixed_candidate_drift,0.5,0.5,0.19542576613593943,ok
pilot,18,shifted,,classifier,,ratio/mean,,,0.9741369545860639,ok
pilot,18,shifted,,classifier,,ratio/second_moment,,,2.936410981581988,ok
pilot,18,shifted,,classifier,,ratio/ess_fraction,,,0.32316416613418647,ok
pilot,18,shifted,,classifier,,ratio/max,,,21.12719568843303,ok
pilot,18,shifted,,classifier,,ratio/classifier_converged,,,1.0,ok
pilot,18,shifted,DRF,classifier,candidate,selection_score,0.0,0.0,6.599749205115595,ok
pilot,18,shifted,DRF,classifier,candidate,selection_score,0.0,0.5,7.027890824562581,ok
pilot,18,shifted,DRF,classifier,candidate,selection_score,0.0,1.0,10.235542878478931,ok
pilot,18,shifted,DRF,classifier,candidate,selection_score,0.5,0.0,6.365602264430274,ok
pilot,18,shifted,DRF,classifier,candidate,selection_score,0.5,0.5,6.653236155838405,ok
pilot,18,shifted,DRF,classifier,candidate,selection_score,0.5,1.0,8.373005854060185,ok
pilot,18,shifted,DRF,classifier,candidate,selection_score,1.0,0.0,6.364861534138259,ok
pilot,18,shifted,DRF,classifier,candidate,selection_score,1.0,0.5,6.568579171033764,ok
pilot,18,shifted,DRF,classifier,candidate,selection_score,1.0,1.0,7.357239503866187,ok
pilot,18,shifted,DRF,classifier,rct_only,selected_lambda,0.0,0.0,0.0,ok
pilot,18,shifted,DRF,classifier,rct_only,selected_omega,0.0,0.0,0.0,ok
pilot,18,shifted,DRF,classifier,lambda_only,selected_lambda,1.0,0.0,1.0,ok
pilot,18,shifted,DRF,classifier,lambda_only,selected_omega,1.0,0.0,0.0,ok
pilot,18,shifted,DRF,classifier,omega_only,selected_lambda,0.0,0.0,0.0,ok
pilot,18,shifted,DRF,classifier,omega_only,selected_omega,0.0,0.0,0.0,ok
pilot,18,shifted,DRF,classifier,joint,selected_lambda,1.0,0.0,1.0,ok
pilot,18,shifted,DRF,classifier,joint,selected_omega,1.0,0.0,0.0,ok
pilot,18,shifted,DRF,classifier,diagnostic,fixed_candidate_drift,0.5,0.5,0.06440825789557614,ok
pilot,18,shifted,RF,classifier,candidate,selection_score,0.0,0.0,6.2943592684005205,ok
pilot,18,shifted,RF,classifier,candidate,selection_score,0.0,0.5,6.722231294875048,ok
pilot,18,shifted,RF,classifier,candidate,selection_score,0.0,1.0,9.429869823379676,ok
pilot,18,shifted,RF,classifier,candidate,selection_score,0.5,0.0,6.262441279783627,ok
pilot,18,shifted,RF,classifier,candidate,selection_score,0.5,0.5,6.548018331703117,ok
pilot,18,shifted,RF,classifier,candidate,selection_score,0.5,1.0,8.065700668825436,ok
pilot,18,shifted,RF,classifier,candidate,selection_score,1.0,0.0,6.459983841598678,ok
pilot,18,shifted,RF,classifier,candidate,selection_score,1.0,0.5,6.632344227078913,ok
pilot,18,shifted,RF,classifier,candidate,selection_score,1.0,1.0,7.357239503866184,ok
pilot,18,shifted,RF,classifier,rct_only,selected_lambda,0.0,0.0,0.0,ok
pilot,18,shifted,RF,classifier,rct_only,selected_omega,0.0,0.0,0.0,ok
pilot,18,shifted,RF,classifier,lambda_only,selected_lambda,0.5,0.0,0.5,ok
pilot,18,shifted,RF,classifier,lambda_only,selected_omega,0.5,0.0,0.0,ok
pilot,18,shifted,RF,classifier,omega_only,selected_lambda,0.0,0.0,0.0,ok
pilot,18,shifted,RF,classifier,omega_only,selected_omega,0.0,0.0,0.0,ok
pilot,18,shifted,RF,classifier,joint,selected_lambda,0.5,0.0,0.5,ok
pilot,18,shifted,RF,classifier,joint,selected_omega,0.5,0.0,0.0,ok
pilot,18,shifted,RF,classifier,diagnostic,fixed_candidate_drift,0.5,0.5,0.18367664941817763,ok
pilot,18,shifted,,wrong_unit,,ratio/mean,,,1.0,ok
pilot,18,shifted,,wrong_unit,,ratio/second_moment,,,1.0,ok
pilot,18,shifted,,wrong_unit,,ratio/ess_fraction,,,1.0,ok
pilot,18,shifted,,wrong_unit,,ratio/max,,,1.0,ok
pilot,18,shifted,,wrong_unit,,ratio/classifier_converged,,,1.0,ok
pilot,18,shifted,DRF,wrong_unit,candidate,selection_score,0.0,0.0,6.599749205115595,ok
pilot,18,shifted,DRF,wrong_unit,candidate,selection_score,0.0,0.5,6.910608824553971,ok
pilot,18,shifted,DRF,wrong_unit,candidate,selection_score,0.0,1.0,7.730073082988483,ok
pilot,18,shifted,DRF,wrong_unit,candidate,selection_score,0.5,0.0,6.365602264430274,ok
pilot,18,shifted,DRF,wrong_unit,candidate,selection_score,0.5,0.5,6.559391106370791,ok
pilot,18,shifted,DRF,wrong_unit,candidate,selection_score,0.5,1.0,7.0824168763444835,ok
pilot,18,shifted,DRF,wrong_unit,candidate,selection_score,1.0,0.0,6.364861534138259,ok
pilot,18,shifted,DRF,wrong_unit,candidate,selection_score,1.0,0.5,6.4572004606061,ok
pilot,18,shifted,DRF,wrong_unit,candidate,selection_score,1.0,1.0,6.767911069263527,ok
pilot,18,shifted,DRF,wrong_unit,rct_only,selected_lambda,0.0,0.0,0.0,ok
pilot,18,shifted,DRF,wrong_unit,rct_only,selected_omega,0.0,0.0,0.0,ok
pilot,18,shifted,DRF,wrong_unit,lambda_only,selected_lambda,1.0,0.0,1.0,ok
pilot,18,shifted,DRF,wrong_unit,lambda_only,selected_omega,1.0,0.0,0.0,ok
pilot,18,shifted,DRF,wrong_unit,omega_only,selected_lambda,0.0,0.0,0.0,ok
pilot,18,shifted,DRF,wrong_unit,omega_only,selected_omega,0.0,0.0,0.0,ok
pilot,18,shifted,DRF,wrong_unit,joint,selected_lambda,1.0,0.0,1.0,ok
pilot,18,shifted,DRF,wrong_unit,joint,selected_omega,1.0,0.0,0.0,ok
pilot,18,shifted,DRF,wrong_unit,diagnostic,fixed_candidate_drift,0.5,0.5,-0.11507519583697423,ok
pilot,18,shifted,RF,wrong_unit,candidate,selection_score,0.0,0.0,6.2943592684005205,ok
pilot,18,shifted,RF,wrong_unit,candidate,selection_score,0.0,0.5,6.657020263287603,ok
pilot,18,shifted,RF,wrong_unit,candidate,selection_score,0.0,1.0,7.3670101815217,ok
pilot,18,shifted,RF,wrong_unit,candidate,selection_score,0.5,0.0,6.262441279783627,ok
pilot,18,shifted,RF,wrong_unit,candidate,selection_score,0.5,0.5,6.4624760853258385,ok
pilot,18,shifted,RF,wrong_unit,candidate,selection_score,0.5,1.0,6.929157735068834,ok
pilot,18,shifted,RF,wrong_unit,candidate,selection_score,1.0,0.0,6.459983841598678,ok
pilot,18,shifted,RF,wrong_unit,candidate,selection_score,1.0,0.5,6.487588704211818,ok
pilot,18,shifted,RF,wrong_unit,candidate,selection_score,1.0,1.0,6.767911069263528,ok
pilot,18,shifted,RF,wrong_unit,rct_only,selected_lambda,0.0,0.0,0.0,ok
pilot,18,shifted,RF,wrong_unit,rct_only,selected_omega,0.0,0.0,0.0,ok
pilot,18,shifted,RF,wrong_unit,lambda_only,selected_lambda,0.5,0.0,0.5,ok
pilot,18,shifted,RF,wrong_unit,lambda_only,selected_omega,0.5,0.0,0.0,ok
pilot,18,shifted,RF,wrong_unit,omega_only,selected_lambda,0.0,0.0,0.0,ok
pilot,18,shifted,RF,wrong_unit,omega_only,selected_omega,0.0,0.0,0.0,ok
pilot,18,shifted,RF,wrong_unit,joint,selected_lambda,0.5,0.0,0.5,ok
pilot,18,shifted,RF,wrong_unit,joint,selected_omega,0.5,0.0,0.0,ok
pilot,18,shifted,RF,wrong_unit,diagnostic,fixed_candidate_drift,0.5,0.5,0.025040066142255735,ok
pilot,18,,,,,runtime_seconds,,,0.11170220375061035,ok
pilot,19,shared,,unit_exact,,ratio/mean,,,1.0,ok
pilot,19,shared,,unit_exact,,ratio/second_moment,,,1.0,ok
pilot,19,shared,,unit_exact,,ratio/ess_fraction,,,1.0,ok
pilot,19,shared,,unit_exact,,ratio/max,,,1.0,ok
pilot,19,shared,,unit_exact,,ratio/classifier_converged,,,1.0,ok
pilot,19,shared,DRF,unit_exact,candidate,selection_score,0.0,0.0,5.0660964429999815,ok
pilot,19,shared,DRF,unit_exact,candidate,selection_score,0.0,0.5,5.161872813979173,ok
pilot,19,shared,DRF,unit_exact,candidate,selection_score,0.0,1.0,5.46154352540788,ok
pilot,19,shared,DRF,unit_exact,candidate,selection_score,0.5,0.0,5.172273436824404,ok
pilot,19,shared,DRF,unit_exact,candidate,selection_score,0.5,0.5,5.2704140061116105,ok
pilot,19,shared,DRF,unit_exact,candidate,selection_score,0.5,1.0,5.590809271551443,ok
pilot,19,shared,DRF,unit_exact,candidate,selection_score,1.0,0.0,5.31469657124868,ok
pilot,19,shared,DRF,unit_exact,candidate,selection_score,1.0,0.5,5.4084672650638055,ok
pilot,19,shared,DRF,unit_exact,candidate,selection_score,1.0,1.0,5.748482349554609,ok
pilot,19,shared,DRF,unit_exact,rct_only,selected_lambda,0.0,0.0,0.0,ok
pilot,19,shared,DRF,unit_exact,rct_only,selected_omega,0.0,0.0,0.0,ok
pilot,19,shared,DRF,unit_exact,lambda_only,selected_lambda,0.0,0.0,0.0,ok
pilot,19,shared,DRF,unit_exact,lambda_only,selected_omega,0.0,0.0,0.0,ok
pilot,19,shared,DRF,unit_exact,omega_only,selected_lambda,0.0,0.0,0.0,ok
pilot,19,shared,DRF,unit_exact,omega_only,selected_omega,0.0,0.0,0.0,ok
pilot,19,shared,DRF,unit_exact,joint,selected_lambda,0.0,0.0,0.0,ok
pilot,19,shared,DRF,unit_exact,joint,selected_omega,0.0,0.0,0.0,ok
pilot,19,shared,DRF,unit_exact,diagnostic,fixed_candidate_drift,0.5,0.5,0.20697258270524965,ok
pilot,19,shared,RF,unit_exact,candidate,selection_score,0.0,0.0,5.150403412783273,ok
pilot,19,shared,RF,unit_exact,candidate,selection_score,0.0,0.5,5.227126574359728,ok
pilot,19,shared,RF,unit_exact,candidate,selection_score,0.0,1.0,5.589408021163205,ok
pilot,19,shared,RF,unit_exact,candidate,selection_score,0.5,0.0,5.235227042437373,ok
pilot,19,shared,RF,unit_exact,candidate,selection_score,0.5,0.5,5.3083179475615685,ok
pilot,19,shared,RF,unit_exact,candidate,selection_score,0.5,1.0,5.660749758439125,ok
pilot,19,shared,RF,unit_exact,candidate,selection_score,1.0,0.0,5.347817532056374,ok
pilot,19,shared,RF,unit_exact,candidate,selection_score,1.0,0.5,5.40834958934162,ok
pilot,19,shared,RF,unit_exact,candidate,selection_score,1.0,1.0,5.748482349554607,ok
pilot,19,shared,RF,unit_exact,rct_only,selected_lambda,0.0,0.0,0.0,ok
pilot,19,shared,RF,unit_exact,rct_only,selected_omega,0.0,0.0,0.0,ok
pilot,19,shared,RF,unit_exact,lambda_only,selected_lambda,0.0,0.0,0.0,ok
pilot,19,shared,RF,unit_exact,lambda_only,selected_omega,0.0,0.0,0.0,ok
pilot,19,shared,RF,unit_exact,omega_only,selected_lambda,0.0,0.0,0.0,ok
pilot,19,shared,RF,unit_exact,omega_only,selected_omega,0.0,0.0,0.0,ok
pilot,19,shared,RF,unit_exact,joint,selected_lambda,0.0,0.0,0.0,ok
pilot,19,shared,RF,unit_exact,joint,selected_omega,0.0,0.0,0.0,ok
pilot,19,shared,RF,unit_exact,diagnostic,fixed_candidate_drift,0.5,0.5,0.19357731450619842,ok
pilot,19,shifted,,exact,,ratio/mean,,,0.9706940758545863,ok
pilot,19,shifted,,exact,,ratio/second_moment,,,2.1955653049013817,ok
pilot,19,shifted,,exact,,ratio/ess_fraction,,,0.4291591722622491,ok
pilot,19,shifted,,exact,,ratio/max,,,9.037253722887234,ok
pilot,19,shifted,,exact,,ratio/classifier_converged,,,1.0,ok
pilot,19,shifted,DRF,exact,candidate,selection_score,0.0,0.0,5.0660964429999815,ok
pilot,19,shifted,DRF,exact,candidate,selection_score,0.0,0.5,5.285127861729654,ok
pilot,19,shifted,DRF,exact,candidate,selection_score,0.0,1.0,5.742551773298418,ok
pilot,19,shifted,DRF,exact,candidate,selection_score,0.5,0.0,5.160953810949643,ok
pilot,19,shifted,DRF,exact,candidate,selection_score,0.5,0.5,5.3890832926687295,ok
pilot,19,shifted,DRF,exact,candidate,selection_score,0.5,1.0,5.877045038281405,ok
pilot,19,shifted,DRF,exact,candidate,selection_score,1.0,0.0,5.28826119223563,ok
pilot,19,shifted,DRF,exact,candidate,selection_score,1.0,0.5,5.519720778722333,ok
pilot,19,shifted,DRF,exact,candidate,selection_score,1.0,1.0,6.037857199092076,ok
pilot,19,shifted,DRF,exact,rct_only,selected_lambda,0.0,0.0,0.0,ok
pilot,19,shifted,DRF,exact,rct_only,selected_omega,0.0,0.0,0.0,ok
pilot,19,shifted,DRF,exact,lambda_only,selected_lambda,0.0,0.0,0.0,ok
pilot,19,shifted,DRF,exact,lambda_only,selected_omega,0.0,0.0,0.0,ok
pilot,19,shifted,DRF,exact,omega_only,selected_lambda,0.0,0.0,0.0,ok
pilot,19,shifted,DRF,exact,omega_only,selected_omega,0.0,0.0,0.0,ok
pilot,19,shifted,DRF,exact,joint,selected_lambda,0.0,0.0,0.0,ok
pilot,19,shifted,DRF,exact,joint,selected_omega,0.0,0.0,0.0,ok
pilot,19,shifted,DRF,exact,diagnostic,fixed_candidate_drift,0.5,0.5,0.27117113854768304,ok
pilot,19,shifted,RF,exact,candidate,selection_score,0.0,0.0,5.150403412783273,ok
pilot,19,shifted,RF,exact,candidate,selection_score,0.0,0.5,5.3759223528812115,ok
pilot,19,shifted,RF,exact,candidate,selection_score,0.0,1.0,5.8864686693857085,ok
pilot,19,shifted,RF,exact,candidate,selection_score,0.5,0.0,5.215739650865784,ok
pilot,19,shifted,RF,exact,candidate,selection_score,0.5,0.5,5.442206617622079,ok
pilot,19,shifted,RF,exact,candidate,selection_score,0.5,1.0,5.956361802779729,ok
pilot,19,shifted,RF,exact,candidate,selection_score,1.0,0.0,5.304589274533035,ok
pilot,19,shifted,RF,exact,candidate,selection_score,1.0,0.5,5.522816257076441,ok
pilot,19,shifted,RF,exact,candidate,selection_score,1.0,1.0,6.037857199092077,ok
pilot,19,shifted,RF,exact,rct_only,selected_lambda,0.0,0.0,0.0,ok
pilot,19,shifted,RF,exact,rct_only,selected_omega,0.0,0.0,0.0,ok
pilot,19,shifted,RF,exact,lambda_only,selected_lambda,0.0,0.0,0.0,ok
pilot,19,shifted,RF,exact,lambda_only,selected_omega,0.0,0.0,0.0,ok
pilot,19,shifted,RF,exact,omega_only,selected_lambda,0.0,0.0,0.0,ok
pilot,19,shifted,RF,exact,omega_only,selected_omega,0.0,0.0,0.0,ok
pilot,19,shifted,RF,exact,joint,selected_lambda,0.0,0.0,0.0,ok
pilot,19,shifted,RF,exact,joint,selected_omega,0.0,0.0,0.0,ok
pilot,19,shifted,RF,exact,diagnostic,fixed_candidate_drift,0.5,0.5,0.26058220701866364,ok
pilot,19,shifted,,classifier,,ratio/mean,,,0.9394518859628759,ok
pilot,19,shifted,,classifier,,ratio/second_moment,,,1.7562816406067057,ok
pilot,19,shifted,,classifier,,ratio/ess_fraction,,,0.5025218197545591,ok
pilot,19,shifted,,classifier,,ratio/max,,,8.214140690124253,ok
pilot,19,shifted,,classifier,,ratio/classifier_converged,,,1.0,ok
pilot,19,shifted,DRF,classifier,candidate,selection_score,0.0,0.0,5.0660964429999815,ok
pilot,19,shifted,DRF,classifier,candidate,selection_score,0.0,0.5,5.2506067624169,ok
pilot,19,shifted,DRF,classifier,candidate,selection_score,0.0,1.0,5.649591486586142,ok
pilot,19,shifted,DRF,classifier,candidate,selection_score,0.5,0.0,5.160953810949643,ok
pilot,19,shifted,DRF,classifier,candidate,selection_score,0.5,0.5,5.360472341682833,ok
pilot,19,shifted,DRF,classifier,candidate,selection_score,0.5,1.0,5.794884594408293,ok
pilot,19,shifted,DRF,classifier,candidate,selection_score,1.0,0.0,5.28826119223563,ok
pilot,19,shifted,DRF,classifier,candidate,selection_score,1.0,0.5,5.4986466555620375,ok
pilot,19,shifted,DRF,classifier,candidate,selection_score,1.0,1.0,5.968940826532007,ok
pilot,19,shifted,DRF,classifier,rct_only,selected_lambda,0.0,0.0,0.0,ok
pilot,19,shifted,DRF,classifier,rct_only,selected_omega,0.0,0.0,0.0,ok
pilot,19,shifted,DRF,classifier,lambda_only,selected_lambda,0.0,0.0,0.0,ok
pilot,19,shifted,DRF,classifier,lambda_only,selected_omega,0.0,0.0,0.0,ok
pilot,19,shifted,DRF,classifier,omega_only,selected_lambda,0.0,0.0,0.0,ok
pilot,19,shifted,DRF,classifier,omega_only,selected_omega,0.0,0.0,0.0,ok
pilot,19,shifted,DRF,classifier,joint,selected_lambda,0.0,0.0,0.0,ok
pilot,19,shifted,DRF,classifier,joint,selected_omega,0.0,0.0,0.0,ok
pilot,19,shifted,DRF,classifier,diagnostic,fixed_candidate_drift,0.5,0.5,0.26055905352934483,ok
pilot,19,shifted,RF,classifier,candidate,selection_score,0.0,0.0,5.150403412783273,ok
pilot,19,shifted,RF,classifier,candidate,selection_score,0.0,0.5,5.342241759100018,ok
pilot,19,shifted,RF,classifier,candidate,selection_score,0.0,1.0,5.812845644189043,ok
pilot,19,shifted,RF,classifier,candidate,selection_score,0.5,0.0,5.215739650865784,ok
pilot,19,shifted,RF,classifier,candidate,selection_score,0.5,0.5,5.4098353283983265,ok
pilot,19,shifted,RF,classifier,candidate,selection_score,0.5,1.0,5.885010251019437,ok
pilot,19,shifted,RF,classifier,candidate,selection_score,1.0,0.0,5.304589274533035,ok
pilot,19,shifted,RF,classifier,candidate,selection_score,1.0,0.5,5.492019884017659,ok
pilot,19,shifted,RF,classifier,candidate,selection_score,1.0,1.0,5.968940826532007,ok
pilot,19,shifted,RF,classifier,rct_only,selected_lambda,0.0,0.0,0.0,ok
pilot,19,shifted,RF,classifier,rct_only,selected_omega,0.0,0.0,0.0,ok
pilot,19,shifted,RF,classifier,lambda_only,selected_lambda,0.0,0.0,0.0,ok
pilot,19,shifted,RF,classifier,lambda_only,selected_omega,0.0,0.0,0.0,ok
pilot,19,shifted,RF,classifier,omega_only,selected_lambda,0.0,0.0,0.0,ok
pilot,19,shifted,RF,classifier,omega_only,selected_omega,0.0,0.0,0.0,ok
pilot,19,shifted,RF,classifier,joint,selected_lambda,0.0,0.0,0.0,ok
pilot,19,shifted,RF,classifier,joint,selected_omega,0.0,0.0,0.0,ok
pilot,19,shifted,RF,classifier,diagnostic,fixed_candidate_drift,0.5,0.5,0.2473147334258592,ok
pilot,19,shifted,,wrong_unit,,ratio/mean,,,1.0,ok
pilot,19,shifted,,wrong_unit,,ratio/second_moment,,,1.0,ok
pilot,19,shifted,,wrong_unit,,ratio/ess_fraction,,,1.0,ok
pilot,19,shifted,,wrong_unit,,ratio/max,,,1.0,ok
pilot,19,shifted,,wrong_unit,,ratio/classifier_converged,,,1.0,ok
pilot,19,shifted,DRF,wrong_unit,candidate,selection_score,0.0,0.0,5.0660964429999815,ok
pilot,19,shifted,DRF,wrong_unit,candidate,selection_score,0.0,0.5,5.158221293154216,ok
pilot,19,shifted,DRF,wrong_unit,candidate,selection_score,0.0,1.0,5.442014773308763,ok
pilot,19,shifted,DRF,wrong_unit,candidate,selection_score,0.5,0.0,5.160953810949643,ok
pilot,19,shifted,DRF,wrong_unit,candidate,selection_score,0.5,0.5,5.286568686249394,ok
pilot,19,shifted,DRF,wrong_unit,candidate,selection_score,0.5,1.0,5.692957771751824,ok
pilot,19,shifted,DRF,wrong_unit,candidate,selection_score,1.0,0.0,5.28826119223563,ok
pilot,19,shifted,DRF,wrong_unit,candidate,selection_score,1.0,0.5,5.447153520127553,ok
pilot,19,shifted,DRF,wrong_unit,candidate,selection_score,1.0,1.0,5.985704284806371,ok
pilot,19,shifted,DRF,wrong_unit,rct_only,selected_lambda,0.0,0.0,0.0,ok
pilot,19,shifted,DRF,wrong_unit,rct_only,selected_omega,0.0,0.0,0.0,ok
pilot,19,shifted,DRF,wrong_unit,lambda_only,selected_lambda,0.0,0.0,0.0,ok
pilot,19,shifted,DRF,wrong_unit,lambda_only,selected_omega,0.0,0.0,0.0,ok
pilot,19,shifted,DRF,wrong_unit,omega_only,selected_lambda,0.0,0.0,0.0,ok
pilot,19,shifted,DRF,wrong_unit,omega_only,selected_omega,0.0,0.0,0.0,ok
pilot,19,shifted,DRF,wrong_unit,joint,selected_lambda,0.0,0.0,0.0,ok
pilot,19,shifted,DRF,wrong_unit,joint,selected_omega,0.0,0.0,0.0,ok
pilot,19,shifted,DRF,wrong_unit,diagnostic,fixed_candidate_drift,0.5,0.5,0.28430575382450807,ok
pilot,19,shifted,RF,wrong_unit,candidate,selection_score,0.0,0.0,5.150403412783273,ok
pilot,19,shifted,RF,wrong_unit,candidate,selection_score,0.0,0.5,5.271186752066429,ok
pilot,19,shifted,RF,wrong_unit,candidate,selection_score,0.0,1.0,5.70833981826936,ok
pilot,19,shifted,RF,wrong_unit,candidate,selection_score,0.5,0.0,5.215739650865784,ok
pilot,19,shifted,RF,wrong_unit,candidate,selection_score,0.5,0.5,5.348644035510959,ok
pilot,19,shifted,RF,wrong_unit,candidate,selection_score,0.5,1.0,5.839247264025436,ok
pilot,19,shifted,RF,wrong_unit,candidate,selection_score,1.0,0.0,5.304589274533035,ok
pilot,19,shifted,RF,wrong_unit,candidate,selection_score,1.0,0.5,5.443375539099314,ok
pilot,19,shifted,RF,wrong_unit,candidate,selection_score,1.0,1.0,5.985704284806368,ok
pilot,19,shifted,RF,wrong_unit,rct_only,selected_lambda,0.0,0.0,0.0,ok
pilot,19,shifted,RF,wrong_unit,rct_only,selected_omega,0.0,0.0,0.0,ok
pilot,19,shifted,RF,wrong_unit,lambda_only,selected_lambda,0.0,0.0,0.0,ok
pilot,19,shifted,RF,wrong_unit,lambda_only,selected_omega,0.0,0.0,0.0,ok
pilot,19,shifted,RF,wrong_unit,omega_only,selected_lambda,0.0,0.0,0.0,ok
pilot,19,shifted,RF,wrong_unit,omega_only,selected_omega,0.0,0.0,0.0,ok
pilot,19,shifted,RF,wrong_unit,joint,selected_lambda,0.0,0.0,0.0,ok
pilot,19,shifted,RF,wrong_unit,joint,selected_omega,0.0,0.0,0.0,ok
pilot,19,shifted,RF,wrong_unit,diagnostic,fixed_candidate_drift,0.5,0.5,0.2772625787352525,ok
pilot,19,,,,,runtime_seconds,,,0.11181426048278809,ok
