family,axis,n_rct,n_obs,confounding,spec,estimator,mean_estimate,bias,bias_se,empirical_variance,empirical_variance_se,empirical_sd,mean_estimated_variance,variance_ratio_hat_to_empirical,mse,mse_se,rmse,coverage,coverage_se,mean_ci_length,effective_replications,attempted_replications,failure_rate,mse_identity_gap
scm1,obs_size,100,1000,1.0,flexible,adaptive,1.1137489338589104,0.295863130517314,0.023761823816675944,0.0564624271094748,0.015929117366174875,0.23761823816675942,0.056588833677172524,1.002238773183672,0.14343279483788524,0.01641785297871417,0.3787252233980267,0.66,0.04737087712930804,0.8461828271822646,100,100,0.0,0.0
scm1,obs_size,100,1000,1.0,flexible,fixed_half,0.8435200771292063,0.02563427378760972,0.042672678763359465,0.18209575128408698,0.02396326421649094,0.4267267876335946,0.17330517930640807,0.9517255514437305,0.18093190976386417,0.025289432561053805,0.42536091706204526,0.93,0.02551470164434614,1.6112699232806087,100,100,0.0,-8.326672684688674e-17
scm1,obs_size,100,1000,1.0,flexible,joint,0.8247658553318223,0.0068800519902258465,0.03989692648313895,0.1591764742800994,0.02163864666591962,0.3989692648313895,0.15566829037341412,0.9779604120360651,0.1576320446526866,0.022331336877211262,0.39702902243121546,0.94,0.023748684174075843,1.5292060735799293,100,100,0.0,-2.7755575615628914e-17
scm1,obs_size,100,1000,1.0,flexible,lambda_only,0.8206605936950078,0.00277479035341131,0.041077725070098395,0.16873794969345898,0.02358631700380537,0.4107772507009839,0.16182499821669294,0.9590314360858089,0.1670582696580298,0.02418423560136862,0.4087276228223752,0.93,0.02551470164434614,1.5599863706814168,100,100,0.0,2.7755575615628914e-17
scm1,obs_size,100,1000,1.0,flexible,naive_pool,1.1154620727747493,0.29757626943315285,0.017406685556935867,0.030299270207803965,0.004077852124940638,0.17406685556935866,0.02752877266222014,0.9085622351105259,0.11854791363547834,0.011640156807092987,0.34430787623212794,0.54,0.04983974317750845,0.6469066479679095,100,100,0.0,4.163336342344337e-17
scm1,obs_size,100,1000,1.0,flexible,obs_transported,1.1522013082566152,0.3343155049150188,0.016413897842155183,0.026941604237270645,0.0037896146685684412,0.16413897842155178,0.03692699887368138,1.3706310340123353,0.13843904502148185,0.012234605917119223,0.37207397788811014,0.64,0.048,0.7501644088382813,100,100,0.0,-5.551115123125783e-17
scm1,obs_size,100,1000,1.0,flexible,omega_only,0.8728210249598211,0.05493522161822464,0.04908354984419983,0.240919486530805,0.028390717054718826,0.49083549844199836,0.2461687326393405,1.0217883832649806,0.24152817023974035,0.030824017625914902,0.49145515587868277,0.96,0.019595917942265433,1.91092674323485,100,100,0.0,-5.551115123125783e-17
scm1,obs_size,100,1000,1.0,flexible,oracle_joint,0.8210695145672935,0.003183711225696986,0.039841014434633656,0.15873064311806873,0.02266688495099424,0.39841014434633654,0.14974670403116408,0.9434013564714022,0.15715347270405666,0.02329974365864206,0.39642587289940684,0.93,0.02551470164434614,1.4992733623362893,100,100,0.0,0.0
scm1,obs_size,100,1000,1.0,flexible,oracle_lambda_only,0.8221693574250449,0.004283554083448488,0.041283363762994574,0.17043161235877333,0.024070226953897163,0.41283363762994574,0.15919950578574296,0.9340961080073231,0.16874564507077142,0.024732703001435173,0.4107866174436205,0.93,0.02551470164434614,1.545872242219946,100,100,0.0,0.0
scm1,obs_size,100,1000,1.0,flexible,oracle_omega_only,0.867615920465255,0.04973011712365858,0.04874674411025525,0.23762450613507052,0.028906450280944403,0.4874674411025525,0.24271325521426781,1.0214150853460575,0.23772134562285255,0.031073477092183888,0.4875667601701869,0.95,0.021794494717703377,1.8987400337092475,100,100,0.0,-8.326672684688674e-17
scm1,obs_size,100,1000,1.0,flexible,rct_only,0.8687157633230066,0.05082995998141009,0.05025253445606716,0.2525317219258217,0.030488355545642002,0.5025253445606715,0.2527122626137337,1.0007149228086483,0.25259008953827516,0.032561781528920176,0.502583415502616,0.93,0.02551470164434614,1.938131936276013,100,100,0.0,-5.551115123125783e-17
scm1,obs_size,100,1000,1.0,flexible,semi_supervised,0.8686623469779269,0.05077654363633046,0.05040529420663292,0.2540693684057222,0.029599482665368028,0.5040529420663292,0.25512953704134766,1.0041727526709654,0.2541069321053171,0.03178934340801786,0.5040902023500528,0.94,0.023748684174075843,1.9443324871106733,100,100,0.0,-5.551115123125783e-17
scm1,obs_size,100,1000,1.0,flexible,shrinkage,1.065454104823405,0.24756830148180853,0.026280626763439768,0.06906713430792266,0.013391713842067068,0.2628062676343977,0.06554067090989318,0.9489415127272052,0.12966652686343105,0.014192283236853745,0.3600923865668796,0.72,0.0448998886412873,0.9382086657554134,100,100,0.0,-2.7755575615628914e-17
scm1,obs_size,100,20000,1.0,flexible,adaptive,1.1310072589831137,0.31312145564151733,0.022859836707690963,0.05225721343022951,0.01626993631456907,0.22859836707690961,0.037552137493261334,0.7186019886689624,0.14977968727898994,0.020687662878580718,0.3870138076076743,0.23,0.042083250825001625,0.61243538102898,100,100,0.0,0.0
scm1,obs_size,100,20000,1.0,flexible,fixed_half,0.8840336798921173,0.06614787655052103,0.03923353180620802,0.15392700179887364,0.021895464054307492,0.3923353180620802,0.16238340286155512,1.0549377364845376,0.1567632733530278,0.023498528769848214,0.3959334203537608,0.92,0.027129319932501065,1.5638036561646909,100,100,0.0,-8.326672684688674e-17
scm1,obs_size,100,20000,1.0,flexible,joint,0.8843334800444792,0.06644767670288276,0.037491372917760786,0.14056030432586067,0.01857454343727231,0.37491372917760785,0.14426872175142033,1.026383106121928,0.1435699950218129,0.019598485916981784,0.37890631430712907,0.92,0.027129319932501065,1.4755291057262923,100,100,0.0,0.0
scm1,obs_size,100,20000,1.0,flexible,lambda_only,0.882083521975193,0.0641977186335967,0.039166897506928915,0.1534045860318275,0.020106034624741014,0.3916689750692892,0.15264243029934377,0.9950317278498727,0.15599188724926763,0.02112174447414438,0.39495808290155,0.93,0.02551470164434614,1.5176053978196402,100,100,0.0,-2.7755575615628914e-17
scm1,obs_size,100,20000,1.0,flexible,naive_pool,1.1607282192818023,0.34284241594020576,0.004159256066592383,0.0017299411027485547,0.00023892338843537158,0.04159256066592384,0.0014095655568310645,0.8148055182870255,0.1192535638594381,0.002839468529480286,0.34533109309681065,0.0,0.0,0.14677155394193453,100,100,0.0,-2.7755575615628914e-17
scm1,obs_size,100,20000,1.0,flexible,obs_transported,1.1641789724746014,0.3462931691330051,0.010352423701942047,0.010717267650453147,0.001412895294998541,0.10352423701942047,0.0127569258721572,1.1903151333183148,0.13052905396212866,0.006847033336741153,0.3612880484628971,0.12,0.03249615361854384,0.4387970977075096,100,100,0.0,-2.7755575615628914e-17
scm1,obs_size,100,20000,1.0,flexible,omega_only,0.8922273645592099,0.07434156121761343,0.0446201454403893,0.19909573791214943,0.02918265467860286,0.446201454403893,0.23103428837037643,1.160418052104761,0.20263144825730017,0.031974506099009266,0.45014602992506797,0.95,0.021794494717703377,1.8528940017300854,100,100,0.0,8.326672684688674e-17
scm1,obs_size,100,20000,1.0,flexible,oracle_joint,0.8786515192860382,0.060765715944441905,0.037228666311643115,0.13859735953436714,0.017935633871245853,0.3722866631164312,0.13516629778326383,0.9752443930921172,0.14090385817326406,0.018455333113663302,0.37537162675575797,0.93,0.02551470164434614,1.429458480624433,100,100,0.0,0.0
scm1,obs_size,100,20000,1.0,flexible,oracle_lambda_only,0.8776925468888531,0.059806743547256735,0.03889797929254998,0.15130527930436474,0.020158244325135324,0.38897979292549983,0.1468488891400017,0.9705470279368204,0.1533690730850484,0.021052537720053895,0.3916236370356728,0.94,0.023748684174075843,1.4891667062506386,100,100,0.0,-2.7755575615628914e-17
scm1,obs_size,100,20000,1.0,flexible,oracle_omega_only,0.8909363788871092,0.07305057554551253,0.044361552784495856,0.19679473654516122,0.0274921643351448,0.44361552784495856,0.22752105585055882,1.1561338470978182,0.20016317576724027,0.029743322593747096,0.44739599435761634,0.95,0.021794494717703377,1.8381646556882134,100,100,0.0,2.7755575615628914e-17
scm1,obs_size,100,20000,1.0,flexible,rct_only,0.8899774064899237,0.07209160314832737,0.04591948513683356,0.21085991152318787,0.03147094424048362,0.45919485136833565,0.23880880064782337,1.1325471917480248,0.21394851165245185,0.03390532004850838,0.4625456860164754,0.96,0.019595917942265433,1.883897141707659,100,100,0.0,-8.326672684688674e-17
scm1,obs_size,100,20000,1.0,flexible,semi_supervised,0.8763734922066528,0.058487688865056515,0.045318226020394745,0.20537416096355834,0.031235198661182066,0.4531822602039475,0.2416382693270281,1.1765758077517086,0.2067412291026984,0.033370483874436106,0.4546880569167156,0.95,0.021794494717703377,1.8942315628486375,100,100,0.0,0.0
scm1,obs_size,100,20000,1.0,flexible,shrinkage,1.1137361708572144,0.295850367515618,0.02432115219847574,0.059151844426142165,0.012891254006779483,0.24321152198475746,0.04664010841899183,0.7884810502777699,0.14608776594100698,0.02003587640023398,0.3822142932191403,0.42,0.04935585071701227,0.7461191841528536,100,100,0.0,0.0
scm1,quality,100,5000,0.0,flexible,adaptive,0.8072681389110268,-0.01061766443056968,0.017950378783911772,0.032221609848590994,0.00932630084388561,0.17950378783911775,0.03145602645619238,0.9762400638578866,0.03201212854806526,0.009635754307080534,0.17891933531081894,0.91,0.028618176042508364,0.5917871695002099,100,100,0.0,-1.3877787807814457e-17
scm1,quality,100,5000,0.0,flexible,fixed_half,0.814854072920352,-0.0030317304212445716,0.04499991334214752,0.20249922008007862,0.023062086516322466,0.4499991334214752,0.171287406794475,0.84586699507652,0.20048341926862487,0.02329597469605469,0.44775374846965255,0.91,0.028618176042508364,1.6037006300542367,100,100,0.0,-5.551115123125783e-17
scm1,quality,100,5000,0.0,flexible,joint,0.8245840141702644,0.0066982108286677755,0.04206674415227248,0.1769610963572751,0.01972387596942229,0.42066744152272484,0.1489027072275086,0.8414431775834045,0.17523635142200764,0.019827999876488395,0.4186124119301859,0.94,0.023748684174075843,1.4983105270887997,100,100,0.0,0.0
scm1,quality,100,5000,0.0,flexible,lambda_only,0.8101046482555729,-0.007781155086023544,0.04254775707532476,0.1810311632140848,0.020825940175413844,0.4254775707532476,0.1591391949003067,0.8790707195098284,0.17928139795641665,0.020857075392607685,0.423416341154208,0.93,0.02551470164434614,1.5484720266141243,100,100,0.0,-5.551115123125783e-17
scm1,quality,100,5000,0.0,flexible,naive_pool,0.8275748983504525,0.009689095008855958,0.009065385958106787,0.008218122256943973,0.0015553923818082268,0.09065385958106788,0.006014274570563352,0.7318307494734018,0.008229819596465168,0.0016164019106196434,0.09071835314017318,0.93,0.02551470164434614,0.302357276644721,100,100,0.0,-3.469446951953614e-18
scm1,quality,100,5000,0.0,flexible,obs_transported,0.8196251821502106,0.001739378808614213,0.013437239588773528,0.01805594077661027,0.0022455571143637004,0.13437239588773534,0.017057809055735108,0.9447200379518222,0.017878406807484013,0.002292116601897127,0.1337101597018118,0.92,0.027129319932501065,0.5082127242755673,100,100,0.0,-1.0408340855860843e-17
scm1,quality,100,5000,0.0,flexible,omega_only,0.831906133167649,0.014020329826052788,0.05386868652474577,0.2901835387901326,0.03313033427120841,0.5386868652474577,0.2397127850512082,0.8260729952176026,0.2874782730506626,0.03372263626369307,0.536170003870659,0.92,0.027129319932501065,1.8860296893965163,100,100,0.0,5.551115123125783e-17
scm1,quality,100,5000,0.0,flexible,oracle_joint,0.8133580532711905,-0.004527750070405966,0.040392386172214065,0.163154486068527,0.017072536855877576,0.4039238617221407,0.14357092106937036,0.8799691907280361,0.16154344172854182,0.017045450347838845,0.40192467170919205,0.94,0.023748684174075843,1.4716705625045932,100,100,0.0,0.0
scm1,quality,100,5000,0.0,flexible,oracle_lambda_only,0.8069382292179677,-0.010947574123628718,0.04202192151865478,0.1765841888119982,0.019457552395690143,0.4202192151865478,0.15584425036846183,0.8825492894745106,0.1749381963030705,0.019529607138595993,0.4182561371971373,0.93,0.02551470164434614,1.5323631420008423,100,100,0.0,-5.551115123125783e-17
scm1,quality,100,5000,0.0,flexible,oracle_omega_only,0.8238465913061808,0.005960787964584271,0.05245366289050938,0.2751386750631201,0.031020577439607178,0.5245366289050938,0.23725676213393232,0.8623170191522612,0.27242281930564766,0.031767150309499816,0.5219413945124948,0.92,0.027129319932501065,1.876700400084309,100,100,0.0,0.0
scm1,quality,100,5000,0.0,flexible,rct_only,0.8174267672529579,-0.0004590360886385192,0.0545812627915432,0.2979114247919497,0.034626010817256046,0.545812627915432,0.25173912757633393,0.8450133382838177,0.29493252125816083,0.03517760974770366,0.5430769017903089,0.92,0.027129319932501065,1.9335385466389565,100,100,0.0,-5.551115123125783e-17
scm1,quality,100,5000,0.0,flexible,semi_supervised,0.8245972652426008,0.006711461901004424,0.053829227451570226,0.2897585728032881,0.03330542590175251,0.5382922745157022,0.2531454632924884,0.8736427048332555,0.2869060307961039,0.0340203030656825,0.5356360992279217,0.93,0.02551470164434614,1.9369250440274206,100,100,0.0,5.551115123125783e-17
scm1,quality,100,5000,0.0,flexible,shrinkage,0.8212431256808069,0.0033573223392105063,0.01838453120099793,0.03379909874804664,0.006918165450298439,0.1838453120099793,0.036566401441546825,1.0818750438918174,0.033472379373855526,0.006918888134456305,0.18295458281730886,0.91,0.028618176042508364,0.6602169427968476,100,100,0.0,-6.938893903907228e-18
scm1,quality,100,5000,0.0,linear,adaptive,0.8131442433729419,-0.004741559968654511,0.01341757308812106,0.01800312675750706,0.002960250537327745,0.13417573088121063,0.033677643336939476,1.8706552362020312,0.017845577880868328,0.002926520266316698,0.13358734176885295,0.96,0.019595917942265433,0.608114509550054,100,100,0.0,-6.938893903907228e-18
scm1,quality,100,5000,0.0,linear,fixed_half,0.8768875091623761,0.05900170582077962,0.04312481825385921,0.1859749949428388,0.026712398917252307,0.43124818253859204,0.17257620840220478,0.9279538276382141,0.1875964462831723,0.025955022158495555,0.4331240541498155,0.96,0.019595917942265433,1.606760188096358,100,100,0.0,5.551115123125783e-17
scm1,quality,100,5000,0.0,linear,joint,0.8892967635936163,0.07141096025202001,0.04172552673116949,0.174101958099354,0.023774009489699776,0.41725526731169493,0.15656346448315867,0.899263088091251,0.17746046376247598,0.023387316950178497,0.42126056516421756,0.95,0.021794494717703377,1.5324042178778392,100,100,0.0,-5.551115123125783e-17
scm1,quality,100,5000,0.0,linear,lambda_only,0.8856602029341559,0.06777439959255938,0.04385908433361247,0.19236192785829315,0.024791173283163086,0.4385908433361248,0.16558611786935323,0.8608050444957861,0.19503167781984207,0.02467007052531022,0.4416239099277145,0.94,0.023748684174075843,1.5759839781871088,100,100,0.0,-5.551115123125783e-17
scm1,quality,100,5000,0.0,linear,naive_pool,0.8148491900418878,-0.0030366132997085805,0.0083501703393945,0.006972534469690375,0.001102286865849597,0.08350170339394505,0.006048620718187723,0.8674924081739707,0.006912030145325433,0.0010907384193393046,0.08313862005906421,0.92,0.027129319932501065,0.30365752494339193,100,100,0.0,-6.071532165918825e-18
scm1,quality,100,5000,0.0,linear,obs_transported,0.7996043222101507,-0.018281481131445773,0.012473022611829329,0.015557629307520582,0.0024111628498010274,0.12473022611829332,0.017184318195540154,1.104558918063,0.015736265566804776,0.0024685263866963724,0.12544427275409897,0.94,0.023748684174075843,0.5101368117762594,100,100,0.0,-6.938893903907228e-18
scm1,quality,100,5000,0.0,linear,omega_only,0.8794269989947723,0.061541195653175985,0.04944561593442481,0.24448689351346445,0.036590921465973814,0.4944561593442481,0.2465438392419941,1.0084133169634157,0.24582934334075232,0.03575730605542228,0.4958118023411225,0.96,0.019595917942265433,1.9102284784051284,100,100,0.0,2.7755575615628914e-17
scm1,quality,100,5000,0.0,linear,oracle_joint,0.876437140198667,0.05855133685707073,0.040850259904168566,0.16687437342381226,0.022177523913900595,0.40850259904168573,0.14791693127603486,0.8863969238726007,0.16863388873732427,0.021865996828008903,0.41065056768172653,0.95,0.021794494717703377,1.4902920962373136,100,100,0.0,-5.551115123125783e-17
scm1,quality,100,5000,0.0,linear,oracle_lambda_only,0.8760598390168686,0.05817403567527207,0.04303766078663288,0.1852240245985278,0.024578606294402356,0.43037660786632886,0.1607849606600069,0.8680567275681842,0.18675600277929036,0.024128072345880706,0.4321527539878583,0.95,0.021794494717703377,1.5536348677132152,100,100,0.0,2.7755575615628914e-17
scm1,quality,100,5000,0.0,linear,oracle_omega_only,0.8761677395171102,0.05828193617551399,0.04910684606546785,0.24114823304975555,0.035670784373525076,0.4910684606546785,0.2416110958403177,1.0019194119098798,0.2421335348036247,0.03504996461697414,0.4920706603767641,0.96,0.019595917942265433,1.8941524247048818,100,100,0.0,2.7755575615628914e-17
scm1,quality,100,5000,0.0,linear,rct_only,0.8757904383353118,0.05790463499371536,0.050205756478970257,0.2520617983625663,0.035681258986018836,0.5020575647897025,0.2552250260198869,1.0125494131910087,0.25289412713269604,0.035166377618143785,0.5028857992951243,0.96,0.019595917942265433,1.941817826611639,100,100,0.0,0.0
scm1,quality,100,5000,0.0,linear,semi_supervised,0.8825731422988309,0.06468733895723464,0.05171308675731225,0.2674243341969305,0.03805810856587237,0.5171308675731227,0.2589833373621186,0.9684359433476387,0.2689345426763293,0.03748969887474705,0.5185889920508623,0.94,0.023748684174075843,1.9546068560915526,100,100,0.0,-5.551115123125783e-17
scm1,quality,100,5000,0.0,linear,shrinkage,0.8149526943111128,-0.002933109030483627,0.019131968346241097,0.03660322128015714,0.007822488445688907,0.191319683462411,0.05196290166524925,1.4196264658656887,0.03624579219594028,0.007702331467013891,0.1903832770910835,0.96,0.019595917942265433,0.7849958981232299,100,100,0.0,6.938893903907228e-18
scm1,quality,100,5000,1.0,linear,adaptive,1.1170391518246605,0.2991533484830641,0.025239703236433226,0.06370426194632178,0.02559653788289325,0.25239703236433225,0.039307645348507454,0.6170332117124079,0.1525599452354882,0.017963187105757242,0.39058922826351494,0.26,0.04386342439892262,0.6402080150924917,100,100,0.0,5.551115123125783e-17
scm1,quality,100,5000,1.0,linear,fixed_half,0.7998495494088819,-0.01803625393271445,0.03871628945262991,0.14989510689798222,0.019228557130840755,0.3871628945262991,0.17158697693424022,1.1447136633420687,0.14872146228492772,0.01888944029078771,0.38564421723257786,0.94,0.023748684174075843,1.6019210172341358,100,100,0.0,-2.7755575615628914e-17
scm1,quality,100,5000,1.0,linear,joint,0.7975387400270543,-0.020347063314542013,0.039084245696835065,0.15275782616905703,0.02126260563263218,0.3908424569683506,0.1565638163213114,1.0249151892750965,0.15164425089289246,0.02092089639147596,0.38941526792473413,0.95,0.021794494717703377,1.5333348632290167,100,100,0.0,0.0
scm1,quality,100,5000,1.0,linear,lambda_only,0.8025084420669376,-0.015377361274658961,0.039932053986978536,0.15945689356189682,0.022025430641415353,0.39932053986978533,0.16289920091425375,1.021587698565197,0.1580987878660492,0.021610689942402252,0.39761638279382955,0.95,0.021794494717703377,1.5655292973290122,100,100,0.0,-5.551115123125783e-17
scm1,quality,100,5000,1.0,linear,naive_pool,1.1584815636071077,0.3405957602655114,0.008080683007280473,0.006529743786415137,0.0007016128250872634,0.08080683007280472,0.005656999899721971,0.8663433183230138,0.12246991825939268,0.005517419194026367,0.34995702344629787,0.0,0.0,0.293856141837231,100,100,0.0,-2.7755575615628914e-17
scm1,quality,100,5000,1.0,linear,obs_transported,1.1807883926244838,0.36290258928288716,0.01208917220701739,0.014614808465092166,0.00223585260360562,0.12089172207017387,0.01472838225718277,1.0077711447510158,0.14616694968866517,0.009570589390851082,0.3823178647260224,0.14,0.03469870314579494,0.4732579394922215,100,100,0.0,2.7755575615628914e-17
scm1,quality,100,5000,1.0,linear,omega_only,0.8067226801715102,-0.01116312317008629,0.043673759848875254,0.19073972993372287,0.026977415776340174,0.4367375984887526,0.24050844136666844,1.2609247242314903,0.18895694795329618,0.026748000818161484,0.43469178500783306,0.95,0.021794494717703377,1.8826668302373069,100,100,0.0,2.7755575615628914e-17
scm1,quality,100,5000,1.0,linear,oracle_joint,0.7906330755209224,-0.027252727820674064,0.03762670894197177,0.14157692258038584,0.017434904205852947,0.3762670894197177,0.15083224800435036,1.0653731219416034,0.1409038645282497,0.017088322007662804,0.3753716352206833,0.95,0.021794494717703377,1.5061190128313893,100,100,0.0,-2.7755575615628914e-17
scm1,quality,100,5000,1.0,linear,oracle_lambda_only,0.8072474908925844,-0.01063831244901189,0.03966809168179488,0.15735574976752847,0.020188434796721576,0.39668091681794887,0.1587794995035593,1.0090479676664768,0.15589536596161596,0.019647376965665757,0.39483587218186744,0.96,0.019595917942265433,1.546192809456073,100,100,0.0,-2.7755575615628914e-17
scm1,quality,100,5000,1.0,linear,oracle_omega_only,0.7950779668397311,-0.022807836501865388,0.04202428738816831,0.17660407304833628,0.024024319708936544,0.4202428738816832,0.2388255118224249,1.3523216520439973,0.17535822972374873,0.023686264587418758,0.41875796078850697,0.96,0.019595917942265433,1.8761650448853155,100,100,0.0,0.0
scm1,quality,100,5000,1.0,linear,rct_only,0.8116923822113933,-0.006193421130203234,0.044049942386929296,0.19403974242917904,0.02720462879133982,0.44049942386929297,0.24641232206913002,1.2699064582559216,0.19213770347018333,0.026859537194265683,0.43833514970873977,0.95,0.021794494717703377,1.9066714509689568,100,100,0.0,2.7755575615628914e-17
scm1,quality,100,5000,1.0,linear,semi_supervised,0.7978616290567382,-0.020024174284858285,0.043896578153219935,0.19269095735617456,0.026339489330208517,0.43896578153219934,0.24789575568490613,1.286493975047774,0.19116501533840324,0.02613795330975587,0.4372242163220185,0.96,0.019595917942265433,1.9109169951459781,100,100,0.0,5.551115123125783e-17
scm1,quality,100,5000,1.0,linear,shrinkage,1.076598383501488,0.2587125801598917,0.02340835831481942,0.054795123899497554,0.015977415915410742,0.23408358314819422,0.045751836047930636,0.8349618139717384,0.12117937179349095,0.013415775478982737,0.34810827596236626,0.46,0.04983974317750845,0.732579790871505,100,100,0.0,-1.3877787807814457e-17
scm1,quality,100,5000,2.0,flexible,adaptive,1.2508176966079998,0.4329318932664032,0.03141698119531724,0.09870267074269173,0.025149079853305206,0.31416981195317245,0.05478160258404455,0.5550164161905493,0.28514566824249704,0.015501844924677497,0.5339903259821258,0.21,0.0407308237088326,0.730802646590005,100,100,0.0,-5.551115123125783e-17
scm1,quality,100,5000,2.0,flexible,fixed_half,0.8154292685511821,-0.002456534790414211,0.03967803501937085,0.157434646299842,0.020756885063803885,0.39678035019370855,0.17031514693406197,1.0818149050221666,0.15586633440002004,0.02072795907499609,0.3947991063819928,0.95,0.021794494717703377,1.5996793126214968,100,100,0.0,-5.551115123125783e-17
scm1,quality,100,5000,2.0,flexible,joint,0.825192515993818,0.007306712652221444,0.03800560064982647,0.144442568075409,0.017319873030507513,0.3800560064982647,0.1521517128776603,1.0533716957886445,0.14305153044443703,0.017371051227345984,0.37822153619861076,0.96,0.019595917942265433,1.514282288757708,100,100,0.0,-2.7755575615628914e-17
scm1,quality,100,5000,2.0,flexible,lambda_only,0.8228558216226136,0.004970018281017207,0.03903975336378739,0.15241023427053496,0.02108961801080929,0.390397533637874,0.15906170080404056,1.0436418628010173,0.15091083300954325,0.021361371614106,0.38847243532784054,0.96,0.019595917942265433,1.5471496309706987,100,100,0.0,0.0
scm1,quality,100,5000,2.0,flexible,naive_pool,1.3563017558369637,0.5384159524953677,0.007770563283953492,0.006038165374992608,0.0007440032704465318,0.07770563283953492,0.005631711755606211,0.932685908029325,0.29586952162273666,0.00851026694177966,0.5439388951185019,0.0,0.0,0.2929811161516433,100,100,0.0,-5.551115123125783e-17
scm1,quality,100,5000,2.0,flexible,obs_transported,1.3588699401445195,0.5409841368029227,0.01369305601649872,0.01874997830709718,0.003359276817459639,0.1369305601649872,0.016615466624037425,0.88615924519487,0.31122631479642954,0.014993687198548402,0.5578766125196767,0.04,0.019595917942265423,0.501399784294465,100,100,0.0,0.0
scm1,quality,100,5000,2.0,flexible,omega_only,0.8128968668467565,-0.004988936494839699,0.04598849246991781,0.21149414396556873,0.029088831531912236,0.45988492469917813,0.24329289967010861,1.15035288972217,0.20940409201326257,0.02873296085545026,0.45760691866848185,0.97,0.017058722109231986,1.8990961615487427,100,100,0.0,-2.7755575615628914e-17
scm1,quality,100,5000,2.0,flexible,oracle_joint,0.8196252336705289,0.0017394303289325602,0.03785662262140805,0.14331238762997034,0.01774077689207112,0.3785662262140805,0.14383797095182843,1.0036673963120002,0.14188228937153985,0.017839249995104653,0.37667265546033446,0.93,0.02551470164434614,1.4728687929487054,100,100,0.0,0.0
scm1,quality,100,5000,2.0,flexible,oracle_lambda_only,0.8099144917348796,-0.007971311606716847,0.03964864656128662,0.1572015174141825,0.02158551178624493,0.39648646561286616,0.1545029708408272,0.9828338388983525,0.15569304404877207,0.02176289068501197,0.394579578854218,0.95,0.021794494717703377,1.5260808166518978,100,100,0.0,0.0
scm1,quality,100,5000,2.0,flexible,oracle_omega_only,0.8202709144112019,0.0023851110696054595,0.04511620212391894,0.20354716940863082,0.028591534499381763,0.4511620212391894,0.23920412891323903,1.1751778696220783,0.20151738646935882,0.02829877121857906,0.4489068795077202,0.97,0.017058722109231986,1.882832750013393,100,100,0.0,-5.551115123125783e-17
scm1,quality,100,5000,2.0,flexible,rct_only,0.8105601724755525,-0.007325630866043935,0.04723634082706675,0.22312718947308133,0.03218207137758667,0.47236340827066753,0.2501553461231342,1.1211334069768921,0.2209495824459361,0.031929145700309094,0.47005274432337496,0.97,0.017058722109231986,1.9270554253876375,100,100,0.0,5.551115123125783e-17
scm1,quality,100,5000,2.0,flexible,semi_supervised,0.8070135673505249,-0.01087223599107154,0.045913172944580936,0.21080194498389998,0.0309313602009604,0.4591317294458095,0.25022681690305804,1.1870232835003924,0.2088121310495065,0.030557871154564587,0.4569596601993512,0.98,0.014000000000000005,1.92870246125932,100,100,0.0,-5.551115123125783e-17
scm1,quality,100,5000,2.0,flexible,shrinkage,1.173171688724361,0.35528588538276445,0.03129498910064244,0.09793763428093293,0.017106554149023637,0.3129498910064244,0.06893871748669321,0.703904254915361,0.22318631829033853,0.021546268131671254,0.4724259923949343,0.5,0.05,0.9058654627217687,100,100,0.0,8.326672684688674e-17
scm1,quality,100,5000,2.0,linear,adaptive,1.1570425645989693,0.3391567612573729,0.04445240466383328,0.19760162803971873,0.04131081400127569,0.44452404663833284,0.06713039994704867,0.3397259456463344,0.31065292046591214,0.02485482357321439,0.5573624677585602,0.24,0.04270831300812525,0.8143969777480268,100,100,0.0,0.0
scm1,quality,100,5000,2.0,linear,fixed_half,0.8066672454643893,-0.011218557877207132,0.04672417914434466,0.2183148916712812,0.0262317963569461,0.4672417914434466,0.16788582495203586,0.7690076644190774,0.21625759879541262,0.025654953526498363,0.46503505114712873,0.9,0.03,1.5918892288366842,100,100,0.0,-2.7755575615628914e-17
scm1,quality,100,5000,2.0,linear,joint,0.809158135250062,-0.00872766809153447,0.04273957247153073,0.18266710550492282,0.023242114279050572,0.4273957247153074,0.15679643481955696,0.8583725810191444,0.18091660664018946,0.02262729694893989,0.42534292828280273,0.92,0.027129319932501065,1.5372709821164208,100,100,0.0,-1.3877787807814457e-16
scm1,quality,100,5000,2.0,linear,lambda_only,0.795348422625178,-0.022537380716418403,0.044671433331144456,0.1995536955858883,0.025200337841266126,0.4467143333114445,0.16507414189452807,0.8272166617103808,0.19806609215958623,0.02469006795031726,0.4450461685708419,0.93,0.02551470164434614,1.5781603583049284,100,100,0.0,2.7755575615628914e-17
scm1,quality,100,5000,2.0,linear,naive_pool,1.3649647358137187,0.5470789324721227,0.0073857244487447946,0.00545489256327866,0.0006344005600713228,0.07385724448744795,0.005779799344787837,1.059562452924626,0.30469570199248325,0.008088910905930235,0.5519924836376698,0.0,0.0,0.29702177811640745,100,100,0.0,0.0
scm1,quality,100,5000,2.0,linear,obs_transported,1.3566670440217843,0.5387812406801877,0.012736701740169587,0.016222357121803897,0.0021404158710357116,0.12736701740169587,0.013864646918342558,0.8546629083702995,0.30634535885946834,0.01406661748057712,0.5534847413068118,0.01,0.0099498743710662,0.4588330897578086,100,100,0.0,1.1102230246251565e-16
scm1,quality,100,5000,2.0,linear,omega_only,0.8166295444370059,-0.001256258904590596,0.0563430895723564,0.3174543742558576,0.03773908928309074,0.563430895723564,0.21828966164436048,0.6876253072777833,0.31428140869973437,0.0371078444880369,0.5606080704910824,0.9,0.03,1.8129617293847398,100,100,0.0,0.0
scm1,quality,100,5000,2.0,linear,oracle_joint,0.8093223028231502,-0.008563500518446177,0.03988050015305074,0.159045429245748,0.01880514845618072,0.39880500153050735,0.1510895020044686,0.9499770142467512,0.15752830849441993,0.01831531093582079,0.3968983604078252,0.94,0.023748684174075843,1.5091014371328333,100,100,0.0,0.0
scm1,quality,100,5000,2.0,linear,oracle_lambda_only,0.7894084544667119,-0.028477348874884532,0.0432619603737721,0.18715972153818278,0.022887924138333182,0.432619603737721,0.1624025525408982,0.867721704254439,0.18609908372174278,0.022721987742215517,0.4313920302019299,0.93,0.02551470164434614,1.5655816222121137,100,100,0.0,-5.551115123125783e-17
scm1,quality,100,5000,2.0,linear,oracle_omega_only,0.8227336801685604,0.004847876826963831,0.05494720504162398,0.3019195341886269,0.034438333923993224,0.5494720504162399,0.21552044030955314,0.7138340382272346,0.29892384075647,0.03396920164885203,0.5467392804220947,0.91,0.028618176042508364,1.8017443733725158,100,100,0.0,-5.551115123125783e-17
scm1,quality,100,5000,2.0,linear,rct_only,0.802819831812122,-0.015065971529474514,0.05795950448456697,0.3359304160096538,0.04199951781577087,0.5795950448456696,0.2273946314461453,0.6769099212487224,0.3327980953476842,0.04127988367020428,0.576886553273418,0.9,0.03,1.849658404096131,100,100,0.0,0.0
scm1,quality,100,5000,2.0,linear,semi_supervised,0.7979088775965988,-0.019976925744997532,0.057554734605871016,0.3312547475552247,0.03962549302784461,0.5755473460587102,0.22775901290624223,0.687564524243601,0.32834127764189364,0.03914420781948697,0.5730107133744479,0.91,0.028618176042508364,1.851587198022726,100,100,0.0,5.551115123125783e-17
scm1,quality,100,5000,2.0,linear,shrinkage,1.1133685545730065,0.2954827512314101,0.039771558294601606,0.1581776849180894,0.028799305264150057,0.39771558294601606,0.0745499640243926,0.47130519113993535,0.24390596434419187,0.022891186839530363,0.49386836742617146,0.47,0.04990991885387112,0.9506649113162758,100,100,0.0,0.0
scm1,rct_size,50,5000,1.0,flexible,adaptive,1.1602799043536824,0.34239410101208634,0.030868939040980304,0.09528913975157581,0.029416237853245687,0.30868939040980303,0.08174377202194368,0.8578498266964559,0.21156996876193485,0.03999735215585758,0.4599673561916485,0.53,0.04990991885387112,0.8762561013205545,100,100,0.0,0.0
scm1,rct_size,50,5000,1.0,flexible,fixed_half,0.8580032585340405,0.04011745519244416,0.06316538966614868,0.39898664516764015,0.06345973174536759,0.6316538966614867,0.37036098524473415,0.928254090031313,0.39660618892708144,0.06352645577602281,0.6297667734384543,0.9,0.03,2.331041714973517,100,100,0.0,-5.551115123125783e-17
scm1,rct_size,50,5000,1.0,flexible,joint,0.8956667177942691,0.07778091445267277,0.05651497335372516,0.3193942213172265,0.048300037750818106,0.5651497335372516,0.332493331461208,1.0410123579880655,0.3222501497571483,0.052205042066774565,0.5676708110843364,0.89,0.031288975694324025,2.214365033761696,100,100,0.0,5.551115123125783e-17
scm1,rct_size,50,5000,1.0,flexible,lambda_only,0.896687873562669,0.07880207022107263,0.05767633501230144,0.33265596204512293,0.04951772611930705,0.5767633501230144,0.3445645832959898,1.0357986106055468,0.33553916869579853,0.053741844153472926,0.5792574286928037,0.92,0.027129319932501065,2.257360528303468,100,100,0.0,0.0
scm1,rct_size,50,5000,1.0,flexible,naive_pool,1.1652695690589518,0.3473837657173553,0.0102492235701428,0.010504658379077072,0.0014830478754668305,0.102492235701428,0.009505115635275835,0.9048476677935474,0.13107509247925667,0.007416438793919599,0.3620429428662526,0.1,0.030000000000000002,0.36670106167454974,100,100,0.0,-2.7755575615628914e-17
scm1,rct_size,50,5000,1.0,flexible,obs_transported,1.174045195397589,0.3561593920559926,0.015258680397164767,0.023282732746282023,0.003227948866790085,0.15258680397164764,0.028504012268138767,1.2242554419515261,0.14989941796851347,0.011496560930363841,0.3871684620013793,0.41,0.04918333050943175,0.649940226449325,100,100,0.0,0.0
scm1,rct_size,50,5000,1.0,flexible,omega_only,0.8542725205984374,0.03638671725684095,0.08545064160010969,0.7301812149870396,0.1269151451688653,0.8545064160010969,0.5758248890648437,0.7886054547090264,0.7242033960298986,0.12442048668562547,0.851001407771984,0.87,0.03363034344160047,2.8722686598975167,100,100,0.0,1.1102230246251565e-16
scm1,rct_size,50,5000,1.0,flexible,oracle_joint,0.8619581777586649,0.044072374417068544,0.05137588826731743,0.2639481895255884,0.03720170051899853,0.5137588826731743,0.29936199739485664,1.1341695426398637,0.2632510818170908,0.038019078796232196,0.5130799955339234,0.91,0.028618176042508364,2.0986346088024073,100,100,0.0,-5.551115123125783e-17
scm1,rct_size,50,5000,1.0,flexible,oracle_lambda_only,0.8703480700235395,0.05246226668194302,0.05274575761316491,0.27821149461867445,0.039600173106144186,0.5274575761316491,0.3202971875747659,1.151272301001709,0.278181669097895,0.04172519767966377,0.5274293024642213,0.93,0.02551470164434614,2.177576159695802,100,100,0.0,0.0
scm1,rct_size,50,5000,1.0,flexible,oracle_omega_only,0.8469037841019628,0.02901798076036634,0.0843085400691699,0.7107929928594825,0.12332588649905446,0.8430854006916989,0.5691419354888883,0.8007140492469691,0.7045271061382966,0.12067663907449366,0.8393611297518468,0.88,0.03249615361854384,2.8515891003155467,100,100,0.0,0.0
scm1,rct_size,50,5000,1.0,flexible,rct_only,0.8552936763668373,0.037407873025240825,0.08587902963165034,0.7375207730473874,0.12861052357497935,0.8587902963165032,0.5908173143443327,0.8010856587850596,0.7315449142811863,0.12603133372533276,0.8553039893986151,0.88,0.03249615361854384,2.9090202675469277,100,100,0.0,2.220446049250313e-16
scm1,rct_size,50,5000,1.0,flexible,semi_supervised,0.8721022762646901,0.05421647292309375,0.08634284796703193,0.7455087395057989,0.12736288784103983,0.8634284796703192,0.6022463311136671,0.8078326908855541,0.7409930780469614,0.12505755626482312,0.8608095480691192,0.9,0.03,2.927516789887085,100,100,0.0,-1.1102230246251565e-16
scm1,rct_size,50,5000,1.0,flexible,shrinkage,1.1206239123422104,0.3027381090006139,0.03658847722162989,0.1338716665397729,0.03197884702146501,0.36588477221629884,0.10729265245840891,0.8014590034742906,0.22418331251564275,0.03922913716107902,0.4734800022341416,0.62,0.048538644398046386,1.0604702802644572,100,100,0.0,2.7755575615628914e-17
scm1,rct_size,100,5000,1.0,flexible,adaptive,1.0806681897651464,0.26278238642354995,0.026085747944244665,0.06804662458106647,0.02263688531679349,0.26085747944244664,0.04772039189710419,0.7012896259130843,0.1364207409497117,0.014032263061680025,0.36935178481998937,0.32,0.0466476151587624,0.6807250112069615,100,100,0.0,-2.7755575615628914e-17
scm1,rct_size,100,5000,1.0,flexible,fixed_half,0.8355899244168056,0.017704121075208985,0.04011438815978555,0.1609164137433943,0.021914943591775173,0.40114388159785547,0.16102653744404802,1.0006843534359977,0.15962068550900604,0.020992766524834807,0.3995255755380449,0.94,0.023748684174075843,1.5537620495946498,100,100,0.0,2.7755575615628914e-17
scm1,rct_size,100,5000,1.0,flexible,joint,0.8277198065635143,0.009834003221917851,0.03805339342071685,0.1448060750831856,0.019183862975929413,0.38053393420716847,0.1443596642710731,0.9969171817421607,0.14345472195172243,0.018811668221242882,0.3787541708703977,0.91,0.028618176042508364,1.473729956182654,100,100,0.0,0.0
scm1,rct_size,100,5000,1.0,flexible,joint_cross_fitted,0.8351253181849243,0.01723951484332793,0.0218975912443582,0.047950450230499306,0.007111062576231956,0.21897591244358203,0.043165405414729935,0.900208552938137,0.047768146600227636,0.007316441707442491,0.2185592519209096,0.9,0.03,0.8119275469928333,100,100,0.0,0.0
scm1,rct_size,100,5000,1.0,flexible,lambda_only,0.8278171286039415,0.009931325262345199,0.038998487694895424,0.15208820424889094,0.021615092630466397,0.3899848769489542,0.15086503447829677,0.9919574974493587,0.1506659534278685,0.02091007199239787,0.38815712466457253,0.92,0.027129319932501065,1.5055885175340311,100,100,0.0,-2.7755575615628914e-17
scm1,rct_size,100,5000,1.0,flexible,naive_pool,1.1607199969335598,0.3428341935919632,0.0083304591382185,0.006939654945352808,0.0008302551309383694,0.08330459138218498,0.005705567703410847,0.8221687891314572,0.12440554269175097,0.005739974312373327,0.3527116991138102,0.0,0.0,0.29518691195694424,100,100,0.0,-1.3877787807814457e-17
scm1,rct_size,100,5000,1.0,flexible,obs_transported,1.167321548942315,0.3494357456007184,0.010914173742138975,0.011911918847359586,0.0013248837983322788,0.10914173742138975,0.015884594307774974,1.3335042415350218,0.13389813996241604,0.007430831919513402,0.365920947695559,0.2,0.04,0.4918311289522088,100,100,0.0,8.326672684688674e-17
scm1,rct_size,100,5000,1.0,flexible,omega_only,0.8358272194216806,0.01794141608008416,0.04651966969696668,0.21640796687148803,0.029791001391680998,0.4651966969696668,0.22054042287719317,1.0190956740892962,0.21456578161373183,0.029089389087856694,0.46321245839650277,0.94,0.023748684174075843,1.8121453580256566,100,100,0.0,-2.7755575615628914e-17
scm1,rct_size,100,5000,1.0,flexible,oracle_joint,0.8342346304401282,0.016348827098531814,0.037193909544442676,0.13833869072001842,0.017499004956091378,0.37193909544442677,0.14041983343445208,1.015043822545969,0.13722258796031594,0.017178057842905492,0.3704356731745958,0.92,0.027129319932501065,1.4532218499206462,100,100,0.0,2.7755575615628914e-17
scm1,rct_size,100,5000,1.0,flexible,oracle_lambda_only,0.8316831338347687,0.013797330493172255,0.03869814239011089,0.14975462244452975,0.021375771752544202,0.3869814239011089,0.14809878624931994,0.9889430044416616,0.14844744254882228,0.020668385095692996,0.38528877812469736,0.93,0.02551470164434614,1.4914147779779072,100,100,0.0,2.7755575615628914e-17
scm1,rct_size,100,5000,1.0,flexible,oracle_omega_only,0.8384760380674675,0.020590234725871057,0.04577557883685543,0.20954036178491667,0.029198681440550756,0.4577557883685543,0.2188570791306663,1.0444626384453455,0.20786891593313395,0.02827682187634204,0.45592643697545543,0.94,0.023748684174075843,1.8053483118643225,100,100,0.0,-2.7755575615628914e-17
scm1,rct_size,100,5000,1.0,flexible,rct_only,0.8359245414621079,0.018038738120511485,0.04779889218249939,0.22847340938742017,0.03328935913081642,0.4779889218249939,0.22761255690124338,0.996232154593023,0.22651407136652632,0.03210129412374117,0.4759349444688069,0.93,0.02551470164434614,1.8396822585568584,100,100,0.0,-5.551115123125783e-17
scm1,rct_size,100,5000,1.0,flexible,semi_supervised,0.8299740686939032,0.012088265352306542,0.0470520384888184,0.2213894325953248,0.0343719710323684,0.470520384888184,0.23112375261334484,1.0439692170665313,0.21932166442859938,0.033033062052185855,0.46831790957489483,0.94,0.023748684174075843,1.8530387650729885,100,100,0.0,8.326672684688674e-17
scm1,rct_size,100,5000,1.0,flexible,shrinkage,1.033720088958922,0.2158342856173256,0.03053779756327562,0.09325570800156026,0.01998177331115503,0.3053779756327562,0.053811837383959095,0.5770353208090895,0.13890758976948592,0.012875364501769609,0.37270308526960966,0.46,0.04983974317750845,0.7871454642059973,100,100,0.0,0.0
scm1,rct_size,200,5000,1.0,flexible,adaptive,1.0962597971934227,0.2783739938518261,0.02077420444268204,0.04315675702263504,0.010687898387978484,0.20774204442682043,0.031436284793813975,0.7284209232247488,0.12021726990542518,0.007753403167637801,0.3467236217874767,0.3,0.0458257569495584,0.587202720993366,100,100,0.0,-1.3877787807814457e-17
scm1,rct_size,200,5000,1.0,flexible,fixed_half,0.8234556323177794,0.005569828976183199,0.024853109904573636,0.06176770719288163,0.008620316855198103,0.2485310990457364,0.07749577840481837,1.2546325892075416,0.06118105311577673,0.008842269873891454,0.24734804045267214,0.95,0.021794494717703377,1.0855141770108272,100,100,0.0,-2.0816681711721685e-17
scm1,rct_size,200,5000,1.0,flexible,joint,0.8357394919411099,0.017853688599513456,0.024312049004858536,0.0591075726814643,0.008545938673673512,0.24312049004858538,0.0738352613104007,1.249167542512787,0.058835251151258046,0.008844934493415665,0.24255978881763987,0.95,0.021794494717703377,1.0592625773061928,100,100,0.0,0.0
scm1,rct_size,200,5000,1.0,flexible,lambda_only,0.8347338780189877,0.016848074677391113,0.024288714480942025,0.05899416511367229,0.008329993784693648,0.24288714480942025,0.07872821509743981,1.3345085051334005,0.05868808108287051,0.008617087835902378,0.24225623022508733,0.95,0.021794494717703377,1.0944163762209145,100,100,0.0,0.0
scm1,rct_size,200,5000,1.0,flexible,naive_pool,1.1510300374851006,0.333144234143504,0.007175485153560333,0.005148758718896476,0.0007815356232266669,0.07175485153560333,0.004779462049931585,0.9282746212966759,0.1160823518747693,0.004780697981267427,0.34070860258404,0.01,0.0099498743710662,0.27077124935741886,100,100,0.0,-4.163336342344337e-17
scm1,rct_size,200,5000,1.0,flexible,obs_transported,1.1774072943689624,0.35952149102736614,0.011202856832896367,0.012550400121837281,0.0020554618154439348,0.11202856832896367,0.010236677363445666,0.8156454984757168,0.1416805986311594,0.007771835979852221,0.3764048334322494,0.09,0.02861817604250837,0.39543985489752775,100,100,0.0,0.0
scm1,rct_size,200,5000,1.0,flexible,omega_only,0.8187783803238221,0.0008925769822256998,0.028591843183391207,0.08174934966236347,0.010517176222525824,0.28591843183391213,0.09302629259453253,1.137945353433935,0.08093265285940902,0.010624651433295457,0.28448664794574985,0.94,0.023748684174075843,1.1866463963900318,100,100,0.0,-1.3877787807814457e-17
scm1,rct_size,200,5000,1.0,flexible,oracle_joint,0.8288740233545362,0.010988220012939658,0.023709414311413553,0.05621363269902619,0.008233965917254428,0.23709414311413554,0.07128244958820318,1.268063388997773,0.05577223735108868,0.008481475154958082,0.2361614645768625,0.95,0.021794494717703377,1.0411642458405124,100,100,0.0,-2.0816681711721685e-17
scm1,rct_size,200,5000,1.0,flexible,oracle_lambda_only,0.8346969845833553,0.01681118124175878,0.02408507451249254,0.05800908142723178,0.008255638326886895,0.2408507451249254,0.07711684000352331,1.3293925383090377,0.057711606427702705,0.00853118518798467,0.24023240086987163,0.95,0.021794494717703377,1.0833039520733156,100,100,0.0,-1.3877787807814457e-17
scm1,rct_size,200,5000,1.0,flexible,oracle_omega_only,0.8119498051728806,-0.0059359981687157615,0.028365867088542097,0.08046224156848354,0.010309988136687504,0.2836586708854209,0.09215648865455364,1.1453383209081593,0.07969285522705773,0.01046354277306388,0.28229922994414586,0.94,0.023748684174075843,1.1813924709486756,100,100,0.0,2.7755575615628914e-17
scm1,rct_size,200,5000,1.0,flexible,rct_only,0.8177727664016998,-0.00011303693989663355,0.028185743057587677,0.07944361117083522,0.010193707191281919,0.2818574305758768,0.09785556979286573,1.2317613506067533,0.07864918783647665,0.010372224297614769,0.2804446252586714,0.94,0.023748684174075843,1.2173593119269797,100,100,0.0,0.0
scm1,rct_size,200,5000,1.0,flexible,semi_supervised,0.8165246101777687,-0.0013611931638277163,0.029382433287019522,0.08633273858661529,0.011093639323213717,0.2938243328701952,0.097084960861754,1.1245439731342624,0.08547126404757835,0.011288911219540048,0.29235468877303533,0.95,0.021794494717703377,1.212230737363977,100,100,0.0,-4.163336342344337e-17
scm1,rct_size,200,5000,1.0,flexible,shrinkage,1.0469999573252502,0.2291141539836538,0.020408050214858395,0.04164885135721816,0.007008895328567185,0.2040805021485839,0.033240228693734004,0.7981067330917674,0.0937256583992914,0.007734096134211131,0.30614646559986836,0.52,0.049959983987187186,0.6526524112836326,100,100,0.0,0.0
scm1,rct_size,400,5000,1.0,flexible,adaptive,1.0068093951553967,0.1889235918138003,0.02001736621473666,0.040069495017488084,0.0054176167768796015,0.20017366214736665,0.022033168759813662,0.5498738816198563,0.07536092361114063,0.00545209471565212,0.27451944122619193,0.42,0.04935585071701227,0.5257619233170568,100,100,0.0,0.0
scm1,rct_size,400,5000,1.0,flexible,fixed_half,0.844872542767276,0.02698673942567947,0.01925011104009158,0.037056677505585583,0.0051669852534219915,0.19250111040091583,0.038400451103284855,1.0362626573172062,0.03741439483535923,0.005174231233280103,0.19342800943854857,0.95,0.021794494717703377,0.7661210649421929,100,100,0.0,-2.0816681711721685e-17
scm1,rct_size,400,5000,1.0,flexible,joint,0.8506384186315676,0.03275261528997123,0.019228336955056265,0.03697289420571825,0.004843375566794972,0.19228336955056266,0.037422642048620884,1.012164258507874,0.03767589907199392,0.004742970878536248,0.1941028054202049,0.95,0.021794494717703377,0.7564427086276987,100,100,0.0,-6.938893903907228e-18
scm1,rct_size,400,5000,1.0,flexible,lambda_only,0.8516115301134478,0.033725726771851455,0.019305894766273188,0.03727175727264146,0.004942714685300173,0.1930589476627319,0.039354442186589525,1.0558783665259812,0.038036464346204606,0.004816986353843804,0.19502939354416454,0.96,0.019595917942265433,0.7756448158730244,100,100,0.0,-1.3877787807814457e-17
scm1,rct_size,400,5000,1.0,flexible,naive_pool,1.1277111357569192,0.3098253324153227,0.005852020974713239,0.003424614948848369,0.0004796164212732149,0.058520209747132394,0.00421533574348488,1.2308933431778704,0.09938210540562509,0.003752121234568101,0.31524927502791356,0.0,0.0,0.254408511501712,100,100,0.0,0.0
scm1,rct_size,400,5000,1.0,flexible,obs_transported,1.16351406484517,0.3456282615035737,0.008096950809340735,0.00655606124088836,0.0010257029329118657,0.08096950809340736,0.007034555058023995,1.0729849523295176,0.1259493957784621,0.00569453204496336,0.35489349920569424,0.02,0.014,0.32841687875583625,100,100,0.0,-8.326672684688674e-17
scm1,rct_size,400,5000,1.0,flexible,omega_only,0.8427730730214236,0.02488726967982726,0.020800712884652336,0.043266965650974175,0.006358512467344708,0.20800712884652336,0.042299134213765036,0.9776311691229647,0.043453672186580874,0.006488964121022826,0.20845544412794997,0.95,0.021794494717703377,0.8039604962392016,100,100,0.0,-1.3877787807814457e-17
scm1,rct_size,400,5000,1.0,flexible,oracle_joint,0.8456125556275416,0.02772675228594506,0.018886163581236123,0.03566871748172098,0.0047777033586738245,0.18886163581236126,0.03693615731837584,1.0355336531879618,0.03608080309922992,0.004670761456159241,0.18994947512228066,0.94,0.023748684174075843,0.7514486155944566,100,100,0.0,-6.938893903907228e-18
scm1,rct_size,400,5000,1.0,flexible,oracle_lambda_only,0.8491450619722221,0.03125925863062569,0.01901165970854502,0.036144320487351424,0.004893524674338312,0.19011659708545023,0.03912642659689157,1.0825055242243031,0.03676001853261426,0.004743376568798606,0.19172902370954237,0.96,0.019595917942265433,0.7733975850281308,100,100,0.0,0.0
scm1,rct_size,400,5000,1.0,flexible,oracle_omega_only,0.8402136781586234,0.022327874817026857,0.020780615844703334,0.043183399488513546,0.0063834129739359915,0.2078061584470334,0.04202272588528784,0.9731222271295609,0.04325009948747322,0.006520478561074761,0.20796658262200016,0.94,0.023748684174075843,0.801268705366109,100,100,0.0,-6.938893903907228e-18
scm1,rct_size,400,5000,1.0,flexible,rct_only,0.8437461845033041,0.025860381161707496,0.020929296695948486,0.04380354601870402,0.006270516297802138,0.20929296695948488,0.04413348336841763,1.0075322064011147,0.04403426987234577,0.006370053590117596,0.20984344133745467,0.95,0.021794494717703377,0.8210830871626505,100,100,0.0,-6.938893903907228e-18
scm1,rct_size,400,5000,1.0,flexible,semi_supervised,0.8420666274056741,0.024180824064077875,0.0212631633030787,0.04521221136533928,0.006542577630145427,0.21263163303078703,0.043558894477410605,0.9634320720442321,0.04534480150410375,0.006613307876519539,0.21294318844260726,0.94,0.023748684174075843,0.8158682098211077,100,100,0.0,-2.7755575615628914e-17
scm1,rct_size,400,5000,1.0,flexible,shrinkage,0.9826408430957995,0.16475503975420294,0.01698663390992655,0.02885457315898666,0.00347736499619728,0.16986633909926552,0.020429534345658185,0.7080172086792931,0.05571025055180579,0.004916868205859277,0.2360301899160482,0.63,0.048280430818293245,0.5330503681636328,100,100,0.0,6.938893903907228e-18
scm2,obs_size,100,1000,1.0,flexible,adaptive,0.2651117487602653,-0.25267211594124644,0.02574221050369003,0.06626614016162895,0.012810056485625982,0.25742210503690033,0.0680805166267045,1.0273801440773542,0.12944667693423928,0.01509599775661736,0.3597869882781189,0.78,0.04142463035441595,0.9693241279776528,100,100,0.0,-5.551115123125783e-17
scm2,obs_size,100,1000,1.0,flexible,fixed_half,0.5416769044115339,0.02389303971002235,0.04849674220266977,0.23519340042722114,0.03879034102584498,0.48496742202669774,0.22016627694392724,0.9361073760743387,0.23341234376953363,0.03909931705517682,0.48312766818878594,0.93,0.02551470164434614,1.804376236006241,100,100,0.0,0.0
scm2,obs_size,100,1000,1.0,flexible,joint,0.5187653035115138,0.0009814388100021826,0.046100914460112025,0.21252943140585662,0.031965874402466544,0.46100914460112025,0.21220394833968861,0.9984685270928597,0.2104051003139358,0.03170327072202418,0.45869935721988514,0.95,0.021794494717703377,1.7744967104046907,100,100,0.0,-2.7755575615628914e-17
scm2,obs_size,100,1000,1.0,flexible,lambda_only,0.5321930207780501,0.01440915607653845,0.0472502003205819,0.22325814303351174,0.031450946409752586,0.472502003205819,0.2203150317976894,0.986817451781006,0.22123318538201459,0.031167793853594455,0.4703543189788041,0.95,0.021794494717703377,1.8100577351261788,100,100,0.0,-8.326672684688674e-17
scm2,obs_size,100,1000,1.0,flexible,naive_pool,0.219040491680957,-0.29874337302055454,0.021207709023741722,0.0449766922035696,0.006781287708258837,0.2120770902374172,0.04157887916816909,0.9244539144848265,0.1337745282052321,0.013589723414361404,0.36575200369270994,0.68,0.0466476151587624,0.7874439160191349,100,100,0.0,0.0
scm2,obs_size,100,1000,1.0,flexible,obs_transported,0.2001569248545139,-0.31762693984699764,0.023355830139620164,0.054549480151078966,0.009447795399700308,0.23355830139620165,0.05372738272414379,0.9849293260969982,0.15489085826613647,0.01737162745184656,0.3935617591511356,0.69,0.04624932431938871,0.8973929756387935,100,100,0.0,2.7755575615628914e-17
scm2,obs_size,100,1000,1.0,flexible,omega_only,0.5461121537655149,0.028328289064003313,0.0575565269555932,0.3312753795189927,0.058706415571501136,0.575565269555932,0.3000870410937303,0.9058537387518883,0.32876511768509653,0.05937917371759225,0.5733804301553171,0.92,0.027129319932501065,2.092053875101297,100,100,0.0,0.0
scm2,obs_size,100,1000,1.0,flexible,oracle_joint,0.5283904505117697,0.010606585810258218,0.04597936630620338,0.2114102125920031,0.03102252936869957,0.45979366306203384,0.20242888350362626,0.9575170519046317,0.20940861012863343,0.030860326792086955,0.45761185531914866,0.95,0.021794494717703377,1.7335667253327869,100,100,0.0,0.0
scm2,obs_size,100,1000,1.0,flexible,oracle_lambda_only,0.5343796995559456,0.016595834854433947,0.04669315602921696,0.21802508199688,0.03091962440129628,0.4669315602921696,0.2149780241304087,0.9860242783143872,0.21612025291142686,0.03069158762380842,0.46488735507800905,0.95,0.021794494717703377,1.788481622575556,100,100,0.0,2.7755575615628914e-17
scm2,obs_size,100,1000,1.0,flexible,oracle_omega_only,0.5535506219878754,0.03576675728636383,0.057462817307978954,0.3301975372970166,0.059692647762329375,0.5746281730797896,0.29392597947655824,0.8901519432356284,0.3281748228508281,0.0607739877157074,0.5728654491683262,0.93,0.02551470164434614,2.068717987352587,100,100,0.0,0.0
scm2,obs_size,100,1000,1.0,flexible,rct_only,0.5595398710320512,0.04175600633053958,0.05818083653875096,0.33850097403488577,0.05936003171360913,0.5818083653875095,0.3078775196135478,0.9095321527252624,0.336859528359213,0.06033793041090435,0.5803960099442561,0.92,0.027129319932501065,2.1185571183303153,100,100,0.0,5.551115123125783e-17
scm2,obs_size,100,1000,1.0,flexible,semi_supervised,0.5622262335641479,0.04444236886263633,0.0583000804207794,0.33988993770693454,0.05765549557047986,0.583000804207794,0.3099544924907142,0.9119260622477393,0.3384661624799879,0.058914257379263604,0.581778447933565,0.91,0.028618176042508364,2.126280865515766,100,100,0.0,5.551115123125783e-17
scm2,obs_size,100,1000,1.0,flexible,shrinkage,0.30375108244856974,-0.2140327822529419,0.032373960272766296,0.10480733037426504,0.020544880938934227,0.32373960272766295,0.09049911427803249,0.8634807694734884,0.14956928894945765,0.021029051800831165,0.38674188931308906,0.82,0.0384187454245971,1.0975996619736987,100,100,0.0,2.7755575615628914e-17
scm2,obs_size,100,20000,1.0,flexible,adaptive,0.23178217552897476,-0.2860016891725368,0.020715905603693123,0.04291487449811241,0.011650089612306113,0.20715905603693122,0.05496470437268122,1.2807844602947358,0.12428269196267565,0.012964586869734234,0.35253750433489434,0.45,0.049749371855331,0.7105178303021914,100,100,0.0,-1.3877787807814457e-17
scm2,obs_size,100,20000,1.0,flexible,fixed_half,0.41505653157905853,-0.10272733312245305,0.047704735571253695,0.22757417959232376,0.02771031779730056,0.4770473557125369,0.20532411046574933,0.9022293778387637,0.235851342766852,0.031223997568351657,0.4856452849218779,0.95,0.021794494717703377,1.750159775823318,100,100,0.0,2.7755575615628914e-17
scm2,obs_size,100,20000,1.0,flexible,joint,0.4004878796324365,-0.11729598506907511,0.047004620156482727,0.22094343160552224,0.028729181315492933,0.4700462015648273,0.18640340644540074,0.8436702783643276,0.23249234540279168,0.03266367016838968,0.48217460053676786,0.91,0.028618176042508364,1.670826853362299,100,100,0.0,-2.7755575615628914e-17
scm2,obs_size,100,20000,1.0,flexible,lambda_only,0.4119955766536561,-0.10578828804785553,0.046788601286827325,0.21891732103776998,0.029537756317578,0.46788601286827325,0.19522493893549173,0.8917747486130136,0.22791930971548827,0.03272782064570328,0.4774089543729655,0.93,0.02551470164434614,1.7104397016620771,100,100,0.0,-5.551115123125783e-17
scm2,obs_size,100,20000,1.0,flexible,naive_pool,0.1985161836452361,-0.31926768105627545,0.00506123158518014,0.0025616065158825087,0.00031886399850025016,0.05061231585180141,0.0021474274778173377,0.8383127793058097,0.10446784261777528,0.0032498599418931537,0.3232148551935311,0.0,0.0,0.1805170708873755,100,100,0.0,-2.7755575615628914e-17
scm2,obs_size,100,20000,1.0,flexible,obs_transported,0.20461927096775137,-0.3131645937337602,0.013929424910167146,0.01940288783279849,0.0026820740888538865,0.13929424910167143,0.019531465025619664,1.0066267039179513,0.11728092172290157,0.00948305371960258,0.34246302241687576,0.3,0.0458257569495584,0.5343828146868443,100,100,0.0,-1.3877787807814457e-17
scm2,obs_size,100,20000,1.0,flexible,omega_only,0.42706081645273913,-0.09072304824877243,0.058885855604980476,0.3467543990330611,0.0487396411506081,0.5888585560498047,0.2940504793648623,0.8480079277576121,0.3515175265262796,0.05105436380249382,0.5928891351056111,0.94,0.023748684174075843,2.0713135106884515,100,100,0.0,0.0
scm2,obs_size,100,20000,1.0,flexible,oracle_joint,0.3927021675061589,-0.12508169719535284,0.04505722115816518,0.2030153178495808,0.025648498770461593,0.4505722115816518,0.17734212817078224,0.8735406276199292,0.21663059564435486,0.030262662536106506,0.4654359200194532,0.92,0.027129319932501065,1.6279658873657268,100,100,0.0,-8.326672684688674e-17
scm2,obs_size,100,20000,1.0,flexible,oracle_lambda_only,0.40047576534247065,-0.11730809935904096,0.0467074133796903,0.2181582464621273,0.028879255400268807,0.46707413379690305,0.19142421161628448,0.8774557676393686,0.22973785417273668,0.032167936910109045,0.4793097684929201,0.93,0.02551470164434614,1.6940798279873375,100,100,0.0,2.7755575615628914e-17
scm2,obs_size,100,20000,1.0,flexible,oracle_omega_only,0.43079491563764694,-0.08698894906386467,0.057788755899618884,0.3339540308425737,0.04986648517213793,0.5778875589961889,0.29100855488235156,0.8714030315733284,0.33818156779338343,0.05193842899868102,0.5815338062343267,0.93,0.02551470164434614,2.0591648292846525,100,100,0.0,-1.6653345369377348e-16
scm2,obs_size,100,20000,1.0,flexible,rct_only,0.43856851347395875,-0.07921535122755284,0.057571557195965614,0.3314484197968342,0.04266653220775951,0.5757155719596563,0.3039559165994586,0.9170534491785253,0.33440900746897034,0.04471580678380304,0.5782810799853046,0.95,0.021794494717703377,2.105919713260794,100,100,0.0,-5.551115123125783e-17
scm2,obs_size,100,20000,1.0,flexible,semi_supervised,0.4380870267076276,-0.07969683799388405,0.05875526153391142,0.34521807579183317,0.043516258718068336,0.5875526153391143,0.30576529897729626,0.8857163642893168,0.34811748102013823,0.045905601003823286,0.5900148142378615,0.93,0.02551470164434614,2.109944530781087,100,100,0.0,0.0
scm2,obs_size,100,20000,1.0,flexible,shrinkage,0.27425904333466433,-0.24352482136684728,0.025135578586201152,0.06317973108630939,0.01035092460607998,0.2513557858620115,0.06557121011450479,1.0378519975801799,0.12185227239720117,0.01255316284412909,0.3490734484276929,0.6,0.04898979485566356,0.8571677531525924,100,100,0.0,0.0
scm2,quality,100,5000,0.0,flexible,adaptive,0.5485263335457945,0.03074246884428283,0.01827793040668226,0.033408273995152005,0.0049411853026209065,0.18277930406682263,0.03592984226630854,1.0754773584388841,0.034019290645842165,0.00517660476961795,0.1844431908362089,0.91,0.028618176042508364,0.6596229546065692,100,100,0.0,-1.3877787807814457e-17
scm2,quality,100,5000,0.0,flexible,fixed_half,0.5814151921308707,0.06363132742935909,0.04313161515559008,0.1860336225929928,0.03241507648218992,0.4313161515559008,0.2122452553042222,1.1408972869843834,0.18822223219748516,0.033509753277193015,0.43384586225696004,0.94,0.023748684174075843,1.7742100951151984,100,100,0.0,-2.7755575615628914e-17
scm2,quality,100,5000,0.0,flexible,joint,0.575270153852012,0.05748628915050052,0.04214679533783691,0.17763523572495116,0.029796861116069634,0.4214679533783692,0.1960527324866184,1.1036815510532196,0.1791635568079965,0.03157315822714793,0.42327716310710234,0.97,0.017058722109231986,1.7035354540600383,100,100,0.0,-8.326672684688674e-17
scm2,quality,100,5000,0.0,flexible,lambda_only,0.5893979774475546,0.07161411274604312,0.04264422985171485,0.1818530339645888,0.02906269883556851,0.4264422985171485,0.20796895893852413,1.1436100592031955,0.18516308476934587,0.031654599203681424,0.43030580378301414,0.97,0.017058722109231986,1.7557474004996383,100,100,0.0,-2.7755575615628914e-17
scm2,quality,100,5000,0.0,flexible,naive_pool,0.5242751478999071,0.0064912831983955635,0.009727407082351007,0.00946224485457726,0.0010585256422081832,0.0972740708235101,0.007167583603357511,0.7574929325455226,0.00940975916359325,0.0010748637175317115,0.09700391313546712,0.91,0.028618176042508364,0.3306215177283945,100,100,0.0,-8.673617379884035e-18
scm2,quality,100,5000,0.0,flexible,obs_transported,0.5337345250019061,0.015950660300394492,0.016706513144411593,0.027910758144439753,0.0036891526570200918,0.167065131444116,0.023313605384094285,0.835291010851266,0.02788607412701392,0.003700713927518709,0.16699123967146876,0.91,0.028618176042508364,0.5893381982895247,100,100,0.0,-1.734723475976807e-17
scm2,quality,100,5000,0.0,flexible,omega_only,0.5878714351999128,0.07008757049840118,0.05211097231999943,0.27155534361357464,0.048539011374170785,0.5211097231999943,0.30104528521668433,1.1085964327222892,0.2737520577158072,0.04907668094103165,0.5232132048370025,0.94,0.023748684174075843,2.096073922859469,100,100,0.0,-5.551115123125783e-17
scm2,quality,100,5000,0.0,flexible,oracle_joint,0.5626536585356025,0.04486979383409089,0.042022107502232856,0.17658575189292153,0.030955458896483514,0.4202210750223286,0.18383997349274847,1.0410804468767434,0.17683319277270615,0.032109891353233506,0.4205153894600127,0.97,0.017058722109231986,1.652825229690546,100,100,0.0,2.7755575615628914e-17
scm2,quality,100,5000,0.0,flexible,oracle_lambda_only,0.5810924903338879,0.06330862563237631,0.04264560056792134,0.1818647247798693,0.028608203990605922,0.42645600567921343,0.20002188808374402,1.099838840796929,0.18405405961153096,0.030749306285052774,0.4290152207224482,0.96,0.019595917942265433,1.7265768633035936,100,100,0.0,-2.7755575615628914e-17
scm2,quality,100,5000,0.0,flexible,oracle_omega_only,0.58356042699717,0.0657765622956584,0.0518886616374664,0.26924332065274775,0.04835806326869437,0.518886616374664,0.29768724084632014,1.105643921359362,0.27087744359365495,0.04886304002517571,0.5204588779083847,0.94,0.023748684174075843,2.083943174539271,100,100,0.0,0.0
scm2,quality,100,5000,0.0,flexible,rct_only,0.6019992587954553,0.0842153940939438,0.052762790518413025,0.27839120632899367,0.04752150210049522,0.5276279051841304,0.3104479639865851,1.1151500368144092,0.2826995268681019,0.04853850902591686,0.5316949565945702,0.94,0.023748684174075843,2.128846484493296,100,100,0.0,-1.1102230246251565e-16
scm2,quality,100,5000,0.0,flexible,semi_supervised,0.5864102843754992,0.06862641967398768,0.05436774804935007,0.29558520279576084,0.053470231551542374,0.5436774804935007,0.3108456192591407,1.0516278092375426,0.29733893624507357,0.05363611336254761,0.54528793884064,0.95,0.021794494717703377,2.132003680758549,100,100,0.0,5.551115123125783e-17
scm2,quality,100,5000,0.0,flexible,shrinkage,0.5692636164554837,0.05147975175397214,0.024149152503623064,0.05831815666432444,0.01063586200070722,0.2414915250362307,0.055744376351597014,0.9558665695223884,0.06038513993833176,0.011648311951075194,0.24573388032245727,0.89,0.031288975694324025,0.8206714040562659,100,100,0.0,-2.7755575615628914e-17
scm2,quality,100,5000,0.0,linear,adaptive,0.5423991681796237,0.024615303478112097,0.01952649530837531,0.03812840190280032,0.019224104312224814,0.19526495308375316,0.021103451330943136,0.5534837621765942,0.038353031049091865,0.01907858727020731,0.19583929904156588,0.92,0.027129319932501065,0.4647649923346831,100,100,0.0,-6.938893903907228e-18
scm2,quality,100,5000,0.0,linear,fixed_half,0.6101759205544002,0.0923920558528886,0.05502480082551382,0.3027728705887466,0.04605774476769657,0.5502480082551382,0.23703166004676987,0.7828695470167393,0.30828143386758233,0.04544367260260613,0.5552309734404074,0.92,0.027129319932501065,1.8816966408873699,100,100,0.0,-5.551115123125783e-17
scm2,quality,100,5000,0.0,linear,joint,0.6056622040812647,0.08787833937975309,0.05613117432680707,0.31507087313064064,0.045588278122049096,0.5613117432680708,0.2292242697084341,0.7275324038391476,0.31964276693147725,0.045420585079037415,0.5653695843706816,0.91,0.028618176042508364,1.8510103902423916,100,100,0.0,-5.551115123125783e-17
scm2,quality,100,5000,0.0,linear,lambda_only,0.6024702115028638,0.08468634680135216,0.056514806104931835,0.31939233090780406,0.04580952397829316,0.5651480610493184,0.2320663043135493,0.7265869648590206,0.32337018493328484,0.045750624929890564,0.5686564735701906,0.9,0.03,1.8627148227470947,100,100,0.0,-5.551115123125783e-17
scm2,quality,100,5000,0.0,linear,naive_pool,0.5220525511790566,0.004268686477544958,0.008406352961533399,0.007066677011388141,0.0011052791044689305,0.08406352961533403,0.007048885627617982,0.9974823550387987,0.007014231925517827,0.001156934310182991,0.08375101148952069,0.95,0.021794494717703377,0.32798146882201173,100,100,0.0,-7.806255641895632e-18
scm2,quality,100,5000,0.0,linear,obs_transported,0.5409452728321403,0.023161408130628735,0.009740952525257456,0.009488615609931968,0.0012018081679313038,0.0974095252525746,0.010855050883290107,1.1440078647434992,0.009930180280426195,0.0012889666964325671,0.09965028991641818,0.93,0.02551470164434614,0.40708971879621,100,100,0.0,-8.673617379884035e-18
scm2,quality,100,5000,0.0,linear,omega_only,0.625785924988916,0.10800206028740447,0.062327214449430145,0.3884681661025254,0.061402061699259256,0.6232721444943015,0.31015479264211665,0.7984046563039606,0.3962479294678242,0.059850368590483684,0.6294822709718076,0.92,0.027129319932501065,2.1397149843072882,100,100,0.0,-5.551115123125783e-17
scm2,quality,100,5000,0.0,linear,oracle_joint,0.612672056281934,0.09488819158042247,0.05252523035665026,0.27588998240191726,0.04284407984717073,0.5252523035665024,0.22312865352723393,0.8087595337266705,0.28213485147930106,0.04284316495620492,0.5311636767318536,0.91,0.028618176042508364,1.8266900313059173,100,100,0.0,0.0
scm2,quality,100,5000,0.0,linear,oracle_lambda_only,0.6055128386372443,0.0877289739357327,0.05379338947192008,0.2893728750877682,0.044820981392953145,0.5379338947192008,0.22785184964601782,0.7873987828918285,0.2941755192047071,0.04459664498330386,0.542379497404453,0.9,0.03,1.8456514221845817,100,100,0.0,5.551115123125783e-17
scm2,quality,100,5000,0.0,linear,oracle_omega_only,0.6297531500552049,0.11196928535369327,0.06176912989020374,0.3815425407392862,0.06037311190924673,0.6176912989020374,0.3089282882682985,0.8096824214403758,0.3902642361945101,0.0591546980429961,0.6247113222877508,0.92,0.027129319932501065,2.1354084209154895,100,100,0.0,5.551115123125783e-17
scm2,quality,100,5000,0.0,linear,rct_only,0.6225939324105152,0.10481006770900354,0.06261313578585032,0.3920404772937329,0.061155795725747884,0.6261313578585032,0.3130132559486649,0.7984207602985404,0.3991052228139614,0.059900250118216855,0.6317477525199131,0.92,0.027129319932501065,2.149728555484267,100,100,0.0,-1.6653345369377348e-16
scm2,quality,100,5000,0.0,linear,semi_supervised,0.624309165472778,0.10652530077126636,0.06322365435712773,0.3997230470269557,0.0635241475235882,0.6322365435712773,0.3126291453033287,0.7821143855191474,0.40707345626109487,0.06292305895875995,0.6380230844264922,0.89,0.031288975694324025,2.1483216166808754,100,100,0.0,-5.551115123125783e-17
scm2,quality,100,5000,0.0,linear,shrinkage,0.5491195377412557,0.03133567303974419,0.02279492536259761,0.051960862228639576,0.015381073860033297,0.2279492536259761,0.042467882230452655,0.8173051871923207,0.05242317801120691,0.01481157176677804,0.22896108405405255,0.93,0.02551470164434614,0.6560502811661085,100,100,0.0,-2.0816681711721685e-17
scm2,quality,100,5000,1.0,linear,adaptive,0.322393389572334,-0.19539047512917754,0.026337562640088873,0.06936672058206052,0.023092356591245825,0.26337562640088874,0.04320680256646494,0.6228750934729786,0.10685049114744569,0.015914745329981682,0.3268799338403104,0.36,0.048,0.6066432564458232,100,100,0.0,2.7755575615628914e-17
scm2,quality,100,5000,1.0,linear,fixed_half,0.6072069635383062,0.0894230988367946,0.053235261534380504,0.2833993070633891,0.044349138682919016,0.532352615343805,0.24996599568748287,0.8820275472006427,0.2885618045983305,0.04609658718946426,0.5371794901132493,0.91,0.028618176042508364,1.912247277514975,100,100,0.0,1.1102230246251565e-16
scm2,quality,100,5000,1.0,linear,joint,0.5983833156881553,0.08059945098664359,0.053508691384123855,0.28631800536414104,0.04820524627967974,0.5350869138412385,0.2399276102509483,0.8379759769065409,0.28995109680984793,0.0491950498611599,0.5384710733269225,0.89,0.031288975694324025,1.8716085546261323,100,100,0.0,-5.551115123125783e-17
scm2,quality,100,5000,1.0,linear,lambda_only,0.5982118703013476,0.08042800559983596,0.05296871630303464,0.28056849067913664,0.04818132513217761,0.5296871630303462,0.24147114068683784,0.8606495337460711,0.2842314698571125,0.048919645391800236,0.533133632269727,0.89,0.031288975694324025,1.8782435716623311,100,100,0.0,0.0
scm2,quality,100,5000,1.0,linear,naive_pool,0.21783922306696837,-0.29994464163454315,0.009786344266076639,0.00957725340941711,0.0013100340463566796,0.09786344266076638,0.00867221214654842,0.9055009589723518,0.09944826892059747,0.00593481076432627,0.31535419597747144,0.15,0.035707142142714254,0.3627119142319438,100,100,0.0,1.3877787807814457e-17
scm2,quality,100,5000,1.0,linear,obs_transported,0.23549213125131843,-0.2822917334501931,0.011142272234610683,0.012415023055017614,0.001719013179870831,0.11142272234610683,0.01054086645184073,0.8490412305421026,0.09197949559878231,0.006469710003282751,0.3032812153740853,0.24,0.04270831300812525,0.4011065058244242,100,100,0.0,1.3877787807814457e-17
scm2,quality,100,5000,1.0,linear,omega_only,0.6271389655108606,0.10935510080934897,0.0592447235655698,0.3509937270360783,0.054749751379331954,0.5924472356556981,0.33177989346133235,0.9452587550866088,0.35944232783874036,0.05847198403207733,0.5995350930835829,0.93,0.02551470164434614,2.1911613661419187,100,100,0.0,0.0
scm2,quality,100,5000,1.0,linear,oracle_joint,0.5949662418198005,0.07718237711828886,0.053025891273976965,0.28117451453996267,0.04488306058142688,0.5302589127397697,0.2334670240943485,0.8303278285243252,0.2843198887321928,0.04562735502401425,0.5332165495670523,0.89,0.031288975694324025,1.8474671158311824,100,100,0.0,0.0
scm2,quality,100,5000,1.0,linear,oracle_lambda_only,0.5921376575928574,0.07435379289134589,0.052867544130597396,0.27949772224006636,0.04509138498853289,0.528675441305974,0.23742542576661235,0.8494717733788283,0.28223123153499485,0.045504880861778965,0.5312543943677029,0.89,0.031288975694324025,1.864293265605839,100,100,0.0,0.0
scm2,quality,100,5000,1.0,linear,oracle_omega_only,0.6297961043509959,0.11201223964948427,0.05876125507632962,0.3452885098145474,0.05277801710209325,0.5876125507632962,0.3291663387469933,0.9533081159398753,0.35438236654769545,0.05609560239829897,0.5953002322758622,0.92,0.027129319932501065,2.1820635617022504,100,100,0.0,0.0
scm2,quality,100,5000,1.0,linear,rct_only,0.626967520124053,0.10918365542254131,0.058688899161202936,0.34443868847538467,0.05314844501584833,0.5868889916120293,0.3330535280021031,0.966945755937939,0.3529153722020591,0.05682241305521659,0.5940668078609165,0.93,0.02551470164434614,2.1969793163778872,100,100,0.0,5.551115123125783e-17
scm2,quality,100,5000,1.0,linear,semi_supervised,0.6047233829365557,0.08693951823504417,0.058620116292982895,0.3436318034202839,0.05006451683381001,0.5862011629298289,0.3362546494153786,0.9785318066270992,0.3477539652170227,0.0535683866149563,0.5897066772701685,0.93,0.02551470164434614,2.2048395741483318,100,100,0.0,5.551115123125783e-17
scm2,quality,100,5000,1.0,linear,shrinkage,0.35730622767904463,-0.16047763702246695,0.02699137379017074,0.07285342590807165,0.018223450219853644,0.2699137379017075,0.048348755334471256,0.6636442244387928,0.09787796363330555,0.012998354576161612,0.3128545406947221,0.52,0.049959983987187186,0.7008207737821036,100,100,0.0,-4.163336342344337e-17
scm2,quality,100,5000,2.0,flexible,adaptive,0.06257636375810645,-0.4552075009434053,0.02585781157297965,0.06686264193437202,0.025480292862104126,0.2585781157297965,0.07406301817290567,1.107689077640711,0.2734078844301685,0.021357394504867504,0.5228841979159138,0.22,0.04142463035441596,0.8491999207297437,100,100,0.0,-1.1102230246251565e-16
scm2,quality,100,5000,2.0,flexible,fixed_half,0.4330189360839502,-0.0847649286175614,0.051238563863611274,0.2625390426805371,0.03797613929239458,0.5123856386361128,0.23558875519675798,0.8973475060752286,0.26709874537727196,0.041242713692642846,0.5168159685780539,0.91,0.028618176042508364,1.861040445608081,100,100,0.0,-5.551115123125783e-17
scm2,quality,100,5000,2.0,flexible,joint,0.4606961302949383,-0.05708773440657334,0.04703668698261808,0.22124499223007935,0.03056060505942834,0.4703668698261808,0.21152775352306333,0.9560792829294379,0.22229155172745396,0.032643443534738574,0.4714780501014379,0.89,0.031288975694324025,1.774836264008531,100,100,0.0,-5.551115123125783e-17
scm2,quality,100,5000,2.0,flexible,lambda_only,0.4568507507168561,-0.060933113984655465,0.048438362781551954,0.23462749889572374,0.03378263166468287,0.4843836278155195,0.22491875921263016,0.9586206232057716,0.23599406828663355,0.03610151670475642,0.4857922069019156,0.92,0.027129319932501065,1.830449720317506,100,100,0.0,2.7755575615628914e-17
scm2,quality,100,5000,2.0,flexible,naive_pool,0.024107945763199957,-0.49367591893831153,0.011165188139627939,0.01246614261932883,0.0019768458658050115,0.11165188139627935,0.010021790952759367,0.8039207683393994,0.256057394132722,0.011105052898753857,0.5060211400057532,0.01,0.0099498743710662,0.3889582454344121,100,100,0.0,1.1102230246251565e-16
scm2,quality,100,5000,2.0,flexible,obs_transported,0.011560205266761119,-0.5062236594347506,0.015069126466307559,0.02270785724575708,0.003042207660450031,0.15069126466307553,0.024609359244066483,1.083737623401904,0.27874317204480975,0.016085340208354233,0.5279613357479975,0.06,0.023748684174075833,0.6063695724825715,100,100,0.0,-5.551115123125783e-17
scm2,quality,100,5000,2.0,flexible,omega_only,0.3949857812601287,-0.12279808344138277,0.0621176574370634,0.38586033654683577,0.06035733743108894,0.621176574370634,0.34694072423787653,0.8991354937974166,0.39708110247824424,0.06536977548844933,0.6301437157333589,0.87,0.03363034344160047,2.2252219801139224,100,100,0.0,0.0
scm2,quality,100,5000,2.0,flexible,oracle_joint,0.4710751355870687,-0.04670872911444286,0.045821235863859874,0.20995856560914786,0.029618557452914404,0.45821235863859877,0.19624504993679126,0.934684657267638,0.21004068532854286,0.03122409725133765,0.4583019586784927,0.88,0.03249615361854384,1.71080762147893,100,100,0.0,8.326672684688674e-17
scm2,quality,100,5000,2.0,flexible,oracle_lambda_only,0.4680020815257015,-0.04978178317581005,0.04839981868442286,0.23425424486850088,0.03357110408329204,0.4839981868442287,0.21440557455640058,0.9152686845728564,0.23438992835597922,0.035001760172362256,0.48413833597018446,0.91,0.028618176042508364,1.7878781565849666,100,100,0.0,-2.7755575615628914e-17
scm2,quality,100,5000,2.0,flexible,oracle_omega_only,0.39421345574341393,-0.12357040895809773,0.06095964185085876,0.3716077934584971,0.05698473686641858,0.6095964185085876,0.3426182850350996,0.9219889654261647,0.38316136149398367,0.06211604291983595,0.6190002919983024,0.89,0.031288975694324025,2.2109648990860817,100,100,0.0,0.0
scm2,quality,100,5000,2.0,flexible,rct_only,0.3911404016820466,-0.1266434630194649,0.06335018181531525,0.40132455360335,0.06004751705788944,0.6335018181531525,0.36101751803724424,0.8995649899708271,0.413349874792879,0.06524831624531144,0.6429229151250397,0.9,0.03,2.2673940788875275,100,100,0.0,-1.1102230246251565e-16
scm2,quality,100,5000,2.0,flexible,semi_supervised,0.38280203974593907,-0.13498182495557254,0.06403038685734096,0.4099890441100742,0.061478624904031956,0.6403038685734096,0.36044715772633396,0.8791629018007633,0.4241092467373103,0.06673827411334485,0.6512367056127214,0.89,0.031288975694324025,2.265308946439079,100,100,0.0,5.551115123125783e-17
scm2,quality,100,5000,2.0,flexible,shrinkage,0.1269351666643198,-0.39084869803719186,0.03253004199682651,0.10582036323152968,0.027048112021498868,0.32530041996826514,0.08181320413434039,0.7731328983943967,0.2575248643565823,0.024302746842727825,0.5074690772417392,0.37,0.048280430818293245,0.9580538205346707,100,100,0.0,-1.1102230246251565e-16
scm2,quality,100,5000,2.0,linear,adaptive,0.11319587293202432,-0.4045879917694873,0.03004772131995398,0.09028655565216166,0.030685531840782113,0.30047721319953974,0.04810007677759199,0.53274905028942,0.25307513317970676,0.03259490503735065,0.5030657344519767,0.13,0.03363034344160047,0.6398350770882838,100,100,0.0,0.0
scm2,quality,100,5000,2.0,linear,fixed_half,0.4727654380140575,-0.0450184266874541,0.04326301286954295,0.18716882825502384,0.029382245320485792,0.43263012869542944,0.236386813695704,1.2629603759319312,0.1873237987138873,0.030797611329351278,0.4328091943499899,0.96,0.019595917942265433,1.8704856722626204,100,100,0.0,2.7755575615628914e-17
scm2,quality,100,5000,2.0,linear,joint,0.47138559457180185,-0.04639827012970979,0.04164804752520706,0.1734559862661906,0.02522817807838279,0.4164804752520706,0.233125341511135,1.3440028593384725,0.17387422587455822,0.026401285856483714,0.4169822848450018,0.98,0.014000000000000005,1.8556989749886281,100,100,0.0,0.0
scm2,quality,100,5000,2.0,linear,lambda_only,0.47695901645630107,-0.040824848245210515,0.042251981334202736,0.17852299266658167,0.025922732436927803,0.4225198133420274,0.23484468211290385,1.3154870339391596,0.1784044309741603,0.026821811954106784,0.4223794869239749,0.97,0.017058722109231986,1.863283183122706,100,100,0.0,0.0
scm2,quality,100,5000,2.0,linear,naive_pool,0.02633806516737837,-0.4914457995341332,0.011173956762506187,0.012485730973035772,0.001587173225923699,0.11173956762506186,0.01070203626886035,0.8571413473486258,0.2538798475430488,0.011272221184682575,0.5038649100136353,0.0,0.0,0.400444286284951,100,100,0.0,-5.551115123125783e-17
scm2,quality,100,5000,2.0,linear,obs_transported,0.042121647174954244,-0.4756622175265573,0.011150353149400126,0.012433037535633722,0.0017842855664083454,0.11150353149400122,0.011923299475831291,0.9590013254330251,0.2385632523425593,0.010779884210124045,0.4884293729318081,0.01,0.0099498743710662,0.4247958296663709,100,100,0.0,0.0
scm2,quality,100,5000,2.0,linear,omega_only,0.4695739374790873,-0.048209927222424315,0.04879066354614436,0.238052884927306,0.04140087111201765,0.4879066354614436,0.2964093955576693,1.245140951130181,0.23799655316082435,0.042734809585009005,0.48784890402749126,0.97,0.017058722109231986,2.0928438767376925,100,100,0.0,-2.7755575615628914e-17
scm2,quality,100,5000,2.0,linear,oracle_joint,0.4734715301719675,-0.04431233452954413,0.04131300482463562,0.1706764367640366,0.023365282027869794,0.4131300482463562,0.22372118267680585,1.310791266319349,0.17093325538785442,0.02459847244814216,0.41344075196798685,0.97,0.017058722109231986,1.8205153641559522,100,100,0.0,-5.551115123125783e-17
scm2,quality,100,5000,2.0,linear,oracle_lambda_only,0.4801248214349431,-0.03765904326656846,0.04173539426507032,0.17418431344608645,0.023503686644569043,0.4173539426507032,0.2254610077241718,1.2943818146629864,0.17386067385137896,0.02447571230834348,0.4169660344097334,0.96,0.019595917942265433,1.8284348491270563,100,100,0.0,1.1102230246251565e-16
scm2,quality,100,5000,2.0,linear,oracle_omega_only,0.4684940681006109,-0.049289796600900736,0.048827365037980304,0.23841115765521814,0.04105433062992911,0.488273650379803,0.2960211237980095,1.2416412331930575,0.23845653012762416,0.04232626903018841,0.48832011030432093,0.97,0.017058722109231986,2.09103456840178,100,100,0.0,5.551115123125783e-17
scm2,quality,100,5000,2.0,linear,rct_only,0.47514735936358654,-0.04263650533792508,0.049467313793747296,0.24470151339690618,0.04210911126984907,0.494673137937473,0.2984343378791141,1.2195851743468917,0.24407236985036795,0.043160537585857875,0.49403681021799173,0.97,0.017058722109231986,2.1001240077704155,100,100,0.0,-8.326672684688674e-17
scm2,quality,100,5000,2.0,linear,semi_supervised,0.4815486666318086,-0.036235198069703045,0.04959763711897071,0.24599256077851006,0.037923249287940726,0.49597637118970705,0.3012551375468355,1.2246514146339713,0.24484562474987556,0.03793596104811228,0.4948187797061421,0.97,0.017058722109231986,2.110980499128388,100,100,0.0,0.0
scm2,quality,100,5000,2.0,linear,shrinkage,0.16219708384569562,-0.35558678085581596,0.029572756733196082,0.08745479408007943,0.019615949322989604,0.2957275673319608,0.0592424934547986,0.6774070430095831,0.2130222048586807,0.02565738339045383,0.46154328600758643,0.38,0.048538644398046386,0.7967902867798031,100,100,0.0,-2.7755575615628914e-17
scm2,rct_size,50,5000,1.0,flexible,adaptive,0.2393444732148611,-0.2784393914866505,0.02862304670532214,0.08192788026950525,0.02370685035816784,0.28623046705322136,0.08060600716957976,0.9838654058230589,0.1586370961982664,0.0226288423480379,0.3982927267704827,0.71,0.04537620521815371,0.9470434199314935,100,100,0.0,2.7755575615628914e-17
scm2,rct_size,50,5000,1.0,flexible,fixed_half,0.5318795159072951,0.014095651205783453,0.07307061444684679,0.5339314695639735,0.07817211748780249,0.7307061444684679,0.4716718335917212,0.8833939568628617,0.5287908422512488,0.07891794354864483,0.727180061780608,0.94,0.023748684174075843,2.604431216722586,100,100,0.0,0.0
scm2,rct_size,50,5000,1.0,flexible,joint,0.5257400893813979,0.007956224679886263,0.06585174995177676,0.4336452971711331,0.06754204018715182,0.6585174995177676,0.4181239025504664,0.9642071648835584,0.4293721457105785,0.06828101947582406,0.6552649431417634,0.93,0.02551470164434614,2.458154982533784,100,100,0.0,-1.1102230246251565e-16
scm2,rct_size,50,5000,1.0,flexible,lambda_only,0.5222052889882146,0.004421424286702899,0.06744207771559038,0.4548433846595732,0.06718039448741005,0.6744207771559038,0.4257236370293531,0.9359785178539758,0.45031449980570054,0.0680425395239029,0.6710547666216973,0.93,0.02551470164434614,2.4885388968935396,100,100,0.0,5.551115123125783e-17
scm2,rct_size,50,5000,1.0,flexible,naive_pool,0.20922664110696015,-0.30855722359455134,0.015069283369037642,0.02270833012563545,0.0037321400738394147,0.15069283369037642,0.014587214125009114,0.6423728228497787,0.11768880705675708,0.009615921382588396,0.34305802287187087,0.27,0.044395945760846225,0.46090052109446944,100,100,0.0,4.163336342344337e-17
scm2,rct_size,50,5000,1.0,flexible,obs_transported,0.20675473580191564,-0.31102912889959594,0.018862780903727113,0.03558045034220122,0.0063649320473183725,0.1886278090372711,0.04302563209675583,1.2092492276783815,0.13196376486282066,0.015445957648349228,0.3632681721026777,0.68,0.0466476151587624,0.7778920569480189,100,100,0.0,0.0
scm2,rct_size,50,5000,1.0,flexible,omega_only,0.5568138724660602,0.03903000776454865,0.08883844266293367,0.7892268894775353,0.10738498395024419,0.8883844266293367,0.7282440021354522,0.922730854517066,0.7828579620888605,0.1085227155229374,0.8847926096486456,0.94,0.023748684174075843,3.1945454110933325,100,100,0.0,-1.1102230246251565e-16
scm2,rct_size,50,5000,1.0,flexible,oracle_joint,0.511474071788668,-0.006309792912843614,0.0651014294339595,0.42381961143448077,0.07266212231876772,0.6510142943395949,0.39393141057923103,0.9294789574411418,0.419621228806739,0.07310143535237187,0.6477817756055962,0.91,0.028618176042508364,2.388760914909358,100,100,0.0,1.1102230246251565e-16
scm2,rct_size,50,5000,1.0,flexible,oracle_lambda_only,0.5187422748002694,0.0009584100987577328,0.0662793075759737,0.4392946612750524,0.07188270532374852,0.6627930757597369,0.4161507406242627,0.9473157252045484,0.4349026332122191,0.07298924258262877,0.6594714802114031,0.91,0.028618176042508364,2.4662814185678563,100,100,0.0,-1.6653345369377348e-16
scm2,rct_size,50,5000,1.0,flexible,oracle_omega_only,0.5460108690612756,0.028227004359763927,0.08879702436340749,0.7884911535795581,0.10817461271694004,0.8879702436340747,0.7108249547047323,0.9015002279705483,0.7814030058188883,0.1086854755872261,0.8839700254074729,0.93,0.02551470164434614,3.1567370131266466,100,100,0.0,-3.3306690738754696e-16
scm2,rct_size,50,5000,1.0,flexible,rct_only,0.5532790720728769,0.0354952073713653,0.09153813398992418,0.8379229974357311,0.11680100256168183,0.9153813398992418,0.7525538923507986,0.8981181977983839,0.83080367720771,0.1176075900796864,0.9114843263642606,0.92,0.027129319932501065,3.2430118692172325,100,100,0.0,0.0
scm2,rct_size,50,5000,1.0,flexible,semi_supervised,0.5512931825627543,0.033509317861242664,0.09177471613149067,0.8422598521015697,0.11118820905860222,0.9177471613149069,0.761565925926282,0.9041935502755548,0.8349601279640798,0.11159225814645009,0.913761526857024,0.92,0.027129319932501065,3.2634530579926233,100,100,0.0,0.0
scm2,rct_size,50,5000,1.0,flexible,shrinkage,0.2925060735106919,-0.22527779119081962,0.03640008763576981,0.1324966379891722,0.024940748091971502,0.36400087635769807,0.11340021057551425,0.8558723624729366,0.18192175481309503,0.024261688156214278,0.4265228655219964,0.75,0.04330127018922193,1.1661145184469577,100,100,0.0,2.7755575615628914e-17
scm2,rct_size,100,5000,1.0,flexible,adaptive,0.23475116809461027,-0.2830326966069013,0.01944740788804121,0.03782016735638474,0.009313261563968573,0.1944740788804121,0.05115158265721633,1.3524948785976485,0.11754947303139511,0.012749539483507707,0.34285488625859645,0.6,0.04898979485566356,0.7558142559423888,100,100,0.0,-1.3877787807814457e-17
scm2,rct_size,100,5000,1.0,flexible,fixed_half,0.4001604378300316,-0.11762342687148002,0.04543793272884597,0.20646057306711316,0.025103488896393654,0.4543793272884597,0.21298414838107763,1.0315971965836008,0.2182312378854324,0.026848396583812172,0.46715226413390354,0.93,0.02551470164434614,1.7819644560501309,100,100,0.0,-5.551115123125783e-17
scm2,rct_size,100,5000,1.0,flexible,joint,0.42316805050782386,-0.09461581419368781,0.04264637696182015,0.1818713467969664,0.02526174871824885,0.4264637696182014,0.19326400792663925,1.062641319428899,0.1890047856245312,0.025946706952794246,0.43474680634195717,0.93,0.02551470164434614,1.695964095741115,100,100,0.0,2.7755575615628914e-17
scm2,rct_size,100,5000,1.0,flexible,joint_cross_fitted,0.5103829409074772,-0.007400923794034545,0.021724673848378645,0.047196145381842726,0.005967407478011026,0.2172467384837865,0.05846630199238904,1.238794005725776,0.046778957601029375,0.005940854587454841,0.21628443679800305,0.97,0.017058722109231986,0.9425292271249555,100,100,0.0,-2.7755575615628914e-17
scm2,rct_size,100,5000,1.0,flexible,lambda_only,0.41891396846916196,-0.09886989623234971,0.044159192802805135,0.19500343089953168,0.02693997299542032,0.44159192802805136,0.20352347552090108,1.0436917677913014,0.20282865297153196,0.028074865291707173,0.4503650219228087,0.92,0.027129319932501065,1.743725291042383,100,100,0.0,0.0
scm2,rct_size,100,5000,1.0,flexible,naive_pool,0.20395226718164333,-0.3138315975198681,0.009272138395446387,0.008597255042431105,0.0011514457412326626,0.09272138395446385,0.008487953578444958,0.9872864695246683,0.10700155409387933,0.005641858378905134,0.32711092016910615,0.1,0.030000000000000002,0.35962758369864495,100,100,0.0,5.551115123125783e-17
scm2,rct_size,100,5000,1.0,flexible,obs_transported,0.2060444280619603,-0.3117394366395513,0.015450998869543792,0.02387333660666435,0.0034461612615894616,0.15450998869543792,0.025013820169433498,1.0477722733759292,0.12081607959694253,0.011000491470659271,0.3475860750906781,0.51,0.04998999899979995,0.6103993833733654,100,100,0.0,1.3877787807814457e-17
scm2,rct_size,100,5000,1.0,flexible,omega_only,0.38880298422055914,-0.1289808804809525,0.05454334774623022,0.2974976783366197,0.03416798828764337,0.5454334774623022,0.2913999892388694,0.9795034061043973,0.31115876908289525,0.03555435143252047,0.5578160710152543,0.95,0.021794494717703377,2.071574700535089,100,100,0.0,0.0
scm2,rct_size,100,5000,1.0,flexible,oracle_joint,0.415299780388704,-0.1024840843128076,0.0409180748924935,0.1674288852907707,0.02412063152314543,0.409180748924935,0.18743729602365225,1.1195039356448757,0.17625758397529762,0.024681106133763557,0.41983042287964034,0.93,0.02551470164434614,1.6681828827226213,100,100,0.0,-5.551115123125783e-17
scm2,rct_size,100,5000,1.0,flexible,oracle_lambda_only,0.4240080695345988,-0.09377579516691288,0.04366779209959679,0.19068760668536078,0.026626413327155214,0.4366779209959679,0.20061847412003675,1.0520792494452047,0.19757463037769393,0.0273976830560042,0.4444936786701178,0.94,0.023748684174075843,1.7302287691540001,100,100,0.0,-2.7755575615628914e-17
scm2,rct_size,100,5000,1.0,flexible,oracle_omega_only,0.3758406130360025,-0.1419432516655091,0.05352329498050738,0.28647431055704076,0.03315023645882381,0.5352329498050739,0.28877679153387,1.0080373034927708,0.3037574541448484,0.03542315499200245,0.5511419546222628,0.93,0.02551470164434614,2.062117677245531,100,100,0.0,-5.551115123125783e-17
scm2,rct_size,100,5000,1.0,flexible,rct_only,0.3845489021818973,-0.1332349625196143,0.05613107739300945,0.31506978493000165,0.03636409262332108,0.5613107739300945,0.3069846991784995,0.9743387460866856,0.3296706423183046,0.038036936010127184,0.5741695240243117,0.93,0.02551470164434614,2.1246958433961254,100,100,0.0,-5.551115123125783e-17
scm2,rct_size,100,5000,1.0,flexible,semi_supervised,0.36213824317095444,-0.15564562153055722,0.05606329648312619,0.314309321255491,0.03652294252979188,0.5606329648312619,0.3066480413973066,0.975625031330341,0.33539178754456955,0.03891266655623054,0.5791301991301866,0.92,0.027129319932501065,2.121253100687328,100,100,0.0,0.0
scm2,rct_size,100,5000,1.0,flexible,shrinkage,0.25705210560391595,-0.26073175909759566,0.02524086341608552,0.06371011859894841,0.01085267734513015,0.2524086341608551,0.06742204286601468,1.0582627116177983,0.1310540676150856,0.016585737329748253,0.362013905278631,0.69,0.04624932431938871,0.9077536420577375,100,100,0.0,0.0
scm2,rct_size,200,5000,1.0,flexible,adaptive,0.24678272027850745,-0.2710011444230041,0.017828537996615157,0.03178567670967504,0.009296289304481495,0.17828537996615157,0.026250351247711516,0.8258547234176499,0.1049094402211562,0.007532336459133526,0.32389726800508245,0.28,0.0448998886412873,0.5719510384725601,100,100,0.0,-1.3877787807814457e-17
scm2,rct_size,200,5000,1.0,flexible,fixed_half,0.5249495743412826,0.00716570963977088,0.03167955583506711,0.1003594257907135,0.014321139756422503,0.31679555835067114,0.10202696940676369,1.0166157149954966,0.09940717892744781,0.014184480019698662,0.31528904029072724,0.95,0.021794494717703377,1.2428906847594678,100,100,0.0,-5.551115123125783e-17
scm2,rct_size,200,5000,1.0,flexible,joint,0.5267195669271549,0.008935702225643329,0.03160580841786936,0.09989271257470621,0.013747781959451987,0.3160580841786937,0.09892407473170346,0.9903032181423812,0.09897363222322449,0.013587279754137812,0.31460075051281183,0.96,0.019595917942265433,1.2233014871013963,100,100,0.0,-2.7755575615628914e-17
scm2,rct_size,200,5000,1.0,flexible,lambda_only,0.5261705110441548,0.008386646342643198,0.03231944903780779,0.10445467861074549,0.013594182038947793,0.3231944903780779,0.10501736411871061,1.0053868865947306,0.1034804676615146,0.013455215641638285,0.3216838007446359,0.97,0.017058722109231986,1.261093463728707,100,100,0.0,-1.3877787807814457e-17
scm2,rct_size,200,5000,1.0,flexible,naive_pool,0.20449584527361114,-0.3132880194279004,0.009071316979751512,0.00822887917471281,0.0011575403702984413,0.09071316979751512,0.006852834614485678,0.8327786165027564,0.10629597350002216,0.0058323613028313775,0.32603063276327604,0.06,0.023748684174075833,0.3238727388886478,100,100,0.0,-2.7755575615628914e-17
scm2,rct_size,200,5000,1.0,flexible,obs_transported,0.18521375970874324,-0.3325701049927683,0.010770720002094374,0.01160084093635158,0.001732449751794988,0.10770720002094372,0.014946549532814346,1.2884022472869952,0.12208770726188897,0.007333189067319845,0.34941051395441575,0.15,0.035707142142714254,0.4767050018482836,100,100,0.0,-1.3877787807814457e-17
scm2,rct_size,200,5000,1.0,flexible,omega_only,0.5316875692832526,0.013903704581740905,0.033601864827042235,0.11290853198548183,0.015946831587740278,0.3360186482704224,0.12391855395541268,1.097512754583919,0.11197275966672329,0.01579041996621014,0.3346233101066381,0.96,0.019595917942265433,1.3683459182550406,100,100,0.0,-2.7755575615628914e-17
scm2,rct_size,200,5000,1.0,flexible,oracle_joint,0.5193791477277478,0.0015952830262361995,0.03174306788210691,0.1007622358568047,0.014304822666558283,0.31743067882106907,0.09467845880642907,0.939622448840641,0.09975715842617046,0.014187215439665135,0.3158435663840099,0.96,0.019595917942265433,1.1963084638852428,100,100,0.0,1.3877787807814457e-17
scm2,rct_size,200,5000,1.0,flexible,oracle_lambda_only,0.517990167880027,0.0002063031785153907,0.03234315880389262,0.10460799214138174,0.013348118350632912,0.3234315880389263,0.10356466285178505,0.9900262946622034,0.10356195478096936,0.01318189884585389,0.32181043298962414,0.95,0.021794494717703377,1.25255248467396,100,100,0.0,-2.7755575615628914e-17
scm2,rct_size,200,5000,1.0,flexible,oracle_omega_only,0.5325274932479731,0.014743628546461574,0.03411504805602331,0.116383650386478,0.016895346690937438,0.3411504805602331,0.12178898387523851,1.0464440964930288,0.11543718846532924,0.016721934703279644,0.3397604869100132,0.97,0.017058722109231986,1.3564823263915036,100,100,0.0,0.0
scm2,rct_size,200,5000,1.0,flexible,rct_only,0.5311385134002523,0.013354648698740777,0.03385591298374193,0.11462228439627054,0.01597589431637181,0.3385591298374193,0.12957418370746063,1.1304449600698814,0.11365440819417463,0.01592789211810776,0.337126694573679,0.97,0.017058722109231986,1.3997165457918208,100,100,0.0,2.7755575615628914e-17
scm2,rct_size,200,5000,1.0,flexible,semi_supervised,0.5219022898535421,0.004118425152030501,0.03478753758204147,0.12101727710219481,0.016640638187330362,0.3478753758204148,0.12983665429684874,1.0728770090175328,0.11982406575690574,0.01666009122092916,0.3461561291627027,0.96,0.019595917942265433,1.400066831891999,100,100,0.0,0.0
scm2,rct_size,200,5000,1.0,flexible,shrinkage,0.2766048521852527,-0.2411790125162588,0.018884074842846016,0.035660828267020994,0.007389420739791152,0.18884074842846021,0.03181262227432571,0.8920887096653867,0.09347153606266852,0.008218121908315074,0.30573114997112827,0.47,0.04990991885387112,0.6524526606031839,100,100,0.0,1.3877787807814457e-17
scm2,rct_size,400,5000,1.0,flexible,adaptive,0.29022300437444754,-0.2275608603270641,0.018176824158492585,0.03303969364887598,0.006653946479202867,0.18176824158492588,0.02027084168041675,0.6135299526636612,0.08449324186518076,0.005948464826923527,0.290677212497266,0.33,0.04702127178203499,0.5111814407252345,100,100,0.0,-4.163336342344337e-17
scm2,rct_size,400,5000,1.0,flexible,fixed_half,0.526312679275785,0.008528814574273357,0.02122901699676655,0.045067116264900335,0.005277102303726653,0.21229016996766556,0.04915449460711928,1.0906953601866538,0.044689185780293655,0.005314292430516485,0.21139816881963205,0.98,0.014000000000000005,0.8660171009465673,100,100,0.0,-1.3877787807814457e-17
scm2,rct_size,400,5000,1.0,flexible,joint,0.5186425828927557,0.000858718191243968,0.02099165084602923,0.04406494052415998,0.005732699584903905,0.20991650846029233,0.04784480145396599,1.0857793267128906,0.043625028515850345,0.005715669445403693,0.20886605400555244,0.98,0.014000000000000005,0.8541066832612728,100,100,0.0,-1.3877787807814457e-17
scm2,rct_size,400,5000,1.0,flexible,lambda_only,0.5162612493996535,-0.001522615301858176,0.021036409224976703,0.04425305130806852,0.005824757739427609,0.2103640922497671,0.051029898151929744,1.1531385213797818,0.04381283915234527,0.005781454778442585,0.20931516703847639,0.97,0.017058722109231986,0.8825768444794864,100,100,0.0,-1.3877787807814457e-17
scm2,rct_size,400,5000,1.0,flexible,naive_pool,0.2366092368065936,-0.2811746278949179,0.007616919398996053,0.00580174611308024,0.0007454845245046126,0.07616919398996053,0.006022332197291148,1.0380206372205065,0.08480290002379501,0.004290020685279594,0.29120937488994925,0.05,0.021794494717703367,0.3038891460196471,100,100,0.0,4.163336342344337e-17
scm2,rct_size,400,5000,1.0,flexible,obs_transported,0.20548167605687062,-0.3123021886446409,0.009951754699338258,0.00990374215958011,0.001429153633616925,0.09951754699338258,0.010387568073822094,1.048852838295469,0.1073373617702172,0.0062268087421046715,0.3276238113602508,0.11,0.03128897569432403,0.39842500103001316,100,100,0.0,4.163336342344337e-17
scm2,rct_size,400,5000,1.0,flexible,omega_only,0.546545496309572,0.028761631608060598,0.022721255841926066,0.051625546703425944,0.00600844195633002,0.22721255841926066,0.05486792584441821,1.0628057105064437,0.051936522689149466,0.006135426300640393,0.22789585930672251,0.98,0.014000000000000005,0.9145786389137269,100,100,0.0,-6.938893903907228e-18
scm2,rct_size,400,5000,1.0,flexible,oracle_joint,0.5106647659668728,-0.007119098734638807,0.02116714624139845,0.04480480800047487,0.005702842784074144,0.21167146241398455,0.04712522262274396,1.0517894111329413,0.04440744148726364,0.005685458502042898,0.21073073218508884,0.98,0.014000000000000005,0.8477779815652844,100,100,0.0,-1.3877787807814457e-17
scm2,rct_size,400,5000,1.0,flexible,oracle_lambda_only,0.5137641726148746,-0.0040196920866370075,0.021028571318117396,0.04422008116811498,0.005747996320850942,0.210285713181174,0.0507507717967718,1.1476860841532284,0.04379403828090518,0.005689869730197624,0.2092702517820084,0.97,0.017058722109231986,0.8802387779169384,100,100,0.0,-2.0816681711721685e-17
scm2,rct_size,400,5000,1.0,flexible,oracle_omega_only,0.5410647561684684,0.023280891466956676,0.02309182910746205,0.05332325715282318,0.006218092060154426,0.23091829107462053,0.05447933017140187,1.0216804651536087,0.053332024488791145,0.006315675441827133,0.23093727392690672,0.97,0.017058722109231986,0.9113302584655233,100,100,0.0,-2.0816681711721685e-17
scm2,rct_size,400,5000,1.0,flexible,rct_only,0.5441641628164701,0.026380298114958466,0.022733953676197446,0.051683264975149135,0.005851921839374638,0.22733953676197446,0.05788007292502843,1.1198996996969697,0.05186235245403171,0.0059152989350796745,0.22773307281559196,0.98,0.014000000000000005,0.9395994623648698,100,100,0.0,-1.3877787807814457e-17
scm2,rct_size,400,5000,1.0,flexible,semi_supervised,0.5445520668896109,0.02676820218809923,0.022748321097259685,0.051748611274403035,0.005821694106005713,0.2274832109725969,0.05680412932783632,1.0976937917546388,0.05194766181004194,0.00588848123971535,0.227920297055883,0.97,0.017058722109231986,0.9306213493979514,100,100,0.0,-2.0816681711721685e-17
scm2,rct_size,400,5000,1.0,flexible,shrinkage,0.3412846870269029,-0.1764991776746086,0.0173014415797629,0.029933988073794864,0.0038794447416910737,0.17301441579762902,0.021648726890519922,0.723215591492531,0.06078660791286996,0.005799427055992289,0.24654940258063893,0.59,0.04918333050943175,0.5510039051918384,100,100,0.0,-6.938893903907228e-18
scm3,obs_size,100,1000,1.0,flexible,adaptive,1.2519725493410931,0.3835352260473308,0.029701062618335095,0.08821531206582621,0.01592777157410028,0.2970106261833509,0.07187663394514689,0.8147863705510965,0.23443242856434512,0.020369228526177306,0.48418222660930577,0.54,0.04983974317750845,0.967336763279783,100,100,0.0,2.7755575615628914e-17
scm3,obs_size,100,1000,1.0,flexible,fixed_half,0.902741981834382,0.03430465854061992,0.0432872635192915,0.18737871829885847,0.02763816372875012,0.43287263519291497,0.2466400754773172,1.316265143216212,0.18668174071345842,0.02687298101729348,0.4320668243610685,0.95,0.021794494717703377,1.9196136866308544,100,100,0.0,0.0
scm3,obs_size,100,1000,1.0,flexible,joint,0.9167469025601648,0.04830957926640253,0.04311761184922945,0.18591284515808118,0.026587383992767135,0.4311761184922945,0.22768250779371355,1.2246733548729016,0.1863875321553973,0.02577782721144021,0.4317262236132956,0.96,0.019595917942265433,1.8449955955935868,100,100,0.0,1.1102230246251565e-16
scm3,obs_size,100,1000,1.0,flexible,lambda_only,0.920025489327595,0.05158816603383273,0.04290958447349366,0.18412324396878887,0.026733005056662193,0.42909584473493667,0.22801462030578534,1.2383804205863145,0.18494335040383528,0.025834123554661532,0.4300504044921191,0.97,0.017058722109231986,1.8475826254203174,100,100,0.0,0.0
scm3,obs_size,100,1000,1.0,flexible,naive_pool,1.3080602316475087,0.439622908353747,0.02179877769518011,0.047518670900388194,0.006517692691121079,0.2179877769518011,0.046073989359774956,0.9695976020953601,0.24031178574079132,0.01831055956708185,0.4902160602640343,0.43,0.04950757517794625,0.8318741619298986,100,100,0.0,-5.551115123125783e-17
scm3,obs_size,100,1000,1.0,flexible,obs_transported,1.3546252816164597,0.4861879583226977,0.02478716078930677,0.06144033399949468,0.006950793302816248,0.24787160789306767,0.05182907098398412,0.843567533086822,0.29720466147749297,0.024999151864103848,0.5451648021263781,0.43,0.04950757517794625,0.8844476098966227,100,100,0.0,5.551115123125783e-17
scm3,obs_size,100,1000,1.0,flexible,omega_only,0.882014410138257,0.013577086844494744,0.05271752920739582,0.2779137885732631,0.04536757632028143,0.5271752920739582,0.34388040220307414,1.237363586630467,0.2753189879747133,0.044475442315970705,0.524708479038326,0.95,0.021794494717703377,2.252836089940781,100,100,0.0,-1.1102230246251565e-16
scm3,obs_size,100,1000,1.0,flexible,oracle_joint,0.9160701328583225,0.047632809564560404,0.0414629297041798,0.17191745396537558,0.024784684091810397,0.414629297041798,0.21817043826368676,1.2690418176366582,0.17246716397273545,0.02451797929130446,0.4152916613330148,0.97,0.017058722109231986,1.8104661588538855,100,100,0.0,-5.551115123125783e-17
scm3,obs_size,100,1000,1.0,flexible,oracle_lambda_only,0.9210658433403567,0.05262852004659466,0.04114774274047785,0.1693136732636547,0.024260631790719443,0.41147742740477844,0.22008564081154,1.2998692696768994,0.17039029765331296,0.02405167413347333,0.4127835966378908,0.97,0.017058722109231986,1.818922872647682,100,100,0.0,-2.7755575615628914e-17
scm3,obs_size,100,1000,1.0,flexible,oracle_omega_only,0.8802972864236527,0.011859963129890714,0.05256321068382004,0.27628911173916526,0.04581032745076165,0.5256321068382004,0.341721454050857,1.236825627690548,0.27366687934721595,0.04470384354134017,0.5231317992124126,0.94,0.023748684174075843,2.246770817165678,100,100,0.0,-5.551115123125783e-17
scm3,obs_size,100,1000,1.0,flexible,rct_only,0.8852929969056871,0.016855673611924957,0.05256710916067048,0.2763300965509846,0.04527303674202737,0.5256710916067048,0.34416889450951593,1.2454991287784487,0.2738509093183865,0.04406260988120805,0.5233076622011057,0.95,0.021794494717703377,2.255342468847634,100,100,0.0,0.0
scm3,obs_size,100,1000,1.0,flexible,semi_supervised,0.8836690112724263,0.015231687978664234,0.05245530868067524,0.2751559408784923,0.045104062941739784,0.5245530868067524,0.34707370063362897,1.2613709139825378,0.2726363857883868,0.04372828794810825,0.5221459429971536,0.95,0.021794494717703377,2.263372607842492,100,100,0.0,0.0
scm3,obs_size,100,1000,1.0,flexible,shrinkage,1.2048047875920411,0.33636746429827885,0.03472764414572839,0.12060092679123431,0.02038189656706971,0.34727644145728387,0.09338761337854513,0.7743523691173895,0.23253798856177588,0.023710557474927837,0.48222192874419956,0.61,0.048774993593028795,1.116075527342728,100,100,0.0,0.0
scm3,obs_size,100,20000,1.0,flexible,adaptive,1.260164260262603,0.391726936968841,0.032172077488660335,0.10350425699363651,0.03342958483289242,0.32172077488660333,0.06230064505215692,0.6019138425967078,0.2559192075706904,0.01955520069602028,0.5058845792971856,0.17,0.0375632799419859,0.6691372711830539,100,100,0.0,-5.551115123125783e-17
scm3,obs_size,100,20000,1.0,flexible,fixed_half,0.8150073062482258,-0.05343001704553636,0.05283314451405304,0.27913411592428133,0.05139829529172634,0.5283314451405304,0.25482158784559084,0.9129001913714998,0.27919754148652487,0.053440069050548475,0.5283914661371102,0.95,0.021794494717703377,1.957139777298385,100,100,0.0,0.0
scm3,obs_size,100,20000,1.0,flexible,joint,0.8111902934469252,-0.05724702984683691,0.04925895289377346,0.2426444440190993,0.04296007589066149,0.4925895289377346,0.22558528657824276,0.9296948359571185,0.2434952220051929,0.04593156232160696,0.49345235028844775,0.95,0.021794494717703377,1.8438007585737464,100,100,0.0,-2.7755575615628914e-17
scm3,obs_size,100,20000,1.0,flexible,lambda_only,0.8147844570311085,-0.05365286626265361,0.05016888737936222,0.251691726088313,0.04572491011284675,0.5016888737936221,0.23074442927244235,0.9167739951510337,0.252053438885628,0.04857068768619867,0.502049239503087,0.94,0.023748684174075843,1.8640202917564885,100,100,0.0,-5.551115123125783e-17
scm3,obs_size,100,20000,1.0,flexible,naive_pool,1.3532217895911562,0.48478446629739397,0.006305640673111447,0.00397611042983974,0.000675672267920093,0.06305640673111448,0.002559011295913483,0.643596635724382,0.23895232808879052,0.006218759054316597,0.4888275034087081,0.0,0.0,0.19728783126260116,100,100,0.0,5.551115123125783e-17
scm3,obs_size,100,20000,1.0,flexible,obs_transported,1.351162130067105,0.4827248067733427,0.010755299538774745,0.011567646816876822,0.0017140526195162887,0.10755299538774744,0.009169235320926825,0.7926621089043977,0.244475209423069,0.010573213496667667,0.49444434411070876,0.02,0.014,0.3682132365940965,100,100,0.0,-5.551115123125783e-17
scm3,obs_size,100,20000,1.0,flexible,omega_only,0.8044079442969191,-0.06402937899684302,0.061259564326387274,0.37527342214587794,0.06119099354631022,0.6125956432638727,0.35014090856784014,0.9330287942206891,0.37562044929914057,0.06221405701078867,0.6128788210561208,0.96,0.019595917942265433,2.2819012262828653,100,100,0.0,5.551115123125783e-17
scm3,obs_size,100,20000,1.0,flexible,oracle_joint,0.8222709259761788,-0.046166397317583124,0.04928505788288482,0.24290169305193068,0.0467446963420848,0.4928505788288482,0.21722644955894346,0.8942977993673431,0.24260401236269633,0.04953395090353561,0.4925484873214985,0.96,0.019595917942265433,1.8111818588313644,100,100,0.0,0.0
scm3,obs_size,100,20000,1.0,flexible,oracle_lambda_only,0.820484824258763,-0.047952499034999006,0.05027027031632281,0.25271000776761654,0.048247146297989214,0.5027027031632281,0.2231570585780829,0.8830558811239897,0.25248234985364193,0.05081214661189857,0.5024762181970823,0.94,0.023748684174075843,1.8350483087778253,100,100,0.0,-5.551115123125783e-17
scm3,obs_size,100,20000,1.0,flexible,oracle_omega_only,0.8097882095985183,-0.058649113695243844,0.06077442629911177,0.3693530891986168,0.0611835927561866,0.6077442629911177,0.348477100858752,0.9434795891780429,0.36909927684386823,0.062366002191398116,0.6075354120081135,0.96,0.019595917942265433,2.276849987231354,100,100,0.0,-5.551115123125783e-17
scm3,obs_size,100,20000,1.0,flexible,rct_only,0.8080021078811024,-0.060435215412659726,0.06162546694021196,0.37976981755991573,0.0642793257386234,0.6162546694021196,0.35624517443576503,0.9380555219598533,0.37962453464629115,0.06513983832707937,0.6161367824162839,0.96,0.019595917942265433,2.3014077971742664,100,100,0.0,0.0
scm3,obs_size,100,20000,1.0,flexible,semi_supervised,0.7952935163792307,-0.0731438069145313,0.06192785326103596,0.3835059009520403,0.06602512784343002,0.6192785326103597,0.361437591624288,0.9424564021753813,0.38502085843247014,0.06717037422106012,0.6205004902757694,0.96,0.019595917942265433,2.3156069576108718,100,100,0.0,0.0
scm3,obs_size,100,20000,1.0,flexible,shrinkage,1.2299894861936012,0.3615521628998392,0.03181561496881757,0.10122333558440481,0.024947191620486475,0.3181561496881756,0.07328192165483456,0.723962722940785,0.23093106872611263,0.020767821121111144,0.4805528781789915,0.37,0.048280430818293245,0.8369339220451996,100,100,0.0,0.0
scm3,quality,100,5000,0.0,flexible,adaptive,0.8684762539238284,3.8930630066209006e-05,0.01987960919231139,0.039519886163903145,0.01504350086315903,0.19879609192311387,0.02917074562914186,0.7381282807384696,0.03912468881785806,0.014665434112964481,0.1977996178405258,0.98,0.014000000000000005,0.562039228753281,100,100,0.0,-1.3877787807814457e-17
scm3,quality,100,5000,0.0,flexible,fixed_half,0.8802780247980313,0.011840701504269214,0.0470227207729674,0.22111362688924602,0.03639342867521147,0.470227207729674,0.23404929162465912,1.058502340707805,0.21904269283246675,0.03767230849004267,0.4680199705487649,0.93,0.02551470164434614,1.8732968858546326,100,100,0.0,0.0
scm3,quality,100,5000,0.0,flexible,joint,0.9009917947569677,0.03255447146320568,0.04456351587038719,0.19859069467302515,0.029768476053301372,0.44563515870387194,0.2107601934750828,1.0612793002315362,0.19766458133854353,0.030523268703954907,0.4445948507782603,0.95,0.021794494717703377,1.77933974508635,100,100,0.0,-2.7755575615628914e-17
scm3,quality,100,5000,0.0,flexible,lambda_only,0.8976120603100429,0.029174737016280945,0.04479704918369319,0.20067756155662272,0.030386844395832186,0.44797049183693194,0.21465268114029679,1.0696396720952326,0.1995219512210256,0.03152607110268287,0.4466788009532416,0.95,0.021794494717703377,1.7956555175833855,100,100,0.0,-5.551115123125783e-17
scm3,quality,100,5000,0.0,flexible,naive_pool,0.8684099198696642,-2.7403424097909858e-05,0.009355521358536562,0.008752577989003387,0.0012513134253261762,0.09355521358536566,0.008840648840413098,1.010062275539888,0.008665052960060997,0.0012552155835987085,0.09308626622687687,0.93,0.02551470164434614,0.36721649363281733,100,100,0.0,-8.673617379884035e-18
scm3,quality,100,5000,0.0,flexible,obs_transported,0.863098686747584,-0.0053386365461780905,0.011304492338551655,0.012779154703237313,0.0017287538375689224,0.11304492338551658,0.014773105812112646,1.1560315337891802,0.01267986419637712,0.0017279943158726128,0.11260490307432053,0.99,0.009949874371066205,0.47248194432858454,100,100,0.0,-8.673617379884035e-18
scm3,quality,100,5000,0.0,flexible,omega_only,0.8591745065117634,-0.009262816781998843,0.057321596538769316,0.32857654297534494,0.04637209356792973,0.573215965387693,0.3336767835124765,1.0155222295875035,0.32537657732032843,0.04744620437442872,0.5704178970897814,0.92,0.027129319932501065,2.2221975916822445,100,100,0.0,5.551115123125783e-17
scm3,quality,100,5000,0.0,flexible,oracle_joint,0.9053017746977225,0.03686445140396028,0.043692060827892794,0.19089961793882845,0.029364583365526636,0.436920608278928,0.2034518903832344,1.0657532612162073,0.19034960953675506,0.030298993226106602,0.43629073968714377,0.94,0.023748684174075843,1.747957703710699,100,100,0.0,-5.551115123125783e-17
scm3,quality,100,5000,0.0,flexible,oracle_lambda_only,0.904218106109729,0.035780782815966916,0.044051747551253954,0.19405564623194088,0.030290358812445888,0.44051747551253956,0.20921493472812216,1.0781182552042956,0.19339535418854484,0.03149223714000823,0.439767386453958,0.95,0.021794494717703377,1.7734682253781309,100,100,0.0,-2.7755575615628914e-17
scm3,quality,100,5000,0.0,flexible,oracle_omega_only,0.8568784406528319,-0.011558882640930225,0.05724606889329018,0.3277112403735326,0.046267764451101485,0.5724606889329018,0.3321042439817199,1.0134051050649957,0.32456773573770414,0.04735948394164803,0.5697084655661211,0.92,0.027129319932501065,2.2164928273386773,100,100,0.0,1.1102230246251565e-16
scm3,quality,100,5000,0.0,flexible,rct_only,0.8557947720648384,-0.012642551228923582,0.057795340971407594,0.3340301438001266,0.04838739598094451,0.5779534097140759,0.33935814736088277,1.0159506669073086,0.3308496764637012,0.0496402845832738,0.5751953376581743,0.92,0.027129319932501065,2.242072064274969,100,100,0.0,0.0
scm3,quality,100,5000,0.0,flexible,semi_supervised,0.8475804475396409,-0.020856875754121172,0.05951562101134976,0.35421091443666175,0.04825000854073703,0.5951562101134976,0.34264698895761675,0.9673529950441072,0.351103814558518,0.04968379699550888,0.5925401375084375,0.92,0.027129319932501065,2.2529351632625296,100,100,0.0,5.551115123125783e-17
scm3,quality,100,5000,0.0,flexible,shrinkage,0.8619025902438768,-0.006534733049885275,0.021403402379705786,0.04581056334275954,0.010462954384780008,0.21403402379705788,0.044449832631203195,0.9702965732733908,0.04539516044536519,0.010089728283727136,0.21306140064630474,0.99,0.009949874371066205,0.7073068755017546,100,100,0.0,-1.3877787807814457e-17
scm3,quality,100,5000,0.0,linear,adaptive,0.8657979326033195,-0.002639390690442536,0.013940483038601893,0.019433706734954714,0.006171571628271713,0.13940483038601895,0.026075772611419187,1.3417806992279875,0.019246336050821954,0.0061562925458320435,0.1387311646704588,0.96,0.019595917942265433,0.5289111579898129,100,100,0.0,-6.938893903907228e-18
scm3,quality,100,5000,0.0,linear,fixed_half,1.0043143740748368,0.13587705078107457,0.049223038273773674,0.2422907496901388,0.035819155352639756,0.4922303827377367,0.2549943580045685,1.0524312559628302,0.2583304151222001,0.03923895741737572,0.5082621519670731,0.97,0.017058722109231986,1.9548507494655099,100,100,0.0,0.0
scm3,quality,100,5000,0.0,linear,joint,0.99633074996361,0.12789342666984782,0.04627237752248054,0.21411329215829622,0.02953266221745065,0.4627237752248054,0.24634406667846995,1.150531404170579,0.228328887822069,0.03323137323571943,0.477837721221409,0.97,0.017058722109231986,1.923074624682398,100,100,0.0,0.0
scm3,quality,100,5000,0.0,linear,lambda_only,0.9891593372318404,0.12072201393807853,0.046713964040283426,0.2182194436356893,0.029717391644229322,0.46713964040283423,0.2454695784931975,1.1248749167512382,0.23061105384859806,0.03325189587888819,0.48021979743508914,0.97,0.017058722109231986,1.9203337070127582,100,100,0.0,2.7755575615628914e-17
scm3,quality,100,5000,0.0,linear,naive_pool,0.8621282139859656,-0.006309109307796402,0.011366319531796292,0.012919321969889397,0.0019676904291247473,0.11366319531796296,0.0090812309752679,0.7029185429725493,0.012829933610448223,0.0019493523345338079,0.11326929685686331,0.92,0.027129319932501065,0.37192576341687866,100,100,0.0,-3.469446951953614e-18
scm3,quality,100,5000,0.0,linear,obs_transported,0.862243064613576,-0.006194258680186086,0.01102331193793906,0.012151340608110985,0.0016791539969363274,0.11023311937939062,0.013957990375332432,1.1486790491261114,0.012068196042626928,0.0016892446432862514,0.10985534143876176,0.95,0.021794494717703377,0.46128374093650976,100,100,0.0,-8.673617379884035e-18
scm3,quality,100,5000,0.0,linear,omega_only,1.0229370098418404,0.15449968654807825,0.056487235066189946,0.3190807725422999,0.04840356670977403,0.5648723506618994,0.3381387546923058,1.0597277673554568,0.3397601179603314,0.05406836205008915,0.5828894560380479,0.95,0.021794494717703377,2.238244207059184,100,100,0.0,1.1102230246251565e-16
scm3,quality,100,5000,0.0,linear,oracle_joint,0.9934702236452039,0.12503290035144185,0.048403076995401625,0.2342857862622778,0.03168650265227712,0.4840307699540163,0.24005660666142947,1.0246315429169544,0.24757615456994858,0.03498442872959,0.4975702508892072,0.95,0.021794494717703377,1.8981321332001029,100,100,0.0,-2.7755575615628914e-17
scm3,quality,100,5000,0.0,linear,oracle_lambda_only,0.9895327350611369,0.12109541176737489,0.04791817045946169,0.2296151060182027,0.030164310365718292,0.4791817045946169,0.24115356331482418,1.050251298778691,0.24198305370913076,0.03352286525172425,0.4919177306309773,0.96,0.019595917942265433,1.9027746806474901,100,100,0.0,0.0
scm3,quality,100,5000,0.0,linear,oracle_omega_only,1.0197030856941378,0.15126576240037598,0.05712848091574938,0.32636633317411406,0.04968332877722652,0.5712848091574938,0.3362340153433317,1.030234988006417,0.34598400071693985,0.054758854356966015,0.5882040468382889,0.95,0.021794494717703377,2.231682301509106,100,100,0.0,-5.551115123125783e-17
scm3,quality,100,5000,0.0,linear,rct_only,1.0157655971100712,0.147328273816309,0.05678591491048385,0.3224640132220712,0.04781065140252476,0.5678591491048385,0.3382755093218854,1.0490333663649012,0.3409449933555438,0.05284887213626145,0.5839049523300379,0.95,0.021794494717703377,2.238137356058446,100,100,0.0,0.0
scm3,quality,100,5000,0.0,linear,semi_supervised,1.0168361611913432,0.14839883789758118,0.05653539728183904,0.3196251145815373,0.047645249621203416,0.5653539728183904,0.34449239551808936,1.077801398582552,0.33845107852507456,0.05422996002367807,0.5817654841300527,0.95,0.021794494717703377,2.256161657625487,100,100,0.0,5.551115123125783e-17
scm3,quality,100,5000,0.0,linear,shrinkage,0.8620564053093066,-0.0063809179844552385,0.019460973499852652,0.03787294895619673,0.009061280560877441,0.19460973499852655,0.043416115017508784,1.1463621453856998,0.0375349355809591,0.009318501138331908,0.1937393495936205,0.96,0.019595917942265433,0.6858535978041687,100,100,0.0,-6.938893903907228e-18
scm3,quality,100,5000,1.0,linear,adaptive,1.2715303615761329,0.40309303828237064,0.027383460734815606,0.07498539218151881,0.028634068918099623,0.27383460734815607,0.06437751231081332,0.8585340482713385,0.23671953577141625,0.017853302811071482,0.4865383189137483,0.16,0.03666060555964672,0.7451881996380167,100,100,0.0,-1.1102230246251565e-16
scm3,quality,100,5000,1.0,linear,fixed_half,0.8133184865302021,-0.055118836763559935,0.047473642038312336,0.2253746688381816,0.032789988132270596,0.47473642038312336,0.25772735163869154,1.143550661515288,0.2261590083159678,0.030838330423375526,0.4755617818075458,0.95,0.021794494717703377,1.9677764369182984,100,100,0.0,5.551115123125783e-17
scm3,quality,100,5000,1.0,linear,joint,0.807694670770464,-0.06074265252329804,0.046660847081191906,0.2177234650334376,0.031886246144508655,0.46660847081191914,0.24421934742614262,1.1216951162734612,0.2192359002186694,0.02995625865450518,0.46822633439253436,0.94,0.023748684174075843,1.9169849165621935,100,100,0.0,5.551115123125783e-17
scm3,quality,100,5000,1.0,linear,lambda_only,0.8194709598586627,-0.04896636343509929,0.04657290353540484,0.2169035343718125,0.03119569010710345,0.46572903535404847,0.2460668234138154,1.1344528069884359,0.21713220377615258,0.029205047583989712,0.46597446687147204,0.94,0.023748684174075843,1.923996497052155,100,100,0.0,-2.7755575615628914e-17
scm3,quality,100,5000,1.0,linear,naive_pool,1.3473459678412418,0.4789086445474797,0.011103371935708728,0.012328486834268416,0.0013663169355474214,0.11103371935708727,0.010299060530844808,0.8353872352134416,0.24155869178823008,0.010657157066333339,0.4914862071190097,0.0,0.0,0.39522313796680236,100,100,0.0,8.326672684688674e-17
scm3,quality,100,5000,1.0,linear,obs_transported,1.35683640894539,0.4883990856516281,0.011145871968265155,0.012423046193295898,0.0016100229401866538,0.11145871968265156,0.016844235239558955,1.3558860667079347,0.25083248259670926,0.01093703672239594,0.5008317907209059,0.03,0.01705872210923198,0.5039323452805686,100,100,0.0,-5.551115123125783e-17
scm3,quality,100,5000,1.0,linear,omega_only,0.793344222272967,-0.07509310102079508,0.053663707173941214,0.28797934676505094,0.0391674742703614,0.5366370717394121,0.3552814504577699,1.2337046196150574,0.2907385271183197,0.037066539295602115,0.5392017499214183,0.96,0.019595917942265433,2.298607300708813,100,100,0.0,-5.551115123125783e-17
scm3,quality,100,5000,1.0,linear,oracle_joint,0.8227363757589502,-0.0457009475348118,0.04650664292379123,0.21628678360410214,0.031226773031841258,0.46506642923791236,0.23852086777992507,1.102799088346151,0.21621249237364068,0.02940302676023892,0.4649865507449013,0.93,0.02551470164434614,1.8932165019462297,100,100,0.0,-5.551115123125783e-17
scm3,quality,100,5000,1.0,linear,oracle_lambda_only,0.8266061625487944,-0.04183116074496758,0.04606303476029344,0.2121803171328002,0.030605807514975842,0.4606303476029344,0.2401920572086315,1.1320185606957087,0.21180835997074351,0.028730118059372395,0.4602264225039057,0.94,0.023748684174075843,1.9005218590723276,100,100,0.0,2.7755575615628914e-17
scm3,quality,100,5000,1.0,linear,oracle_omega_only,0.8012507245713215,-0.06718659872244052,0.05370550063552641,0.2884280798512528,0.0388736493820322,0.5370550063552642,0.3549040477739452,1.2304767550960196,0.29005783810063046,0.03709866812841721,0.5385701793644264,0.95,0.021794494717703377,2.2976757416625273,100,100,0.0,-5.551115123125783e-17
scm3,quality,100,5000,1.0,linear,rct_only,0.8051205113611658,-0.06331681193259633,0.05321089630696404,0.2831399485790479,0.03862273618012408,0.5321089630696404,0.35638509961872805,1.258688861841166,0.28431756776656514,0.036855608013749167,0.5332143731807735,0.95,0.021794494717703377,2.3028283385301185,100,100,0.0,-5.551115123125783e-17
scm3,quality,100,5000,1.0,linear,semi_supervised,0.7969596934710033,-0.0714776298227587,0.05369368903134651,0.28830122417949405,0.03934969556470882,0.5369368903134651,0.36102305782324234,1.25224254198266,0.2905272635027784,0.037190906530750134,0.5390058102681069,0.95,0.021794494717703377,2.3171207479052347,100,100,0.0,-5.551115123125783e-17
scm3,quality,100,5000,1.0,linear,shrinkage,1.2073162089015,0.33887888560773777,0.026798363261420783,0.07181522734910671,0.015997868051443015,0.2679836326142078,0.07208786263378468,1.0037963436828325,0.18593597418635774,0.015232721729185494,0.4312029385177677,0.44,0.04963869458396343,0.8965250170216321,100,100,0.0,-1.3877787807814457e-16
scm3,quality,100,5000,2.0,flexible,adaptive,1.3257548462113908,0.4573175229176289,0.04903263989231606,0.24041997748095437,0.04832381408064051,0.49032639892316054,0.13422199012957953,0.5582813522233706,0.44715509447366075,0.033671795390699595,0.6686965638267186,0.34,0.04737087712930804,1.1344252552034284,100,100,0.0,-1.1102230246251565e-16
scm3,quality,100,5000,2.0,flexible,fixed_half,0.8686799551822034,0.000242631888441201,0.04805801827641862,0.23095731206565862,0.030454984844823382,0.4805801827641862,0.24197572590344238,1.0477075773840465,0.22864779781523528,0.02990009407913266,0.4781713059304534,0.94,0.023748684174075843,1.906711807946732,100,100,0.0,-5.551115123125783e-17
scm3,quality,100,5000,2.0,flexible,joint,0.8926975581261958,0.02426023483243373,0.04727127271894756,0.22345732244691155,0.031055811529646413,0.47271272718947555,0.21785703310076518,0.97493799135861,0.22181130821656725,0.030458359204626216,0.47096847900530164,0.95,0.021794494717703377,1.811081429860389,100,100,0.0,0.0
scm3,quality,100,5000,2.0,flexible,lambda_only,0.8985908732207204,0.030153549926958432,0.046834032575416136,0.21934266072751396,0.030683683593783324,0.46834032575416135,0.22163283933609798,1.0104410997887414,0.21805847069343634,0.02986918548171391,0.46696731223227644,0.95,0.021794494717703377,1.8267551543532627,100,100,0.0,-5.551115123125783e-17
scm3,quality,100,5000,2.0,flexible,naive_pool,1.5599063446216834,0.6914690213279215,0.01211360334397576,0.01467393859751807,0.0025843602049173665,0.1211360334397576,0.01142440496994386,0.7785506865809134,0.4926566066677364,0.01793186291000096,0.7018950111432168,0.0,0.0,0.41480169553710783,100,100,0.0,-5.551115123125783e-17
scm3,quality,100,5000,2.0,flexible,obs_transported,1.5856999534128944,0.7172626301191327,0.013264687328684813,0.01759519299277714,0.00228316833276219,0.13264687328684813,0.016117493850897217,0.916016883560952,0.531884921628265,0.019318716673031956,0.7293044094397517,0.0,0.0,0.49167639037997823,100,100,0.0,-2.220446049250313e-16
scm3,quality,100,5000,2.0,flexible,omega_only,0.8595488194325978,-0.008888503861164423,0.055730752206177805,0.31059167414663924,0.03991001019409517,0.557307522061778,0.34482243690417463,1.1102114628525879,0.3075647629060627,0.03968752531417371,0.5545852169919991,0.94,0.023748684174075843,2.2545521833191877,100,100,0.0,-1.1102230246251565e-16
scm3,quality,100,5000,2.0,flexible,oracle_joint,0.8719819314678741,0.0035446081741117787,0.04559864910338422,0.20792368000535633,0.027456999307879787,0.45598649103384226,0.2089270811294465,1.004825814568424,0.20585700745241073,0.02714278194833194,0.4537146762585609,0.95,0.021794494717703377,1.7746438548379557,100,100,0.0,-2.7755575615628914e-17
scm3,quality,100,5000,2.0,flexible,oracle_lambda_only,0.8780411492589605,0.009603825965198275,0.04542678664616883,0.20635929449965434,0.028058274694411398,0.4542678664616884,0.21550906854738205,1.0443390450132743,0.20438793502782754,0.02744185498082053,0.4520928389477404,0.94,0.023748684174075843,1.8017114757069361,100,100,0.0,-5.551115123125783e-17
scm3,quality,100,5000,2.0,flexible,oracle_omega_only,0.8593829167360357,-0.009054406557726206,0.055328522263965396,0.30612453759141145,0.03947760978002512,0.553285222639654,0.3423927700122737,1.1184754175742355,0.3031452744936099,0.03931513627188047,0.5505863006773869,0.94,0.023748684174075843,2.2469471370489105,100,100,0.0,0.0
scm3,quality,100,5000,2.0,flexible,rct_only,0.8654421345271226,-0.0029951887666397076,0.055288779567085444,0.3056849146017766,0.03931741768284334,0.5528877956708546,0.3479767305842234,1.138351007728142,0.3026370366115066,0.03872820411302301,0.5501245646319628,0.94,0.023748684174075843,2.2657207941856727,100,100,0.0,-5.551115123125783e-17
scm3,quality,100,5000,2.0,flexible,semi_supervised,0.872631690870508,0.0041943675767457,0.05603729803772557,0.3140178771368883,0.0415202274483201,0.5603729803772558,0.3535905037622051,1.126020298545188,0.3108952910848882,0.04080302073221881,0.5575798517565786,0.94,0.023748684174075843,2.2825606459054266,100,100,0.0,0.0
scm3,quality,100,5000,2.0,flexible,shrinkage,1.2730455881784684,0.40460826488470625,0.041248278652565154,0.1701420491799662,0.028625677108642104,0.4124827865256515,0.1264465989786429,0.7431825324079362,0.3321484767011792,0.02971171634533627,0.5763232397719003,0.55,0.049749371855330994,1.2136864947985369,100,100,0.0,5.551115123125783e-17
scm3,quality,100,5000,2.0,linear,adaptive,1.2585862949511168,0.39014897165735474,0.05020129493610883,0.25201700132621857,0.05116304073062168,0.5020129493610883,0.1606370027892286,0.6374054208402199,0.40171305139824776,0.03355152113555199,0.6338083711960957,0.36,0.048,1.1978487180249549,100,100,0.0,0.0
scm3,quality,100,5000,2.0,linear,fixed_half,0.8317397809246013,-0.03669754236916059,0.05025602023633937,0.25256675699953535,0.03647739035522633,0.5025602023633938,0.2852834590178834,1.1295368496116385,0.2513877990454763,0.03654753133664997,0.5013858783865739,0.97,0.017058722109231986,2.050211523591011,100,100,0.0,-5.551115123125783e-17
scm3,quality,100,5000,2.0,linear,joint,0.8465778053454064,-0.02185951794835561,0.0484655488349421,0.23489094238721572,0.032059372961619224,0.48465548834942096,0.26947895416727013,1.1472513645206308,0.2330198714882781,0.03162879579999618,0.48272131865940837,0.98,0.014000000000000005,2.000903432220408,100,100,0.0,5.551115123125783e-17
scm3,quality,100,5000,2.0,linear,lambda_only,0.8472448856065323,-0.02119243768722973,0.047785605245035404,0.22834640686343546,0.03192158882180833,0.477856052450354,0.26858188444716347,1.1762036816624453,0.2265120622099282,0.03156746085100381,0.4759328337170364,0.98,0.014000000000000005,1.999143540256577,100,100,0.0,-2.7755575615628914e-17
scm3,quality,100,5000,2.0,linear,naive_pool,1.5805070778901182,0.7120697545963561,0.011327742786351274,0.012831775663373329,0.0017585631284509563,0.11327742786351272,0.012099487836736644,0.9429316841373009,0.5197467933176544,0.015747950861171155,0.7209346664696146,0.01,0.0099498743710662,0.4252318974038184,100,100,0.0,0.0
scm3,quality,100,5000,2.0,linear,obs_transported,1.5671125564381783,0.6986752331444164,0.013508013992852865,0.01824664420311089,0.002622259511178306,0.1350801399285287,0.017470844144054067,0.9574825896520438,0.5062112591704843,0.018987657343965743,0.7114852487370938,0.0,0.0,0.5151743682182981,100,100,0.0,-1.1102230246251565e-16
scm3,quality,100,5000,2.0,linear,omega_only,0.8205137799282741,-0.04792354336548807,0.05797660101013587,0.3361286264688488,0.05030568760093878,0.5797660101013588,0.3799577110610653,1.1303937872018124,0.33506400621286403,0.05002786572046708,0.5788471354449843,0.96,0.019595917942265433,2.353840416128916,100,100,0.0,-5.551115123125783e-17
scm3,quality,100,5000,2.0,linear,oracle_joint,0.8345841832117804,-0.033853140081981724,0.04829296361028935,0.23322103342647313,0.03238778594557017,0.48292963610289347,0.26339626160160917,1.129384677410107,0.23203485818561861,0.03208623477330329,0.4816999669769748,0.98,0.014000000000000005,1.9785253805249463,100,100,0.0,-5.551115123125783e-17
scm3,quality,100,5000,2.0,linear,oracle_lambda_only,0.8333404979778328,-0.03509682531592935,0.04786198838451175,0.22907699321191372,0.03219464472305114,0.47861988384511744,0.26322481698355,1.149067015822261,0.22801801042705144,0.03191865193845184,0.4775123144245093,0.99,0.009949874371066205,1.9793071982085477,100,100,0.0,0.0
scm3,quality,100,5000,2.0,linear,oracle_omega_only,0.8224245454233475,-0.04601277787041457,0.05751973877230756,0.3308520348434501,0.05047647582764592,0.5751973877230756,0.3804499616356939,1.1499096924572707,0.3296606902223677,0.050324958543750666,0.5741608574453397,0.97,0.017058722109231986,2.3547111322942498,100,100,0.0,0.0
scm3,quality,100,5000,2.0,linear,rct_only,0.8211808601894,-0.0472564631043622,0.0575031804528087,0.3306615762188281,0.05097908602292208,0.575031804528087,0.38091979861167935,1.1519929317689785,0.32958813376177365,0.051101235468866926,0.5740976691833661,0.96,0.019595917942265433,2.357319607001896,100,100,0.0,-1.1102230246251565e-16
scm3,quality,100,5000,2.0,linear,semi_supervised,0.8236747739622063,-0.0447625493315556,0.05653684945562233,0.3196415346367703,0.051634251447412745,0.5653684945562233,0.3841957530647431,1.2019581669864337,0.31844880511306256,0.05166296932602719,0.5643126838137369,0.98,0.014000000000000005,2.3658254059262998,100,100,0.0,0.0
scm3,quality,100,5000,2.0,linear,shrinkage,1.188338270767313,0.31990094747355097,0.04355728501110322,0.1897237077538477,0.029558901895663972,0.4355728501110322,0.14229031468302333,0.7499870014538951,0.2901630868707848,0.025598429938645077,0.5386678817887556,0.54,0.04983974317750845,1.260429597235783,100,100,0.0,-5.551115123125783e-17
scm3,rct_size,50,5000,1.0,flexible,adaptive,1.285271529832741,0.41683420653897874,0.03894905602243274,0.1517028965038604,0.05513260511600809,0.3894905602243274,0.10004932950659164,0.659508366763753,0.3239366232798017,0.0375987037778923,0.5691543053336254,0.21,0.0407308237088326,0.8920763065827916,100,100,0.0,-5.551115123125783e-17
scm3,rct_size,50,5000,1.0,flexible,fixed_half,0.9207579618688558,0.05232063857509383,0.07439874180239181,0.5535172781778961,0.07138905987844132,0.743987418023918,0.5316557509156151,0.9605043453489904,0.5507195546170228,0.07164891517903733,0.7421048137675855,0.93,0.02551470164434614,2.7842679146210885,100,100,0.0,1.1102230246251565e-16
scm3,rct_size,50,5000,1.0,flexible,joint,0.9384586241731658,0.07002130087940373,0.0675156134883266,0.45583580647051086,0.05525190440076423,0.675156134883266,0.4506353636879796,0.9885914122833005,0.4561804309826497,0.058410282007499224,0.6754113050450442,0.89,0.031288975694324025,2.5843077463233457,100,100,0.0,0.0
scm3,rct_size,50,5000,1.0,flexible,lambda_only,0.942794990048725,0.07435766675496294,0.06702203879513144,0.4491953684256105,0.05409369652395535,0.6702203879513144,0.4480024749352719,0.9973443771370137,0.4502324773465966,0.057180991642374876,0.6709936492595117,0.92,0.027129319932501065,2.5760259492600786,100,100,0.0,1.1102230246251565e-16
scm3,rct_size,50,5000,1.0,flexible,naive_pool,1.3381320993913852,0.4696947760976233,0.014858737071559089,0.022078206736172435,0.003127928404494119,0.1485873707155909,0.01798362934139969,0.81454212093846,0.24247060736220713,0.014242044368733747,0.4924130454833697,0.13,0.03363034344160047,0.5106846732087426,100,100,0.0,-5.551115123125783e-17
scm3,rct_size,50,5000,1.0,flexible,obs_transported,1.3598500501694557,0.4914127268756932,0.01514877614815707,0.02294854187869724,0.003185806391567567,0.15148776148157064,0.0238359237380686,1.038668333006164,0.2642055245953149,0.015368067125663373,0.514009265087036,0.11,0.03128897569432403,0.5933224241576134,100,100,0.0,-5.551115123125783e-17
scm3,rct_size,50,5000,1.0,flexible,omega_only,0.915354576463981,0.04691725317021872,0.09510962827214442,0.9045841390065492,0.13399812404648,0.9510962827214442,0.8660507239037244,0.9574020663847326,0.8977395262615222,0.13277343953734727,0.947491174767091,0.93,0.02551470164434614,3.4711254728660412,100,100,0.0,1.1102230246251565e-16
scm3,rct_size,50,5000,1.0,flexible,oracle_joint,0.9208390459997375,0.0524017227059755,0.06776906742012523,0.4592646498993479,0.0581584773339438,0.6776906742012523,0.42977552470958,0.9357905617246381,0.45741794394290836,0.0599561578998112,0.6763268026205292,0.9,0.03,2.526737994166099,100,100,0.0,0.0
scm3,rct_size,50,5000,1.0,flexible,oracle_lambda_only,0.9350565294692385,0.06661920617547622,0.06758422743013912,0.45676277973287677,0.05944078238611533,0.6758422743013911,0.4333326720355082,0.9487039909182816,0.45663327056699865,0.06102342339766229,0.6757464543502975,0.91,0.028618176042508364,2.536634620009391,100,100,0.0,5.551115123125783e-17
scm3,rct_size,50,5000,1.0,flexible,oracle_omega_only,0.9054734588700393,0.037036135576277184,0.09544033775095513,0.9108858070016392,0.13506031361154588,0.9544033775095514,0.8553943570856931,0.9390796854123711,0.9031486242700473,0.13391109260672968,0.9503413198793617,0.93,0.02551470164434614,3.448828369660359,100,100,0.0,0.0
scm3,rct_size,50,5000,1.0,flexible,rct_only,0.91969094233954,0.05125361904577791,0.09424654101064878,0.8882410492471903,0.132174061820773,0.9424654101064878,0.8535554127893641,0.9609501987245205,0.8819855722200081,0.1308536496849057,0.9391408692097305,0.94,0.023748684174075843,3.446220956084423,100,100,0.0,0.0
scm3,rct_size,50,5000,1.0,flexible,semi_supervised,0.9088285133633982,0.04039119006963642,0.0943968044450663,0.891075668944009,0.12640161419030063,0.9439680444506631,0.8988903970770171,1.0087699938460548,0.8837963604898103,0.12557610316057896,0.9401044412669319,0.95,0.021794494717703377,3.4948103132569512,100,100,0.0,-2.220446049250313e-16
scm3,rct_size,50,5000,1.0,flexible,shrinkage,1.2681767432781559,0.39973941998439355,0.034871581303038086,0.12160271825743948,0.03340621645754543,0.3487158130303808,0.12389992856348994,1.0188911098285414,0.28017829496432456,0.025169087119205874,0.529318708307504,0.38,0.048538644398046386,1.1098679707322052,100,100,0.0,1.1102230246251565e-16
scm3,rct_size,100,5000,1.0,flexible,adaptive,1.2583115166980658,0.3898741934043038,0.03314871625265391,0.1098837389198962,0.04049274450493247,0.33148716252653915,0.057877348115430355,0.5267144045546374,0.2607867882133537,0.024454965557610394,0.5106728778908801,0.19,0.039230090491866064,0.7148213370092305,100,100,0.0,0.0
scm3,rct_size,100,5000,1.0,flexible,fixed_half,0.8992634332180174,0.03082610992425523,0.05319964518781604,0.28302022481095185,0.03930273432375261,0.5319964518781604,0.24728126934772743,0.8737229627773179,0.28114027161590455,0.040818354615714356,0.5302266228848798,0.93,0.02551470164434614,1.9330425345870776,100,100,0.0,-5.551115123125783e-17
scm3,rct_size,100,5000,1.0,flexible,joint,0.8834778959843435,0.0150405726905814,0.049059089423926595,0.24067942551048266,0.035786309320321244,0.490590894239266,0.22148785326589301,0.9202608523604201,0.23849885008223848,0.03728383680533298,0.488363440566796,0.96,0.019595917942265433,1.834255492633377,100,100,0.0,-2.7755575615628914e-17
scm3,rct_size,100,5000,1.0,flexible,joint_cross_fitted,0.9029014717618741,0.034464148468111834,0.025165167366730253,0.06332856485955456,0.008533832975159243,0.25165167366730257,0.06678956867068205,1.054651543403882,0.06388305674059103,0.00896035100961875,0.2527509777243028,0.95,0.021794494717703377,1.0096766178731054,100,100,0.0,-4.163336342344337e-17
scm3,rct_size,100,5000,1.0,flexible,lambda_only,0.8846183506604245,0.016181027366662395,0.05020238615705967,0.2520279575862538,0.03600623688890436,0.5020238615705969,0.22652201182474155,0.8987971572448143,0.24976950365703193,0.03751898043204254,0.4997694505039618,0.96,0.019595917942265433,1.8542907957984958,100,100,0.0,0.0
scm3,rct_size,100,5000,1.0,flexible,naive_pool,1.339409088008739,0.4709717647149769,0.012374463290366688,0.015312734172463274,0.0025944374174962127,0.12374463290366687,0.010276683098036992,0.671120061400755,0.2369740099894782,0.012582536686549253,0.48679976375248807,0.02,0.014,0.3946835004426039,100,100,0.0,-2.7755575615628914e-17
scm3,rct_size,100,5000,1.0,flexible,obs_transported,1.3518198806634416,0.4833825573696796,0.013309837497380763,0.0177151774206683,0.0022348008687829027,0.13309837497380764,0.015421245837065419,0.8705103804985576,0.25119672241571317,0.013301047200004357,0.5011952936887109,0.06,0.023748684174075833,0.48253893214324106,100,100,0.0,-5.551115123125783e-17
scm3,rct_size,100,5000,1.0,flexible,omega_only,0.9064427663154864,0.038005443021724386,0.06376495562580049,0.4065969565960306,0.0562974059049844,0.6376495562580049,0.35111259502218894,0.8635396535223763,0.4039754007293478,0.05705593287288174,0.6355905920711443,0.94,0.023748684174075843,2.2864150318662473,100,100,0.0,-5.551115123125783e-17
scm3,rct_size,100,5000,1.0,flexible,oracle_joint,0.889296504594343,0.020859181300580783,0.048087539979411224,0.23124115012714733,0.033055433691054646,0.4808753997941123,0.21354712301973178,0.9234823598754524,0.22936384407040628,0.03451646001758244,0.47891945467939206,0.95,0.021794494717703377,1.8008906659304051,100,100,0.0,-5.551115123125783e-17
scm3,rct_size,100,5000,1.0,flexible,oracle_lambda_only,0.8893538644152962,0.02091654112153393,0.04968048863772756,0.24681509512833777,0.03598986396240868,0.49680488637727566,0.22052946095454715,0.8935007027826934,0.2447844458695432,0.03728706984243656,0.49475695636296335,0.96,0.019595917942265433,1.8302098340852542,100,100,0.0,0.0
scm3,rct_size,100,5000,1.0,flexible,oracle_omega_only,0.9075258611706143,0.0390885378768522,0.0636655718068876,0.40533050334979615,0.057536538785564605,0.636655718068876,0.34850083906520996,0.8597942572421134,0.40280511210964837,0.05826443995411915,0.6346692934983135,0.94,0.023748684174075843,2.2785860567478022,100,100,0.0,1.1102230246251565e-16
scm3,rct_size,100,5000,1.0,flexible,rct_only,0.9075832209915674,0.039145897697805354,0.06439516331778491,0.4146737058724191,0.05699295217754448,0.6439516331778491,0.35689044445953494,0.8606536643279183,0.4120593701202621,0.058119859557269636,0.6419185073825665,0.94,0.023748684174075843,2.3042004883480747,100,100,0.0,1.6653345369377348e-16
scm3,rct_size,100,5000,1.0,flexible,semi_supervised,0.9123181464774802,0.043880823183718186,0.06550144248567855,0.4290438967704654,0.059707623218945474,0.6550144248567854,0.3601777668495187,0.8394893146381489,0.42667898444604163,0.06118473786031442,0.6532066935098274,0.93,0.02551470164434614,2.3156697714697625,100,100,0.0,1.6653345369377348e-16
scm3,rct_size,100,5000,1.0,flexible,shrinkage,1.1918685953981032,0.32343127210434097,0.03583491880054828,0.12841414054418887,0.02758308008679066,0.3583491880054828,0.07332706707073253,0.5710201910785657,0.2317377869137793,0.023982923694300644,0.48139151105288436,0.4,0.04898979485566356,0.8954902851451709,100,100,0.0,8.326672684688674e-17
scm3,rct_size,200,5000,1.0,flexible,adaptive,1.1773814945148586,0.3089441712210966,0.03867003207734128,0.14953713808626037,0.03658008982078898,0.3867003207734128,0.04188965520103723,0.280128774277285,0.24348826763688802,0.020154017231438236,0.4934453035918855,0.23,0.042083250825001625,0.6675967511403874,100,100,0.0,2.7755575615628914e-17
scm3,rct_size,200,5000,1.0,flexible,fixed_half,0.8965209577215224,0.02808363442776025,0.03640641084291592,0.13254267504631856,0.016782407619611934,0.36406410842915915,0.11211133928791599,0.8458508872613095,0.1320059388185274,0.016266411224912413,0.36332621542978066,0.96,0.019595917942265433,1.3070323667321364,100,100,0.0,-5.551115123125783e-17
scm3,rct_size,200,5000,1.0,flexible,joint,0.9052224318642611,0.036785108570498874,0.035457998260857534,0.1257269640666976,0.015452298934376394,0.3545799826085753,0.10676916662767967,0.8492145453463674,0.125822838638574,0.015258844896663997,0.3547151514082447,0.92,0.027129319932501065,1.2756357179284477,100,100,0.0,0.0
scm3,rct_size,200,5000,1.0,flexible,lambda_only,0.9007798654242747,0.03234254213051252,0.03623142307790802,0.1312716018250366,0.015708835738290954,0.36231423077908026,0.10858756596350604,0.8271976913044403,0.13100492583825019,0.015401623367460742,0.361946026139603,0.95,0.021794494717703377,1.2864603843228992,100,100,0.0,-2.7755575615628914e-17
scm3,rct_size,200,5000,1.0,flexible,naive_pool,1.3274423224069987,0.45900499911323644,0.009995863677365713,0.009991729065647917,0.0012499810612883397,0.09995863677365711,0.008393274265467652,0.8400222033966238,0.2205774009859337,0.009527926425145366,0.4696566841703988,0.0,0.0,0.3578096655331241,100,100,0.0,8.326672684688674e-17
scm3,rct_size,200,5000,1.0,flexible,obs_transported,1.3461193531458848,0.4776820298521227,0.011454974014137443,0.013121642966456406,0.002032242879945425,0.11454974014137442,0.011504314717612455,0.8767434647491615,0.24117054818043623,0.011222126330747767,0.4910911811267193,0.01,0.0099498743710662,0.41874356076454006,100,100,0.0,1.3877787807814457e-16
scm3,rct_size,200,5000,1.0,flexible,omega_only,0.88325946752816,0.014822144234397778,0.040251636291381045,0.16201942241336234,0.02318563557573372,0.40251636291381043,0.13728641272483805,0.847345402667696,0.16061892414893403,0.022622280821723822,0.4007729084518239,0.94,0.023748684174075843,1.44430862264092,100,100,0.0,2.7755575615628914e-17
scm3,rct_size,200,5000,1.0,flexible,oracle_joint,0.9090675341328129,0.040630210839050766,0.03490553087210171,0.12183960854632454,0.01485787337622908,0.3490553087210171,0.10427837392141864,0.8558659631754402,0.122272026493687,0.014752420715362513,0.34967417189962285,0.93,0.02551470164434614,1.260380066288844,100,100,0.0,-1.3877787807814457e-17
scm3,rct_size,200,5000,1.0,flexible,oracle_lambda_only,0.9031593893445418,0.03472206605077969,0.035535253429748906,0.12627542363164812,0.015215882055494245,0.35535253429748903,0.10722031976100042,0.849098871952848,0.12621829126616635,0.014918754323256284,0.35527213691220755,0.95,0.021794494717703377,1.2780290724451953,100,100,0.0,0.0
scm3,rct_size,200,5000,1.0,flexible,oracle_omega_only,0.8847250458764445,0.016287722582682494,0.04024048507009574,0.16192966386765983,0.022184102178557243,0.40240485070095744,0.13619321735474935,0.8410640404098899,0.16057565713591362,0.02166588225039606,0.4007189253528134,0.95,0.021794494717703377,1.4384499764661955,100,100,0.0,-2.7755575615628914e-17
scm3,rct_size,200,5000,1.0,flexible,rct_only,0.8788169010881738,0.010379577794411392,0.040996524399217096,0.16807150128156031,0.02368287159837516,0.409965243992171,0.13953830572860015,0.8302318041107982,0.16649852190393497,0.023231769859233597,0.40804230406164377,0.94,0.023748684174075843,1.455987976022387,100,100,0.0,2.7755575615628914e-17
scm3,rct_size,200,5000,1.0,flexible,semi_supervised,0.8761788489740401,0.007741525680277808,0.04037493882145258,0.1630135684836039,0.023365310100280368,0.40374938821452583,0.14014197372202566,0.8596951470093197,0.16144336401862625,0.023012604945567415,0.40180015432877353,0.97,0.017058722109231986,1.4598953502416867,100,100,0.0,0.0
scm3,rct_size,200,5000,1.0,flexible,shrinkage,1.1411006572648246,0.2726633339710626,0.03355406000191459,0.1125874942612085,0.02170702340509591,0.335540600019146,0.04586900140290884,0.40740760511545365,0.18580691301081165,0.01465601368586492,0.4310532600628508,0.42,0.04935585071701227,0.7612339198926903,100,100,0.0,0.0
scm3,rct_size,400,5000,1.0,flexible,adaptive,1.118480890293987,0.25004356700022456,0.02712103982199136,0.07355508010260414,0.008567292666533739,0.27121039821991366,0.034537345859987884,0.46954399086794174,0.13534131469977387,0.011557927502126326,0.367887638688464,0.47,0.04990991885387112,0.6559085800574495,100,100,0.0,-2.7755575615628914e-17
scm3,rct_size,400,5000,1.0,flexible,fixed_half,0.9006221602293516,0.032184836935589614,0.022023169805878706,0.04850200082985677,0.006896150976832843,0.2202316980587871,0.05609911546243259,1.1566350769574685,0.0490528445501287,0.007020816766863794,0.22147876771855288,0.97,0.017058722109231986,0.9258339652503453,100,100,0.0,0.0
scm3,rct_size,400,5000,1.0,flexible,joint,0.8969386428685796,0.02850131957481737,0.02192370948014735,0.048064903736990294,0.007092928338795603,0.21923709480147355,0.05500810606640954,1.1444547224605346,0.048396579917126266,0.007355574307107933,0.2199922269470589,0.97,0.017058722109231986,0.9170680864662405,100,100,0.0,6.938893903907228e-18
scm3,rct_size,400,5000,1.0,flexible,lambda_only,0.8952865595995891,0.026849236305826998,0.022419799684664964,0.050264741790050346,0.007321961216670407,0.2241979968466497,0.05605209919705684,1.1151375139094433,0.050482975862355985,0.0074594834211432325,0.22468416914049816,0.97,0.017058722109231986,0.9255770241356028,100,100,0.0,0.0
scm3,rct_size,400,5000,1.0,flexible,naive_pool,1.3231353230260456,0.45469799973228325,0.009020929905223646,0.00813771763549583,0.0012511429408853033,0.09020929905223646,0.007160871253402571,0.879960644268073,0.21480661141968038,0.00830277081743493,0.46347234159082284,0.01,0.0099498743710662,0.3310104980152167,100,100,0.0,5.551115123125783e-17
scm3,rct_size,400,5000,1.0,flexible,obs_transported,1.3597712965199518,0.4913339732261895,0.010192874489609541,0.010389469036093293,0.001252297960721938,0.1019287448960954,0.009369089287990068,0.9017871130316286,0.25169464759196636,0.01012919782495464,0.5016917854539442,0.0,0.0,0.3788605406193814,100,100,0.0,1.1102230246251565e-16
scm3,rct_size,400,5000,1.0,flexible,omega_only,0.9100808142309293,0.04164349093716733,0.022651429411592063,0.05130872543883381,0.006995475958302182,0.22651429411592067,0.0625001123220741,1.218118590698219,0.05252981852187939,0.007105445080327314,0.2291938448603701,0.98,0.014000000000000005,0.9766151511949304,100,100,0.0,-1.3877787807814457e-17
scm3,rct_size,400,5000,1.0,flexible,oracle_joint,0.893312954425098,0.02487563113133592,0.02196817253147356,0.04826006043725894,0.007097533642489845,0.2196817253147356,0.05411786701032671,1.1213800090591117,0.048396256857068644,0.00733947542686673,0.2199914926924872,0.97,0.017058722109231986,0.9094699417180214,100,100,0.0,6.938893903907228e-18
scm3,rct_size,400,5000,1.0,flexible,oracle_lambda_only,0.8907509931509859,0.022313669857223953,0.022346912034680005,0.04993844774857263,0.007239940616164015,0.2234691203468001,0.055469989210153905,1.1107671886285129,0.04993696313358407,0.007396008884293155,0.2234657985768383,0.97,0.017058722109231986,0.9207119761157894,100,100,0.0,-2.0816681711721685e-17
scm3,rct_size,400,5000,1.0,flexible,oracle_omega_only,0.910990692236051,0.0425533689422889,0.022721367453399456,0.051626053895240026,0.007078807117148487,0.2272136745339946,0.06222571382503589,1.2053160977847497,0.05292058256462618,0.007139842251958196,0.2300447403541889,0.97,0.017058722109231986,0.9744223010272237,100,100,0.0,0.0
scm3,rct_size,400,5000,1.0,flexible,rct_only,0.9084287309619389,0.039991407668176944,0.02328468982348632,0.05421767801759677,0.007173002436500278,0.23284689823486326,0.06356932214730607,1.1724833019716216,0.055274813924703105,0.007075496195696296,0.23510596318405688,0.98,0.014000000000000005,0.9847049748345504,100,100,0.0,-1.3877787807814457e-17
scm3,rct_size,400,5000,1.0,flexible,semi_supervised,0.9079218679622874,0.039484544668525225,0.023112860667042094,0.05342043282141015,0.006902598126029778,0.23112860667042096,0.06354050190090005,1.1894419147318087,0.05444525776087679,0.006925619587607403,0.23333507614775106,0.97,0.017058722109231986,0.984325180186877,100,100,0.0,-2.0816681711721685e-17
scm3,rct_size,400,5000,1.0,flexible,shrinkage,1.0595825126567353,0.19114518936297323,0.021622448730559192,0.04675302891056608,0.0055422878819906965,0.21622448730559193,0.03477396677170658,0.7437799770839604,0.08282198203806729,0.009134104405889229,0.28778808529553007,0.68,0.0466476151587624,0.7062690131274145,100,100,0.0,-2.7755575615628914e-17
star,obs_size,100,1000,1.0,flexible,adaptive,1.5002311119514244,0.500231111951434,0.07342926265765629,0.5391856614447074,0.1146726526015923,0.7342926265765627,0.3592945102191079,0.6663651055860894,0.7840249701944286,0.16043162875932768,0.885451845214876,0.69,0.04624932431938871,1.909873001833802,100,100,0.0,2.220446049250313e-16
star,obs_size,100,1000,1.0,flexible,fixed_half,1.0033435456439532,0.0033435456439624344,0.08305859119885371,0.6898729571938299,0.42005311377571897,0.8305859119885372,0.6773146092206517,0.981796143996916,0.682985406919365,0.41450155090392043,0.8264293115078658,0.93,0.02551470164434614,2.26445762003274,100,100,0.0,1.1102230246251565e-16
star,obs_size,100,1000,1.0,flexible,joint,0.9217955443293201,-0.0782044556706707,0.10921097807553996,1.1927037732216073,0.8915820143173873,1.0921097807553997,1.1345860871178237,0.9512723214190879,1.1868926723761373,0.8954363427038805,1.089446039221832,0.9,0.03,2.3180806089468637,100,100,0.0,2.220446049250313e-16
star,obs_size,100,1000,1.0,flexible,lambda_only,0.903335227491075,-0.09666477250891586,0.11596169610559207,1.344711496368569,1.0534589668661274,1.1596169610559208,1.273084694752948,0.9467344468987949,1.340608459649083,1.0607542322761847,1.1578464749909994,0.89,0.031288975694324025,2.299666419679831,100,100,0.0,-6.661338147750939e-16
star,obs_size,100,1000,1.0,flexible,naive_pool,-0.557385160133818,-1.5573851601338087,1.8433360129083707,339.7887656484928,315.07081069813,18.433360129083706,340.2456353651398,1.0013445698117036,338.8163265290129,319.1449531436038,18.406964076919717,0.46,0.04983974317750845,11.254892299093578,100,100,0.0,0.0
star,obs_size,100,1000,1.0,flexible,obs_transported,2.0046146261761093,1.004614626176119,0.10849139961791307,1.1770383791053711,0.37964661496937696,1.0849139961791308,1.0393811740382588,0.8830478194162699,2.1745185424413007,0.566590742079309,1.474624881941608,0.48,0.049959983987187186,2.3888855398400266,100,100,0.0,0.0
star,obs_size,100,1000,1.0,flexible,omega_only,1.1364544723608605,0.13645447236086952,0.06544508053900482,0.42830585667568283,0.07214959928083223,0.6544508053900483,0.47348663293285087,1.1054871782698488,0.4426426211362092,0.07356593483055009,0.6653139267565419,0.93,0.02551470164434614,2.461125804533071,100,100,0.0,-1.1102230246251565e-16
star,obs_size,100,1000,1.0,flexible,oracle_joint,1.0484878914417437,0.04848789144175311,0.051920387780954,0.2695726667324638,0.0378842116936002,0.51920387780954,0.2781177703706444,1.0316987020299841,0.26922801568160637,0.03687428812262568,0.5188718682696205,0.92,0.027129319932501065,1.9914241040297425,100,100,0.0,0.0
star,obs_size,100,1000,1.0,flexible,oracle_lambda_only,1.0494131586527649,0.04941315865277427,0.0517002206229355,0.2672912812460205,0.03764727830600474,0.517002206229355,0.27128067874998185,1.014925281084232,0.2670600286816045,0.03679333661596769,0.5167785102745707,0.91,0.028618176042508364,1.972370275418141,100,100,0.0,-5.551115123125783e-17
star,obs_size,100,1000,1.0,flexible,oracle_omega_only,1.1170688883115938,0.11706888831160323,0.06361568313884831,0.4046955141222349,0.07681679555409378,0.6361568313884831,0.4334326313328433,1.0710092309101518,0.4143536835915272,0.07398303392430913,0.643703102052124,0.93,0.02551470164434614,2.398652946251726,100,100,0.0,-5.551115123125783e-17
star,obs_size,100,1000,1.0,flexible,rct_only,1.117994155522615,0.11799415552262438,0.06288809519084178,0.3954912516732377,0.07750025143031546,0.6288809519084178,0.42496834106818354,1.0745328481230234,0.4054589598940025,0.0754019200473457,0.6367565939148196,0.93,0.02551470164434614,2.3843417205627806,100,100,0.0,-1.1102230246251565e-16
star,obs_size,100,1000,1.0,flexible,semi_supervised,1.1270932955463393,0.12709329554634866,0.0641121664607627,0.4110369888292546,0.0910820244650198,0.641121664607627,0.45717066069943,1.11223727577797,0.4230793247137936,0.08742552986848891,0.6504454817383188,0.94,0.023748684174075843,2.4378399639658515,100,100,0.0,5.551115123125783e-17
star,obs_size,100,1000,1.0,flexible,shrinkage,1.4360635247892517,0.4360635247892615,0.0688015902558209,0.47336588217298675,0.10340011426781849,0.6880159025582089,0.3361282579524855,0.7100812935851826,0.6587836210028919,0.1363961481056547,0.8116548656928584,0.74,0.04386342439892262,1.911378802696903,100,100,0.0,1.1102230246251565e-16
star,obs_size,100,20000,1.0,flexible,adaptive,1.4087263422242429,0.40872634222425236,0.039942109845673326,0.15953721389238343,0.043126917770205817,0.3994210984567333,0.08233244449994594,0.5160704671418148,0.32499906458147637,0.026165714730156976,0.5700868921326611,0.21,0.0407308237088326,0.6810736382548229,100,100,0.0,1.1102230246251565e-16
star,obs_size,100,20000,1.0,flexible,fixed_half,0.939406645558096,-0.06059335444189456,0.10892017350881529,1.1863604197190432,0.681437629885775,1.089201735088153,1.071626800552912,0.9032894074523299,1.1781683701243737,0.702735812605763,1.0854346457177297,0.95,0.021794494717703377,2.425746068275986,100,100,0.0,0.0
star,obs_size,100,20000,1.0,flexible,joint,1.0278545227388785,0.02785452273888791,0.05098031306725094,0.25989923204349163,0.0344822253784236,0.5098031306725094,0.22398238147945473,0.8618047068410477,0.25807611416006787,0.033939700514587216,0.5080119232459686,0.94,0.023748684174075843,1.8184599579634169,100,100,0.0,-5.551115123125783e-17
star,obs_size,100,20000,1.0,flexible,lambda_only,1.0263390171625237,0.02633901716253313,0.05118261801520914,0.26196603868908114,0.034161937805739694,0.5118261801520915,0.2241114680401499,0.8554981751132268,0.26004012212727845,0.03358707819739025,0.5099412928242607,0.94,0.023748684174075843,1.8192943640760668,100,100,0.0,-5.551115123125783e-17
star,obs_size,100,20000,1.0,flexible,naive_pool,1.5474266469894367,0.5474266469894462,0.005756279264328851,0.0033134750968942302,0.0011117423099406972,0.057562792643288514,0.0028494704471165038,0.8599643467329375,0.3029562741800329,0.007046260519619224,0.5504146384136535,0.0,0.0,0.18521871643289914,100,100,0.0,-1.1102230246251565e-16
star,obs_size,100,20000,1.0,flexible,obs_transported,1.5479671285155752,0.5479671285155846,0.005376762942535372,0.002890957974022164,0.0005441057894833331,0.05376762942535373,0.006366618298197236,2.202252109995019,0.30313002232789704,0.006031727602571138,0.5505724496629821,0.01,0.0099498743710662,0.24571557870321672,100,100,0.0,-1.1102230246251565e-16
star,obs_size,100,20000,1.0,flexible,omega_only,0.8668390797133546,-0.13316092028663606,0.19644605496118836,3.8591052509814228,2.5943557118348255,1.9644605496118834,3.685027651919254,0.9548917202976264,3.8382460291631935,2.6783871579814127,1.9591442083632316,0.97,0.017058722109231986,3.3364479545079946,100,100,0.0,8.881784197001252e-16
star,obs_size,100,20000,1.0,flexible,oracle_joint,1.0063330464917715,0.0063330464917808835,0.05115200104443154,0.26165272108495247,0.03702498372137068,0.5115200104443154,0.20697792692506808,0.7910406055279174,0.25907630135197,0.036183881309488394,0.5089953844112636,0.92,0.027129319932501065,1.7682310744059149,100,100,0.0,5.551115123125783e-17
star,obs_size,100,20000,1.0,flexible,oracle_lambda_only,1.0071704515702447,0.007170451570254107,0.05134830055975333,0.26366479703747653,0.036713940184620444,0.5134830055975335,0.20789605037173195,0.7884861866568491,0.26107956444282304,0.035981449679602436,0.5109594547934533,0.92,0.027129319932501065,1.7725197059620676,100,100,0.0,-5.551115123125783e-17
star,obs_size,100,20000,1.0,flexible,oracle_omega_only,0.8644861690585266,-0.13551383094146405,0.19690889091719685,3.877311132224053,2.6156897126763123,1.9690889091719685,3.6733505842005725,0.9473963937718644,3.8569020192782433,2.7008608107646346,1.9638996968476377,0.97,0.017058722109231986,3.3314807072442796,100,100,0.0,-8.881784197001252e-16
star,obs_size,100,20000,1.0,flexible,rct_only,0.8653235741369998,-0.13467642586299086,0.1970479028122512,3.882787600270642,2.616189039991266,1.9704790281225126,3.6810218286707594,0.9480358463115987,3.8620974639511645,2.7012708151893268,1.9652219884662303,0.97,0.017058722109231986,3.3374607818308233,100,100,0.0,-8.881784197001252e-16
star,obs_size,100,20000,1.0,flexible,semi_supervised,0.8945272215349349,-0.1054727784650559,0.19751526287032656,3.9012279066734212,2.619746375346649,1.975152628703266,3.6673177757205586,0.9400419210185754,3.8733401346038248,2.694859637438465,1.9680803171120391,0.94,0.023748684174075843,3.34407483726079,100,100,0.0,-8.881784197001252e-16
star,obs_size,100,20000,1.0,flexible,shrinkage,1.382399931254736,0.3823999312547455,0.036796275388252975,0.13539658824481515,0.028943570610277247,0.36796275388252975,0.08533506952865672,0.630260116852867,0.28027232978600114,0.024594043291003353,0.5294075271338717,0.36,0.048,0.8460664449916809,100,100,0.0,1.1102230246251565e-16
star,quality,100,5000,0.0,flexible,adaptive,1.5214804174572214,0.5214804174572314,0.07263042623535647,0.5275178815129555,0.1988126617479306,0.7263042623535646,0.4464050358574234,0.8462367845751594,0.7941845284891944,0.20470662626913905,0.8911703139631585,0.3,0.0458257569495584,1.5205306817842037,100,100,0.0,0.0
star,quality,100,5000,0.0,flexible,fixed_half,1.0765748393398313,0.07657483933984056,0.0600851363200555,0.3610223606599653,0.0931868746128783,0.600851363200555,0.3977969515246899,1.1018623633104028,0.3632758430732881,0.09235969039361647,0.6027236871679161,0.97,0.017058722109231986,2.147495609217983,100,100,0.0,5.551115123125783e-17
star,quality,100,5000,0.0,flexible,joint,1.1010968665204828,0.101096866520492,0.046886538193494316,0.2198347463770001,0.034217176718555224,0.46886538193494315,0.2520564500691496,1.1465723877739131,0.22785697533349225,0.036867570777791854,0.4773436658566784,0.97,0.017058722109231986,1.8878714391759164,100,100,0.0,0.0
star,quality,100,5000,0.0,flexible,lambda_only,1.0922066790654852,0.09220667906549458,0.046319838778491065,0.2145527464465405,0.027808204262776515,0.4631983877849107,0.24154501315803653,1.1258071367463087,0.22090929064636214,0.029667946499181714,0.4700098835624227,0.98,0.014000000000000005,1.8682263629218614,100,100,0.0,-5.551115123125783e-17
star,quality,100,5000,0.0,flexible,naive_pool,0.9844441121699858,-0.015555887830004786,0.39697110122866885,15.758605521070201,10.654923484254454,3.969711012286688,12.427868893731713,0.7886401418650214,15.601261451505682,10.678508153889945,3.949843218598136,0.12,0.03249615361854384,3.313537001796122,100,100,0.0,3.552713678800501e-15
star,quality,100,5000,0.0,flexible,obs_transported,1.6924196788736159,0.6924196788736254,0.034523407329308683,0.11918656536253647,0.02857864986168367,0.34523407329308686,0.09207387074442185,0.7725188695920181,0.5974397114003659,0.07009757578138595,0.7729422432500154,0.08,0.027129319932501072,0.851365543548374,100,100,0.0,2.220446049250313e-16
star,quality,100,5000,0.0,flexible,omega_only,1.1010932246073468,0.10109322460735619,0.0965532832414385,0.9322536504701446,0.4097173256267257,0.9655328324143849,0.9928733565926169,1.0650249061421224,0.9331509540269565,0.4093623815531483,0.9659973882091796,0.95,0.021794494717703377,2.7916082220874245,100,100,0.0,0.0
star,quality,100,5000,0.0,flexible,oracle_joint,1.050861772094108,0.05086177209411727,0.044674197405477824,0.1995783913823602,0.022557344000403073,0.4467419740547783,0.21307904796764432,1.0676458833632898,0.20016952732909044,0.022273847575624686,0.44740309266822287,0.98,0.014000000000000005,1.7869698403458525,100,100,0.0,-8.326672684688674e-17
star,quality,100,5000,0.0,flexible,oracle_lambda_only,1.0526118737139918,0.05261187371400124,0.044704246520035025,0.19984696569240634,0.02149432465905347,0.44704246520035024,0.2121191262290941,1.0614077901766914,0.20061650529118025,0.021350070536256087,0.4479023390106154,0.98,0.014000000000000005,1.7825343609145687,100,100,0.0,-2.7755575615628914e-17
star,quality,100,5000,0.0,flexible,oracle_omega_only,1.0904529355324657,0.09045293553247485,0.09656187847839266,0.9324196375275872,0.40723411927884107,0.9656187847839266,0.9879812970877343,1.0595886844548608,0.9312771746987535,0.40815658877324107,0.965027033144022,0.96,0.019595917942265433,2.7867240919068395,100,100,0.0,2.220446049250313e-16
star,quality,100,5000,0.0,flexible,rct_only,1.0922030371523497,0.09220303715235882,0.09664538881262433,0.9340331178743331,0.4072142881205912,0.9664538881262432,0.9853789670886571,1.0549721934176988,0.9331941867557089,0.40805617144342243,0.966019765199299,0.95,0.021794494717703377,2.783084654889028,100,100,0.0,-1.1102230246251565e-16
star,quality,100,5000,0.0,flexible,semi_supervised,1.1055656547040311,0.10556565470404042,0.09774306938844357,0.9553707613474094,0.41162297237107404,0.9774306938844357,1.0181147084040947,1.0656749710114577,0.9569611611870276,0.41059391518678,0.9782439170202019,0.94,0.023748684174075843,2.8255622839472796,100,100,0.0,-4.440892098500626e-16
star,quality,100,5000,0.0,flexible,shrinkage,1.425363825855782,0.42536382585579147,0.0824482072535908,0.6797706879331062,0.3354955543894308,0.824482072535908,0.5814697125661209,0.8553909765278688,0.8539073654004514,0.3082209598285214,0.9240710824392523,0.45,0.049749371855331,1.6338239547405626,100,100,0.0,2.220446049250313e-16
star,quality,100,5000,0.0,linear,adaptive,1.4912014364902628,0.49120143649027215,0.02994664566278985,0.08968015864526903,0.02813846450888914,0.2994664566278985,0.07011427376870318,0.7818259337167438,0.3300622082689231,0.022520425324758002,0.5745104074504856,0.18,0.03841874542459709,0.748159890813505,100,100,0.0,-1.1102230246251565e-16
star,quality,100,5000,0.0,linear,fixed_half,1.0415074684550343,0.041507468455043744,0.05503153338556044,0.30284696667660543,0.06478221460286672,0.5503153338556045,0.2937968048600682,0.9701163861211745,0.3015413669473857,0.06339078948696972,0.549127823869257,0.92,0.027129319932501065,2.028971024285418,100,100,0.0,-1.1102230246251565e-16
star,quality,100,5000,0.0,linear,joint,1.050228192226997,0.0502281922270065,0.04504090958591074,0.20286835363261863,0.03515580474878729,0.45040909585910743,0.2267369791762062,1.1176557364230997,0.20336254139068558,0.03638873284026384,0.45095736094522904,0.96,0.019595917942265433,1.8435955464850624,100,100,0.0,2.7755575615628914e-17
star,quality,100,5000,0.0,linear,lambda_only,1.0540728271150304,0.054072827115039857,0.04501316938120105,0.2026185417740696,0.0352038834013058,0.4501316938120105,0.22731165014149446,1.1218699342677088,0.20351622698854185,0.036339001722609225,0.4511277280200607,0.94,0.023748684174075843,1.8450826004996281,100,100,0.0,-5.551115123125783e-17
star,quality,100,5000,0.0,linear,naive_pool,1.3819757697741146,0.381975769774124,0.21084655122683818,4.44562681642517,2.8837818773003114,2.1084655122683817,4.771184228551192,1.0732309358318588,4.547076036955451,2.673415752392832,2.1323874031131047,0.16,0.03666060555964672,2.3499707491659647,100,100,0.0,-1.7763568394002505e-15
star,quality,100,5000,0.0,linear,obs_transported,1.6005862533530368,0.6005862533530457,0.01706234446055453,0.029112359849061565,0.0051248173903000556,0.17062344460554524,0.02055193390220903,0.7059521800625009,0.38952508396721974,0.02262248248380837,0.6241194468747306,0.05,0.021794494717703367,0.49782283112373266,100,100,0.0,0.0
star,quality,100,5000,0.0,linear,omega_only,1.040973528936438,0.04097352893644734,0.07779342422804639,0.6051816853124792,0.1905024156133577,0.7779342422804637,0.5509048636855303,0.9103131787623023,0.6008086985328602,0.1837180389975805,0.7751185061220383,0.91,0.028618176042508364,2.509835594307024,100,100,0.0,0.0
star,quality,100,5000,0.0,linear,oracle_joint,1.0423346020092916,0.04233460200930109,0.04455439368636666,0.19850939967597495,0.035584333170959284,0.4455439368636666,0.21603810702198184,1.0883016490635649,0.19831652420650112,0.036175503829713566,0.4453274348235252,0.94,0.023748684174075843,1.8043247568829943,100,100,0.0,0.0
star,quality,100,5000,0.0,linear,oracle_lambda_only,1.0426824153221006,0.0426824153221098,0.04455794648348481,0.19854105948250966,0.03541523505858098,0.4455794648348481,0.21600062731542163,1.0879393304257554,0.19837743746541356,0.03597964108452332,0.44539582111355014,0.94,0.023748684174075843,1.8042121149666164,100,100,0.0,-8.326672684688674e-17
star,quality,100,5000,0.0,linear,oracle_omega_only,1.0444703505116628,0.04447035051167199,0.07773280643757433,0.6042389196661396,0.18758452345975826,0.7773280643757432,0.5541100439342564,0.91703798927818,0.6001741425441093,0.18101417401058076,0.774709069615239,0.91,0.028618176042508364,2.5133422509982117,100,100,0.0,1.1102230246251565e-16
star,quality,100,5000,0.0,linear,rct_only,1.0448181638244711,0.04481816382448067,0.0778415803886874,0.6059311637408482,0.1869928125995572,0.7784158038868739,0.5545793019343557,0.9152513274124067,0.6018805199120377,0.18062975419417676,0.7758095899845772,0.91,0.028618176042508364,2.5143885842986005,100,100,0.0,0.0
star,quality,100,5000,0.0,linear,semi_supervised,1.07496053588566,0.07496053588566952,0.07818963863382729,0.6113619589688498,0.18588312402288762,0.781896386338273,0.5568243820761634,0.9107933097691064,0.6108674213194277,0.17849513901399836,0.7815800799146737,0.91,0.028618176042508364,2.5304065210537043,100,100,0.0,-3.3306690738754696e-16
star,quality,100,5000,0.0,linear,shrinkage,1.3978676024739056,0.3978676024739147,0.04558143350009157,0.20776670799232697,0.08980726192745411,0.45581433500091567,0.14615641131237156,0.7034640569930446,0.3639876700107447,0.07075143035438083,0.6033139066943052,0.42,0.04935585071701227,1.051471490710154,100,100,0.0,0.0
star,quality,100,5000,1.0,linear,adaptive,1.4995527961238293,0.4995527961238387,0.03493498792850913,0.12204533815650788,0.04385562898731917,0.3493498792850913,0.1158971080826071,0.9496233926934887,0.3703778808900885,0.038227444584871394,0.6085867899405051,0.14,0.03469870314579494,0.7944684912453271,100,100,0.0,1.6653345369377348e-16
star,quality,100,5000,1.0,linear,fixed_half,0.9072414343744906,-0.09275856562550022,0.13290000720796313,1.7662411915876657,1.0744595436176927,1.3290000720796316,1.5677909919560005,0.8876426387421759,1.7571829311686888,1.079037870728051,1.3255877681876402,0.93,0.02551470164434614,2.591136183205947,100,100,0.0,-4.440892098500626e-16
star,quality,100,5000,1.0,linear,joint,1.025018403726288,0.025018403726297125,0.04601186531624531,0.21170917498802977,0.028927980616634614,0.46011865316245304,0.22928675317753164,1.0830270024456696,0.2102180037631615,0.0285822350380447,0.45849536940209273,0.94,0.023748684174075843,1.8418281365676907,100,100,0.0,2.7755575615628914e-17
star,quality,100,5000,1.0,linear,lambda_only,1.0242564456616612,0.024256445661670414,0.04592865364290159,0.2109441225449618,0.02912228855269049,0.45928653642901596,0.23050964468480306,1.0927521558969766,0.20942305647564974,0.028773612199084014,0.4576276395451325,0.93,0.02551470164434614,1.8466746221039094,100,100,0.0,-2.7755575615628914e-17
star,quality,100,5000,1.0,linear,naive_pool,1.4081524799845762,0.40815247998458504,0.20638952188654952,4.259663474455849,3.2030930995391182,2.0638952188654947,4.67989332516604,1.0986532981373307,4.3836552866288585,3.0386042357354746,2.0937180532795856,0.1,0.030000000000000002,1.963329196609785,100,100,0.0,1.7763568394002505e-15
star,quality,100,5000,1.0,linear,obs_transported,1.5885693051108312,0.5885693051108403,0.015198260657535486,0.02309871270143909,0.004853461128958963,0.15198260657535484,0.017757848204858085,0.7687808595390573,0.36928155249308225,0.01997097495946125,0.6076854058582305,0.03,0.01705872210923198,0.4639829139559619,100,100,0.0,1.6653345369377348e-16
star,quality,100,5000,1.0,linear,omega_only,0.7884420887746814,-0.2115579112253093,0.2458788944571319,6.04564307394614,4.047970080003111,2.4587889445713187,5.667393583514435,0.9374343662361112,6.029943393008696,4.073536148486946,2.4555943054602274,0.95,0.021794494717703377,3.6538267336109476,100,100,0.0,1.7763568394002505e-15
star,quality,100,5000,1.0,linear,oracle_joint,1.0265534675334715,0.026553467533480743,0.04635572951710603,0.21488536590630952,0.028888396097197896,0.4635572951710603,0.21019771850592017,0.9781853576644527,0.21344159888529807,0.028860202686650967,0.461997401383707,0.92,0.027129319932501065,1.7819448624162952,100,100,0.0,2.7755575615628914e-17
star,quality,100,5000,1.0,linear,oracle_lambda_only,1.0307335658900998,0.030733565890109053,0.04630048623876652,0.21437350259462087,0.0287145117217319,0.4630048623876653,0.21079702947949275,0.9833166269532331,0.21317431964099628,0.028735231577871723,0.46170804589155284,0.92,0.027129319932501065,1.7843885484669806,100,100,0.0,-5.551115123125783e-17
star,quality,100,5000,1.0,linear,oracle_omega_only,0.7835000323534262,-0.21649996764656418,0.24584160107635947,6.043809281978787,4.04553283696706,2.4584160107635946,5.663105893143371,0.9370093642811357,6.030243425149962,4.073432664415159,2.455655396253709,0.95,0.021794494717703377,3.651137432352826,100,100,0.0,-8.881784197001252e-16
star,quality,100,5000,1.0,linear,rct_only,0.7876801307100548,-0.21231986928993596,0.24640783959270474,6.0716823412744105,4.05741269495628,2.4640783959270474,5.683253520249259,0.9360261622409544,6.05604524475696,4.083201297985321,2.4609033391738406,0.95,0.021794494717703377,3.662761831918112,100,100,0.0,-1.7763568394002505e-15
star,quality,100,5000,1.0,linear,semi_supervised,0.7998748347142219,-0.20012516528576893,0.2517693414277371,6.338780128295647,4.264549032433249,2.517693414277371,5.939120063462122,0.9369500035110092,6.3154424087933485,4.283676468378383,2.513054398295697,0.96,0.019595917942265433,3.718792894765767,100,100,0.0,2.6645352591003757e-15
star,quality,100,5000,1.0,linear,shrinkage,1.4408841528039007,0.44088415280390975,0.05026927172357706,0.25269996796188227,0.10662228424410908,0.5026927172357705,0.1985168148867229,0.7855830631393967,0.4445518044758849,0.13658980081446037,0.6667471818282286,0.4,0.04898979485566356,1.1200923903543203,100,100,0.0,2.220446049250313e-16
star,quality,100,5000,2.0,flexible,adaptive,1.424919103048913,0.42491910304892244,0.09273296690971616,0.8599403151878513,0.7060305200502403,0.9273296690971616,0.7336979681448221,0.8531963848962565,1.0318971561718737,0.6074575407734752,1.0158233882776444,0.36,0.048,1.380205258049962,100,100,0.0,2.220446049250313e-16
star,quality,100,5000,2.0,flexible,fixed_half,0.9894216153115785,-0.010578384688411909,0.10476185881218984,1.09750470617852,0.43230611858354423,1.0476185881218985,1.0842922197600229,0.9879613396242258,1.0866415613393512,0.44670638529930323,1.0424210096402275,0.96,0.019595917942265433,2.6360499677145257,100,100,0.0,6.661338147750939e-16
star,quality,100,5000,2.0,flexible,joint,1.0446342384063774,0.044634238406386764,0.050102597827256914,0.2510270309039849,0.04219625607696384,0.5010259782725691,0.25370283201389504,1.0106594142482352,0.2505089758330632,0.03966412898876055,0.5005087170400364,0.98,0.014000000000000005,1.8998125124492091,100,100,0.0,-5.551115123125783e-17
star,quality,100,5000,2.0,flexible,lambda_only,1.047930032714684,0.04793003271469318,0.050099261420072635,0.250993599483678,0.04260969550791108,0.5009926142007265,0.25289081464860674,1.0075588189054683,0.2507809515248728,0.04005114158950357,0.5007803425903146,0.97,0.017058722109231986,1.896590001031125,100,100,0.0,0.0
star,quality,100,5000,2.0,flexible,naive_pool,1.1425360349606242,0.14253603496063336,0.2905610260612183,8.442570986574797,4.448831738988883,2.9056102606121827,9.251651160911324,1.0958333872019685,8.37846179797135,4.370180046546247,2.8945572714961694,0.17,0.0375632799419859,3.2425159992605193,100,100,0.0,1.7763568394002505e-15
star,quality,100,5000,2.0,flexible,obs_transported,1.7116333477536312,0.7116333477536407,0.0344363050667142,0.11858591066478064,0.028970282359587488,0.34436305066714207,0.10711809533112024,0.9032952964701035,0.6238220731931869,0.07229395815819802,0.789824077369883,0.11,0.03128897569432403,0.8929858539616687,100,100,0.0,0.0
star,quality,100,5000,2.0,flexible,omega_only,0.9145675835136341,-0.08543241648635663,0.19583290861466762,3.835052809648076,1.8669678355792838,1.9583290861466762,3.81603641978847,0.9950414268581218,3.8040009793382943,1.9538374898491249,1.950384828524436,0.96,0.019595917942265433,3.796148047798044,100,100,0.0,8.881784197001252e-16
star,quality,100,5000,2.0,flexible,oracle_joint,1.0566297013338173,0.056629701333826575,0.04619301602897621,0.2133794729853253,0.025047486373926505,0.4619301602897621,0.21948470906488932,1.0286121059076,0.21445260132863045,0.024463555862043664,0.46309027341181597,0.98,0.014000000000000005,1.8192799307395127,100,100,0.0,0.0
star,quality,100,5000,2.0,flexible,oracle_lambda_only,1.0616036794558317,0.06160367945584104,0.04634064844608663,0.21474556984037912,0.025217120394667628,0.4634064844608663,0.2195868649741664,1.0225443306578377,0.21639312746447334,0.024731226707990474,0.4651807470913573,0.97,0.017058722109231986,1.8201069576810673,100,100,0.0,0.0
star,quality,100,5000,2.0,flexible,oracle_omega_only,0.9128893996999259,-0.08711060030006465,0.19585741847601598,3.836012837208924,1.871516598660253,1.9585741847601597,3.790458445785851,0.9881245466696044,3.805240965521474,1.9591565560978215,1.950702685065429,0.95,0.021794494717703377,3.7787476501842234,100,100,0.0,1.3322676295501878e-15
star,quality,100,5000,2.0,flexible,rct_only,0.9178633778219403,-0.08213662217805023,0.195774261773597,3.832756157299688,1.868147330981779,1.95774261773597,3.8041355936692427,0.9925326416667712,3.8011750204295116,1.9541048459597359,1.949660232048013,0.95,0.021794494717703377,3.7828509681528093,100,100,0.0,4.440892098500626e-16
star,quality,100,5000,2.0,flexible,semi_supervised,0.9261388525254179,-0.07386114747457262,0.195590110110147,3.8255491172899423,1.8650547440130059,1.95590110110147,3.732198825695807,0.9755981981325951,3.7927490952233045,1.9491452785087549,1.9474981630859898,0.93,0.02551470164434614,3.7690858485377357,100,100,0.0,1.3322676295501878e-15
star,quality,100,5000,2.0,flexible,shrinkage,1.340451913577336,0.34045191357734533,0.1178977455140543,1.3899878397296708,0.7285176384576928,1.178977455140543,1.3643437397074971,0.9815508457777868,1.4919954667908502,0.6730857580769277,1.2214726631369406,0.57,0.04950757517794625,1.959535539233397,100,100,0.0,0.0
star,quality,100,5000,2.0,linear,adaptive,1.4525376156199403,0.4525376156199495,0.03275099903037816,0.10726279374878311,0.030487264549250125,0.3275099903037816,0.07641988600696152,0.7124547416314941,0.3109804593622844,0.018847060486391058,0.5576562196929973,0.23,0.042083250825001625,0.805484308396121,100,100,0.0,-5.551115123125783e-17
star,quality,100,5000,2.0,linear,fixed_half,0.9995183189507989,-0.00048168104919180696,0.060229406363390456,0.36275813908864196,0.12104782764942859,0.6022940636339046,0.36547409181377105,1.0074869518626168,0.35913078971438855,0.12485652359062757,0.599275220340695,0.94,0.023748684174075843,2.0535083522733104,100,100,0.0,-1.1102230246251565e-16
star,quality,100,5000,2.0,linear,joint,1.002182964894365,0.002182964894374497,0.04862833296668294,0.23647147671185823,0.050212862733981165,0.48628332966682936,0.24971176554100818,1.0559910607962386,0.23411152728046963,0.05103951852623364,0.4838507283041637,0.95,0.021794494717703377,1.845707972720141,100,100,0.0,-8.326672684688674e-17
star,quality,100,5000,2.0,linear,lambda_only,1.0084159573153963,0.008415957315405582,0.04886248145752738,0.23875420941872075,0.05035389781932698,0.48862481457527385,0.24957249358313685,1.0453113860934837,0.23643749566206826,0.05091142321450626,0.486248388852928,0.94,0.023748684174075843,1.8451906973858374,100,100,0.0,0.0
star,quality,100,5000,2.0,linear,naive_pool,1.2987243702753477,0.2987243702753569,0.31930287786337336,10.195432781183236,6.78446625198746,3.193028778633734,9.952924477129311,0.9762140255093928,10.18271470276781,6.510118218066667,3.1910366188384316,0.17,0.0375632799419859,2.8699296687719182,100,100,0.0,-1.7763568394002505e-15
star,quality,100,5000,2.0,linear,obs_transported,1.5970100785857297,0.5970100785857393,0.013764811275638823,0.018947002945395367,0.003958752421809523,0.13764811275638822,0.017010201064221898,0.8977779289550296,0.3751785668488921,0.016663565878867415,0.6125182175649081,0.04,0.019595917942265423,0.4595862281002573,100,100,0.0,1.1102230246251565e-16
star,quality,100,5000,2.0,linear,omega_only,0.9804411424221828,-0.01955885757780768,0.0908747825165194,0.82582260974247,0.4037075941505911,0.908747825165194,0.8004426460091169,0.9692670515024191,0.8179469325547941,0.42112165230439114,0.9044041864978258,0.94,0.023748684174075843,2.5606265917706628,100,100,0.0,-2.220446049250313e-16
star,quality,100,5000,2.0,linear,oracle_joint,1.0186636875289288,0.018663687528938166,0.04326128618818028,0.18715388826556378,0.024590374047860953,0.4326128618818028,0.2079460015943706,1.111096347083656,0.185630682615086,0.024106787857309776,0.43084879321530656,0.95,0.021794494717703377,1.7723077741914273,100,100,0.0,2.7755575615628914e-17
star,quality,100,5000,2.0,linear,oracle_lambda_only,1.0234012836189779,0.023401283618987186,0.04305596298207471,0.18538159483137878,0.0239638694744659,0.4305596298207471,0.20763640016298673,1.1200486237689922,0.18407539895808125,0.023289876471833736,0.42904009015251854,0.95,0.021794494717703377,1.7707628491360057,100,100,0.0,0.0
star,quality,100,5000,2.0,linear,oracle_omega_only,0.9819365387531649,-0.01806346124682559,0.09074217105007842,0.823414160688169,0.40373620118937953,0.9074217105007841,0.7977815399118577,0.9688703182431442,0.8155063077135029,0.42103882120079617,0.9030538786326665,0.92,0.027129319932501065,2.555333490710053,100,100,0.0,0.0
star,quality,100,5000,2.0,linear,rct_only,0.9866741348432142,-0.013325865156776544,0.09111019700772777,0.8301067998786967,0.4047174308999062,0.9111019700772778,0.8003080705831402,0.9641025356015503,0.8219833105620861,0.4213299761513266,0.9066329525017751,0.92,0.027129319932501065,2.5570325055137006,100,100,0.0,-3.3306690738754696e-16
star,quality,100,5000,2.0,linear,semi_supervised,0.9936333796128856,-0.006366620387105231,0.09286664036675402,0.8624212893008026,0.4070322847871882,0.9286664036675402,0.8296977745705069,0.9620562303641345,0.8538376102629479,0.42263028992587354,0.9240333382854473,0.93,0.02551470164434614,2.6264481226119485,100,100,0.0,-1.1102230246251565e-16
star,quality,100,5000,2.0,linear,shrinkage,1.419045736204278,0.4190457362042874,0.03469777440347119,0.12039355485541803,0.02521668887718292,0.3469777440347119,0.10092128469371868,0.8382615233424762,0.2947889483378572,0.032694682955469706,0.542944700994362,0.43,0.04950757517794625,0.9846421445597511,100,100,0.0,1.1102230246251565e-16
star,rct_size,50,5000,1.0,flexible,adaptive,1.6210576513787942,0.6210576513788031,0.03621845563916164,0.13117765288859196,0.032664119644707355,0.3621845563916164,0.17116140337119787,1.3048061129479407,0.5155784826958609,0.06180200512591777,0.7180379395936268,0.23,0.042083250825001625,1.1949413066228778,100,100,0.0,0.0
star,rct_size,50,5000,1.0,flexible,fixed_half,1.0444951736220693,0.04449517362207867,0.07215067700196102,0.5205720191841308,0.07105963930060338,0.7215067700196103,0.579126064396756,1.112480200730716,0.5173461194679485,0.07196361258104154,0.7192677661816554,0.9,0.03,2.789947126267263,100,100,0.0,1.1102230246251565e-16
star,rct_size,50,5000,1.0,flexible,joint,1.0032385131741017,0.0032385131741108843,0.06244466533015175,0.3899336228194657,0.056692339401317966,0.6244466533015176,0.44696827851734283,1.1462676013560478,0.3860447745588499,0.056697722412308006,0.6213250152366714,0.91,0.028618176042508364,2.559791202142756,100,100,0.0,-5.551115123125783e-17
star,rct_size,50,5000,1.0,flexible,lambda_only,0.9993755100522201,-0.0006244899477705926,0.061607009660749376,0.37954236393396673,0.056296964215898984,0.6160700966074938,0.44051318493429603,1.1606429921771186,0.37574733028232193,0.056178823265853675,0.6129823246084033,0.91,0.028618176042508364,2.545173878231069,100,100,0.0,0.0
star,rct_size,50,5000,1.0,flexible,naive_pool,1.0605223361737013,0.06052233617371057,0.4414595408477105,19.488652620547136,15.92162431933232,4.414595408477105,12.322478237597034,0.6322899010783992,19.297429047517586,15.785027531309973,4.39288391008886,0.16,0.03666060555964672,2.885064514323974,100,100,0.0,0.0
star,rct_size,50,5000,1.0,flexible,obs_transported,1.7375231086607161,0.7375231086607258,0.039392576360946965,0.1551775072353037,0.032526677247334254,0.39392576360946957,0.12861078119157618,0.828797829549852,0.6975660679715314,0.08434526100019867,0.8352042073478386,0.13,0.03363034344160047,0.9893002235249143,100,100,0.0,0.0
star,rct_size,50,5000,1.0,flexible,omega_only,1.1139258397046998,0.11392583970470913,0.09705101339152922,0.9418899200322787,0.21318463072067048,0.9705101339152924,1.0344976216914903,1.0983211516437483,0.9454501177843788,0.2219756269981643,0.9723425928058376,0.9,0.03,3.4389502508207284,100,100,0.0,-1.1102230246251565e-16
star,rct_size,50,5000,1.0,flexible,oracle_joint,0.9924243882609342,-0.0075756117390564405,0.06117800674927106,0.3742748509813855,0.054113213606736696,0.6117800674927106,0.43080225138487455,1.1510317892192559,0.3705894923647927,0.05425208763309319,0.6087606199195155,0.92,0.027129319932501065,2.5205738799956645,100,100,0.0,1.6653345369377348e-16
star,rct_size,50,5000,1.0,flexible,oracle_lambda_only,0.996236473942059,-0.0037635260579314943,0.060768597123925204,0.3692822396409931,0.05301948169670719,0.607685971239252,0.43120080752721,1.1676727479404712,0.3656035813729719,0.05303121816308852,0.6046516198382106,0.92,0.027129319932501065,2.522047714139751,100,100,0.0,0.0
star,rct_size,50,5000,1.0,flexible,oracle_omega_only,1.1062507509016934,0.10625075090170269,0.09819296052601176,0.9641857496862904,0.22128184979829987,0.9819296052601176,1.053234187013355,1.0923561018777115,0.9658331142566031,0.23008649206221884,0.982768087728027,0.91,0.028618176042508364,3.457638093305089,100,100,0.0,-1.1102230246251565e-16
star,rct_size,50,5000,1.0,flexible,rct_only,1.1100628365828185,0.11006283658282763,0.09710268992841917,0.9428932391334719,0.21287552517888986,0.9710268992841917,1.0417560988199888,1.1048505340619186,0.9455781347387954,0.2217204753758321,0.9724084197181735,0.91,0.028618176042508364,3.452214808495702,100,100,0.0,0.0
star,rct_size,50,5000,1.0,flexible,semi_supervised,1.099620386768167,0.09962038676817658,0.09967904545852072,0.993591210352184,0.22995213736361061,0.9967904545852072,1.1073866468879654,1.114529431571205,0.9935795197085033,0.23766446658379667,0.9967845904248838,0.91,0.028618176042508364,3.5303992376773192,100,100,0.0,1.1102230246251565e-16
star,rct_size,50,5000,1.0,flexible,shrinkage,1.5933876192557834,0.5933876192557928,0.04309376257987279,0.1857072373290444,0.036129389746761095,0.43093762579872785,0.22144470710320527,1.192439833192067,0.5359590316418116,0.06969116024054509,0.7320922289177857,0.42,0.04935585071701227,1.4601754825591022,100,100,0.0,-1.1102230246251565e-16
star,rct_size,100,5000,1.0,flexible,adaptive,1.4882405795648017,0.48824057956481093,0.06670003134944967,0.4448894182017569,0.19971948041236282,0.6670003134944967,0.3891677939305863,0.8747517428119612,0.678819387553522,0.15812836878670017,0.8239049626950441,0.31,0.04624932431938871,1.2902840879808681,100,100,0.0,2.220446049250313e-16
star,rct_size,100,5000,1.0,flexible,fixed_half,1.1034227330151654,0.1034227330151745,0.06288786115291495,0.39548830803883095,0.11375496217475832,0.6288786115291495,0.4228632090216105,1.06921797794359,0.40222968666277076,0.11834008916496053,0.634215804488323,0.96,0.019595917942265433,2.207591079253726,100,100,0.0,5.551115123125783e-17
star,rct_size,100,5000,1.0,flexible,joint,1.1134784348515558,0.11347843485156496,0.05068421841016289,0.2568889995849096,0.0744558806411303,0.5068421841016291,0.28768452513811166,1.1198787242854404,0.2671974647654214,0.08127420472970122,0.5169114670477154,0.97,0.017058722109231986,1.9406893024780343,100,100,0.0,0.0
star,rct_size,100,5000,1.0,flexible,joint_cross_fitted,1.0056757871936532,0.005675787193662451,0.02599939086153998,0.06759683251711288,0.01090749278449708,0.25999390861539984,0.08124622027731075,1.2019234814995567,0.06695307875220947,0.01054852048712195,0.2587529299393718,0.98,0.014000000000000005,1.0728222180761895,100,100,0.0,-1.3877787807814457e-17
star,rct_size,100,5000,1.0,flexible,lambda_only,1.1179634182705243,0.1179634182705334,0.05074915770838895,0.25754770081109324,0.07400803949381553,0.5074915770838894,0.2886683194672463,1.120834387409187,0.26888759185305117,0.0811353744897256,0.5185437222193044,0.97,0.017058722109231986,1.9411696653681514,100,100,0.0,5.551115123125783e-17
star,rct_size,100,5000,1.0,flexible,naive_pool,1.3465982267846623,0.346598226784672,0.31474332567026136,9.906336105397624,9.572097107422506,3.147433256702614,5.099746132661767,0.5147963968114396,9.927403075153926,9.31496793800795,3.150778169778686,0.11,0.03128897569432403,1.8589136619013615,100,100,0.0,0.0
star,rct_size,100,5000,1.0,flexible,obs_transported,1.6936535643890667,0.6936535643890757,0.032133662693481405,0.10325722780984382,0.024310249701807337,0.32133662693481396,0.08821139680072074,0.8542878660578498,0.5833799229214152,0.06560784677434488,0.7637931152618588,0.1,0.030000000000000002,0.805352655460995,100,100,0.0,2.220446049250313e-16
star,rct_size,100,5000,1.0,flexible,omega_only,1.1066621502842393,0.10666215028424872,0.10412008630957134,1.0840992373112586,0.41259036656784615,1.0412008630957135,1.0647442329221426,0.9821464643429512,1.0846350592414051,0.41973801511881303,1.0414581408973695,0.98,0.014000000000000005,2.9010497548630694,100,100,0.0,-6.661338147750939e-16
star,rct_size,100,5000,1.0,flexible,oracle_joint,1.1144429707679635,0.11444297076797291,0.044312311086852206,0.19635809138579652,0.031012972286465258,0.4431231108685221,0.22625460594279073,1.1522550680035626,0.20749170403013767,0.0353280373796881,0.4555125728562689,0.96,0.019595917942265433,1.830521321228078,100,100,0.0,0.0
star,rct_size,100,5000,1.0,flexible,oracle_lambda_only,1.1129146230216653,0.11291462302167478,0.04469175059484278,0.199735257123163,0.030627707152961134,0.44691750594842783,0.22589696315835742,1.1309819128180374,0.21048761664405827,0.03478235599036295,0.4587892943869313,0.96,0.019595917942265433,1.8297151025787677,100,100,0.0,-2.7755575615628914e-17
star,rct_size,100,5000,1.0,flexible,oracle_omega_only,1.1126754814495061,0.11267548144951531,0.10253457002268292,1.0513338049736467,0.40426368038157223,1.0253457002268291,1.0455810428483725,0.9945281297927842,1.0535162310437907,0.4112948594075646,1.026409387644029,0.98,0.014000000000000005,2.8871926253498152,100,100,0.0,2.220446049250313e-16
star,rct_size,100,5000,1.0,flexible,rct_only,1.111147133703208,0.11114713370321715,0.10407704450646464,1.0832031193200624,0.41334705316624726,1.0407704450646464,1.0649949835225818,0.9831904695687084,1.0847247734573024,0.4204264788620633,1.0415012114526332,0.99,0.009949874371066205,2.8979025815882506,100,100,0.0,-2.220446049250313e-16
star,rct_size,100,5000,1.0,flexible,semi_supervised,1.079926989723226,0.07992698972323552,0.10907247567782963,1.1896804950490738,0.4937680886303493,1.0907247567782963,1.2108984905784037,1.0178350369007727,1.184172013784801,0.5038949505241603,1.0881966797343212,0.98,0.014000000000000005,2.935209558953708,100,100,0.0,0.0
star,rct_size,100,5000,1.0,flexible,shrinkage,1.4220259125416368,0.4220259125416462,0.0613502215223082,0.3763849680836288,0.15066848401760696,0.613502215223082,0.35857127067097677,0.9526716024198554,0.5507269892594017,0.12128137171411671,0.742109822909926,0.53,0.04990991885387112,1.4606425037757873,100,100,0.0,0.0
star,rct_size,200,5000,1.0,flexible,adaptive,1.3368747499966158,0.3368747499966249,0.10822230216457718,1.1712066685801046,0.8515918743264503,1.0822230216457718,0.8909464847219413,0.7607081727105152,1.272979199079592,0.7879941477159148,1.1282637985327686,0.4,0.04898979485566356,1.4101297667265456,100,100,0.0,0.0
star,rct_size,200,5000,1.0,flexible,fixed_half,0.9543722594033537,-0.045627740596637045,0.061014681727472875,0.3722791386304813,0.1949590957965098,0.6101468172747287,0.3614057105619276,0.9707922713355516,0.3706382379561304,0.19782568346643092,0.6088006553512655,0.96,0.019595917942265433,1.6173025405048493,100,100,0.0,-1.1102230246251565e-16
star,rct_size,200,5000,1.0,flexible,joint,0.9691154934096634,-0.030884506590327043,0.03452527293139708,0.119199447098746,0.015869444311297463,0.34525272931397083,0.11875396580878313,0.9962627235209084,0.11896130537508648,0.01584907759597727,0.3449076765963415,0.97,0.017058722109231986,1.3070737819369609,100,100,0.0,-1.3877787807814457e-17
star,rct_size,200,5000,1.0,flexible,lambda_only,0.9692453556003663,-0.030754644399624508,0.03448061081988822,0.11889125225125928,0.01574536211258123,0.34480610819888224,0.11499365139533906,0.967217093081977,0.11864818788089403,0.015553864848764792,0.34445346257643283,0.97,0.017058722109231986,1.2973222241861624,100,100,0.0,-1.3877787807814457e-17
star,rct_size,200,5000,1.0,flexible,naive_pool,1.4333178305333723,0.4333178305333813,0.21114254460123147,4.458117414068304,4.070428573044492,2.111425446012315,4.928328307991532,1.105472972165202,4.601300582185779,4.0296572482883795,2.145064237309871,0.11,0.03128897569432403,1.711496256426619,100,100,0.0,1.7763568394002505e-15
star,rct_size,200,5000,1.0,flexible,obs_transported,1.6973386160220665,0.6973386160220759,0.035052519824384454,0.1228679146038865,0.049780956588495934,0.35052519824384454,0.08027754751634067,0.6533646133341419,0.6079203808534319,0.093728971066694,0.7796924912126779,0.08,0.027129319932501072,0.7719645086167014,100,100,0.0,0.0
star,rct_size,200,5000,1.0,flexible,omega_only,0.9469634088909683,-0.05303659110902224,0.11024035085722575,1.2152934957124228,0.7961204795742133,1.1024035085722572,1.1891353753025795,0.9784758821616921,1.2059534407517642,0.8004325740716485,1.0981591144965124,0.96,0.019595917942265433,2.1375470359846367,100,100,0.0,2.220446049250313e-16
star,rct_size,200,5000,1.0,flexible,oracle_joint,0.9640199632631641,-0.03598003673682676,0.03228256953974231,0.10421642960882985,0.012873686596508609,0.3228256953974232,0.10297127417569672,0.9880522155882068,0.10446882835632491,0.012388212100232464,0.323216380086661,0.97,0.017058722109231986,1.2500954869237668,100,100,0.0,-2.7755575615628914e-17
star,rct_size,200,5000,1.0,flexible,oracle_lambda_only,0.9669079918007013,-0.033092008199289404,0.03251184739867372,0.10570202212746473,0.013540658054176662,0.3251184739867372,0.10298906538628604,0.9743339182489132,0.1057400829128519,0.012974578341961238,0.3251770024353689,0.97,0.017058722109231986,1.2502641760203042,100,100,0.0,-1.3877787807814457e-17
star,rct_size,200,5000,1.0,flexible,oracle_omega_only,0.9442052425441335,-0.05579475745585705,0.10991890396038129,1.2082165447851527,0.7957150653293096,1.0991890396038129,1.1758464236812487,0.9732083447759274,1.1992474342968589,0.8004175354071664,1.0951015634619736,0.97,0.017058722109231986,2.1208009572712125,100,100,0.0,-2.220446049250313e-16
star,rct_size,200,5000,1.0,flexible,rct_only,0.9470932710816709,-0.052906728918319705,0.10989697497563045,1.2077345108794348,0.7959308453089913,1.0989697497563047,1.1786625300610916,0.9759285003811193,1.1984562877354765,0.800162525454714,1.0947402832340996,0.96,0.019595917942265433,2.1243158735424346,100,100,0.0,-6.661338147750939e-16
star,rct_size,200,5000,1.0,flexible,semi_supervised,0.9500275802209381,-0.049972419779052465,0.1089030873758103,1.185988243998337,0.7933745362963421,1.089030873758103,1.1229696096207737,0.946864031160117,1.1766256042969274,0.7973674630330013,1.0847237456131065,0.96,0.019595917942265433,2.0751590862366287,100,100,0.0,0.0
star,rct_size,200,5000,1.0,flexible,shrinkage,1.3027478347584096,0.3027478347584191,0.0886797087962952,0.7864090752195717,0.4844049889746505,0.8867970879629521,0.6468547286148961,0.8225422989101303,0.8702012359182868,0.4427701461551255,0.9328457728468768,0.57,0.04950757517794625,1.471003396804134,100,100,0.0,-2.220446049250313e-16
star,rct_size,400,5000,1.0,flexible,adaptive,1.4913145438945707,0.49131454389458024,0.16204260366511836,2.625780540257062,1.5608891535516196,1.6204260366511833,2.5923508733453673,0.9872686744382598,2.840912715896831,1.6936477137420394,1.685500731502906,0.48,0.049959983987187186,1.9511149933469227,100,100,0.0,4.440892098500626e-16
star,rct_size,400,5000,1.0,flexible,fixed_half,0.9756304373833303,-0.024369562616660366,0.09866924511624656,0.9735619931809945,0.4288056603612918,0.9866924511624655,0.9427826714027789,0.9683848363085253,0.964420248831312,0.4279952714319039,0.9820490053104846,0.95,0.021794494717703377,1.9661709047064866,100,100,0.0,2.220446049250313e-16
star,rct_size,400,5000,1.0,flexible,joint,1.0257963781399244,0.02579637813993367,0.0679477031462554,0.46168903628516467,0.3687990796863293,0.679477031462554,0.4074286642825254,0.8824742028980626,0.4577375990474515,0.37074813760291936,0.676563078395098,0.95,0.021794494717703377,1.199977433971686,100,100,0.0,5.551115123125783e-17
star,rct_size,400,5000,1.0,flexible,lambda_only,1.028236289144843,0.0282362891448524,0.06802049221687363,0.46267873614257665,0.3704366951222969,0.6802049221687363,0.4079875330846596,0.8817944314582383,0.4588492368058227,0.37261290724438656,0.677384113192672,0.95,0.021794494717703377,1.1991232397443312,100,100,0.0,5.551115123125783e-17
star,rct_size,400,5000,1.0,flexible,naive_pool,1.6975513526727957,0.6975513526728052,0.04976303597228339,0.24763597491787703,0.07522407656517152,0.49763035972283387,0.13380411563273273,0.5403258378638479,0.7317375047843587,0.1384277330518623,0.8554165679856561,0.07,0.02551470164434615,0.9308561455913537,100,100,0.0,2.220446049250313e-16
star,rct_size,400,5000,1.0,flexible,obs_transported,1.7210789899104892,0.7210789899104987,0.04582179866638409,0.20996372330226387,0.08042098716068266,0.4582179866638409,0.10340695607519841,0.4924991538959028,0.7278189957595862,0.14070245769694562,0.8531230835932094,0.04,0.019595917942265423,0.8147010137314011,100,100,0.0,-1.1102230246251565e-16
star,rct_size,400,5000,1.0,flexible,omega_only,0.9482204330851818,-0.05177956691480896,0.19200060105735972,3.686423080638741,1.730771910773447,1.9200060105735974,3.633365785369819,0.98560737763726,3.652239973382238,1.726358775909615,1.911083455368247,0.95,0.021794494717703377,3.2253004687137157,100,100,0.0,-8.881784197001252e-16
star,rct_size,400,5000,1.0,flexible,oracle_joint,0.9931779733391211,-0.0068220266608694105,0.025857662556977645,0.06686187129105238,0.00774868813284772,0.25857662556977645,0.05373401402601493,0.8036570468108593,0.06623979262590346,0.007652278227426999,0.25737092420454855,0.95,0.021794494717703377,0.9063142276412443,100,100,0.0,-1.3877787807814457e-17
star,rct_size,400,5000,1.0,flexible,oracle_lambda_only,0.9971603435157743,-0.0028396564842164706,0.02549860443867793,0.0650178828320166,0.00744454339445163,0.2549860443867793,0.05337705822766508,0.820959648372013,0.06437576765264477,0.007322399590641175,0.25372380190404836,0.94,0.023748684174075843,0.9032351423760251,100,100,0.0,-1.3877787807814457e-17
star,rct_size,400,5000,1.0,flexible,oracle_omega_only,0.9466779739134474,-0.05332202608654315,0.19199334857238354,3.686144589603677,1.7310393816799177,1.9199334857238355,3.6335475015049776,0.9857311380983147,3.6521263821736145,1.7264439388267832,1.9110537360769357,0.93,0.02551470164434614,3.227752295486054,100,100,0.0,4.440892098500626e-16
star,rct_size,400,5000,1.0,flexible,rct_only,0.9506603440901005,-0.049339655909890236,0.19213134577263352,3.6914454028403254,1.730896377772466,1.921313457726335,3.630810531729355,0.9835742197177518,3.656965350457229,1.7272885165405856,1.9123193641380167,0.94,0.023748684174075843,3.223930558162812,100,100,0.0,4.440892098500626e-16
star,rct_size,400,5000,1.0,flexible,semi_supervised,1.003784755822508,0.0037847558225170986,0.19416264770790312,3.7699133764943307,1.7251356156919542,1.9416264770790315,3.6622337053017953,0.9714370967078645,3.7322285671060227,1.7354902891658022,1.9318976595839705,0.93,0.02551470164434614,3.2888495263698014,100,100,0.0,-4.440892098500626e-16
star,rct_size,400,5000,1.0,flexible,shrinkage,1.3400154459974845,0.34001544599749395,0.14896456319886547,2.219044108902879,1.1409384164812233,1.4896456319886549,2.137805794838377,0.9633904014171818,2.312464171330725,1.2196486296918998,1.520678852135034,0.6,0.04898979485566356,2.15103468668779,100,100,0.0,4.440892098500626e-16
