family,axis,n_rct,n_obs,confounding,spec,estimator,metric,value,monte_carlo_se,replications
scm1,obs_size,100,1000,1.0,flexible,adaptive,rmse,0.3787252233980267,0.021675151223634753,100
scm1,obs_size,100,1000,1.0,flexible,adaptive,bias,0.29586313051731405,0.023761823816675944,100
scm1,obs_size,100,1000,1.0,flexible,adaptive,coverage,0.66,0.04760952285695234,100
scm1,obs_size,100,1000,1.0,flexible,adaptive,ci_length,0.8461828271822646,0.03937764839381934,100
scm1,obs_size,100,1000,1.0,flexible,adaptive,variance_hat,0.05658883367717256,0.007676004651923857,100
scm1,obs_size,100,1000,1.0,flexible,fixed_half,rmse,0.42536091706204526,0.029727028914324258,100
scm1,obs_size,100,1000,1.0,flexible,fixed_half,bias,0.025634273787609713,0.042672678763359465,100
scm1,obs_size,100,1000,1.0,flexible,fixed_half,coverage,0.93,0.02564323999762428,100
scm1,obs_size,100,1000,1.0,flexible,fixed_half,ci_length,1.6112699232806087,0.02597358277321233,100
scm1,obs_size,100,1000,1.0,flexible,fixed_half,variance_hat,0.17330517930640807,0.006067225752360928,100
scm1,obs_size,100,1000,1.0,flexible,fixed_half,lambda_used,0.5,0.0,100
scm1,obs_size,100,1000,1.0,flexible,fixed_half,omega_used,0.5,0.0,100
scm1,obs_size,100,1000,1.0,flexible,joint,rmse,0.39702902243121546,0.028123053499294406,100
scm1,obs_size,100,1000,1.0,flexible,joint,bias,0.0068800519902258465,0.03989692648313895,100
scm1,obs_size,100,1000,1.0,flexible,joint,coverage,0.94,0.023868325657594204,100
scm1,obs_size,100,1000,1.0,flexible,joint,ci_length,1.5292060735799293,0.023247046767052006,100
scm1,obs_size,100,1000,1.0,flexible,joint,variance_hat,0.1556682903734142,0.004908154944973155,100
scm1,obs_size,100,1000,1.0,flexible,joint,lambda_used,0.8812136839019726,0.01709260371895344,100
scm1,obs_size,100,1000,1.0,flexible,joint,omega_used,0.5890357581502951,0.0398326680530982,100
scm1,obs_size,100,1000,1.0,flexible,lambda_only,rmse,0.4087276228223752,0.02958478244554394,100
scm1,obs_size,100,1000,1.0,flexible,lambda_only,bias,0.002774790353411306,0.041077725070098395,100
scm1,obs_size,100,1000,1.0,flexible,lambda_only,coverage,0.93,0.02564323999762428,100
scm1,obs_size,100,1000,1.0,flexible,lambda_only,ci_length,1.5599863706814165,0.02314180931995755,100
scm1,obs_size,100,1000,1.0,flexible,lambda_only,variance_hat,0.16182499821669297,0.005000140452154825,100
scm1,obs_size,100,1000,1.0,flexible,lambda_only,lambda_used,0.8812136839019726,0.01709260371895344,100
scm1,obs_size,100,1000,1.0,flexible,lambda_only,omega_used,0.0,0.0,100
scm1,obs_size,100,1000,1.0,flexible,naive_pool,rmse,0.344307876232128,0.016903703938572323,100
scm1,obs_size,100,1000,1.0,flexible,naive_pool,bias,0.29757626943315285,0.017406685556935867,100
scm1,obs_size,100,1000,1.0,flexible,naive_pool,coverage,0.54,0.05009082659620331,100
scm1,obs_size,100,1000,1.0,flexible,naive_pool,ci_length,0.6469066479679095,0.006752758568080168,100
scm1,obs_size,100,1000,1.0,flexible,naive_pool,variance_hat,0.02752877266222019,0.0005976718616456029,100
scm1,obs_size,100,1000,1.0,flexible,obs_transported,rmse,0.37207397788811014,0.01644109322904383,100
scm1,obs_size,100,1000,1.0,flexible,obs_transported,bias,0.3343155049150188,0.01641389784215518,100
scm1,obs_size,100,1000,1.0,flexible,obs_transported,coverage,0.64,0.048241815132442176,100
scm1,obs_size,100,1000,1.0,flexible,obs_transported,ci_length,0.7501644088382813,0.006866359137401558,100
scm1,obs_size,100,1000,1.0,flexible,obs_transported,variance_hat,0.03692699887368142,0.0007163987423439217,100
scm1,obs_size,100,1000,1.0,flexible,omega_only,rmse,0.49145515587868277,0.0313599493841956,100
scm1,obs_size,100,1000,1.0,flexible,omega_only,bias,0.05493522161822462,0.04908354984419983,100
scm1,obs_size,100,1000,1.0,flexible,omega_only,coverage,0.96,0.019694638556693237,100
scm1,obs_size,100,1000,1.0,flexible,omega_only,ci_length,1.91092674323485,0.03636892606038692,100
scm1,obs_size,100,1000,1.0,flexible,omega_only,variance_hat,0.24616873263934058,0.010385741009033202,100
scm1,obs_size,100,1000,1.0,flexible,omega_only,lambda_used,0.0,0.0,100
scm1,obs_size,100,1000,1.0,flexible,omega_only,omega_used,0.5890357581502951,0.0398326680530982,100
scm1,obs_size,100,1000,1.0,flexible,oracle_joint,rmse,0.39642587289940684,0.02938726411602602,100
scm1,obs_size,100,1000,1.0,flexible,oracle_joint,bias,0.0031837112256969924,0.039841014434633656,100
scm1,obs_size,100,1000,1.0,flexible,oracle_joint,coverage,0.93,0.02564323999762428,100
scm1,obs_size,100,1000,1.0,flexible,oracle_joint,ci_length,1.4992733623362893,0.023173167448579075,100
scm1,obs_size,100,1000,1.0,flexible,oracle_joint,variance_hat,0.1497467040311641,0.004902665785919719,100
scm1,obs_size,100,1000,1.0,flexible,oracle_joint,lambda_used,0.9439786373320228,0.004619434951253655,100
scm1,obs_size,100,1000,1.0,flexible,oracle_joint,omega_used,0.6855399882935588,0.008435248211709979,100
scm1,obs_size,100,1000,1.0,flexible,oracle_lambda_only,rmse,0.4107866174436205,0.030104075876850687,100
scm1,obs_size,100,1000,1.0,flexible,oracle_lambda_only,bias,0.00428355408344849,0.041283363762994574,100
scm1,obs_size,100,1000,1.0,flexible,oracle_lambda_only,coverage,0.93,0.02564323999762428,100
scm1,obs_size,100,1000,1.0,flexible,oracle_lambda_only,ci_length,1.545872242219946,0.0238920961820007,100
scm1,obs_size,100,1000,1.0,flexible,oracle_lambda_only,variance_hat,0.159199505785743,0.005244871010720208,100
scm1,obs_size,100,1000,1.0,flexible,oracle_lambda_only,lambda_used,0.9439786373320228,0.004619434951253655,100
scm1,obs_size,100,1000,1.0,flexible,oracle_lambda_only,omega_used,0.0,0.0,100
scm1,obs_size,100,1000,1.0,flexible,oracle_omega_only,rmse,0.4875667601701869,0.03186586907743422,100
scm1,obs_size,100,1000,1.0,flexible,oracle_omega_only,bias,0.04973011712365858,0.04874674411025525,100
scm1,obs_size,100,1000,1.0,flexible,oracle_omega_only,coverage,0.95,0.021904291355759033,100
scm1,obs_size,100,1000,1.0,flexible,oracle_omega_only,ci_length,1.8987400337092475,0.03543070986592607,100
scm1,obs_size,100,1000,1.0,flexible,oracle_omega_only,variance_hat,0.2427132552142679,0.010034572718449928,100
scm1,obs_size,100,1000,1.0,flexible,oracle_omega_only,lambda_used,0.0,0.0,100
scm1,obs_size,100,1000,1.0,flexible,oracle_omega_only,omega_used,0.6855399882935588,0.008435248211709979,100
scm1,obs_size,100,1000,1.0,flexible,rct_only,rmse,0.502583415502616,0.032394405112190466,100
scm1,obs_size,100,1000,1.0,flexible,rct_only,bias,0.05082995998141007,0.05025253445606716,100
scm1,obs_size,100,1000,1.0,flexible,rct_only,coverage,0.93,0.02564323999762428,100
scm1,obs_size,100,1000,1.0,flexible,rct_only,ci_length,1.938131936276013,0.03578549997637891,100
scm1,obs_size,100,1000,1.0,flexible,rct_only,variance_hat,0.2527122626137337,0.010415138546875714,100
scm1,obs_size,100,1000,1.0,flexible,rct_only,lambda_used,0.0,0.0,100
scm1,obs_size,100,1000,1.0,flexible,rct_only,omega_used,0.0,0.0,100
scm1,obs_size,100,1000,1.0,flexible,semi_supervised,rmse,0.5040902023500528,0.031531403764462125,100
scm1,obs_size,100,1000,1.0,flexible,semi_supervised,bias,0.05077654363633046,0.05040529420663292,100
scm1,obs_size,100,1000,1.0,flexible,semi_supervised,coverage,0.94,0.023868325657594204,100
scm1,obs_size,100,1000,1.0,flexible,semi_supervised,ci_length,1.9443324871106733,0.037584869822035565,100
scm1,obs_size,100,1000,1.0,flexible,semi_supervised,variance_hat,0.2551295370413477,0.01103880652268729,100
scm1,obs_size,100,1000,1.0,flexible,shrinkage,rmse,0.3600923865668796,0.019706447242835313,100
scm1,obs_size,100,1000,1.0,flexible,shrinkage,bias,0.24756830148180853,0.026280626763439768,100
scm1,obs_size,100,1000,1.0,flexible,shrinkage,coverage,0.72,0.04512608598542128,100
scm1,obs_size,100,1000,1.0,flexible,shrinkage,ci_length,0.9382086657554134,0.03579566773424799,100
scm1,obs_size,100,1000,1.0,flexible,shrinkage,variance_hat,0.06554067090989323,0.006030599366196448,100
scm1,obs_size,100,20000,1.0,flexible,adaptive,rmse,0.38701380760767434,0.026727293021483516,100
scm1,obs_size,100,20000,1.0,flexible,adaptive,bias,0.3131214556415174,0.022859836707690963,100
scm1,obs_size,100,20000,1.0,flexible,adaptive,coverage,0.23,0.042295258468165065,100
scm1,obs_size,100,20000,1.0,flexible,adaptive,ci_length,0.61243538102898,0.04516444289521942,100
scm1,obs_size,100,20000,1.0,flexible,adaptive,variance_hat,0.03755213749326138,0.006755474006137917,100
scm1,obs_size,100,20000,1.0,flexible,fixed_half,rmse,0.3959334203537608,0.029674848802675746,100
scm1,obs_size,100,20000,1.0,flexible,fixed_half,bias,0.06614787655052103,0.03923353180620802,100
scm1,obs_size,100,20000,1.0,flexible,fixed_half,coverage,0.92,0.027265992434429072,100
scm1,obs_size,100,20000,1.0,flexible,fixed_half,ci_length,1.5638036561646909,0.022400114085509383,100
scm1,obs_size,100,20000,1.0,flexible,fixed_half,variance_hat,0.1623834028615552,0.004672746745492743,100
scm1,obs_size,100,20000,1.0,flexible,fixed_half,lambda_used,0.5,0.0,100
scm1,obs_size,100,20000,1.0,flexible,fixed_half,omega_used,0.5,0.0,100
scm1,obs_size,100,20000,1.0,flexible,joint,rmse,0.37890631430712907,0.025861915171326348,100
scm1,obs_size,100,20000,1.0,flexible,joint,bias,0.06644767670288276,0.037491372917760786,100
scm1,obs_size,100,20000,1.0,flexible,joint,coverage,0.92,0.027265992434429072,100
scm1,obs_size,100,20000,1.0,flexible,joint,ci_length,1.4755291057262923,0.020005876167980642,100
scm1,obs_size,100,20000,1.0,flexible,joint,variance_hat,0.14426872175142036,0.003975283511933179,100
scm1,obs_size,100,20000,1.0,flexible,joint,lambda_used,0.8445265025062736,0.021644490975326593,100
scm1,obs_size,100,20000,1.0,flexible,joint,omega_used,0.6608627999220883,0.040445399064469645,100
scm1,obs_size,100,20000,1.0,flexible,lambda_only,rmse,0.39495808290155004,0.026739222956236257,100
scm1,obs_size,100,20000,1.0,flexible,lambda_only,bias,0.0641977186335967,0.03916689750692892,100
scm1,obs_size,100,20000,1.0,flexible,lambda_only,coverage,0.93,0.025643239997624283,100
scm1,obs_size,100,20000,1.0,flexible,lambda_only,ci_length,1.5176053978196402,0.02068335046298752,100
scm1,obs_size,100,20000,1.0,flexible,lambda_only,variance_hat,0.1526424302993438,0.0042879160417639405,100
scm1,obs_size,100,20000,1.0,flexible,lambda_only,lambda_used,0.8445265025062736,0.021644490975326593,100
scm1,obs_size,100,20000,1.0,flexible,lambda_only,omega_used,0.0,0.0,100
scm1,obs_size,100,20000,1.0,flexible,naive_pool,rmse,0.3453310930968107,0.0041112262785504014,100
scm1,obs_size,100,20000,1.0,flexible,naive_pool,bias,0.34284241594020576,0.004159256066592383,100
scm1,obs_size,100,20000,1.0,flexible,naive_pool,coverage,0.0,0.0,100
scm1,obs_size,100,20000,1.0,flexible,naive_pool,ci_length,0.14677155394193458,0.0010883363265623356,100
scm1,obs_size,100,20000,1.0,flexible,naive_pool,variance_hat,0.0014095655568311127,2.1555405896312566e-05,100
scm1,obs_size,100,20000,1.0,flexible,obs_transported,rmse,0.3612880484628971,0.009475864709436017,100
scm1,obs_size,100,20000,1.0,flexible,obs_transported,bias,0.3462931691330051,0.010352423701942047,100
scm1,obs_size,100,20000,1.0,flexible,obs_transported,coverage,0.12,0.03265986323710904,100
scm1,obs_size,100,20000,1.0,flexible,obs_transported,ci_length,0.4387970977075096,0.005927106631950453,100
scm1,obs_size,100,20000,1.0,flexible,obs_transported,variance_hat,0.012756925872157248,0.000349735607674863,100
scm1,obs_size,100,20000,1.0,flexible,omega_only,rmse,0.45014602992506797,0.03551570376432264,100
scm1,obs_size,100,20000,1.0,flexible,omega_only,bias,0.07434156121761344,0.0446201454403893,100
scm1,obs_size,100,20000,1.0,flexible,omega_only,coverage,0.95,0.021904291355759033,100
scm1,obs_size,100,20000,1.0,flexible,omega_only,ci_length,1.8528940017300854,0.034350927843225784,100
scm1,obs_size,100,20000,1.0,flexible,omega_only,variance_hat,0.23103428837037643,0.009082067779551693,100
scm1,obs_size,100,20000,1.0,flexible,omega_only,lambda_used,0.0,0.0,100
scm1,obs_size,100,20000,1.0,flexible,omega_only,omega_used,0.6608627999220883,0.040445399064469645,100
scm1,obs_size,100,20000,1.0,flexible,oracle_joint,rmse,0.37537162675575797,0.02458274919866491,100
scm1,obs_size,100,20000,1.0,flexible,oracle_joint,bias,0.060765715944441905,0.03722866631164312,100
scm1,obs_size,100,20000,1.0,flexible,oracle_joint,coverage,0.93,0.025643239997624283,100
scm1,obs_size,100,20000,1.0,flexible,oracle_joint,ci_length,1.429458480624433,0.018420322464861548,100
scm1,obs_size,100,20000,1.0,flexible,oracle_joint,variance_hat,0.13516629778326383,0.003388665310758676,100
scm1,obs_size,100,20000,1.0,flexible,oracle_joint,lambda_used,0.9859068176749609,0.0015813444421916537,100
scm1,obs_size,100,20000,1.0,flexible,oracle_joint,omega_used,0.9685670351046486,0.003594683640082204,100
scm1,obs_size,100,20000,1.0,flexible,oracle_lambda_only,rmse,0.3916236370356729,0.026878533021407268,100
scm1,obs_size,100,20000,1.0,flexible,oracle_lambda_only,bias,0.059806743547256715,0.03889797929254998,100
scm1,obs_size,100,20000,1.0,flexible,oracle_lambda_only,coverage,0.94,0.023868325657594204,100
scm1,obs_size,100,20000,1.0,flexible,oracle_lambda_only,ci_length,1.4891667062506386,0.01980673362151161,100
scm1,obs_size,100,20000,1.0,flexible,oracle_lambda_only,variance_hat,0.14684888914000171,0.0038640431405129816,100
scm1,obs_size,100,20000,1.0,flexible,oracle_lambda_only,lambda_used,0.9859068176749609,0.0015813444421916537,100
scm1,obs_size,100,20000,1.0,flexible,oracle_lambda_only,omega_used,0.0,0.0,100
scm1,obs_size,100,20000,1.0,flexible,oracle_omega_only,rmse,0.44739599435761634,0.03324048825744783,100
scm1,obs_size,100,20000,1.0,flexible,oracle_omega_only,bias,0.07305057554551253,0.044361552784495856,100
scm1,obs_size,100,20000,1.0,flexible,oracle_omega_only,coverage,0.95,0.021904291355759033,100
scm1,obs_size,100,20000,1.0,flexible,oracle_omega_only,ci_length,1.8381646556882134,0.03440721179714608,100
scm1,obs_size,100,20000,1.0,flexible,oracle_omega_only,variance_hat,0.22752105585055882,0.009014400274146146,100
scm1,obs_size,100,20000,1.0,flexible,oracle_omega_only,lambda_used,0.0,0.0,100
scm1,obs_size,100,20000,1.0,flexible,oracle_omega_only,omega_used,0.9685670351046486,0.003594683640082204,100
scm1,obs_size,100,20000,1.0,flexible,rct_only,rmse,0.46254568601647544,0.036650779667309126,100
scm1,obs_size,100,20000,1.0,flexible,rct_only,bias,0.07209160314832735,0.04591948513683357,100
scm1,obs_size,100,20000,1.0,flexible,rct_only,coverage,0.96,0.019694638556693237,100
scm1,obs_size,100,20000,1.0,flexible,rct_only,ci_length,1.883897141707659,0.03487760044938366,100
scm1,obs_size,100,20000,1.0,flexible,rct_only,variance_hat,0.23880880064782337,0.00929079911717938,100
scm1,obs_size,100,20000,1.0,flexible,rct_only,lambda_used,0.0,0.0,100
scm1,obs_size,100,20000,1.0,flexible,rct_only,omega_used,0.0,0.0,100
scm1,obs_size,100,20000,1.0,flexible,semi_supervised,rmse,0.45468805691671565,0.036696019795114734,100
scm1,obs_size,100,20000,1.0,flexible,semi_supervised,bias,0.058487688865056515,0.045318226020394745,100
scm1,obs_size,100,20000,1.0,flexible,semi_supervised,coverage,0.95,0.021904291355759033,100
scm1,obs_size,100,20000,1.0,flexible,semi_supervised,ci_length,1.8942315628486375,0.035513638126114376,100
scm1,obs_size,100,20000,1.0,flexible,semi_supervised,variance_hat,0.24163826932702812,0.00955604756434912,100
scm1,obs_size,100,20000,1.0,flexible,shrinkage,rmse,0.38221429321914036,0.026210265753649518,100
scm1,obs_size,100,20000,1.0,flexible,shrinkage,bias,0.295850367515618,0.02432115219847574,100
scm1,obs_size,100,20000,1.0,flexible,shrinkage,coverage,0.42,0.04960449637488583,100
scm1,obs_size,100,20000,1.0,flexible,shrinkage,ci_length,0.7461191841528536,0.040197792111857936,100
scm1,obs_size,100,20000,1.0,flexible,shrinkage,variance_hat,0.04664010841899186,0.005147981856897431,100
scm1,quality,100,5000,0.0,flexible,adaptive,rmse,0.17891933531081897,0.026927649519660035,100
scm1,quality,100,5000,0.0,flexible,adaptive,bias,-0.01061766443056967,0.01795037878391178,100
scm1,quality,100,5000,0.0,flexible,adaptive,coverage,0.91,0.028762349126466136,100
scm1,quality,100,5000,0.0,flexible,adaptive,ci_length,0.5917871695002099,0.03667163426286753,100
scm1,quality,100,5000,0.0,flexible,adaptive,variance_hat,0.03145602645619243,0.006602325516444853,100
scm1,quality,100,5000,0.0,flexible,fixed_half,rmse,0.44775374846965255,0.026014270986760513,100
scm1,quality,100,5000,0.0,flexible,fixed_half,bias,-0.003031730421244559,0.04499991334214752,100
scm1,quality,100,5000,0.0,flexible,fixed_half,coverage,0.91,0.028762349126466143,100
scm1,quality,100,5000,0.0,flexible,fixed_half,ci_length,1.6037006300542367,0.024642569716593482,100
scm1,quality,100,5000,0.0,flexible,fixed_half,variance_hat,0.1712874067944751,0.005156932402476677,100
scm1,quality,100,5000,0.0,flexible,fixed_half,lambda_used,0.5,0.0,100
scm1,quality,100,5000,0.0,flexible,fixed_half,omega_used,0.5,0.0,100
scm1,quality,100,5000,0.0,flexible,joint,rmse,0.4186124119301859,0.023683005223212556,100
scm1,quality,100,5000,0.0,flexible,joint,bias,0.006698210828667779,0.04206674415227248,100
scm1,quality,100,5000,0.0,flexible,joint,coverage,0.94,0.023868325657594204,100
scm1,quality,100,5000,0.0,flexible,joint,ci_length,1.4983105270887997,0.020860294513613337,100
scm1,quality,100,5000,0.0,flexible,joint,variance_hat,0.14890270722750862,0.004115252480291267,100
scm1,quality,100,5000,0.0,flexible,joint,lambda_used,0.8709354577873207,0.01722818362786033,100
scm1,quality,100,5000,0.0,flexible,joint,omega_used,0.6777144841927614,0.03999734747051736,100
scm1,quality,100,5000,0.0,flexible,lambda_only,rmse,0.42341634115420806,0.02462951162412924,100
scm1,quality,100,5000,0.0,flexible,lambda_only,bias,-0.007781155086023545,0.04254775707532476,100
scm1,quality,100,5000,0.0,flexible,lambda_only,coverage,0.93,0.025643239997624283,100
scm1,quality,100,5000,0.0,flexible,lambda_only,ci_length,1.5484720266141243,0.02191375165896918,100
scm1,quality,100,5000,0.0,flexible,lambda_only,variance_hat,0.15913919490030673,0.004445894186371204,100
scm1,quality,100,5000,0.0,flexible,lambda_only,lambda_used,0.8709354577873207,0.01722818362786033,100
scm1,quality,100,5000,0.0,flexible,lambda_only,omega_used,0.0,0.0,100
scm1,quality,100,5000,0.0,flexible,naive_pool,rmse,0.0907183531401732,0.0089089024142781,100
scm1,quality,100,5000,0.0,flexible,naive_pool,bias,0.009689095008855961,0.009065385958106789,100
scm1,quality,100,5000,0.0,flexible,naive_pool,coverage,0.93,0.025643239997624283,100
scm1,quality,100,5000,0.0,flexible,naive_pool,ci_length,0.30235727664472106,0.0031693444127497924,100
scm1,quality,100,5000,0.0,flexible,naive_pool,variance_hat,0.0060142745705634,0.0001518832519439599,100
scm1,quality,100,5000,0.0,flexible,obs_transported,rmse,0.13371015970181183,0.008571213313217172,100
scm1,quality,100,5000,0.0,flexible,obs_transported,bias,0.001739378808614216,0.01343723958877353,100
scm1,quality,100,5000,0.0,flexible,obs_transported,coverage,0.92,0.027265992434429072,100
scm1,quality,100,5000,0.0,flexible,obs_transported,ci_length,0.5082127242755673,0.0062176931640020045,100
scm1,quality,100,5000,0.0,flexible,obs_transported,variance_hat,0.017057809055735156,0.0004256690026337211,100
scm1,quality,100,5000,0.0,flexible,omega_only,rmse,0.536170003870659,0.0314477087679713,100
scm1,quality,100,5000,0.0,flexible,omega_only,bias,0.014020329826052797,0.05386868652474577,100
scm1,quality,100,5000,0.0,flexible,omega_only,coverage,0.92,0.027265992434429072,100
scm1,quality,100,5000,0.0,flexible,omega_only,ci_length,1.8860296893965163,0.03571480481117831,100
scm1,quality,100,5000,0.0,flexible,omega_only,variance_hat,0.23971278505120824,0.009218666696349296,100
scm1,quality,100,5000,0.0,flexible,omega_only,lambda_used,0.0,0.0,100
scm1,quality,100,5000,0.0,flexible,omega_only,omega_used,0.6777144841927614,0.03999734747051736,100
scm1,quality,100,5000,0.0,flexible,oracle_joint,rmse,0.40192467170919205,0.02120478232320593,100
scm1,quality,100,5000,0.0,flexible,oracle_joint,bias,-0.0045277500704059715,0.040392386172214065,100
scm1,quality,100,5000,0.0,flexible,oracle_joint,coverage,0.94,0.023868325657594204,100
scm1,quality,100,5000,0.0,flexible,oracle_joint,ci_length,1.4716705625045932,0.02016920344822833,100
scm1,quality,100,5000,0.0,flexible,oracle_joint,variance_hat,0.14357092106937042,0.003899765635751029,100
scm1,quality,100,5000,0.0,flexible,oracle_joint,lambda_used,0.982829895252669,0.0023047212132774136,100
scm1,quality,100,5000,0.0,flexible,oracle_joint,omega_used,0.9071053648083108,0.005997844935320893,100
scm1,quality,100,5000,0.0,flexible,oracle_lambda_only,rmse,0.41825613719713733,0.02334646811098802,100
scm1,quality,100,5000,0.0,flexible,oracle_lambda_only,bias,-0.010947574123628732,0.04202192151865478,100
scm1,quality,100,5000,0.0,flexible,oracle_lambda_only,coverage,0.93,0.025643239997624283,100
scm1,quality,100,5000,0.0,flexible,oracle_lambda_only,ci_length,1.5323631420008423,0.02168187856831707,100
scm1,quality,100,5000,0.0,flexible,oracle_lambda_only,variance_hat,0.1558442503684619,0.004380423195055329,100
scm1,quality,100,5000,0.0,flexible,oracle_lambda_only,lambda_used,0.982829895252669,0.0023047212132774136,100
scm1,quality,100,5000,0.0,flexible,oracle_lambda_only,omega_used,0.0,0.0,100
scm1,quality,100,5000,0.0,flexible,oracle_omega_only,rmse,0.5219413945124948,0.030431721495447837,100
scm1,quality,100,5000,0.0,flexible,oracle_omega_only,bias,0.0059607879645842575,0.05245366289050938,100
scm1,quality,100,5000,0.0,flexible,oracle_omega_only,coverage,0.92,0.027265992434429072,100
scm1,quality,100,5000,0.0,flexible,oracle_omega_only,ci_length,1.876700400084309,0.03534018444131709,100
scm1,quality,100,5000,0.0,flexible,oracle_omega_only,variance_hat,0.2372567621339324,0.009069213649696475,100
scm1,quality,100,5000,0.0,flexible,oracle_omega_only,lambda_used,0.0,0.0,100
scm1,quality,100,5000,0.0,flexible,oracle_omega_only,omega_used,0.9071053648083108,0.005997844935320893,100
scm1,quality,100,5000,0.0,flexible,rct_only,rmse,0.5430769017903089,0.03238731902584795,100
scm1,quality,100,5000,0.0,flexible,rct_only,bias,-0.000459036088638497,0.0545812627915432,100
scm1,quality,100,5000,0.0,flexible,rct_only,coverage,0.92,0.027265992434429072,100
scm1,quality,100,5000,0.0,flexible,rct_only,ci_length,1.9335385466389565,0.03618284894628797,100
scm1,quality,100,5000,0.0,flexible,rct_only,variance_hat,0.25173912757633393,0.009469161227647736,100
scm1,quality,100,5000,0.0,flexible,rct_only,lambda_used,0.0,0.0,100
scm1,quality,100,5000,0.0,flexible,rct_only,omega_used,0.0,0.0,100
scm1,quality,100,5000,0.0,flexible,semi_supervised,rmse,0.5356360992279217,0.03175691772335748,100
scm1,quality,100,5000,0.0,flexible,semi_supervised,bias,0.006711461901004422,0.053829227451570226,100
scm1,quality,100,5000,0.0,flexible,semi_supervised,coverage,0.93,0.025643239997624283,100
scm1,quality,100,5000,0.0,flexible,semi_supervised,ci_length,1.9369250440274206,0.037350762348567296,100
scm1,quality,100,5000,0.0,flexible,semi_supervised,variance_hat,0.25314546329248844,0.010282776931232925,100
scm1,quality,100,5000,0.0,flexible,shrinkage,rmse,0.1829545828173089,0.01890875874195846,100
scm1,quality,100,5000,0.0,flexible,shrinkage,bias,0.0033573223392105145,0.01838453120099793,100
scm1,quality,100,5000,0.0,flexible,shrinkage,coverage,0.91,0.02876234912646613,100
scm1,quality,100,5000,0.0,flexible,shrinkage,ci_length,0.6602169427968476,0.03567344736998844,100
scm1,quality,100,5000,0.0,flexible,shrinkage,variance_hat,0.03656640144154687,0.0052160707308949155,100
scm1,quality,100,5000,0.0,linear,adaptive,rmse,0.13358734176885298,0.010953583728690682,100
scm1,quality,100,5000,0.0,linear,adaptive,bias,-0.004741559968654513,0.013417573088121063,100
scm1,quality,100,5000,0.0,linear,adaptive,coverage,0.96,0.019694638556693237,100
scm1,quality,100,5000,0.0,linear,adaptive,ci_length,0.608114509550054,0.038622998264916886,100
scm1,quality,100,5000,0.0,linear,adaptive,variance_hat,0.03367764333693952,0.006791883818450077,100
scm1,quality,100,5000,0.0,linear,fixed_half,rmse,0.4331240541498155,0.029962572973975074,100
scm1,quality,100,5000,0.0,linear,fixed_half,bias,0.05900170582077962,0.04312481825385921,100
scm1,quality,100,5000,0.0,linear,fixed_half,coverage,0.96,0.01969463855669324,100
scm1,quality,100,5000,0.0,linear,fixed_half,ci_length,1.606760188096358,0.026609653064092787,100
scm1,quality,100,5000,0.0,linear,fixed_half,variance_hat,0.17257620840220483,0.005868135874604113,100
scm1,quality,100,5000,0.0,linear,fixed_half,lambda_used,0.5,0.0,100
scm1,quality,100,5000,0.0,linear,fixed_half,omega_used,0.5,0.0,100
scm1,quality,100,5000,0.0,linear,joint,rmse,0.42126056516421756,0.027758730444020503,100
scm1,quality,100,5000,0.0,linear,joint,bias,0.07141096025202003,0.04172552673116949,100
scm1,quality,100,5000,0.0,linear,joint,coverage,0.95,0.02190429135575904,100
scm1,quality,100,5000,0.0,linear,joint,ci_length,1.5324042178778392,0.024092775139693663,100
scm1,quality,100,5000,0.0,linear,joint,variance_hat,0.1565634644831587,0.005043745004576747,100
scm1,quality,100,5000,0.0,linear,joint,lambda_used,0.8250778927895546,0.021786311553438097,100
scm1,quality,100,5000,0.0,linear,joint,omega_used,0.6929396649365374,0.03855444082162076,100
scm1,quality,100,5000,0.0,linear,lambda_only,rmse,0.4416239099277145,0.02793108567123126,100
scm1,quality,100,5000,0.0,linear,lambda_only,bias,0.06777439959255938,0.04385908433361248,100
scm1,quality,100,5000,0.0,linear,lambda_only,coverage,0.94,0.023868325657594204,100
scm1,quality,100,5000,0.0,linear,lambda_only,ci_length,1.5759839781871088,0.0247499643490063,100
scm1,quality,100,5000,0.0,linear,lambda_only,variance_hat,0.16558611786935326,0.0053248749292856,100
scm1,quality,100,5000,0.0,linear,lambda_only,lambda_used,0.8250778927895546,0.021786311553438097,100
scm1,quality,100,5000,0.0,linear,lambda_only,omega_used,0.0,0.0,100
scm1,quality,100,5000,0.0,linear,naive_pool,rmse,0.08313862005906424,0.006559757779022615,100
scm1,quality,100,5000,0.0,linear,naive_pool,bias,-0.0030366132997085905,0.008350170339394504,100
scm1,quality,100,5000,0.0,linear,naive_pool,coverage,0.92,0.027265992434429072,100
scm1,quality,100,5000,0.0,linear,naive_pool,ci_length,0.30365752494339193,0.002723294923722838,100
scm1,quality,100,5000,0.0,linear,naive_pool,variance_hat,0.006048620718187769,0.00011475855844087365,100
scm1,quality,100,5000,0.0,linear,obs_transported,rmse,0.125444272754099,0.009839135468285904,100
scm1,quality,100,5000,0.0,linear,obs_transported,bias,-0.018281481131445773,0.012473022611829332,100
scm1,quality,100,5000,0.0,linear,obs_transported,coverage,0.94,0.0238683256575942,100
scm1,quality,100,5000,0.0,linear,obs_transported,ci_length,0.5101368117762594,0.006205110398128414,100
scm1,quality,100,5000,0.0,linear,obs_transported,variance_hat,0.017184318195540203,0.00042184527519331715,100
scm1,quality,100,5000,0.0,linear,omega_only,rmse,0.4958118023411225,0.03605935345486287,100
scm1,quality,100,5000,0.0,linear,omega_only,bias,0.06154119565317599,0.049445615934424814,100
scm1,quality,100,5000,0.0,linear,omega_only,coverage,0.96,0.019694638556693237,100
scm1,quality,100,5000,0.0,linear,omega_only,ci_length,1.9102284784051287,0.03752160106018378,100
scm1,quality,100,5000,0.0,linear,omega_only,variance_hat,0.24654383924199416,0.011140496414506023,100
scm1,quality,100,5000,0.0,linear,omega_only,lambda_used,0.0,0.0,100
scm1,quality,100,5000,0.0,linear,omega_only,omega_used,0.6929396649365374,0.03855444082162076,100
scm1,quality,100,5000,0.0,linear,oracle_joint,rmse,0.41065056768172653,0.02662360477357975,100
scm1,quality,100,5000,0.0,linear,oracle_joint,bias,0.05855133685707073,0.040850259904168566,100
scm1,quality,100,5000,0.0,linear,oracle_joint,coverage,0.95,0.021904291355759043,100
scm1,quality,100,5000,0.0,linear,oracle_joint,ci_length,1.4902920962373136,0.02289560617146371,100
scm1,quality,100,5000,0.0,linear,oracle_joint,variance_hat,0.14791693127603492,0.004636331241401063,100
scm1,quality,100,5000,0.0,linear,oracle_joint,lambda_used,0.9225014147253218,0.006041855493200469,100
scm1,quality,100,5000,0.0,linear,oracle_joint,omega_used,0.8785235134649433,0.006621071103655629,100
scm1,quality,100,5000,0.0,linear,oracle_lambda_only,rmse,0.4321527539878583,0.027916138591307697,100
scm1,quality,100,5000,0.0,linear,oracle_lambda_only,bias,0.05817403567527207,0.04303766078663289,100
scm1,quality,100,5000,0.0,linear,oracle_lambda_only,coverage,0.95,0.02190429135575904,100
scm1,quality,100,5000,0.0,linear,oracle_lambda_only,ci_length,1.5536348677132152,0.023955750300832017,100
scm1,quality,100,5000,0.0,linear,oracle_lambda_only,variance_hat,0.1607849606600069,0.005091261560643041,100
scm1,quality,100,5000,0.0,linear,oracle_lambda_only,lambda_used,0.9225014147253218,0.006041855493200469,100
scm1,quality,100,5000,0.0,linear,oracle_lambda_only,omega_used,0.0,0.0,100
scm1,quality,100,5000,0.0,linear,oracle_omega_only,rmse,0.4920706603767641,0.035614767795886675,100
scm1,quality,100,5000,0.0,linear,oracle_omega_only,bias,0.05828193617551399,0.04910684606546785,100
scm1,quality,100,5000,0.0,linear,oracle_omega_only,coverage,0.96,0.019694638556693237,100
scm1,quality,100,5000,0.0,linear,oracle_omega_only,ci_length,1.8941524247048818,0.03549689034012497,100
scm1,quality,100,5000,0.0,linear,oracle_omega_only,variance_hat,0.24161109584031773,0.009998746749731991,100
scm1,quality,100,5000,0.0,linear,oracle_omega_only,lambda_used,0.0,0.0,100
scm1,quality,100,5000,0.0,linear,oracle_omega_only,omega_used,0.8785235134649433,0.006621071103655629,100
scm1,quality,100,5000,0.0,linear,rct_only,rmse,0.5028857992951243,0.034964576119901516,100
scm1,quality,100,5000,0.0,linear,rct_only,bias,0.05790463499371536,0.050205756478970257,100
scm1,quality,100,5000,0.0,linear,rct_only,coverage,0.96,0.019694638556693237,100
scm1,quality,100,5000,0.0,linear,rct_only,ci_length,1.941817826611639,0.039066020022208034,100
scm1,quality,100,5000,0.0,linear,rct_only,variance_hat,0.25522502601988695,0.011578556913650739,100
scm1,quality,100,5000,0.0,linear,rct_only,lambda_used,0.0,0.0,100
scm1,quality,100,5000,0.0,linear,rct_only,omega_used,0.0,0.0,100
scm1,quality,100,5000,0.0,linear,semi_supervised,rmse,0.5185889920508623,0.03614586835567667,100
scm1,quality,100,5000,0.0,linear,semi_supervised,bias,0.06468733895723462,0.05171308675731227,100
scm1,quality,100,5000,0.0,linear,semi_supervised,coverage,0.94,0.023868325657594204,100
scm1,quality,100,5000,0.0,linear,semi_supervised,ci_length,1.9546068560915526,0.040076611105185116,100
scm1,quality,100,5000,0.0,linear,semi_supervised,variance_hat,0.2589833373621186,0.011793996840537235,100
scm1,quality,100,5000,0.0,linear,shrinkage,rmse,0.19038327709108352,0.02022848746145106,100
scm1,quality,100,5000,0.0,linear,shrinkage,bias,-0.002933109030483627,0.019131968346241097,100
scm1,quality,100,5000,0.0,linear,shrinkage,coverage,0.96,0.019694638556693237,100
scm1,quality,100,5000,0.0,linear,shrinkage,ci_length,0.7849958981232299,0.04290403052962791,100
scm1,quality,100,5000,0.0,linear,shrinkage,variance_hat,0.05196290166524929,0.006240410733378611,100
scm1,quality,100,5000,1.0,linear,adaptive,rmse,0.39058922826351494,0.02299498527598692,100
scm1,quality,100,5000,1.0,linear,adaptive,bias,0.29915334848306413,0.025239703236433226,100
scm1,quality,100,5000,1.0,linear,adaptive,coverage,0.26,0.04408440022768081,100
scm1,quality,100,5000,1.0,linear,adaptive,ci_length,0.6402080150924917,0.04428198224353909,100
scm1,quality,100,5000,1.0,linear,adaptive,variance_hat,0.039307645348507496,0.006818338934763292,100
scm1,quality,100,5000,1.0,linear,fixed_half,rmse,0.3856442172325779,0.02449076045576445,100
scm1,quality,100,5000,1.0,linear,fixed_half,bias,-0.01803625393271446,0.03871628945262991,100
scm1,quality,100,5000,1.0,linear,fixed_half,coverage,0.94,0.023868325657594204,100
scm1,quality,100,5000,1.0,linear,fixed_half,ci_length,1.6019210172341358,0.026671643244846825,100
scm1,quality,100,5000,1.0,linear,fixed_half,variance_hat,0.17158697693424024,0.005824421746560135,100
scm1,quality,100,5000,1.0,linear,fixed_half,lambda_used,0.5,0.0,100
scm1,quality,100,5000,1.0,linear,fixed_half,omega_used,0.5,0.0,100
scm1,quality,100,5000,1.0,linear,joint,rmse,0.38941526792473413,0.026861936491303078,100
scm1,quality,100,5000,1.0,linear,joint,bias,-0.02034706331454203,0.039084245696835065,100
scm1,quality,100,5000,1.0,linear,joint,coverage,0.95,0.021904291355759033,100
scm1,quality,100,5000,1.0,linear,joint,ci_length,1.5333348632290167,0.02348823260991301,100
scm1,quality,100,5000,1.0,linear,joint,variance_hat,0.15656381632131147,0.004730526158340645,100
scm1,quality,100,5000,1.0,linear,joint,lambda_used,0.8485680934819722,0.021511665011422414,100
scm1,quality,100,5000,1.0,linear,joint,omega_used,0.7501944619462759,0.03795588771434839,100
scm1,quality,100,5000,1.0,linear,lambda_only,rmse,0.39761638279382955,0.027175301216911554,100
scm1,quality,100,5000,1.0,linear,lambda_only,bias,-0.015377361274658961,0.039932053986978536,100
scm1,quality,100,5000,1.0,linear,lambda_only,coverage,0.95,0.021904291355759036,100
scm1,quality,100,5000,1.0,linear,lambda_only,ci_length,1.5655292973290122,0.02296248766766234,100
scm1,quality,100,5000,1.0,linear,lambda_only,variance_hat,0.16289920091425383,0.004726634607083772,100
scm1,quality,100,5000,1.0,linear,lambda_only,lambda_used,0.8485680934819722,0.021511665011422414,100
scm1,quality,100,5000,1.0,linear,lambda_only,omega_used,0.0,0.0,100
scm1,quality,100,5000,1.0,linear,naive_pool,rmse,0.3499570234462979,0.007882995374249194,100
scm1,quality,100,5000,1.0,linear,naive_pool,bias,0.3405957602655114,0.008080683007280473,100
scm1,quality,100,5000,1.0,linear,naive_pool,coverage,0.0,0.0,100
scm1,quality,100,5000,1.0,linear,naive_pool,ci_length,0.2938561418372311,0.002406003766567108,100
scm1,quality,100,5000,1.0,linear,naive_pool,variance_hat,0.005656999899722015,9.583754882145569e-05,100
scm1,quality,100,5000,1.0,linear,obs_transported,rmse,0.38231786472602247,0.012516534373445484,100
scm1,quality,100,5000,1.0,linear,obs_transported,bias,0.36290258928288716,0.012089172207017388,100
scm1,quality,100,5000,1.0,linear,obs_transported,coverage,0.14,0.034873508801977704,100
scm1,quality,100,5000,1.0,linear,obs_transported,ci_length,0.4732579394922215,0.004862574507456607,100
scm1,quality,100,5000,1.0,linear,obs_transported,variance_hat,0.014728382257182824,0.0003055213188384974,100
scm1,quality,100,5000,1.0,linear,omega_only,rmse,0.43469178500783306,0.03076662791968738,100
scm1,quality,100,5000,1.0,linear,omega_only,bias,-0.011163123170086284,0.043673759848875254,100
scm1,quality,100,5000,1.0,linear,omega_only,coverage,0.95,0.021904291355759033,100
scm1,quality,100,5000,1.0,linear,omega_only,ci_length,1.8826668302373069,0.03907758411959122,100
scm1,quality,100,5000,1.0,linear,omega_only,variance_hat,0.24050844136666846,0.01061090576138817,100
scm1,quality,100,5000,1.0,linear,omega_only,lambda_used,0.0,0.0,100
scm1,quality,100,5000,1.0,linear,omega_only,omega_used,0.7501944619462759,0.03795588771434839,100
scm1,quality,100,5000,1.0,linear,oracle_joint,rmse,0.37537163522068334,0.022761871708309116,100
scm1,quality,100,5000,1.0,linear,oracle_joint,bias,-0.027252727820674068,0.03762670894197177,100
scm1,quality,100,5000,1.0,linear,oracle_joint,coverage,0.95,0.021904291355759033,100
scm1,quality,100,5000,1.0,linear,oracle_joint,ci_length,1.5061190128313893,0.022308443243193556,100
scm1,quality,100,5000,1.0,linear,oracle_joint,variance_hat,0.1508322480043504,0.0044379823390917955,100
scm1,quality,100,5000,1.0,linear,oracle_joint,lambda_used,0.9285890006000064,0.0049823685332760275,100
scm1,quality,100,5000,1.0,linear,oracle_joint,omega_used,0.937789831626464,0.005552236052615839,100
scm1,quality,100,5000,1.0,linear,oracle_lambda_only,rmse,0.39483587218186744,0.0248804355808581,100
scm1,quality,100,5000,1.0,linear,oracle_lambda_only,bias,-0.0106383124490119,0.03966809168179488,100
scm1,quality,100,5000,1.0,linear,oracle_lambda_only,coverage,0.96,0.01969463855669324,100
scm1,quality,100,5000,1.0,linear,oracle_lambda_only,ci_length,1.546192809456073,0.022262763139903878,100
scm1,quality,100,5000,1.0,linear,oracle_lambda_only,variance_hat,0.15877949950355932,0.004495900574699836,100
scm1,quality,100,5000,1.0,linear,oracle_lambda_only,lambda_used,0.9285890006000064,0.0049823685332760275,100
scm1,quality,100,5000,1.0,linear,oracle_lambda_only,omega_used,0.0,0.0,100
scm1,quality,100,5000,1.0,linear,oracle_omega_only,rmse,0.41875796078850697,0.02828156931371326,100
scm1,quality,100,5000,1.0,linear,oracle_omega_only,bias,-0.022807836501865398,0.04202428738816831,100
scm1,quality,100,5000,1.0,linear,oracle_omega_only,coverage,0.96,0.019694638556693237,100
scm1,quality,100,5000,1.0,linear,oracle_omega_only,ci_length,1.8761650448853155,0.03889356109087787,100
scm1,quality,100,5000,1.0,linear,oracle_omega_only,variance_hat,0.23882551182242495,0.010506489718494577,100
scm1,quality,100,5000,1.0,linear,oracle_omega_only,lambda_used,0.0,0.0,100
scm1,quality,100,5000,1.0,linear,oracle_omega_only,omega_used,0.937789831626464,0.005552236052615839,100
scm1,quality,100,5000,1.0,linear,rct_only,rmse,0.4383351497087398,0.030638128395718448,100
scm1,quality,100,5000,1.0,linear,rct_only,bias,-0.006193421130203235,0.044049942386929296,100
scm1,quality,100,5000,1.0,linear,rct_only,coverage,0.95,0.021904291355759033,100
scm1,quality,100,5000,1.0,linear,rct_only,ci_length,1.9066714509689568,0.03904609172499267,100
scm1,quality,100,5000,1.0,linear,rct_only,variance_hat,0.24641232206913002,0.010568327354642701,100
scm1,quality,100,5000,1.0,linear,rct_only,lambda_used,0.0,0.0,100
scm1,quality,100,5000,1.0,linear,rct_only,omega_used,0.0,0.0,100
scm1,quality,100,5000,1.0,linear,semi_supervised,rmse,0.4372242163220185,0.029890788677753726,100
scm1,quality,100,5000,1.0,linear,semi_supervised,bias,-0.020024174284858285,0.043896578153219935,100
scm1,quality,100,5000,1.0,linear,semi_supervised,coverage,0.96,0.019694638556693237,100
scm1,quality,100,5000,1.0,linear,semi_supervised,ci_length,1.9109169951459781,0.03988893505165224,100
scm1,quality,100,5000,1.0,linear,semi_supervised,variance_hat,0.24789575568490613,0.010859330421905622,100
scm1,quality,100,5000,1.0,linear,shrinkage,rmse,0.3481082759623663,0.019269543997329584,100
scm1,quality,100,5000,1.0,linear,shrinkage,bias,0.2587125801598917,0.02340835831481942,100
scm1,quality,100,5000,1.0,linear,shrinkage,coverage,0.46,0.05009082659620331,100
scm1,quality,100,5000,1.0,linear,shrinkage,ci_length,0.732579790871505,0.04099051708562699,100
scm1,quality,100,5000,1.0,linear,shrinkage,variance_hat,0.04575183604793067,0.0055020005503080005,100
scm1,quality,100,5000,2.0,flexible,adaptive,rmse,0.5339903259821259,0.014515099029337456,100
scm1,quality,100,5000,2.0,flexible,adaptive,bias,0.4329318932664032,0.03141698119531723,100
scm1,quality,100,5000,2.0,flexible,adaptive,coverage,0.21,0.040936018074033236,100
scm1,quality,100,5000,2.0,flexible,adaptive,ci_length,0.730802646590005,0.055749491420427635,100
scm1,quality,100,5000,2.0,flexible,adaptive,variance_hat,0.0547816025840446,0.009821247203974079,100
scm1,quality,100,5000,2.0,flexible,fixed_half,rmse,0.3947991063819928,0.026251274052961626,100
scm1,quality,100,5000,2.0,flexible,fixed_half,bias,-0.002456534790414222,0.03967803501937085,100
scm1,quality,100,5000,2.0,flexible,fixed_half,coverage,0.95,0.021904291355759033,100
scm1,quality,100,5000,2.0,flexible,fixed_half,ci_length,1.5996793126214968,0.02421715535211245,100
scm1,quality,100,5000,2.0,flexible,fixed_half,variance_hat,0.17031514693406197,0.005250550179598002,100
scm1,quality,100,5000,2.0,flexible,fixed_half,lambda_used,0.5,0.0,100
scm1,quality,100,5000,2.0,flexible,fixed_half,omega_used,0.5,0.0,100
scm1,quality,100,5000,2.0,flexible,joint,rmse,0.37822153619861076,0.022964122299773196,100
scm1,quality,100,5000,2.0,flexible,joint,bias,0.007306712652221449,0.03800560064982647,100
scm1,quality,100,5000,2.0,flexible,joint,coverage,0.96,0.019694638556693237,100
scm1,quality,100,5000,2.0,flexible,joint,ci_length,1.514282288757708,0.02129335933499473,100
scm1,quality,100,5000,2.0,flexible,joint,variance_hat,0.15215171287766036,0.004388791006295609,100
scm1,quality,100,5000,2.0,flexible,joint,lambda_used,0.8652123160321818,0.019051348487139717,100
scm1,quality,100,5000,2.0,flexible,joint,omega_used,0.6284251106557537,0.040392226533236764,100
scm1,quality,100,5000,2.0,flexible,lambda_only,rmse,0.38847243532784054,0.027494063505533742,100
scm1,quality,100,5000,2.0,flexible,lambda_only,bias,0.00497001828101721,0.0390397533637874,100
scm1,quality,100,5000,2.0,flexible,lambda_only,coverage,0.96,0.019694638556693237,100
scm1,quality,100,5000,2.0,flexible,lambda_only,ci_length,1.5471496309706987,0.022572870491504634,100
scm1,quality,100,5000,2.0,flexible,lambda_only,variance_hat,0.15906170080404058,0.004710831112919149,100
scm1,quality,100,5000,2.0,flexible,lambda_only,lambda_used,0.8652123160321818,0.019051348487139717,100
scm1,quality,100,5000,2.0,flexible,lambda_only,omega_used,0.0,0.0,100
scm1,quality,100,5000,2.0,flexible,naive_pool,rmse,0.5439388951185019,0.007822815226263258,100
scm1,quality,100,5000,2.0,flexible,naive_pool,bias,0.5384159524953677,0.007770563283953491,100
scm1,quality,100,5000,2.0,flexible,naive_pool,coverage,0.0,0.0,100
scm1,quality,100,5000,2.0,flexible,naive_pool,ci_length,0.29298111615164335,0.002655318229818676,100
scm1,quality,100,5000,2.0,flexible,naive_pool,variance_hat,0.005631711755606261,0.00011003130609142367,100
scm1,quality,100,5000,2.0,flexible,obs_transported,rmse,0.5578766125196767,0.013438175092901536,100
scm1,quality,100,5000,2.0,flexible,obs_transported,bias,0.5409841368029227,0.01369305601649872,100
scm1,quality,100,5000,2.0,flexible,obs_transported,coverage,0.04,0.01969463855669324,100
scm1,quality,100,5000,2.0,flexible,obs_transported,ci_length,0.501399784294465,0.006283519891848566,100
scm1,quality,100,5000,2.0,flexible,obs_transported,variance_hat,0.016615466624037477,0.00042129827627997716,100
scm1,quality,100,5000,2.0,flexible,omega_only,rmse,0.4576069186684819,0.03139480598223446,100
scm1,quality,100,5000,2.0,flexible,omega_only,bias,-0.004988936494839703,0.04598849246991781,100
scm1,quality,100,5000,2.0,flexible,omega_only,coverage,0.97,0.01714466079977653,100
scm1,quality,100,5000,2.0,flexible,omega_only,ci_length,1.8990961615487427,0.03649164716806125,100
scm1,quality,100,5000,2.0,flexible,omega_only,variance_hat,0.24329289967010864,0.009623131930139635,100
scm1,quality,100,5000,2.0,flexible,omega_only,lambda_used,0.0,0.0,100
scm1,quality,100,5000,2.0,flexible,omega_only,omega_used,0.6284251106557537,0.040392226533236764,100
scm1,quality,100,5000,2.0,flexible,oracle_joint,rmse,0.37667265546033446,0.023680043847758434,100
scm1,quality,100,5000,2.0,flexible,oracle_joint,bias,0.001739430328932564,0.03785662262140805,100
scm1,quality,100,5000,2.0,flexible,oracle_joint,coverage,0.93,0.025643239997624283,100
scm1,quality,100,5000,2.0,flexible,oracle_joint,ci_length,1.4728687929487054,0.0203127287088689,100
scm1,quality,100,5000,2.0,flexible,oracle_joint,variance_hat,0.1438379709518285,0.004051187930915138,100
scm1,quality,100,5000,2.0,flexible,oracle_joint,lambda_used,0.9789806918400711,0.0026220010116430313,100
scm1,quality,100,5000,2.0,flexible,oracle_joint,omega_used,0.925902746711494,0.0052667184786612895,100
scm1,quality,100,5000,2.0,flexible,oracle_lambda_only,rmse,0.394579578854218,0.027577315009822797,100
scm1,quality,100,5000,2.0,flexible,oracle_lambda_only,bias,-0.007971311606716842,0.03964864656128662,100
scm1,quality,100,5000,2.0,flexible,oracle_lambda_only,coverage,0.95,0.021904291355759036,100
scm1,quality,100,5000,2.0,flexible,oracle_lambda_only,ci_length,1.5260808166518978,0.021354284618884625,100
scm1,quality,100,5000,2.0,flexible,oracle_lambda_only,variance_hat,0.15450297084082726,0.004397973596275695,100
scm1,quality,100,5000,2.0,flexible,oracle_lambda_only,lambda_used,0.9789806918400711,0.0026220010116430313,100
scm1,quality,100,5000,2.0,flexible,oracle_lambda_only,omega_used,0.0,0.0,100
scm1,quality,100,5000,2.0,flexible,oracle_omega_only,rmse,0.44890687950772024,0.03151964528769534,100
scm1,quality,100,5000,2.0,flexible,oracle_omega_only,bias,0.0023851110696054777,0.04511620212391894,100
scm1,quality,100,5000,2.0,flexible,oracle_omega_only,coverage,0.97,0.017144660799776532,100
scm1,quality,100,5000,2.0,flexible,oracle_omega_only,ci_length,1.882832750013393,0.03630845399481568,100
scm1,quality,100,5000,2.0,flexible,oracle_omega_only,variance_hat,0.23920412891323903,0.009486818601488577,100
scm1,quality,100,5000,2.0,flexible,oracle_omega_only,lambda_used,0.0,0.0,100
scm1,quality,100,5000,2.0,flexible,oracle_omega_only,omega_used,0.925902746711494,0.0052667184786612895,100
scm1,quality,100,5000,2.0,flexible,rct_only,rmse,0.4700527443233749,0.033963364841396705,100
scm1,quality,100,5000,2.0,flexible,rct_only,bias,-0.007325630866043922,0.04723634082706675,100
scm1,quality,100,5000,2.0,flexible,rct_only,coverage,0.97,0.017144660799776532,100
scm1,quality,100,5000,2.0,flexible,rct_only,ci_length,1.9270554253876375,0.03627939158417824,100
scm1,quality,100,5000,2.0,flexible,rct_only,variance_hat,0.2501553461231343,0.009624392058960684,100
scm1,quality,100,5000,2.0,flexible,rct_only,lambda_used,0.0,0.0,100
scm1,quality,100,5000,2.0,flexible,rct_only,omega_used,0.0,0.0,100
scm1,quality,100,5000,2.0,flexible,semi_supervised,rmse,0.4569596601993512,0.03343607085714474,100
scm1,quality,100,5000,2.0,flexible,semi_supervised,bias,-0.01087223599107154,0.04591317294458095,100
scm1,quality,100,5000,2.0,flexible,semi_supervised,coverage,0.98,0.014070529413628968,100
scm1,quality,100,5000,2.0,flexible,semi_supervised,ci_length,1.92870246125932,0.03554068202453002,100
scm1,quality,100,5000,2.0,flexible,semi_supervised,variance_hat,0.25022681690305804,0.009457180495453816,100
scm1,quality,100,5000,2.0,flexible,shrinkage,rmse,0.4724259923949343,0.02280385550173031,100
scm1,quality,100,5000,2.0,flexible,shrinkage,bias,0.3552858853827645,0.03129498910064244,100
scm1,quality,100,5000,2.0,flexible,shrinkage,coverage,0.5,0.050251890762960605,100
scm1,quality,100,5000,2.0,flexible,shrinkage,ci_length,0.9058654627217687,0.049103965253108325,100
scm1,quality,100,5000,2.0,flexible,shrinkage,variance_hat,0.06893871748669325,0.007383949273142206,100
scm1,quality,100,5000,2.0,linear,adaptive,rmse,0.5573624677585602,0.022296822096012633,100
scm1,quality,100,5000,2.0,linear,adaptive,bias,0.33915676125737276,0.04445240466383328,100
scm1,quality,100,5000,2.0,linear,adaptive,coverage,0.24,0.04292346959909279,100
scm1,quality,100,5000,2.0,linear,adaptive,ci_length,0.8143969777480268,0.060991159376604834,100
scm1,quality,100,5000,2.0,linear,adaptive,variance_hat,0.06713039994704872,0.00957460486227781,100
scm1,quality,100,5000,2.0,linear,fixed_half,rmse,0.4650350511471288,0.027583892292864603,100
scm1,quality,100,5000,2.0,linear,fixed_half,bias,-0.011218557877207132,0.04672417914434466,100
scm1,quality,100,5000,2.0,linear,fixed_half,coverage,0.9,0.03015113445777636,100
scm1,quality,100,5000,2.0,linear,fixed_half,ci_length,1.5918892288366842,0.021460467681974824,100
scm1,quality,100,5000,2.0,linear,fixed_half,variance_hat,0.16788582495203588,0.00446981189146542,100
scm1,quality,100,5000,2.0,linear,fixed_half,lambda_used,0.5,0.0,100
scm1,quality,100,5000,2.0,linear,fixed_half,omega_used,0.5,0.0,100
scm1,quality,100,5000,2.0,linear,joint,rmse,0.42534292828280273,0.026598886973730775,100
scm1,quality,100,5000,2.0,linear,joint,bias,-0.008727668091534458,0.042739572471530735,100
scm1,quality,100,5000,2.0,linear,joint,coverage,0.92,0.027265992434429072,100
scm1,quality,100,5000,2.0,linear,joint,ci_length,1.5372709821164208,0.021580508860873777,100
scm1,quality,100,5000,2.0,linear,joint,variance_hat,0.156796434819557,0.0042535432337441025,100
scm1,quality,100,5000,2.0,linear,joint,lambda_used,0.8322250371595523,0.020917328205010723,100
scm1,quality,100,5000,2.0,linear,joint,omega_used,0.683199961268655,0.04010881169636409,100
scm1,quality,100,5000,2.0,linear,lambda_only,rmse,0.44504616857084195,0.027738771496003924,100
scm1,quality,100,5000,2.0,linear,lambda_only,bias,-0.02253738071641839,0.04467143333114445,100
scm1,quality,100,5000,2.0,linear,lambda_only,coverage,0.93,0.02564323999762428,100
scm1,quality,100,5000,2.0,linear,lambda_only,ci_length,1.5781603583049284,0.021535021341065632,100
scm1,quality,100,5000,2.0,linear,lambda_only,variance_hat,0.1650741418945281,0.004377924331791984,100
scm1,quality,100,5000,2.0,linear,lambda_only,lambda_used,0.8322250371595523,0.020917328205010723,100
scm1,quality,100,5000,2.0,linear,lambda_only,omega_used,0.0,0.0,100
scm1,quality,100,5000,2.0,linear,naive_pool,rmse,0.5519924836376698,0.007327011821450661,100
scm1,quality,100,5000,2.0,linear,naive_pool,bias,0.5470789324721227,0.0073857244487447946,100
scm1,quality,100,5000,2.0,linear,naive_pool,coverage,0.0,0.0,100
scm1,quality,100,5000,2.0,linear,naive_pool,ci_length,0.2970217781164075,0.0024402103404906053,100
scm1,quality,100,5000,2.0,linear,naive_pool,variance_hat,0.005779799344787891,9.76487194365967e-05,100
scm1,quality,100,5000,2.0,linear,obs_transported,rmse,0.5534847413068118,0.012707321838145855,100
scm1,quality,100,5000,2.0,linear,obs_transported,bias,0.5387812406801877,0.012736701740169585,100
scm1,quality,100,5000,2.0,linear,obs_transported,coverage,0.01,0.009999999999999998,100
scm1,quality,100,5000,2.0,linear,obs_transported,ci_length,0.4588330897578086,0.005039316676871851,100
scm1,quality,100,5000,2.0,linear,obs_transported,variance_hat,0.013864646918342612,0.0003146061354942273,100
scm1,quality,100,5000,2.0,linear,omega_only,rmse,0.5606080704910824,0.03309606696843581,100
scm1,quality,100,5000,2.0,linear,omega_only,bias,-0.001256258904590586,0.0563430895723564,100
scm1,quality,100,5000,2.0,linear,omega_only,coverage,0.9,0.03015113445777636,100
scm1,quality,100,5000,2.0,linear,omega_only,ci_length,1.8129617293847395,0.026087024629220846,100
scm1,quality,100,5000,2.0,linear,omega_only,variance_hat,0.21828966164436048,0.0062247829467800934,100
scm1,quality,100,5000,2.0,linear,omega_only,lambda_used,0.0,0.0,100
scm1,quality,100,5000,2.0,linear,omega_only,omega_used,0.683199961268655,0.04010881169636409,100
scm1,quality,100,5000,2.0,linear,oracle_joint,rmse,0.3968983604078252,0.023073049378436898,100
scm1,quality,100,5000,2.0,linear,oracle_joint,bias,-0.008563500518446178,0.03988050015305074,100
scm1,quality,100,5000,2.0,linear,oracle_joint,coverage,0.94,0.023868325657594204,100
scm1,quality,100,5000,2.0,linear,oracle_joint,ci_length,1.5091014371328333,0.02113670109888375,100
scm1,quality,100,5000,2.0,linear,oracle_joint,variance_hat,0.15108950200446863,0.004121843105278149,100
scm1,quality,100,5000,2.0,linear,oracle_joint,lambda_used,0.9251647936585309,0.0056315027492497925,100
scm1,quality,100,5000,2.0,linear,oracle_joint,omega_used,0.9647717912467901,0.0046234739220290064,100
scm1,quality,100,5000,2.0,linear,oracle_lambda_only,rmse,0.4313920302019299,0.02633566008576886,100
scm1,quality,100,5000,2.0,linear,oracle_lambda_only,bias,-0.028477348874884532,0.0432619603737721,100
scm1,quality,100,5000,2.0,linear,oracle_lambda_only,coverage,0.93,0.02564323999762428,100
scm1,quality,100,5000,2.0,linear,oracle_lambda_only,ci_length,1.5655816222121137,0.02117866661458081,100
scm1,quality,100,5000,2.0,linear,oracle_lambda_only,variance_hat,0.16240255254089825,0.0043080277931009546,100
scm1,quality,100,5000,2.0,linear,oracle_lambda_only,lambda_used,0.9251647936585309,0.0056315027492497925,100
scm1,quality,100,5000,2.0,linear,oracle_lambda_only,omega_used,0.0,0.0,100
scm1,quality,100,5000,2.0,linear,oracle_omega_only,rmse,0.5467392804220947,0.03106526535154659,100
scm1,quality,100,5000,2.0,linear,oracle_omega_only,bias,0.0048478768269638265,0.05494720504162398,100
scm1,quality,100,5000,2.0,linear,oracle_omega_only,coverage,0.91,0.028762349126466143,100
scm1,quality,100,5000,2.0,linear,oracle_omega_only,ci_length,1.8017443733725158,0.025696126125624923,100
scm1,quality,100,5000,2.0,linear,oracle_omega_only,variance_hat,0.21552044030955322,0.00610453461604819,100
scm1,quality,100,5000,2.0,linear,oracle_omega_only,lambda_used,0.0,0.0,100
scm1,quality,100,5000,2.0,linear,oracle_omega_only,omega_used,0.9647717912467901,0.0046234739220290064,100
scm1,quality,100,5000,2.0,linear,rct_only,rmse,0.576886553273418,0.03577816421267795,100
scm1,quality,100,5000,2.0,linear,rct_only,bias,-0.015065971529474522,0.05795950448456697,100
scm1,quality,100,5000,2.0,linear,rct_only,coverage,0.9,0.03015113445777636,100
scm1,quality,100,5000,2.0,linear,rct_only,ci_length,1.849658404096131,0.027130853722171507,100
scm1,quality,100,5000,2.0,linear,rct_only,variance_hat,0.2273946314461453,0.0065955281175559145,100
scm1,quality,100,5000,2.0,linear,rct_only,lambda_used,0.0,0.0,100
scm1,quality,100,5000,2.0,linear,rct_only,omega_used,0.0,0.0,100
scm1,quality,100,5000,2.0,linear,semi_supervised,rmse,0.5730107133744479,0.03415661078042291,100
scm1,quality,100,5000,2.0,linear,semi_supervised,bias,-0.01997692574499752,0.057554734605871016,100
scm1,quality,100,5000,2.0,linear,semi_supervised,coverage,0.91,0.028762349126466143,100
scm1,quality,100,5000,2.0,linear,semi_supervised,ci_length,1.8515871980227256,0.02684266252345025,100
scm1,quality,100,5000,2.0,linear,semi_supervised,variance_hat,0.22775901290624223,0.006513638558926134,100
scm1,quality,100,5000,2.0,linear,shrinkage,rmse,0.49386836742617146,0.023175392826664868,100
scm1,quality,100,5000,2.0,linear,shrinkage,bias,0.29548275123141016,0.039771558294601606,100
scm1,quality,100,5000,2.0,linear,shrinkage,coverage,0.47,0.05016135580465918,100
scm1,quality,100,5000,2.0,linear,shrinkage,ci_length,0.950664911316276,0.049416667323598416,100
scm1,quality,100,5000,2.0,linear,shrinkage,variance_hat,0.07454996402439265,0.00684603354244772,100
scm1,rct_size,50,5000,1.0,flexible,adaptive,rmse,0.4599673561916485,0.043478468218940754,100
scm1,rct_size,50,5000,1.0,flexible,adaptive,bias,0.34239410101208634,0.030868939040980304,100
scm1,rct_size,50,5000,1.0,flexible,adaptive,coverage,0.53,0.05016135580465918,100
scm1,rct_size,50,5000,1.0,flexible,adaptive,ci_length,0.8762561013205545,0.07022593992384228,100
scm1,rct_size,50,5000,1.0,flexible,adaptive,variance_hat,0.08174377202194373,0.017662855733344786,100
scm1,rct_size,50,5000,1.0,flexible,fixed_half,rmse,0.6297667734384543,0.05043649367937884,100
scm1,rct_size,50,5000,1.0,flexible,fixed_half,bias,0.04011745519244416,0.06316538966614868,100
scm1,rct_size,50,5000,1.0,flexible,fixed_half,coverage,0.9,0.03015113445777636,100
scm1,rct_size,50,5000,1.0,flexible,fixed_half,ci_length,2.331041714973517,0.05096546835410041,100
scm1,rct_size,50,5000,1.0,flexible,fixed_half,variance_hat,0.37036098524473426,0.01665575268537146,100
scm1,rct_size,50,5000,1.0,flexible,fixed_half,lambda_used,0.5,0.0,100
scm1,rct_size,50,5000,1.0,flexible,fixed_half,omega_used,0.5,0.0,100
scm1,rct_size,50,5000,1.0,flexible,joint,rmse,0.5676708110843364,0.04598179177739922,100
scm1,rct_size,50,5000,1.0,flexible,joint,bias,0.07778091445267277,0.05651497335372516,100
scm1,rct_size,50,5000,1.0,flexible,joint,coverage,0.89,0.03144660377352201,100
scm1,rct_size,50,5000,1.0,flexible,joint,ci_length,2.214365033761696,0.04557436603481978,100
scm1,rct_size,50,5000,1.0,flexible,joint,variance_hat,0.332493331461208,0.014371615257571394,100
scm1,rct_size,50,5000,1.0,flexible,joint,lambda_used,0.8102741560579172,0.027457844704904137,100
scm1,rct_size,50,5000,1.0,flexible,joint,omega_used,0.5248250975178379,0.044488423430487596,100
scm1,rct_size,50,5000,1.0,flexible,lambda_only,rmse,0.5792574286928037,0.04638856706141072,100
scm1,rct_size,50,5000,1.0,flexible,lambda_only,bias,0.07880207022107266,0.05767633501230144,100
scm1,rct_size,50,5000,1.0,flexible,lambda_only,coverage,0.92,0.027265992434429072,100
scm1,rct_size,50,5000,1.0,flexible,lambda_only,ci_length,2.257360528303468,0.044816807415196516,100
scm1,rct_size,50,5000,1.0,flexible,lambda_only,variance_hat,0.3445645832959898,0.01435344328155736,100
scm1,rct_size,50,5000,1.0,flexible,lambda_only,lambda_used,0.8102741560579172,0.027457844704904137,100
scm1,rct_size,50,5000,1.0,flexible,lambda_only,omega_used,0.0,0.0,100
scm1,rct_size,50,5000,1.0,flexible,naive_pool,rmse,0.36204294286625266,0.010242484959387,100
scm1,rct_size,50,5000,1.0,flexible,naive_pool,bias,0.3473837657173553,0.0102492235701428,100
scm1,rct_size,50,5000,1.0,flexible,naive_pool,coverage,0.1,0.03015113445777636,100
scm1,rct_size,50,5000,1.0,flexible,naive_pool,ci_length,0.36670106167454974,0.010817294683244485,100
scm1,rct_size,50,5000,1.0,flexible,naive_pool,variance_hat,0.009505115635275885,0.000728309559176762,100
scm1,rct_size,50,5000,1.0,flexible,obs_transported,rmse,0.38716846200137933,0.014846974971740963,100
scm1,rct_size,50,5000,1.0,flexible,obs_transported,bias,0.3561593920559927,0.015258680397164765,100
scm1,rct_size,50,5000,1.0,flexible,obs_transported,coverage,0.41,0.04943110704237103,100
scm1,rct_size,50,5000,1.0,flexible,obs_transported,ci_length,0.649940226449325,0.012539094200471609,100
scm1,rct_size,50,5000,1.0,flexible,obs_transported,variance_hat,0.028504012268138822,0.0011730758192267932,100
scm1,rct_size,50,5000,1.0,flexible,omega_only,rmse,0.851001407771984,0.07310239768661024,100
scm1,rct_size,50,5000,1.0,flexible,omega_only,bias,0.03638671725684095,0.08545064160010969,100
scm1,rct_size,50,5000,1.0,flexible,omega_only,coverage,0.87,0.03379976689896311,100
scm1,rct_size,50,5000,1.0,flexible,omega_only,ci_length,2.8722686598975167,0.07772673853619713,100
scm1,rct_size,50,5000,1.0,flexible,omega_only,variance_hat,0.5758248890648437,0.03274400909357222,100
scm1,rct_size,50,5000,1.0,flexible,omega_only,lambda_used,0.0,0.0,100
scm1,rct_size,50,5000,1.0,flexible,omega_only,omega_used,0.5248250975178379,0.044488423430487596,100
scm1,rct_size,50,5000,1.0,flexible,oracle_joint,rmse,0.5130799955339234,0.03704985492239727,100
scm1,rct_size,50,5000,1.0,flexible,oracle_joint,bias,0.044072374417068544,0.05137588826731743,100
scm1,rct_size,50,5000,1.0,flexible,oracle_joint,coverage,0.91,0.028762349126466136,100
scm1,rct_size,50,5000,1.0,flexible,oracle_joint,ci_length,2.0986346088024073,0.044458574592978486,100
scm1,rct_size,50,5000,1.0,flexible,oracle_joint,variance_hat,0.29936199739485664,0.013492646629638783,100
scm1,rct_size,50,5000,1.0,flexible,oracle_joint,lambda_used,0.9840422368027362,0.0020427896064732294,100
scm1,rct_size,50,5000,1.0,flexible,oracle_joint,omega_used,0.931770622365964,0.005478895095308812,100
scm1,rct_size,50,5000,1.0,flexible,oracle_lambda_only,rmse,0.5274293024642213,0.039555251751010025,100
scm1,rct_size,50,5000,1.0,flexible,oracle_lambda_only,bias,0.05246226668194304,0.05274575761316491,100
scm1,rct_size,50,5000,1.0,flexible,oracle_lambda_only,coverage,0.93,0.025643239997624283,100
scm1,rct_size,50,5000,1.0,flexible,oracle_lambda_only,ci_length,2.177576159695802,0.0426159611743909,100
scm1,rct_size,50,5000,1.0,flexible,oracle_lambda_only,variance_hat,0.3202971875747659,0.01326795444454642,100
scm1,rct_size,50,5000,1.0,flexible,oracle_lambda_only,lambda_used,0.9840422368027362,0.0020427896064732294,100
scm1,rct_size,50,5000,1.0,flexible,oracle_lambda_only,omega_used,0.0,0.0,100
scm1,rct_size,50,5000,1.0,flexible,oracle_omega_only,rmse,0.8393611297518468,0.07188600639046219,100
scm1,rct_size,50,5000,1.0,flexible,oracle_omega_only,bias,0.029017980760366345,0.0843085400691699,100
scm1,rct_size,50,5000,1.0,flexible,oracle_omega_only,coverage,0.88,0.03265986323710904,100
scm1,rct_size,50,5000,1.0,flexible,oracle_omega_only,ci_length,2.8515891003155467,0.07873884953634683,100
scm1,rct_size,50,5000,1.0,flexible,oracle_omega_only,variance_hat,0.5691419354888883,0.033722569082137804,100
scm1,rct_size,50,5000,1.0,flexible,oracle_omega_only,lambda_used,0.0,0.0,100
scm1,rct_size,50,5000,1.0,flexible,oracle_omega_only,omega_used,0.931770622365964,0.005478895095308812,100
scm1,rct_size,50,5000,1.0,flexible,rct_only,rmse,0.8553039893986151,0.07367633922410934,100
scm1,rct_size,50,5000,1.0,flexible,rct_only,bias,0.03740787302524083,0.08587902963165034,100
scm1,rct_size,50,5000,1.0,flexible,rct_only,coverage,0.88,0.03265986323710904,100
scm1,rct_size,50,5000,1.0,flexible,rct_only,ci_length,2.9090202675469277,0.07888123136015922,100
scm1,rct_size,50,5000,1.0,flexible,rct_only,variance_hat,0.5908173143443327,0.03369273470463774,100
scm1,rct_size,50,5000,1.0,flexible,rct_only,lambda_used,0.0,0.0,100
scm1,rct_size,50,5000,1.0,flexible,rct_only,omega_used,0.0,0.0,100
scm1,rct_size,50,5000,1.0,flexible,semi_supervised,rmse,0.8608095480691192,0.07263950344494875,100
scm1,rct_size,50,5000,1.0,flexible,semi_supervised,bias,0.05421647292309375,0.08634284796703193,100
scm1,rct_size,50,5000,1.0,flexible,semi_supervised,coverage,0.9,0.03015113445777636,100
scm1,rct_size,50,5000,1.0,flexible,semi_supervised,ci_length,2.927516789887085,0.08310048490044993,100
scm1,rct_size,50,5000,1.0,flexible,semi_supervised,variance_hat,0.6022463311136671,0.037962770964343015,100
scm1,rct_size,50,5000,1.0,flexible,shrinkage,rmse,0.4734800022341416,0.04142639285289154,100
scm1,rct_size,50,5000,1.0,flexible,shrinkage,bias,0.3027381090006139,0.03658847722162988,100
scm1,rct_size,50,5000,1.0,flexible,shrinkage,coverage,0.62,0.048783173121456344,100
scm1,rct_size,50,5000,1.0,flexible,shrinkage,ci_length,1.0604702802644572,0.07275557595375655,100
scm1,rct_size,50,5000,1.0,flexible,shrinkage,variance_hat,0.10729265245840897,0.016311874072778357,100
scm1,rct_size,100,5000,1.0,flexible,adaptive,rmse,0.36935178481998937,0.018995797013027723,100
scm1,rct_size,100,5000,1.0,flexible,adaptive,bias,0.26278238642354995,0.026085747944244665,100
scm1,rct_size,100,5000,1.0,flexible,adaptive,coverage,0.32,0.04688261722621506,100
scm1,rct_size,100,5000,1.0,flexible,adaptive,ci_length,0.6807250112069615,0.05221141372931228,100
scm1,rct_size,100,5000,1.0,flexible,adaptive,variance_hat,0.047720391897104246,0.009485616372804618,100
scm1,rct_size,100,5000,1.0,flexible,fixed_half,rmse,0.3995255755380449,0.02627211849524733,100
scm1,rct_size,100,5000,1.0,flexible,fixed_half,bias,0.017704121075208995,0.040114388159785554,100
scm1,rct_size,100,5000,1.0,flexible,fixed_half,coverage,0.94,0.0238683256575942,100
scm1,rct_size,100,5000,1.0,flexible,fixed_half,ci_length,1.5537620495946498,0.024645106007202395,100
scm1,rct_size,100,5000,1.0,flexible,fixed_half,variance_hat,0.16102653744404805,0.00508000068132205,100
scm1,rct_size,100,5000,1.0,flexible,fixed_half,lambda_used,0.5,0.0,100
scm1,rct_size,100,5000,1.0,flexible,fixed_half,omega_used,0.5,0.0,100
scm1,rct_size,100,5000,1.0,flexible,joint,rmse,0.37875417087039775,0.02483361196790604,100
scm1,rct_size,100,5000,1.0,flexible,joint,bias,0.00983400322191786,0.03805339342071685,100
scm1,rct_size,100,5000,1.0,flexible,joint,coverage,0.91,0.028762349126466143,100
scm1,rct_size,100,5000,1.0,flexible,joint,ci_length,1.473729956182654,0.021632102714238596,100
scm1,rct_size,100,5000,1.0,flexible,joint,variance_hat,0.14435966427107313,0.00409752694619371,100
scm1,rct_size,100,5000,1.0,flexible,joint,lambda_used,0.8578623319747964,0.0239528693535038,100
scm1,rct_size,100,5000,1.0,flexible,joint,omega_used,0.7048076463883884,0.03706249818491415,100
scm1,rct_size,100,5000,1.0,flexible,joint_cross_fitted,rmse,0.21855925192090964,0.01673789062494161,100
scm1,rct_size,100,5000,1.0,flexible,joint_cross_fitted,bias,0.01723951484332793,0.0218975912443582,100
scm1,rct_size,100,5000,1.0,flexible,joint_cross_fitted,coverage,0.9,0.03015113445777636,100
scm1,rct_size,100,5000,1.0,flexible,joint_cross_fitted,ci_length,0.8119275469928333,0.006392994865128475,100
scm1,rct_size,100,5000,1.0,flexible,joint_cross_fitted,variance_hat,0.04316540541472999,0.0006845316287657738,100
scm1,rct_size,100,5000,1.0,flexible,lambda_only,rmse,0.38815712466457253,0.02693506142707981,100
scm1,rct_size,100,5000,1.0,flexible,lambda_only,bias,0.0099313252623452,0.038998487694895424,100
scm1,rct_size,100,5000,1.0,flexible,lambda_only,coverage,0.92,0.027265992434429072,100
scm1,rct_size,100,5000,1.0,flexible,lambda_only,ci_length,1.5055885175340311,0.02277924041478546,100
scm1,rct_size,100,5000,1.0,flexible,lambda_only,variance_hat,0.15086503447829677,0.0044618875882819825,100
scm1,rct_size,100,5000,1.0,flexible,lambda_only,lambda_used,0.8578623319747964,0.0239528693535038,100
scm1,rct_size,100,5000,1.0,flexible,lambda_only,omega_used,0.0,0.0,100
scm1,rct_size,100,5000,1.0,flexible,naive_pool,rmse,0.35271169911381023,0.008136920786573056,100
scm1,rct_size,100,5000,1.0,flexible,naive_pool,bias,0.3428341935919632,0.008330459138218498,100
scm1,rct_size,100,5000,1.0,flexible,naive_pool,coverage,0.0,0.0,100
scm1,rct_size,100,5000,1.0,flexible,naive_pool,ci_length,0.29518691195694424,0.0023257463984153576,100
scm1,rct_size,100,5000,1.0,flexible,naive_pool,variance_hat,0.0057055677034108946,9.308178684017362e-05,100
scm1,rct_size,100,5000,1.0,flexible,obs_transported,rmse,0.36592094769555905,0.010153602801793882,100
scm1,rct_size,100,5000,1.0,flexible,obs_transported,bias,0.3494357456007184,0.010914173742138975,100
scm1,rct_size,100,5000,1.0,flexible,obs_transported,coverage,0.2,0.04020151261036849,100
scm1,rct_size,100,5000,1.0,flexible,obs_transported,ci_length,0.4918311289522088,0.004694936301453684,100
scm1,rct_size,100,5000,1.0,flexible,obs_transported,variance_hat,0.01588459430777503,0.0003057401446269105,100
scm1,rct_size,100,5000,1.0,flexible,omega_only,rmse,0.46321245839650277,0.03139961864211845,100
scm1,rct_size,100,5000,1.0,flexible,omega_only,bias,0.017941416080084163,0.04651966969696668,100
scm1,rct_size,100,5000,1.0,flexible,omega_only,coverage,0.94,0.023868325657594204,100
scm1,rct_size,100,5000,1.0,flexible,omega_only,ci_length,1.8121453580256566,0.032554075061968946,100
scm1,rct_size,100,5000,1.0,flexible,omega_only,variance_hat,0.22054042287719322,0.008221727407310255,100
scm1,rct_size,100,5000,1.0,flexible,omega_only,lambda_used,0.0,0.0,100
scm1,rct_size,100,5000,1.0,flexible,omega_only,omega_used,0.7048076463883884,0.03706249818491415,100
scm1,rct_size,100,5000,1.0,flexible,oracle_joint,rmse,0.3704356731745958,0.023186289937590646,100
scm1,rct_size,100,5000,1.0,flexible,oracle_joint,bias,0.016348827098531804,0.037193909544442676,100
scm1,rct_size,100,5000,1.0,flexible,oracle_joint,coverage,0.92,0.027265992434429075,100
scm1,rct_size,100,5000,1.0,flexible,oracle_joint,ci_length,1.4532218499206462,0.021512102748588894,100
scm1,rct_size,100,5000,1.0,flexible,oracle_joint,variance_hat,0.1404198334344521,0.004003365450606198,100
scm1,rct_size,100,5000,1.0,flexible,oracle_joint,lambda_used,0.9733906771873418,0.002523856010351205,100
scm1,rct_size,100,5000,1.0,flexible,oracle_joint,omega_used,0.9202089170163654,0.005656281961595273,100
scm1,rct_size,100,5000,1.0,flexible,oracle_lambda_only,rmse,0.3852887781246974,0.02682194015134765,100
scm1,rct_size,100,5000,1.0,flexible,oracle_lambda_only,bias,0.013797330493172267,0.03869814239011089,100
scm1,rct_size,100,5000,1.0,flexible,oracle_lambda_only,coverage,0.93,0.025643239997624283,100
scm1,rct_size,100,5000,1.0,flexible,oracle_lambda_only,ci_length,1.4914147779779072,0.02277325986328848,100
scm1,rct_size,100,5000,1.0,flexible,oracle_lambda_only,variance_hat,0.14809878624931996,0.004445527380498084,100
scm1,rct_size,100,5000,1.0,flexible,oracle_lambda_only,lambda_used,0.9733906771873418,0.002523856010351205,100
scm1,rct_size,100,5000,1.0,flexible,oracle_lambda_only,omega_used,0.0,0.0,100
scm1,rct_size,100,5000,1.0,flexible,oracle_omega_only,rmse,0.45592643697545543,0.031010289800177025,100
scm1,rct_size,100,5000,1.0,flexible,oracle_omega_only,bias,0.02059023472587105,0.04577557883685543,100
scm1,rct_size,100,5000,1.0,flexible,oracle_omega_only,coverage,0.94,0.023868325657594204,100
scm1,rct_size,100,5000,1.0,flexible,oracle_omega_only,ci_length,1.8053483118643225,0.03235524113165123,100
scm1,rct_size,100,5000,1.0,flexible,oracle_omega_only,variance_hat,0.21885707913066635,0.008108390536751614,100
scm1,rct_size,100,5000,1.0,flexible,oracle_omega_only,lambda_used,0.0,0.0,100
scm1,rct_size,100,5000,1.0,flexible,oracle_omega_only,omega_used,0.9202089170163654,0.005656281961595273,100
scm1,rct_size,100,5000,1.0,flexible,rct_only,rmse,0.47593494446880696,0.033724455933330934,100
scm1,rct_size,100,5000,1.0,flexible,rct_only,bias,0.0180387381205115,0.04779889218249939,100
scm1,rct_size,100,5000,1.0,flexible,rct_only,coverage,0.93,0.025643239997624283,100
scm1,rct_size,100,5000,1.0,flexible,rct_only,ci_length,1.8396822585568584,0.03378874434357586,100
scm1,rct_size,100,5000,1.0,flexible,rct_only,variance_hat,0.22761255690124343,0.008745991010043018,100
scm1,rct_size,100,5000,1.0,flexible,rct_only,lambda_used,0.0,0.0,100
scm1,rct_size,100,5000,1.0,flexible,rct_only,omega_used,0.0,0.0,100
scm1,rct_size,100,5000,1.0,flexible,semi_supervised,rmse,0.46831790957489483,0.035267775774549044,100
scm1,rct_size,100,5000,1.0,flexible,semi_supervised,bias,0.012088265352306555,0.0470520384888184,100
scm1,rct_size,100,5000,1.0,flexible,semi_supervised,coverage,0.94,0.023868325657594204,100
scm1,rct_size,100,5000,1.0,flexible,semi_supervised,ci_length,1.853038765072988,0.034473946791453505,100
scm1,rct_size,100,5000,1.0,flexible,semi_supervised,variance_hat,0.23112375261334492,0.009064190931235139,100
scm1,rct_size,100,5000,1.0,flexible,shrinkage,rmse,0.37270308526960966,0.017272951325927047,100
scm1,rct_size,100,5000,1.0,flexible,shrinkage,bias,0.21583428561732565,0.03053779756327562,100
scm1,rct_size,100,5000,1.0,flexible,shrinkage,coverage,0.46,0.05009082659620331,100
scm1,rct_size,100,5000,1.0,flexible,shrinkage,ci_length,0.7871454642059973,0.045755812975671266,100
scm1,rct_size,100,5000,1.0,flexible,shrinkage,variance_hat,0.05381183738395915,0.006898897188211064,100
scm1,rct_size,200,5000,1.0,flexible,adaptive,rmse,0.34672362178747673,0.011180956070524418,100
scm1,rct_size,200,5000,1.0,flexible,adaptive,bias,0.2783739938518261,0.02077420444268204,100
scm1,rct_size,200,5000,1.0,flexible,adaptive,coverage,0.3,0.04605661864718382,100
scm1,rct_size,200,5000,1.0,flexible,adaptive,ci_length,0.587202720993366,0.03736764366335352,100
scm1,rct_size,200,5000,1.0,flexible,adaptive,variance_hat,0.03143628479381403,0.004179352852069209,100
scm1,rct_size,200,5000,1.0,flexible,fixed_half,rmse,0.24734804045267214,0.017874145794139297,100
scm1,rct_size,200,5000,1.0,flexible,fixed_half,bias,0.005569828976183216,0.024853109904573636,100
scm1,rct_size,200,5000,1.0,flexible,fixed_half,coverage,0.95,0.02190429135575904,100
scm1,rct_size,200,5000,1.0,flexible,fixed_half,ci_length,1.0855141770108272,0.01121251897175039,100
scm1,rct_size,200,5000,1.0,flexible,fixed_half,variance_hat,0.07749577840481843,0.0015979362930930256,100
scm1,rct_size,200,5000,1.0,flexible,fixed_half,lambda_used,0.5,0.0,100
scm1,rct_size,200,5000,1.0,flexible,fixed_half,omega_used,0.5,0.0,100
scm1,rct_size,200,5000,1.0,flexible,joint,rmse,0.24255978881763987,0.018232483084954818,100
scm1,rct_size,200,5000,1.0,flexible,joint,bias,0.017853688599513452,0.024312049004858536,100
scm1,rct_size,200,5000,1.0,flexible,joint,coverage,0.95,0.02190429135575904,100
scm1,rct_size,200,5000,1.0,flexible,joint,ci_length,1.0592625773061928,0.011238127596218672,100
scm1,rct_size,200,5000,1.0,flexible,joint,variance_hat,0.07383526131040073,0.0015560296500249154,100
scm1,rct_size,200,5000,1.0,flexible,joint,lambda_used,0.8550564320528744,0.02085315788632943,100
scm1,rct_size,200,5000,1.0,flexible,joint,omega_used,0.7457264336343989,0.03207846937272788,100
scm1,rct_size,200,5000,1.0,flexible,lambda_only,rmse,0.24225623022508735,0.01778506960975986,100
scm1,rct_size,200,5000,1.0,flexible,lambda_only,bias,0.016848074677391116,0.02428871448094203,100
scm1,rct_size,200,5000,1.0,flexible,lambda_only,coverage,0.95,0.02190429135575904,100
scm1,rct_size,200,5000,1.0,flexible,lambda_only,ci_length,1.0944163762209145,0.010999348352479751,100
scm1,rct_size,200,5000,1.0,flexible,lambda_only,variance_hat,0.07872821509743985,0.0015743294521019472,100
scm1,rct_size,200,5000,1.0,flexible,lambda_only,lambda_used,0.8550564320528744,0.02085315788632943,100
scm1,rct_size,200,5000,1.0,flexible,lambda_only,omega_used,0.0,0.0,100
scm1,rct_size,200,5000,1.0,flexible,naive_pool,rmse,0.34070860258404,0.007015816367724688,100
scm1,rct_size,200,5000,1.0,flexible,naive_pool,bias,0.333144234143504,0.007175485153560333,100
scm1,rct_size,200,5000,1.0,flexible,naive_pool,coverage,0.01,0.009999999999999998,100
scm1,rct_size,200,5000,1.0,flexible,naive_pool,ci_length,0.27077124935741886,0.0011162578218229637,100
scm1,rct_size,200,5000,1.0,flexible,naive_pool,variance_hat,0.004779462049931633,4.018796842462985e-05,100
scm1,rct_size,200,5000,1.0,flexible,obs_transported,rmse,0.3764048334322494,0.010323772823245514,100
scm1,rct_size,200,5000,1.0,flexible,obs_transported,bias,0.35952149102736614,0.011202856832896367,100
scm1,rct_size,200,5000,1.0,flexible,obs_transported,coverage,0.09,0.028762349126466143,100
scm1,rct_size,200,5000,1.0,flexible,obs_transported,ci_length,0.39543985489752786,0.003052436298453929,100
scm1,rct_size,200,5000,1.0,flexible,obs_transported,variance_hat,0.01023667736344571,0.00015982646200936215,100
scm1,rct_size,200,5000,1.0,flexible,omega_only,rmse,0.28448664794574985,0.018673374497564333,100
scm1,rct_size,200,5000,1.0,flexible,omega_only,bias,0.0008925769822257001,0.028591843183391214,100
scm1,rct_size,200,5000,1.0,flexible,omega_only,coverage,0.94,0.023868325657594204,100
scm1,rct_size,200,5000,1.0,flexible,omega_only,ci_length,1.1866463963900318,0.014667017526626493,100
scm1,rct_size,200,5000,1.0,flexible,omega_only,variance_hat,0.09302629259453257,0.0023080240563071253,100
scm1,rct_size,200,5000,1.0,flexible,omega_only,lambda_used,0.0,0.0,100
scm1,rct_size,200,5000,1.0,flexible,omega_only,omega_used,0.7457264336343989,0.03207846937272788,100
scm1,rct_size,200,5000,1.0,flexible,oracle_joint,rmse,0.23616146457686252,0.01795694138786485,100
scm1,rct_size,200,5000,1.0,flexible,oracle_joint,bias,0.010988220012939665,0.023709414311413553,100
scm1,rct_size,200,5000,1.0,flexible,oracle_joint,coverage,0.95,0.02190429135575904,100
scm1,rct_size,200,5000,1.0,flexible,oracle_joint,ci_length,1.0411642458405124,0.010679628539537394,100
scm1,rct_size,200,5000,1.0,flexible,oracle_joint,variance_hat,0.07128244958820322,0.0014550110119408374,100
scm1,rct_size,200,5000,1.0,flexible,oracle_joint,lambda_used,0.9603055310454829,0.0035508617211425903,100
scm1,rct_size,200,5000,1.0,flexible,oracle_joint,omega_used,0.8949724961353381,0.005555910941150283,100
scm1,rct_size,200,5000,1.0,flexible,oracle_lambda_only,rmse,0.2402324008698717,0.017756108578804518,100
scm1,rct_size,200,5000,1.0,flexible,oracle_lambda_only,bias,0.0168111812417588,0.02408507451249254,100
scm1,rct_size,200,5000,1.0,flexible,oracle_lambda_only,coverage,0.95,0.02190429135575904,100
scm1,rct_size,200,5000,1.0,flexible,oracle_lambda_only,ci_length,1.0833039520733156,0.010738963535896054,100
scm1,rct_size,200,5000,1.0,flexible,oracle_lambda_only,variance_hat,0.07711684000352335,0.0015255700770486168,100
scm1,rct_size,200,5000,1.0,flexible,oracle_lambda_only,lambda_used,0.9603055310454829,0.0035508617211425903,100
scm1,rct_size,200,5000,1.0,flexible,oracle_lambda_only,omega_used,0.0,0.0,100
scm1,rct_size,200,5000,1.0,flexible,oracle_omega_only,rmse,0.28229922994414586,0.0185327157554311,100
scm1,rct_size,200,5000,1.0,flexible,oracle_omega_only,bias,-0.005935998168715765,0.028365867088542097,100
scm1,rct_size,200,5000,1.0,flexible,oracle_omega_only,coverage,0.94,0.023868325657594204,100
scm1,rct_size,200,5000,1.0,flexible,oracle_omega_only,ci_length,1.1813924709486756,0.014345398195978118,100
scm1,rct_size,200,5000,1.0,flexible,oracle_omega_only,variance_hat,0.0921564886545537,0.0022470263214740085,100
scm1,rct_size,200,5000,1.0,flexible,oracle_omega_only,lambda_used,0.0,0.0,100
scm1,rct_size,200,5000,1.0,flexible,oracle_omega_only,omega_used,0.8949724961353381,0.005555910941150283,100
scm1,rct_size,200,5000,1.0,flexible,rct_only,rmse,0.2804446252586714,0.018492464043566224,100
scm1,rct_size,200,5000,1.0,flexible,rct_only,bias,-0.00011303693989663355,0.02818574305758768,100
scm1,rct_size,200,5000,1.0,flexible,rct_only,coverage,0.94,0.023868325657594204,100
scm1,rct_size,200,5000,1.0,flexible,rct_only,ci_length,1.2173593119269797,0.01479450915209339,100
scm1,rct_size,200,5000,1.0,flexible,rct_only,variance_hat,0.09785556979286576,0.002384752625302457,100
scm1,rct_size,200,5000,1.0,flexible,rct_only,lambda_used,0.0,0.0,100
scm1,rct_size,200,5000,1.0,flexible,rct_only,omega_used,0.0,0.0,100
scm1,rct_size,200,5000,1.0,flexible,semi_supervised,rmse,0.29235468877303533,0.019306875608730196,100
scm1,rct_size,200,5000,1.0,flexible,semi_supervised,bias,-0.0013611931638277152,0.029382433287019522,100
scm1,rct_size,200,5000,1.0,flexible,semi_supervised,coverage,0.95,0.021904291355759036,100
scm1,rct_size,200,5000,1.0,flexible,semi_supervised,ci_length,1.212230737363977,0.015004429119330573,100
scm1,rct_size,200,5000,1.0,flexible,semi_supervised,variance_hat,0.09708496086175403,0.0023938665542443363,100
scm1,rct_size,200,5000,1.0,flexible,shrinkage,rmse,0.3061464655998684,0.012631366034320886,100
scm1,rct_size,200,5000,1.0,flexible,shrinkage,bias,0.22911415398365384,0.020408050214858395,100
scm1,rct_size,200,5000,1.0,flexible,shrinkage,coverage,0.52,0.05021167315686782,100
scm1,rct_size,200,5000,1.0,flexible,shrinkage,ci_length,0.6526524112836326,0.029268645773388065,100
scm1,rct_size,200,5000,1.0,flexible,shrinkage,variance_hat,0.03324022869373405,0.0028744052785181903,100
scm1,rct_size,400,5000,1.0,flexible,adaptive,rmse,0.27451944122619193,0.00993025246463298,100
scm1,rct_size,400,5000,1.0,flexible,adaptive,bias,0.18892359181380033,0.020017366214736664,100
scm1,rct_size,400,5000,1.0,flexible,adaptive,coverage,0.42,0.04960449637488583,100
scm1,rct_size,400,5000,1.0,flexible,adaptive,ci_length,0.5257619233170568,0.025051954481478223,100
scm1,rct_size,400,5000,1.0,flexible,adaptive,variance_hat,0.022033168759813707,0.0019019736832748275,100
scm1,rct_size,400,5000,1.0,flexible,fixed_half,rmse,0.19342800943854857,0.013375082668479667,100
scm1,rct_size,400,5000,1.0,flexible,fixed_half,bias,0.02698673942567948,0.01925011104009158,100
scm1,rct_size,400,5000,1.0,flexible,fixed_half,coverage,0.95,0.021904291355759036,100
scm1,rct_size,400,5000,1.0,flexible,fixed_half,ci_length,0.7661210649421929,0.0056080031999996794,100
scm1,rct_size,400,5000,1.0,flexible,fixed_half,variance_hat,0.03840045110328491,0.0005576274658828815,100
scm1,rct_size,400,5000,1.0,flexible,fixed_half,lambda_used,0.5,0.0,100
scm1,rct_size,400,5000,1.0,flexible,fixed_half,omega_used,0.5,0.0,100
scm1,rct_size,400,5000,1.0,flexible,joint,rmse,0.19410280542020492,0.012217677298039027,100
scm1,rct_size,400,5000,1.0,flexible,joint,bias,0.03275261528997124,0.01922833695505627,100
scm1,rct_size,400,5000,1.0,flexible,joint,coverage,0.95,0.021904291355759036,100
scm1,rct_size,400,5000,1.0,flexible,joint,ci_length,0.7564427086276987,0.005341454167196269,100
scm1,rct_size,400,5000,1.0,flexible,joint,variance_hat,0.03742264204862093,0.0005267051874035476,100
scm1,rct_size,400,5000,1.0,flexible,joint,lambda_used,0.8518708571829937,0.019984590579073036,100
scm1,rct_size,400,5000,1.0,flexible,joint,omega_used,0.7250432752200328,0.02730765877047947,100
scm1,rct_size,400,5000,1.0,flexible,lambda_only,rmse,0.19502939354416457,0.012349385562625445,100
scm1,rct_size,400,5000,1.0,flexible,lambda_only,bias,0.033725726771851476,0.01930589476627319,100
scm1,rct_size,400,5000,1.0,flexible,lambda_only,coverage,0.96,0.019694638556693237,100
scm1,rct_size,400,5000,1.0,flexible,lambda_only,ci_length,0.7756448158730244,0.005585873139192441,100
scm1,rct_size,400,5000,1.0,flexible,lambda_only,variance_hat,0.039354442186589574,0.0005658733987410222,100
scm1,rct_size,400,5000,1.0,flexible,lambda_only,lambda_used,0.8518708571829937,0.019984590579073036,100
scm1,rct_size,400,5000,1.0,flexible,lambda_only,omega_used,0.0,0.0,100
scm1,rct_size,400,5000,1.0,flexible,naive_pool,rmse,0.3152492750279136,0.005951038641144967,100
scm1,rct_size,400,5000,1.0,flexible,naive_pool,bias,0.3098253324153227,0.005852020974713239,100
scm1,rct_size,400,5000,1.0,flexible,naive_pool,coverage,0.0,0.0,100
scm1,rct_size,400,5000,1.0,flexible,naive_pool,ci_length,0.25440851150171206,0.00069966782503034,100
scm1,rct_size,400,5000,1.0,flexible,naive_pool,variance_hat,0.00421533574348493,2.316230432376309e-05,100
scm1,rct_size,400,5000,1.0,flexible,obs_transported,rmse,0.35489349920569424,0.008022874549278292,100
scm1,rct_size,400,5000,1.0,flexible,obs_transported,bias,0.3456282615035737,0.008096950809340735,100
scm1,rct_size,400,5000,1.0,flexible,obs_transported,coverage,0.02,0.014070529413628966,100
scm1,rct_size,400,5000,1.0,flexible,obs_transported,ci_length,0.32841687875583625,0.0015379642109235524,100
scm1,rct_size,400,5000,1.0,flexible,obs_transported,variance_hat,0.0070345550580240435,6.647528283189654e-05,100
scm1,rct_size,400,5000,1.0,flexible,omega_only,rmse,0.20845544412795003,0.015564391105659728,100
scm1,rct_size,400,5000,1.0,flexible,omega_only,bias,0.02488726967982726,0.020800712884652336,100
scm1,rct_size,400,5000,1.0,flexible,omega_only,coverage,0.95,0.02190429135575904,100
scm1,rct_size,400,5000,1.0,flexible,omega_only,ci_length,0.8039604962392016,0.00603780130861305,100
scm1,rct_size,400,5000,1.0,flexible,omega_only,variance_hat,0.04229913421376508,0.0006353198925277751,100
scm1,rct_size,400,5000,1.0,flexible,omega_only,lambda_used,0.0,0.0,100
scm1,rct_size,400,5000,1.0,flexible,omega_only,omega_used,0.7250432752200328,0.02730765877047947,100
scm1,rct_size,400,5000,1.0,flexible,oracle_joint,rmse,0.18994947512228066,0.012294746940344062,100
scm1,rct_size,400,5000,1.0,flexible,oracle_joint,bias,0.027726752285945063,0.018886163581236123,100
scm1,rct_size,400,5000,1.0,flexible,oracle_joint,coverage,0.94,0.023868325657594204,100
scm1,rct_size,400,5000,1.0,flexible,oracle_joint,ci_length,0.7514486155944566,0.005393493511928394,100
scm1,rct_size,400,5000,1.0,flexible,oracle_joint,variance_hat,0.036936157318375885,0.0005271916467198066,100
scm1,rct_size,400,5000,1.0,flexible,oracle_joint,lambda_used,0.9448862370305846,0.004581714436994518,100
scm1,rct_size,400,5000,1.0,flexible,oracle_joint,omega_used,0.8502223785081822,0.005632629426048684,100
scm1,rct_size,400,5000,1.0,flexible,oracle_lambda_only,rmse,0.19172902370954237,0.01237000136188178,100
scm1,rct_size,400,5000,1.0,flexible,oracle_lambda_only,bias,0.0312592586306257,0.01901165970854502,100
scm1,rct_size,400,5000,1.0,flexible,oracle_lambda_only,coverage,0.96,0.019694638556693237,100
scm1,rct_size,400,5000,1.0,flexible,oracle_lambda_only,ci_length,0.7733975850281308,0.005565407010570286,100
scm1,rct_size,400,5000,1.0,flexible,oracle_lambda_only,variance_hat,0.03912642659689162,0.0005622327092585119,100
scm1,rct_size,400,5000,1.0,flexible,oracle_lambda_only,lambda_used,0.9448862370305846,0.004581714436994518,100
scm1,rct_size,400,5000,1.0,flexible,oracle_lambda_only,omega_used,0.0,0.0,100
scm1,rct_size,400,5000,1.0,flexible,oracle_omega_only,rmse,0.20796658262200018,0.01567674594366532,100
scm1,rct_size,400,5000,1.0,flexible,oracle_omega_only,bias,0.022327874817026864,0.020780615844703337,100
scm1,rct_size,400,5000,1.0,flexible,oracle_omega_only,coverage,0.94,0.023868325657594204,100
scm1,rct_size,400,5000,1.0,flexible,oracle_omega_only,ci_length,0.801268705366109,0.006099135464089084,100
scm1,rct_size,400,5000,1.0,flexible,oracle_omega_only,variance_hat,0.04202272588528789,0.0006395987005202006,100
scm1,rct_size,400,5000,1.0,flexible,oracle_omega_only,lambda_used,0.0,0.0,100
scm1,rct_size,400,5000,1.0,flexible,oracle_omega_only,omega_used,0.8502223785081822,0.005632629426048684,100
scm1,rct_size,400,5000,1.0,flexible,rct_only,rmse,0.20984344133745467,0.015178109807763178,100
scm1,rct_size,400,5000,1.0,flexible,rct_only,bias,0.025860381161707507,0.020929296695948486,100
scm1,rct_size,400,5000,1.0,flexible,rct_only,coverage,0.95,0.02190429135575904,100
scm1,rct_size,400,5000,1.0,flexible,rct_only,ci_length,0.8210830871626505,0.006332854742454398,100
scm1,rct_size,400,5000,1.0,flexible,rct_only,variance_hat,0.04413348336841768,0.0006797189144745968,100
scm1,rct_size,400,5000,1.0,flexible,rct_only,lambda_used,0.0,0.0,100
scm1,rct_size,400,5000,1.0,flexible,rct_only,omega_used,0.0,0.0,100
scm1,rct_size,400,5000,1.0,flexible,semi_supervised,rmse,0.21294318844260735,0.015528338626107226,100
scm1,rct_size,400,5000,1.0,flexible,semi_supervised,bias,0.024180824064077875,0.0212631633030787,100
scm1,rct_size,400,5000,1.0,flexible,semi_supervised,coverage,0.94,0.023868325657594204,100
scm1,rct_size,400,5000,1.0,flexible,semi_supervised,ci_length,0.8158682098211077,0.006095089796436736,100
scm1,rct_size,400,5000,1.0,flexible,semi_supervised,variance_hat,0.04355889447741066,0.0006543406807695574,100
scm1,rct_size,400,5000,1.0,flexible,shrinkage,rmse,0.23603018991604824,0.010415761237170805,100
scm1,rct_size,400,5000,1.0,flexible,shrinkage,bias,0.16475503975420294,0.016986633909926552,100
scm1,rct_size,400,5000,1.0,flexible,shrinkage,coverage,0.63,0.048523658709390974,100
scm1,rct_size,400,5000,1.0,flexible,shrinkage,ci_length,0.5330503681636328,0.0173421203426234,100
scm1,rct_size,400,5000,1.0,flexible,shrinkage,variance_hat,0.020429534345658237,0.0011983689904902866,100
scm2,obs_size,100,1000,1.0,flexible,adaptive,rmse,0.3597869882781189,0.02097907685442477,100
scm2,obs_size,100,1000,1.0,flexible,adaptive,bias,-0.25267211594124644,0.02574221050369003,100
scm2,obs_size,100,1000,1.0,flexible,adaptive,coverage,0.78,0.041633319989322654,100
scm2,obs_size,100,1000,1.0,flexible,adaptive,ci_length,0.9693241279776528,0.032802552772770915,100
scm2,obs_size,100,1000,1.0,flexible,adaptive,variance_hat,0.06808051662670453,0.005888564358400728,100
scm2,obs_size,100,1000,1.0,flexible,fixed_half,rmse,0.48312766818878594,0.04046478770482926,100
scm2,obs_size,100,1000,1.0,flexible,fixed_half,bias,0.023893039710022355,0.04849674220266977,100
scm2,obs_size,100,1000,1.0,flexible,fixed_half,coverage,0.93,0.025643239997624283,100
scm2,obs_size,100,1000,1.0,flexible,fixed_half,ci_length,1.804376236006241,0.03585396098012809,100
scm2,obs_size,100,1000,1.0,flexible,fixed_half,variance_hat,0.2201662769439273,0.008824658758547602,100
scm2,obs_size,100,1000,1.0,flexible,fixed_half,lambda_used,0.5,0.0,100
scm2,obs_size,100,1000,1.0,flexible,fixed_half,omega_used,0.5,0.0,100
scm2,obs_size,100,1000,1.0,flexible,joint,rmse,0.45869935721988514,0.034557788476283706,100
scm2,obs_size,100,1000,1.0,flexible,joint,bias,0.0009814388100021843,0.046100914460112025,100
scm2,obs_size,100,1000,1.0,flexible,joint,coverage,0.95,0.02190429135575904,100
scm2,obs_size,100,1000,1.0,flexible,joint,ci_length,1.7744967104046907,0.033612819419791315,100
scm2,obs_size,100,1000,1.0,flexible,joint,variance_hat,0.21220394833968867,0.008124001863061064,100
scm2,obs_size,100,1000,1.0,flexible,joint,lambda_used,0.8526538953688734,0.01980803497530857,100
scm2,obs_size,100,1000,1.0,flexible,joint,omega_used,0.6096783348876361,0.039126968636903264,100
scm2,obs_size,100,1000,1.0,flexible,lambda_only,rmse,0.47035431897880414,0.033132250088894144,100
scm2,obs_size,100,1000,1.0,flexible,lambda_only,bias,0.014409156076538459,0.0472502003205819,100
scm2,obs_size,100,1000,1.0,flexible,lambda_only,coverage,0.95,0.02190429135575904,100
scm2,obs_size,100,1000,1.0,flexible,lambda_only,ci_length,1.8100577351261788,0.03318382903497935,100
scm2,obs_size,100,1000,1.0,flexible,lambda_only,variance_hat,0.22031503179768946,0.008102619041308193,100
scm2,obs_size,100,1000,1.0,flexible,lambda_only,lambda_used,0.8526538953688734,0.01980803497530857,100
scm2,obs_size,100,1000,1.0,flexible,lambda_only,omega_used,0.0,0.0,100
scm2,obs_size,100,1000,1.0,flexible,naive_pool,rmse,0.36575200369271,0.018577783959016856,100
scm2,obs_size,100,1000,1.0,flexible,naive_pool,bias,-0.29874337302055454,0.021207709023741722,100
scm2,obs_size,100,1000,1.0,flexible,naive_pool,coverage,0.68,0.04688261722621507,100
scm2,obs_size,100,1000,1.0,flexible,naive_pool,ci_length,0.7874439160191349,0.013790015296174463,100
scm2,obs_size,100,1000,1.0,flexible,naive_pool,variance_hat,0.04157887916816914,0.0017100299128171073,100
scm2,obs_size,100,1000,1.0,flexible,obs_transported,rmse,0.3935617591511356,0.022069760397091208,100
scm2,obs_size,100,1000,1.0,flexible,obs_transported,bias,-0.31762693984699775,0.023355830139620164,100
scm2,obs_size,100,1000,1.0,flexible,obs_transported,coverage,0.69,0.04648231987117317,100
scm2,obs_size,100,1000,1.0,flexible,obs_transported,ci_length,0.8973929756387935,0.014302631102172333,100
scm2,obs_size,100,1000,1.0,flexible,obs_transported,variance_hat,0.053727382724143825,0.0020816996669611597,100
scm2,obs_size,100,1000,1.0,flexible,omega_only,rmse,0.5733804301553173,0.051779909633040334,100
scm2,obs_size,100,1000,1.0,flexible,omega_only,bias,0.028328289064003306,0.0575565269555932,100
scm2,obs_size,100,1000,1.0,flexible,omega_only,coverage,0.92,0.027265992434429072,100
scm2,obs_size,100,1000,1.0,flexible,omega_only,ci_length,2.092053875101297,0.0486586364914696,100
scm2,obs_size,100,1000,1.0,flexible,omega_only,variance_hat,0.30008704109373036,0.014521830659242818,100
scm2,obs_size,100,1000,1.0,flexible,omega_only,lambda_used,0.0,0.0,100
scm2,obs_size,100,1000,1.0,flexible,omega_only,omega_used,0.6096783348876361,0.039126968636903264,100
scm2,obs_size,100,1000,1.0,flexible,oracle_joint,rmse,0.45761185531914866,0.03371888909058561,100
scm2,obs_size,100,1000,1.0,flexible,oracle_joint,bias,0.010606585810258222,0.04597936630620338,100
scm2,obs_size,100,1000,1.0,flexible,oracle_joint,coverage,0.95,0.02190429135575904,100
scm2,obs_size,100,1000,1.0,flexible,oracle_joint,ci_length,1.7335667253327867,0.032603415761442274,100
scm2,obs_size,100,1000,1.0,flexible,oracle_joint,variance_hat,0.2024288835036263,0.0075952487465942835,100
scm2,obs_size,100,1000,1.0,flexible,oracle_joint,lambda_used,0.9190761222799841,0.006661498611607193,100
scm2,obs_size,100,1000,1.0,flexible,oracle_joint,omega_used,0.7068820759946063,0.008883168526068316,100
scm2,obs_size,100,1000,1.0,flexible,oracle_lambda_only,rmse,0.46488735507800905,0.03300970362880521,100
scm2,obs_size,100,1000,1.0,flexible,oracle_lambda_only,bias,0.016595834854433944,0.04669315602921696,100
scm2,obs_size,100,1000,1.0,flexible,oracle_lambda_only,coverage,0.95,0.02190429135575904,100
scm2,obs_size,100,1000,1.0,flexible,oracle_lambda_only,ci_length,1.7884816225755558,0.032512685001414514,100
scm2,obs_size,100,1000,1.0,flexible,oracle_lambda_only,variance_hat,0.21497802413040873,0.007802591433759207,100
scm2,obs_size,100,1000,1.0,flexible,oracle_lambda_only,lambda_used,0.9190761222799841,0.006661498611607193,100
scm2,obs_size,100,1000,1.0,flexible,oracle_lambda_only,omega_used,0.0,0.0,100
scm2,obs_size,100,1000,1.0,flexible,oracle_omega_only,rmse,0.5728654491683262,0.053043858556959374,100
scm2,obs_size,100,1000,1.0,flexible,oracle_omega_only,bias,0.035766757286363846,0.05746281730797896,100
scm2,obs_size,100,1000,1.0,flexible,oracle_omega_only,coverage,0.93,0.025643239997624283,100
scm2,obs_size,100,1000,1.0,flexible,oracle_omega_only,ci_length,2.068717987352587,0.048909736979543116,100
scm2,obs_size,100,1000,1.0,flexible,oracle_omega_only,variance_hat,0.29392597947655824,0.014470257437781612,100
scm2,obs_size,100,1000,1.0,flexible,oracle_omega_only,lambda_used,0.0,0.0,100
scm2,obs_size,100,1000,1.0,flexible,oracle_omega_only,omega_used,0.7068820759946063,0.008883168526068316,100
scm2,obs_size,100,1000,1.0,flexible,rct_only,rmse,0.5803960099442561,0.05197996658927711,100
scm2,obs_size,100,1000,1.0,flexible,rct_only,bias,0.04175600633053957,0.058180836538750946,100
scm2,obs_size,100,1000,1.0,flexible,rct_only,coverage,0.92,0.027265992434429072,100
scm2,obs_size,100,1000,1.0,flexible,rct_only,ci_length,2.1185571183303153,0.04949349411623215,100
scm2,obs_size,100,1000,1.0,flexible,rct_only,variance_hat,0.3078775196135478,0.014963017851273162,100
scm2,obs_size,100,1000,1.0,flexible,rct_only,lambda_used,0.0,0.0,100
scm2,obs_size,100,1000,1.0,flexible,rct_only,omega_used,0.0,0.0,100
scm2,obs_size,100,1000,1.0,flexible,semi_supervised,rmse,0.581778447933565,0.050632897788258385,100
scm2,obs_size,100,1000,1.0,flexible,semi_supervised,bias,0.044442368862636326,0.0583000804207794,100
scm2,obs_size,100,1000,1.0,flexible,semi_supervised,coverage,0.91,0.028762349126466143,100
scm2,obs_size,100,1000,1.0,flexible,semi_supervised,ci_length,2.126280865515766,0.04940446936294948,100
scm2,obs_size,100,1000,1.0,flexible,semi_supervised,variance_hat,0.30995449249071433,0.014890354629032293,100
scm2,obs_size,100,1000,1.0,flexible,shrinkage,rmse,0.38674188931308906,0.027187450314965715,100
scm2,obs_size,100,1000,1.0,flexible,shrinkage,bias,-0.2140327822529419,0.032373960272766296,100
scm2,obs_size,100,1000,1.0,flexible,shrinkage,coverage,0.82,0.03861229196653691,100
scm2,obs_size,100,1000,1.0,flexible,shrinkage,ci_length,1.0975996619736987,0.043329774360684734,100
scm2,obs_size,100,1000,1.0,flexible,shrinkage,variance_hat,0.09049911427803252,0.008448798552880431,100
scm2,obs_size,100,20000,1.0,flexible,adaptive,rmse,0.35253750433489434,0.018387528575425666,100
scm2,obs_size,100,20000,1.0,flexible,adaptive,bias,-0.2860016891725369,0.020715905603693123,100
scm2,obs_size,100,20000,1.0,flexible,adaptive,coverage,0.45,0.05,100
scm2,obs_size,100,20000,1.0,flexible,adaptive,ci_length,0.7105178303021914,0.05858111932363552,100
scm2,obs_size,100,20000,1.0,flexible,adaptive,variance_hat,0.05496470437268128,0.013270632234780876,100
scm2,obs_size,100,20000,1.0,flexible,fixed_half,rmse,0.4856452849218779,0.03214691724369818,100
scm2,obs_size,100,20000,1.0,flexible,fixed_half,bias,-0.10272733312245305,0.047704735571253695,100
scm2,obs_size,100,20000,1.0,flexible,fixed_half,coverage,0.95,0.02190429135575904,100
scm2,obs_size,100,20000,1.0,flexible,fixed_half,ci_length,1.750159775823318,0.030470588582756898,100
scm2,obs_size,100,20000,1.0,flexible,fixed_half,variance_hat,0.20532411046574936,0.007464094409823782,100
scm2,obs_size,100,20000,1.0,flexible,fixed_half,lambda_used,0.5,0.0,100
scm2,obs_size,100,20000,1.0,flexible,fixed_half,omega_used,0.5,0.0,100
scm2,obs_size,100,20000,1.0,flexible,joint,rmse,0.4821746005367679,0.03387120571264822,100
scm2,obs_size,100,20000,1.0,flexible,joint,bias,-0.11729598506907511,0.047004620156482727,100
scm2,obs_size,100,20000,1.0,flexible,joint,coverage,0.91,0.028762349126466143,100
scm2,obs_size,100,20000,1.0,flexible,joint,ci_length,1.670826853362299,0.027076708405936005,100
scm2,obs_size,100,20000,1.0,flexible,joint,variance_hat,0.18640340644540082,0.006165178498217732,100
scm2,obs_size,100,20000,1.0,flexible,joint,lambda_used,0.876114293676623,0.01925440045805372,100
scm2,obs_size,100,20000,1.0,flexible,joint,omega_used,0.655091660123603,0.04043271197703731,100
scm2,obs_size,100,20000,1.0,flexible,lambda_only,rmse,0.47740895437296554,0.03427650481408375,100
scm2,obs_size,100,20000,1.0,flexible,lambda_only,bias,-0.10578828804785553,0.046788601286827325,100
scm2,obs_size,100,20000,1.0,flexible,lambda_only,coverage,0.93,0.02564323999762428,100
scm2,obs_size,100,20000,1.0,flexible,lambda_only,ci_length,1.7104397016620771,0.027375112517828332,100
scm2,obs_size,100,20000,1.0,flexible,lambda_only,variance_hat,0.19522493893549178,0.006365436194181853,100
scm2,obs_size,100,20000,1.0,flexible,lambda_only,lambda_used,0.876114293676623,0.01925440045805372,100
scm2,obs_size,100,20000,1.0,flexible,lambda_only,omega_used,0.0,0.0,100
scm2,obs_size,100,20000,1.0,flexible,naive_pool,rmse,0.32321485519353116,0.0050273987870193,100
scm2,obs_size,100,20000,1.0,flexible,naive_pool,bias,-0.31926768105627545,0.0050612315851801416,100
scm2,obs_size,100,20000,1.0,flexible,naive_pool,coverage,0.0,0.0,100
scm2,obs_size,100,20000,1.0,flexible,naive_pool,ci_length,0.18051707088737562,0.0020365449650997713,100
scm2,obs_size,100,20000,1.0,flexible,naive_pool,variance_hat,0.0021474274778173906,5.202801341306936e-05,100
scm2,obs_size,100,20000,1.0,flexible,obs_transported,rmse,0.3424630224168758,0.013845368841105102,100
scm2,obs_size,100,20000,1.0,flexible,obs_transported,bias,-0.3131645937337602,0.013929424910167142,100
scm2,obs_size,100,20000,1.0,flexible,obs_transported,coverage,0.3,0.04605661864718382,100
scm2,obs_size,100,20000,1.0,flexible,obs_transported,ci_length,0.5343828146868443,0.012124056469525659,100
scm2,obs_size,100,20000,1.0,flexible,obs_transported,variance_hat,0.019531465025619713,0.0009180790225289913,100
scm2,obs_size,100,20000,1.0,flexible,omega_only,rmse,0.592889135105611,0.04305557378227172,100
scm2,obs_size,100,20000,1.0,flexible,omega_only,bias,-0.09072304824877239,0.058885855604980476,100
scm2,obs_size,100,20000,1.0,flexible,omega_only,coverage,0.94,0.023868325657594204,100
scm2,obs_size,100,20000,1.0,flexible,omega_only,ci_length,2.0713135106884515,0.04798901086132903,100
scm2,obs_size,100,20000,1.0,flexible,omega_only,variance_hat,0.2940504793648623,0.015472679172029356,100
scm2,obs_size,100,20000,1.0,flexible,omega_only,lambda_used,0.0,0.0,100
scm2,obs_size,100,20000,1.0,flexible,omega_only,omega_used,0.655091660123603,0.04043271197703731,100
scm2,obs_size,100,20000,1.0,flexible,oracle_joint,rmse,0.4654359200194532,0.03251002042863565,100
scm2,obs_size,100,20000,1.0,flexible,oracle_joint,bias,-0.1250816971953528,0.04505722115816518,100
scm2,obs_size,100,20000,1.0,flexible,oracle_joint,coverage,0.92,0.027265992434429075,100
scm2,obs_size,100,20000,1.0,flexible,oracle_joint,ci_length,1.6279658873657268,0.027475792787856484,100
scm2,obs_size,100,20000,1.0,flexible,oracle_joint,variance_hat,0.1773421281707823,0.006097432007512583,100
scm2,obs_size,100,20000,1.0,flexible,oracle_joint,lambda_used,0.9780684331102028,0.002615352327748676,100
scm2,obs_size,100,20000,1.0,flexible,oracle_joint,omega_used,0.9639433331290416,0.003462698537144366,100
scm2,obs_size,100,20000,1.0,flexible,oracle_lambda_only,rmse,0.4793097684929201,0.03355652129858918,100
scm2,obs_size,100,20000,1.0,flexible,oracle_lambda_only,bias,-0.11730809935904096,0.0467074133796903,100
scm2,obs_size,100,20000,1.0,flexible,oracle_lambda_only,coverage,0.93,0.02564323999762428,100
scm2,obs_size,100,20000,1.0,flexible,oracle_lambda_only,ci_length,1.6940798279873375,0.026871644256092498,100
scm2,obs_size,100,20000,1.0,flexible,oracle_lambda_only,variance_hat,0.1914242116162845,0.006198221317414472,100
scm2,obs_size,100,20000,1.0,flexible,oracle_lambda_only,lambda_used,0.9780684331102028,0.002615352327748676,100
scm2,obs_size,100,20000,1.0,flexible,oracle_lambda_only,omega_used,0.0,0.0,100
scm2,obs_size,100,20000,1.0,flexible,oracle_omega_only,rmse,0.5815338062343268,0.04465641416017062,100
scm2,obs_size,100,20000,1.0,flexible,oracle_omega_only,bias,-0.08698894906386466,0.05778875589961889,100
scm2,obs_size,100,20000,1.0,flexible,oracle_omega_only,coverage,0.93,0.025643239997624283,100
scm2,obs_size,100,20000,1.0,flexible,oracle_omega_only,ci_length,2.0591648292846525,0.04834949845019412,100
scm2,obs_size,100,20000,1.0,flexible,oracle_omega_only,variance_hat,0.29100855488235156,0.015562850856189692,100
scm2,obs_size,100,20000,1.0,flexible,oracle_omega_only,lambda_used,0.0,0.0,100
scm2,obs_size,100,20000,1.0,flexible,oracle_omega_only,omega_used,0.9639433331290416,0.003462698537144366,100
scm2,obs_size,100,20000,1.0,flexible,rct_only,rmse,0.5782810799853046,0.038662692185035145,100
scm2,obs_size,100,20000,1.0,flexible,rct_only,bias,-0.07921535122755283,0.05757155719596563,100
scm2,obs_size,100,20000,1.0,flexible,rct_only,coverage,0.95,0.021904291355759036,100
scm2,obs_size,100,20000,1.0,flexible,rct_only,ci_length,2.105919713260794,0.04878718048544387,100
scm2,obs_size,100,20000,1.0,flexible,rct_only,variance_hat,0.3039559165994587,0.01591922970593512,100
scm2,obs_size,100,20000,1.0,flexible,rct_only,lambda_used,0.0,0.0,100
scm2,obs_size,100,20000,1.0,flexible,rct_only,omega_used,0.0,0.0,100
scm2,obs_size,100,20000,1.0,flexible,semi_supervised,rmse,0.5900148142378615,0.038902074910712896,100
scm2,obs_size,100,20000,1.0,flexible,semi_supervised,bias,-0.07969683799388405,0.05875526153391142,100
scm2,obs_size,100,20000,1.0,flexible,semi_supervised,coverage,0.93,0.02564323999762428,100
scm2,obs_size,100,20000,1.0,flexible,semi_supervised,ci_length,2.109944530781087,0.04989618477965911,100
scm2,obs_size,100,20000,1.0,flexible,semi_supervised,variance_hat,0.30576529897729626,0.016834385478331892,100
scm2,obs_size,100,20000,1.0,flexible,shrinkage,rmse,0.3490734484276929,0.017980689881558484,100
scm2,obs_size,100,20000,1.0,flexible,shrinkage,bias,-0.24352482136684728,0.025135578586201152,100
scm2,obs_size,100,20000,1.0,flexible,shrinkage,coverage,0.6,0.0492365963917331,100
scm2,obs_size,100,20000,1.0,flexible,shrinkage,ci_length,0.8571677531525924,0.05249529626520051,100
scm2,obs_size,100,20000,1.0,flexible,shrinkage,variance_hat,0.06557121011450484,0.009674942935313038,100
scm2,quality,100,5000,0.0,flexible,adaptive,rmse,0.18444319083620891,0.014033060115011051,100
scm2,quality,100,5000,0.0,flexible,adaptive,bias,0.030742468844282823,0.018277930406682262,100
scm2,quality,100,5000,0.0,flexible,adaptive,coverage,0.91,0.028762349126466143,100
scm2,quality,100,5000,0.0,flexible,adaptive,ci_length,0.6596229546065692,0.03437605399762842,100
scm2,quality,100,5000,0.0,flexible,adaptive,variance_hat,0.035929842266308576,0.006675190393936987,100
scm2,quality,100,5000,0.0,flexible,fixed_half,rmse,0.43384586225696015,0.0386194224636234,100
scm2,quality,100,5000,0.0,flexible,fixed_half,bias,0.06363132742935909,0.04313161515559009,100
scm2,quality,100,5000,0.0,flexible,fixed_half,coverage,0.94,0.023868325657594204,100
scm2,quality,100,5000,0.0,flexible,fixed_half,ci_length,1.7742100951151984,0.033860105983898374,100
scm2,quality,100,5000,0.0,flexible,fixed_half,variance_hat,0.21224525530422228,0.00873145381317939,100
scm2,quality,100,5000,0.0,flexible,fixed_half,lambda_used,0.5,0.0,100
scm2,quality,100,5000,0.0,flexible,fixed_half,omega_used,0.5,0.0,100
scm2,quality,100,5000,0.0,flexible,joint,rmse,0.42327716310710234,0.03729608041617749,100
scm2,quality,100,5000,0.0,flexible,joint,bias,0.05748628915050051,0.04214679533783692,100
scm2,quality,100,5000,0.0,flexible,joint,coverage,0.97,0.01714466079977653,100
scm2,quality,100,5000,0.0,flexible,joint,ci_length,1.7035354540600383,0.03340612520017455,100
scm2,quality,100,5000,0.0,flexible,joint,variance_hat,0.19605273248661842,0.00806178001483771,100
scm2,quality,100,5000,0.0,flexible,joint,lambda_used,0.811148721625298,0.028357372388655287,100
scm2,quality,100,5000,0.0,flexible,joint,omega_used,0.7029391593365869,0.03932674846337837,100
scm2,quality,100,5000,0.0,flexible,lambda_only,rmse,0.43030580378301414,0.03678151552383378,100
scm2,quality,100,5000,0.0,flexible,lambda_only,bias,0.07161411274604312,0.04264422985171486,100
scm2,quality,100,5000,0.0,flexible,lambda_only,coverage,0.97,0.01714466079977653,100
scm2,quality,100,5000,0.0,flexible,lambda_only,ci_length,1.7557474004996383,0.03378001211323101,100
scm2,quality,100,5000,0.0,flexible,lambda_only,variance_hat,0.20796895893852413,0.008388011855345146,100
scm2,quality,100,5000,0.0,flexible,lambda_only,lambda_used,0.811148721625298,0.028357372388655287,100
scm2,quality,100,5000,0.0,flexible,lambda_only,omega_used,0.0,0.0,100
scm2,quality,100,5000,0.0,flexible,naive_pool,rmse,0.09700391313546715,0.005540311121421728,100
scm2,quality,100,5000,0.0,flexible,naive_pool,bias,0.006491283198395568,0.00972740708235101,100
scm2,quality,100,5000,0.0,flexible,naive_pool,coverage,0.91,0.028762349126466143,100
scm2,quality,100,5000,0.0,flexible,naive_pool,ci_length,0.3306215177283945,0.002887312965116959,100
scm2,quality,100,5000,0.0,flexible,naive_pool,variance_hat,0.007167583603357552,0.00013299131486272568,100
scm2,quality,100,5000,0.0,flexible,obs_transported,rmse,0.16699123967146878,0.011080563072647796,100
scm2,quality,100,5000,0.0,flexible,obs_transported,bias,0.015950660300394503,0.016706513144411596,100
scm2,quality,100,5000,0.0,flexible,obs_transported,coverage,0.91,0.028762349126466143,100
scm2,quality,100,5000,0.0,flexible,obs_transported,ci_length,0.5893381982895247,0.010499402684550251,100
scm2,quality,100,5000,0.0,flexible,obs_transported,variance_hat,0.023313605384094337,0.0008490015954878353,100
scm2,quality,100,5000,0.0,flexible,omega_only,rmse,0.5232132048370025,0.04689931416803653,100
scm2,quality,100,5000,0.0,flexible,omega_only,bias,0.07008757049840118,0.05211097231999943,100
scm2,quality,100,5000,0.0,flexible,omega_only,coverage,0.94,0.023868325657594204,100
scm2,quality,100,5000,0.0,flexible,omega_only,ci_length,2.096073922859469,0.04843889988705651,100
scm2,quality,100,5000,0.0,flexible,omega_only,variance_hat,0.30104528521668433,0.01628921301591785,100
scm2,quality,100,5000,0.0,flexible,omega_only,lambda_used,0.0,0.0,100
scm2,quality,100,5000,0.0,flexible,omega_only,omega_used,0.7029391593365869,0.03932674846337837,100
scm2,quality,100,5000,0.0,flexible,oracle_joint,rmse,0.4205153894600127,0.03817921074715729,100
scm2,quality,100,5000,0.0,flexible,oracle_joint,bias,0.0448697938340909,0.042022107502232856,100
scm2,quality,100,5000,0.0,flexible,oracle_joint,coverage,0.97,0.01714466079977653,100
scm2,quality,100,5000,0.0,flexible,oracle_joint,ci_length,1.652825229690546,0.030653408065663097,100
scm2,quality,100,5000,0.0,flexible,oracle_joint,variance_hat,0.1838399734927485,0.006820041834312884,100
scm2,quality,100,5000,0.0,flexible,oracle_joint,lambda_used,0.9787395896544475,0.0023014883380150985,100
scm2,quality,100,5000,0.0,flexible,oracle_joint,omega_used,0.9200845415160503,0.005256267749992853,100
scm2,quality,100,5000,0.0,flexible,oracle_lambda_only,rmse,0.4290152207224483,0.0358370808304562,100
scm2,quality,100,5000,0.0,flexible,oracle_lambda_only,bias,0.06330862563237628,0.04264560056792134,100
scm2,quality,100,5000,0.0,flexible,oracle_lambda_only,coverage,0.96,0.019694638556693237,100
scm2,quality,100,5000,0.0,flexible,oracle_lambda_only,ci_length,1.7265768633035936,0.03055640922857873,100
scm2,quality,100,5000,0.0,flexible,oracle_lambda_only,variance_hat,0.2000218880837441,0.007055598247719519,100
scm2,quality,100,5000,0.0,flexible,oracle_lambda_only,lambda_used,0.9787395896544475,0.0023014883380150985,100
scm2,quality,100,5000,0.0,flexible,oracle_lambda_only,omega_used,0.0,0.0,100
scm2,quality,100,5000,0.0,flexible,oracle_omega_only,rmse,0.5204588779083847,0.04694226777487786,100
scm2,quality,100,5000,0.0,flexible,oracle_omega_only,bias,0.0657765622956584,0.0518886616374664,100
scm2,quality,100,5000,0.0,flexible,oracle_omega_only,coverage,0.94,0.023868325657594204,100
scm2,quality,100,5000,0.0,flexible,oracle_omega_only,ci_length,2.083943174539271,0.04834576161214302,100
scm2,quality,100,5000,0.0,flexible,oracle_omega_only,variance_hat,0.29768724084632014,0.016202404608336368,100
scm2,quality,100,5000,0.0,flexible,oracle_omega_only,lambda_used,0.0,0.0,100
scm2,quality,100,5000,0.0,flexible,oracle_omega_only,omega_used,0.9200845415160503,0.005256267749992853,100
scm2,quality,100,5000,0.0,flexible,rct_only,rmse,0.5316949565945702,0.04564507188181644,100
scm2,quality,100,5000,0.0,flexible,rct_only,bias,0.0842153940939438,0.052762790518413025,100
scm2,quality,100,5000,0.0,flexible,rct_only,coverage,0.94,0.023868325657594204,100
scm2,quality,100,5000,0.0,flexible,rct_only,ci_length,2.128846484493296,0.04906241375999444,100
scm2,quality,100,5000,0.0,flexible,rct_only,variance_hat,0.31044796398658514,0.016770811335968795,100
scm2,quality,100,5000,0.0,flexible,rct_only,lambda_used,0.0,0.0,100
scm2,quality,100,5000,0.0,flexible,rct_only,omega_used,0.0,0.0,100
scm2,quality,100,5000,0.0,flexible,semi_supervised,rmse,0.54528793884064,0.049181459502465476,100
scm2,quality,100,5000,0.0,flexible,semi_supervised,bias,0.06862641967398768,0.05436774804935007,100
scm2,quality,100,5000,0.0,flexible,semi_supervised,coverage,0.95,0.021904291355759033,100
scm2,quality,100,5000,0.0,flexible,semi_supervised,ci_length,2.1320036807585487,0.04830070885781925,100
scm2,quality,100,5000,0.0,flexible,semi_supervised,variance_hat,0.3108456192591408,0.015782297604264174,100
scm2,quality,100,5000,0.0,flexible,shrinkage,rmse,0.24573388032245733,0.023701070311895996,100
scm2,quality,100,5000,0.0,flexible,shrinkage,bias,0.051479751753972146,0.024149152503623067,100
scm2,quality,100,5000,0.0,flexible,shrinkage,coverage,0.89,0.03144660377352201,100
scm2,quality,100,5000,0.0,flexible,shrinkage,ci_length,0.8206714040562659,0.043000746002932036,100
scm2,quality,100,5000,0.0,flexible,shrinkage,variance_hat,0.05574437635159705,0.006797437684688016,100
scm2,quality,100,5000,0.0,linear,adaptive,rmse,0.19583929904156588,0.04870980279131304,100
scm2,quality,100,5000,0.0,linear,adaptive,bias,0.024615303478112107,0.019526495308375313,100
scm2,quality,100,5000,0.0,linear,adaptive,coverage,0.92,0.027265992434429072,100
scm2,quality,100,5000,0.0,linear,adaptive,ci_length,0.4647649923346831,0.033069510347773064,100
scm2,quality,100,5000,0.0,linear,adaptive,variance_hat,0.021103451330943185,0.005931822784621096,100
scm2,quality,100,5000,0.0,linear,fixed_half,rmse,0.5552309734404074,0.04092321464076569,100
scm2,quality,100,5000,0.0,linear,fixed_half,bias,0.0923920558528886,0.05502480082551382,100
scm2,quality,100,5000,0.0,linear,fixed_half,coverage,0.92,0.027265992434429075,100
scm2,quality,100,5000,0.0,linear,fixed_half,ci_length,1.8816966408873699,0.03200492335151993,100
scm2,quality,100,5000,0.0,linear,fixed_half,variance_hat,0.23703166004676987,0.008097144224719365,100
scm2,quality,100,5000,0.0,linear,fixed_half,lambda_used,0.5,0.0,100
scm2,quality,100,5000,0.0,linear,fixed_half,omega_used,0.5,0.0,100
scm2,quality,100,5000,0.0,linear,joint,rmse,0.5653695843706816,0.04016893226542732,100
scm2,quality,100,5000,0.0,linear,joint,bias,0.08787833937975313,0.05613117432680707,100
scm2,quality,100,5000,0.0,linear,joint,coverage,0.91,0.028762349126466143,100
scm2,quality,100,5000,0.0,linear,joint,ci_length,1.8510103902423916,0.0311371852735605,100
scm2,quality,100,5000,0.0,linear,joint,variance_hat,0.22922426970843415,0.007826184872979413,100
scm2,quality,100,5000,0.0,linear,joint,lambda_used,0.7085932035300658,0.03067228552020288,100
scm2,quality,100,5000,0.0,linear,joint,omega_used,0.5777730962816495,0.044167515442013035,100
scm2,quality,100,5000,0.0,linear,lambda_only,rmse,0.5686564735701906,0.0402269446109132,100
scm2,quality,100,5000,0.0,linear,lambda_only,bias,0.08468634680135219,0.056514806104931835,100
scm2,quality,100,5000,0.0,linear,lambda_only,coverage,0.9,0.03015113445777636,100
scm2,quality,100,5000,0.0,linear,lambda_only,ci_length,1.8627148227470947,0.03117012553857239,100
scm2,quality,100,5000,0.0,linear,lambda_only,variance_hat,0.2320663043135493,0.007846390504877667,100
scm2,quality,100,5000,0.0,linear,lambda_only,lambda_used,0.7085932035300658,0.03067228552020288,100
scm2,quality,100,5000,0.0,linear,lambda_only,omega_used,0.0,0.0,100
scm2,quality,100,5000,0.0,linear,naive_pool,rmse,0.08375101148952073,0.006906987089509669,100
scm2,quality,100,5000,0.0,linear,naive_pool,bias,0.004268686477544955,0.008406352961533402,100
scm2,quality,100,5000,0.0,linear,naive_pool,coverage,0.95,0.02190429135575904,100
scm2,quality,100,5000,0.0,linear,naive_pool,ci_length,0.32798146882201173,0.00273431540093108,100
scm2,quality,100,5000,0.0,linear,naive_pool,variance_hat,0.007048885627618034,0.00012158253396818694,100
scm2,quality,100,5000,0.0,linear,obs_transported,rmse,0.09965028991641821,0.006467450809795383,100
scm2,quality,100,5000,0.0,linear,obs_transported,bias,0.023161408130628745,0.009740952525257458,100
scm2,quality,100,5000,0.0,linear,obs_transported,coverage,0.93,0.025643239997624283,100
scm2,quality,100,5000,0.0,linear,obs_transported,ci_length,0.40708971879621,0.0032950601368139003,100
scm2,quality,100,5000,0.0,linear,obs_transported,variance_hat,0.010855050883290156,0.0001805815747865013,100
scm2,quality,100,5000,0.0,linear,omega_only,rmse,0.6294822709718075,0.04753936000301126,100
scm2,quality,100,5000,0.0,linear,omega_only,bias,0.10800206028740447,0.062327214449430145,100
scm2,quality,100,5000,0.0,linear,omega_only,coverage,0.92,0.027265992434429072,100
scm2,quality,100,5000,0.0,linear,omega_only,ci_length,2.1397149843072882,0.04350864790775369,100
scm2,quality,100,5000,0.0,linear,omega_only,variance_hat,0.31015479264211665,0.012965432321800283,100
scm2,quality,100,5000,0.0,linear,omega_only,lambda_used,0.0,0.0,100
scm2,quality,100,5000,0.0,linear,omega_only,omega_used,0.5777730962816495,0.044167515442013035,100
scm2,quality,100,5000,0.0,linear,oracle_joint,rmse,0.5311636767318536,0.04032953196254924,100
scm2,quality,100,5000,0.0,linear,oracle_joint,bias,0.09488819158042247,0.05252523035665026,100
scm2,quality,100,5000,0.0,linear,oracle_joint,coverage,0.91,0.028762349126466136,100
scm2,quality,100,5000,0.0,linear,oracle_joint,ci_length,1.8266900313059173,0.03044479463141777,100
scm2,quality,100,5000,0.0,linear,oracle_joint,variance_hat,0.22312865352723396,0.007618556082396757,100
scm2,quality,100,5000,0.0,linear,oracle_joint,lambda_used,0.7596627572440938,0.01225721591977608,100
scm2,quality,100,5000,0.0,linear,oracle_joint,omega_used,0.9415058033497351,0.008240102384968395,100
scm2,quality,100,5000,0.0,linear,oracle_lambda_only,rmse,0.542379497404453,0.04111203059547814,100
scm2,quality,100,5000,0.0,linear,oracle_lambda_only,bias,0.08772897393573272,0.05379338947192008,100
scm2,quality,100,5000,0.0,linear,oracle_lambda_only,coverage,0.9,0.03015113445777636,100
scm2,quality,100,5000,0.0,linear,oracle_lambda_only,ci_length,1.8456514221845817,0.030929182441702313,100
scm2,quality,100,5000,0.0,linear,oracle_lambda_only,variance_hat,0.22785184964601782,0.007806247952347347,100
scm2,quality,100,5000,0.0,linear,oracle_lambda_only,lambda_used,0.7596627572440938,0.01225721591977608,100
scm2,quality,100,5000,0.0,linear,oracle_lambda_only,omega_used,0.0,0.0,100
scm2,quality,100,5000,0.0,linear,oracle_omega_only,rmse,0.6247113222877508,0.04734562663788942,100
scm2,quality,100,5000,0.0,linear,oracle_omega_only,bias,0.11196928535369331,0.06176912989020374,100
scm2,quality,100,5000,0.0,linear,oracle_omega_only,coverage,0.92,0.027265992434429072,100
scm2,quality,100,5000,0.0,linear,oracle_omega_only,ci_length,2.1354084209154895,0.04345810331197867,100
scm2,quality,100,5000,0.0,linear,oracle_omega_only,variance_hat,0.30892828826829855,0.012944562865436335,100
scm2,quality,100,5000,0.0,linear,oracle_omega_only,lambda_used,0.0,0.0,100
scm2,quality,100,5000,0.0,linear,oracle_omega_only,omega_used,0.9415058033497351,0.008240102384968395,100
scm2,quality,100,5000,0.0,linear,rct_only,rmse,0.6317477525199131,0.04740836028247585,100
scm2,quality,100,5000,0.0,linear,rct_only,bias,0.10481006770900354,0.06261313578585032,100
scm2,quality,100,5000,0.0,linear,rct_only,coverage,0.92,0.027265992434429072,100
scm2,quality,100,5000,0.0,linear,rct_only,ci_length,2.1497285554842676,0.043621103914850884,100
scm2,quality,100,5000,0.0,linear,rct_only,variance_hat,0.3130132559486649,0.013139638252282884,100
scm2,quality,100,5000,0.0,linear,rct_only,lambda_used,0.0,0.0,100
scm2,quality,100,5000,0.0,linear,rct_only,omega_used,0.0,0.0,100
scm2,quality,100,5000,0.0,linear,semi_supervised,rmse,0.6380230844264922,0.0493109579376116,100
scm2,quality,100,5000,0.0,linear,semi_supervised,bias,0.1065253007712664,0.06322365435712773,100
scm2,quality,100,5000,0.0,linear,semi_supervised,coverage,0.89,0.03144660377352201,100
scm2,quality,100,5000,0.0,linear,semi_supervised,ci_length,2.1483216166808754,0.043637878855279894,100
scm2,quality,100,5000,0.0,linear,semi_supervised,variance_hat,0.3126291453033287,0.013063623703055301,100
scm2,quality,100,5000,0.0,linear,shrinkage,rmse,0.22896108405405258,0.032345173041025084,100
scm2,quality,100,5000,0.0,linear,shrinkage,bias,0.0313356730397442,0.02279492536259761,100
scm2,quality,100,5000,0.0,linear,shrinkage,coverage,0.93,0.02564323999762428,100
scm2,quality,100,5000,0.0,linear,shrinkage,ci_length,0.6560502811661085,0.04737050522302264,100
scm2,quality,100,5000,0.0,linear,shrinkage,variance_hat,0.0424678822304527,0.006870747478497623,100
scm2,quality,100,5000,1.0,linear,adaptive,rmse,0.3268799338403104,0.02434341126879397,100
scm2,quality,100,5000,1.0,linear,adaptive,bias,-0.19539047512917754,0.026337562640088873,100
scm2,quality,100,5000,1.0,linear,adaptive,coverage,0.36,0.048241815132442176,100
scm2,quality,100,5000,1.0,linear,adaptive,ci_length,0.6066432564458232,0.05467004523378568,100
scm2,quality,100,5000,1.0,linear,adaptive,variance_hat,0.04320680256646499,0.009258157744525507,100
scm2,quality,100,5000,1.0,linear,fixed_half,rmse,0.5371794901132493,0.04290613103987466,100
scm2,quality,100,5000,1.0,linear,fixed_half,bias,0.08942309883679458,0.053235261534380504,100
scm2,quality,100,5000,1.0,linear,fixed_half,coverage,0.91,0.028762349126466136,100
scm2,quality,100,5000,1.0,linear,fixed_half,ci_length,1.912247277514975,0.043140206663461314,100
scm2,quality,100,5000,1.0,linear,fixed_half,variance_hat,0.2499659956874829,0.01308915152949762,100
scm2,quality,100,5000,1.0,linear,fixed_half,lambda_used,0.5,0.0,100
scm2,quality,100,5000,1.0,linear,fixed_half,omega_used,0.5,0.0,100
scm2,quality,100,5000,1.0,linear,joint,rmse,0.5384710733269226,0.04568030883925686,100
scm2,quality,100,5000,1.0,linear,joint,bias,0.08059945098664359,0.053508691384123855,100
scm2,quality,100,5000,1.0,linear,joint,coverage,0.89,0.031446603773522014,100
scm2,quality,100,5000,1.0,linear,joint,ci_length,1.8716085546261323,0.04308431446705948,100
scm2,quality,100,5000,1.0,linear,joint,variance_hat,0.23992761025094836,0.012996069582771904,100
scm2,quality,100,5000,1.0,linear,joint,lambda_used,0.7945041135661352,0.02568919821976371,100
scm2,quality,100,5000,1.0,linear,joint,omega_used,0.5442143804788331,0.04651447710456834,100
scm2,quality,100,5000,1.0,linear,lambda_only,rmse,0.5331336322697271,0.045879346594148496,100
scm2,quality,100,5000,1.0,linear,lambda_only,bias,0.08042800559983596,0.05296871630303464,100
scm2,quality,100,5000,1.0,linear,lambda_only,coverage,0.89,0.031446603773522014,100
scm2,quality,100,5000,1.0,linear,lambda_only,ci_length,1.8782435716623311,0.042947802338764614,100
scm2,quality,100,5000,1.0,linear,lambda_only,variance_hat,0.24147114068683784,0.012970446775573958,100
scm2,quality,100,5000,1.0,linear,lambda_only,lambda_used,0.7945041135661352,0.02568919821976371,100
scm2,quality,100,5000,1.0,linear,lambda_only,omega_used,0.0,0.0,100
scm2,quality,100,5000,1.0,linear,naive_pool,rmse,0.31535419597747144,0.00940975392119128,100
scm2,quality,100,5000,1.0,linear,naive_pool,bias,-0.29994464163454315,0.009786344266076639,100
scm2,quality,100,5000,1.0,linear,naive_pool,coverage,0.15,0.03588702812826367,100
scm2,quality,100,5000,1.0,linear,naive_pool,ci_length,0.3627119142319438,0.004138816811548764,100
scm2,quality,100,5000,1.0,linear,naive_pool,variance_hat,0.008672212146548463,0.00021340735952197126,100
scm2,quality,100,5000,1.0,linear,obs_transported,rmse,0.3032812153740853,0.010666189785777897,100
scm2,quality,100,5000,1.0,linear,obs_transported,bias,-0.28229173345019315,0.011142272234610683,100
scm2,quality,100,5000,1.0,linear,obs_transported,coverage,0.24,0.04292346959909278,100
scm2,quality,100,5000,1.0,linear,obs_transported,ci_length,0.4011065058244242,0.0033071526739174564,100
scm2,quality,100,5000,1.0,linear,obs_transported,variance_hat,0.010540866451840783,0.00017758171805517622,100
scm2,quality,100,5000,1.0,linear,omega_only,rmse,0.5995350930835829,0.048764438234415064,100
scm2,quality,100,5000,1.0,linear,omega_only,bias,0.10935510080934895,0.05924472356556981,100
scm2,quality,100,5000,1.0,linear,omega_only,coverage,0.93,0.025643239997624283,100
scm2,quality,100,5000,1.0,linear,omega_only,ci_length,2.1911613661419187,0.054761840709470246,100
scm2,quality,100,5000,1.0,linear,omega_only,variance_hat,0.33177989346133235,0.019354506366378733,100
scm2,quality,100,5000,1.0,linear,omega_only,lambda_used,0.0,0.0,100
scm2,quality,100,5000,1.0,linear,omega_only,omega_used,0.5442143804788331,0.04651447710456834,100
scm2,quality,100,5000,1.0,linear,oracle_joint,rmse,0.5332165495670523,0.04278501395076877,100
scm2,quality,100,5000,1.0,linear,oracle_joint,bias,0.07718237711828885,0.053025891273976965,100
scm2,quality,100,5000,1.0,linear,oracle_joint,coverage,0.89,0.031446603773522014,100
scm2,quality,100,5000,1.0,linear,oracle_joint,ci_length,1.8474671158311824,0.04195730057904884,100
scm2,quality,100,5000,1.0,linear,oracle_joint,variance_hat,0.2334670240943485,0.012313517737048729,100
scm2,quality,100,5000,1.0,linear,oracle_joint,lambda_used,0.7831339688386505,0.011466642167715469,100
scm2,quality,100,5000,1.0,linear,oracle_joint,omega_used,0.970021626562955,0.005722255217171164,100
scm2,quality,100,5000,1.0,linear,oracle_lambda_only,rmse,0.5312543943677029,0.04282776890338828,100
scm2,quality,100,5000,1.0,linear,oracle_lambda_only,bias,0.07435379289134589,0.052867544130597396,100
scm2,quality,100,5000,1.0,linear,oracle_lambda_only,coverage,0.89,0.031446603773522014,100
scm2,quality,100,5000,1.0,linear,oracle_lambda_only,ci_length,1.864293265605839,0.041760573461749426,100
scm2,quality,100,5000,1.0,linear,oracle_lambda_only,variance_hat,0.23742542576661244,0.01238101853463119,100
scm2,quality,100,5000,1.0,linear,oracle_lambda_only,lambda_used,0.7831339688386505,0.011466642167715469,100
scm2,quality,100,5000,1.0,linear,oracle_lambda_only,omega_used,0.0,0.0,100
scm2,quality,100,5000,1.0,linear,oracle_omega_only,rmse,0.5953002322758622,0.04711538762872872,100
scm2,quality,100,5000,1.0,linear,oracle_omega_only,bias,0.11201223964948426,0.05876125507632962,100
scm2,quality,100,5000,1.0,linear,oracle_omega_only,coverage,0.92,0.027265992434429072,100
scm2,quality,100,5000,1.0,linear,oracle_omega_only,ci_length,2.1820635617022504,0.05472745645489317,100
scm2,quality,100,5000,1.0,linear,oracle_omega_only,variance_hat,0.3291663387469933,0.01926244046927888,100
scm2,quality,100,5000,1.0,linear,oracle_omega_only,lambda_used,0.0,0.0,100
scm2,quality,100,5000,1.0,linear,oracle_omega_only,omega_used,0.970021626562955,0.005722255217171164,100
scm2,quality,100,5000,1.0,linear,rct_only,rmse,0.5940668078609165,0.04782493509426966,100
scm2,quality,100,5000,1.0,linear,rct_only,bias,0.10918365542254133,0.058688899161202936,100
scm2,quality,100,5000,1.0,linear,rct_only,coverage,0.93,0.025643239997624283,100
scm2,quality,100,5000,1.0,linear,rct_only,ci_length,2.1969793163778872,0.05420942694824531,100
scm2,quality,100,5000,1.0,linear,rct_only,variance_hat,0.3330535280021031,0.019037174150581246,100
scm2,quality,100,5000,1.0,linear,rct_only,lambda_used,0.0,0.0,100
scm2,quality,100,5000,1.0,linear,rct_only,omega_used,0.0,0.0,100
scm2,quality,100,5000,1.0,linear,semi_supervised,rmse,0.5897066772701685,0.04541951844850356,100
scm2,quality,100,5000,1.0,linear,semi_supervised,bias,0.08693951823504419,0.058620116292982895,100
scm2,quality,100,5000,1.0,linear,semi_supervised,coverage,0.93,0.025643239997624283,100
scm2,quality,100,5000,1.0,linear,semi_supervised,ci_length,2.2048395741483318,0.05555196022997407,100
scm2,quality,100,5000,1.0,linear,semi_supervised,variance_hat,0.3362546494153786,0.019363852496037788,100
scm2,quality,100,5000,1.0,linear,shrinkage,rmse,0.3128545406947222,0.020773798819249314,100
scm2,quality,100,5000,1.0,linear,shrinkage,bias,-0.1604776370224669,0.026991373790170747,100
scm2,quality,100,5000,1.0,linear,shrinkage,coverage,0.52,0.05021167315686782,100
scm2,quality,100,5000,1.0,linear,shrinkage,ci_length,0.7008207737821036,0.050429393948992096,100
scm2,quality,100,5000,1.0,linear,shrinkage,variance_hat,0.048348755334471305,0.007384646004520641,100
scm2,quality,100,5000,2.0,flexible,adaptive,rmse,0.5228841979159138,0.02042268115004504,100
scm2,quality,100,5000,2.0,flexible,adaptive,bias,-0.4552075009434053,0.02585781157297965,100
scm2,quality,100,5000,2.0,flexible,adaptive,coverage,0.22,0.04163331998932266,100
scm2,quality,100,5000,2.0,flexible,adaptive,ci_length,0.8491999207297437,0.06489304583859187,100
scm2,quality,100,5000,2.0,flexible,adaptive,variance_hat,0.07406301817290573,0.01673961036114102,100
scm2,quality,100,5000,2.0,flexible,fixed_half,rmse,0.5168159685780539,0.0399007733895262,100
scm2,quality,100,5000,2.0,flexible,fixed_half,bias,-0.08476492861756137,0.051238563863611274,100
scm2,quality,100,5000,2.0,flexible,fixed_half,coverage,0.91,0.028762349126466143,100
scm2,quality,100,5000,2.0,flexible,fixed_half,ci_length,1.861040445608081,0.03976527933755907,100
scm2,quality,100,5000,2.0,flexible,fixed_half,variance_hat,0.235588755196758,0.010652060206733779,100
scm2,quality,100,5000,2.0,flexible,fixed_half,lambda_used,0.5,0.0,100
scm2,quality,100,5000,2.0,flexible,fixed_half,omega_used,0.5,0.0,100
scm2,quality,100,5000,2.0,flexible,joint,rmse,0.4714780501014379,0.03461820070702696,100
scm2,quality,100,5000,2.0,flexible,joint,bias,-0.05708773440657334,0.04703668698261808,100
scm2,quality,100,5000,2.0,flexible,joint,coverage,0.89,0.03144660377352201,100
scm2,quality,100,5000,2.0,flexible,joint,ci_length,1.774836264008531,0.031822876964484964,100
scm2,quality,100,5000,2.0,flexible,joint,variance_hat,0.21152775352306333,0.007705962492428486,100
scm2,quality,100,5000,2.0,flexible,joint,lambda_used,0.811031604782276,0.024312305475891433,100
scm2,quality,100,5000,2.0,flexible,joint,omega_used,0.7092965147080703,0.0389270310344593,100
scm2,quality,100,5000,2.0,flexible,lambda_only,rmse,0.48579220690191555,0.03715736501310893,100
scm2,quality,100,5000,2.0,flexible,lambda_only,bias,-0.060933113984655465,0.048438362781551954,100
scm2,quality,100,5000,2.0,flexible,lambda_only,coverage,0.92,0.027265992434429075,100
scm2,quality,100,5000,2.0,flexible,lambda_only,ci_length,1.830449720317506,0.03264724646258848,100
scm2,quality,100,5000,2.0,flexible,lambda_only,variance_hat,0.22491875921263024,0.008207061025982596,100
scm2,quality,100,5000,2.0,flexible,lambda_only,lambda_used,0.811031604782276,0.024312305475891433,100
scm2,quality,100,5000,2.0,flexible,lambda_only,omega_used,0.0,0.0,100
scm2,quality,100,5000,2.0,flexible,naive_pool,rmse,0.5060211400057532,0.010972913995873372,100
scm2,quality,100,5000,2.0,flexible,naive_pool,bias,-0.49367591893831153,0.011165188139627939,100
scm2,quality,100,5000,2.0,flexible,naive_pool,coverage,0.01,0.009999999999999998,100
scm2,quality,100,5000,2.0,flexible,naive_pool,ci_length,0.3889582454344121,0.005226846324123748,100
scm2,quality,100,5000,2.0,flexible,naive_pool,variance_hat,0.010021790952759417,0.0002837365574941293,100
scm2,quality,100,5000,2.0,flexible,obs_transported,rmse,0.5279613357479975,0.015233445253680429,100
scm2,quality,100,5000,2.0,flexible,obs_transported,bias,-0.5062236594347506,0.015069126466307559,100
scm2,quality,100,5000,2.0,flexible,obs_transported,coverage,0.06,0.0238683256575942,100
scm2,quality,100,5000,2.0,flexible,obs_transported,ci_length,0.6063695724825715,0.010278595060965422,100
scm2,quality,100,5000,2.0,flexible,obs_transported,variance_hat,0.02460935924406653,0.0008677512936797992,100
scm2,quality,100,5000,2.0,flexible,omega_only,rmse,0.6301437157333589,0.05186894184318906,100
scm2,quality,100,5000,2.0,flexible,omega_only,bias,-0.12279808344138277,0.0621176574370634,100
scm2,quality,100,5000,2.0,flexible,omega_only,coverage,0.87,0.033799766898963114,100
scm2,quality,100,5000,2.0,flexible,omega_only,ci_length,2.2252219801139224,0.06190748724681714,100
scm2,quality,100,5000,2.0,flexible,omega_only,variance_hat,0.34694072423787653,0.021984989527516142,100
scm2,quality,100,5000,2.0,flexible,omega_only,lambda_used,0.0,0.0,100
scm2,quality,100,5000,2.0,flexible,omega_only,omega_used,0.7092965147080703,0.0389270310344593,100
scm2,quality,100,5000,2.0,flexible,oracle_joint,rmse,0.45830195867849277,0.03406498342421653,100
scm2,quality,100,5000,2.0,flexible,oracle_joint,bias,-0.04670872911444286,0.045821235863859874,100
scm2,quality,100,5000,2.0,flexible,oracle_joint,coverage,0.88,0.032659863237109045,100
scm2,quality,100,5000,2.0,flexible,oracle_joint,ci_length,1.71080762147893,0.029916786051688772,100
scm2,quality,100,5000,2.0,flexible,oracle_joint,variance_hat,0.1962450499367913,0.006798864038637881,100
scm2,quality,100,5000,2.0,flexible,oracle_joint,lambda_used,0.9549120471190428,0.004911428789608824,100
scm2,quality,100,5000,2.0,flexible,oracle_joint,omega_used,0.917261623302319,0.006448055603439267,100
scm2,quality,100,5000,2.0,flexible,oracle_lambda_only,rmse,0.48413833597018446,0.03614851125373165,100
scm2,quality,100,5000,2.0,flexible,oracle_lambda_only,bias,-0.04978178317581008,0.04839981868442287,100
scm2,quality,100,5000,2.0,flexible,oracle_lambda_only,coverage,0.91,0.028762349126466143,100
scm2,quality,100,5000,2.0,flexible,oracle_lambda_only,ci_length,1.7878781565849666,0.03146465702831637,100
scm2,quality,100,5000,2.0,flexible,oracle_lambda_only,variance_hat,0.2144055745564006,0.0076120106080902455,100
scm2,quality,100,5000,2.0,flexible,oracle_lambda_only,lambda_used,0.9549120471190428,0.004911428789608824,100
scm2,quality,100,5000,2.0,flexible,oracle_lambda_only,omega_used,0.0,0.0,100
scm2,quality,100,5000,2.0,flexible,oracle_omega_only,rmse,0.6190002919983024,0.0501744859596983,100
scm2,quality,100,5000,2.0,flexible,oracle_omega_only,bias,-0.12357040895809775,0.06095964185085877,100
scm2,quality,100,5000,2.0,flexible,oracle_omega_only,coverage,0.89,0.03144660377352201,100
scm2,quality,100,5000,2.0,flexible,oracle_omega_only,ci_length,2.2109648990860817,0.06164826488141191,100
scm2,quality,100,5000,2.0,flexible,oracle_omega_only,variance_hat,0.34261828503509967,0.02177548517815097,100
scm2,quality,100,5000,2.0,flexible,oracle_omega_only,lambda_used,0.0,0.0,100
scm2,quality,100,5000,2.0,flexible,oracle_omega_only,omega_used,0.917261623302319,0.006448055603439267,100
scm2,quality,100,5000,2.0,flexible,rct_only,rmse,0.6429229151250397,0.0507434987230324,100
scm2,quality,100,5000,2.0,flexible,rct_only,bias,-0.1266434630194649,0.06335018181531525,100
scm2,quality,100,5000,2.0,flexible,rct_only,coverage,0.9,0.03015113445777636,100
scm2,quality,100,5000,2.0,flexible,rct_only,ci_length,2.2673940788875275,0.06405961612442566,100
scm2,quality,100,5000,2.0,flexible,rct_only,variance_hat,0.36101751803724424,0.023287488860257687,100
scm2,quality,100,5000,2.0,flexible,rct_only,lambda_used,0.0,0.0,100
scm2,quality,100,5000,2.0,flexible,rct_only,omega_used,0.0,0.0,100
scm2,quality,100,5000,2.0,flexible,semi_supervised,rmse,0.6512367056127214,0.05123964415561742,100
scm2,quality,100,5000,2.0,flexible,semi_supervised,bias,-0.1349818249555725,0.06403038685734096,100
scm2,quality,100,5000,2.0,flexible,semi_supervised,coverage,0.89,0.03144660377352201,100
scm2,quality,100,5000,2.0,flexible,semi_supervised,ci_length,2.265308946439079,0.06411377441869158,100
scm2,quality,100,5000,2.0,flexible,semi_supervised,variance_hat,0.36044715772633396,0.023288597069884905,100
scm2,quality,100,5000,2.0,flexible,shrinkage,rmse,0.5074690772417392,0.023945051957472187,100
scm2,quality,100,5000,2.0,flexible,shrinkage,bias,-0.39084869803719186,0.03253004199682651,100
scm2,quality,100,5000,2.0,flexible,shrinkage,coverage,0.37,0.048523658709390974,100
scm2,quality,100,5000,2.0,flexible,shrinkage,ci_length,0.9580538205346707,0.0585395571726793,100
scm2,quality,100,5000,2.0,flexible,shrinkage,variance_hat,0.08181320413434041,0.012973873007604522,100
scm2,quality,100,5000,2.0,linear,adaptive,rmse,0.5030657344519768,0.03239626832550866,100
scm2,quality,100,5000,2.0,linear,adaptive,bias,-0.4045879917694873,0.030047721319953972,100
scm2,quality,100,5000,2.0,linear,adaptive,coverage,0.13,0.033799766898963114,100
scm2,quality,100,5000,2.0,linear,adaptive,ci_length,0.6398350770882838,0.057709559366108706,100
scm2,quality,100,5000,2.0,linear,adaptive,variance_hat,0.04810007677759203,0.009963719322670839,100
scm2,quality,100,5000,2.0,linear,fixed_half,rmse,0.4328091943499899,0.03557873969799134,100
scm2,quality,100,5000,2.0,linear,fixed_half,bias,-0.045018426687454094,0.04326301286954295,100
scm2,quality,100,5000,2.0,linear,fixed_half,coverage,0.96,0.019694638556693237,100
scm2,quality,100,5000,2.0,linear,fixed_half,ci_length,1.8704856722626204,0.036730549326500064,100
scm2,quality,100,5000,2.0,linear,fixed_half,variance_hat,0.236386813695704,0.009416509018489162,100
scm2,quality,100,5000,2.0,linear,fixed_half,lambda_used,0.5,0.0,100
scm2,quality,100,5000,2.0,linear,fixed_half,omega_used,0.5,0.0,100
scm2,quality,100,5000,2.0,linear,joint,rmse,0.4169822848450018,0.03165756294214926,100
scm2,quality,100,5000,2.0,linear,joint,bias,-0.04639827012970981,0.04164804752520706,100
scm2,quality,100,5000,2.0,linear,joint,coverage,0.98,0.014070529413628968,100
scm2,quality,100,5000,2.0,linear,joint,ci_length,1.8556989749886281,0.037409407357793786,100
scm2,quality,100,5000,2.0,linear,joint,variance_hat,0.233125341511135,0.010095973722818277,100
scm2,quality,100,5000,2.0,linear,joint,lambda_used,0.7396101916581642,0.03159941364788517,100
scm2,quality,100,5000,2.0,linear,joint,omega_used,0.6164367976991985,0.04607718650189307,100
scm2,quality,100,5000,2.0,linear,lambda_only,rmse,0.422379486923975,0.031750845844147856,100
scm2,quality,100,5000,2.0,linear,lambda_only,bias,-0.04082484824521055,0.042251981334202736,100
scm2,quality,100,5000,2.0,linear,lambda_only,coverage,0.97,0.01714466079977653,100
scm2,quality,100,5000,2.0,linear,lambda_only,ci_length,1.863283183122706,0.03716744555169818,100
scm2,quality,100,5000,2.0,linear,lambda_only,variance_hat,0.23484468211290388,0.010139147501359374,100
scm2,quality,100,5000,2.0,linear,lambda_only,lambda_used,0.7396101916581642,0.03159941364788517,100
scm2,quality,100,5000,2.0,linear,lambda_only,omega_used,0.0,0.0,100
scm2,quality,100,5000,2.0,linear,naive_pool,rmse,0.5038649100136354,0.011185757293931748,100
scm2,quality,100,5000,2.0,linear,naive_pool,bias,-0.4914457995341332,0.011173956762506185,100
scm2,quality,100,5000,2.0,linear,naive_pool,coverage,0.0,0.0,100
scm2,quality,100,5000,2.0,linear,naive_pool,ci_length,0.400444286284951,0.006427607814390066,100
scm2,quality,100,5000,2.0,linear,naive_pool,variance_hat,0.010702036268860404,0.0003658007255827583,100
scm2,quality,100,5000,2.0,linear,obs_transported,rmse,0.4884293729318082,0.011035253823308732,100
scm2,quality,100,5000,2.0,linear,obs_transported,bias,-0.4756622175265573,0.011150353149400126,100
scm2,quality,100,5000,2.0,linear,obs_transported,coverage,0.01,0.009999999999999998,100
scm2,quality,100,5000,2.0,linear,obs_transported,ci_length,0.4247958296663709,0.005279997389518795,100
scm2,quality,100,5000,2.0,linear,obs_transported,variance_hat,0.011923299475831334,0.00031822044671294894,100
scm2,quality,100,5000,2.0,linear,omega_only,rmse,0.48784890402749126,0.043799226801789444,100
scm2,quality,100,5000,2.0,linear,omega_only,bias,-0.048209927222424315,0.04879066354614436,100
scm2,quality,100,5000,2.0,linear,omega_only,coverage,0.97,0.01714466079977653,100
scm2,quality,100,5000,2.0,linear,omega_only,ci_length,2.0928438767376925,0.04199356083492222,100
scm2,quality,100,5000,2.0,linear,omega_only,variance_hat,0.2964093955576693,0.01228490465628322,100
scm2,quality,100,5000,2.0,linear,omega_only,lambda_used,0.0,0.0,100
scm2,quality,100,5000,2.0,linear,omega_only,omega_used,0.6164367976991985,0.04607718650189307,100
scm2,quality,100,5000,2.0,linear,oracle_joint,rmse,0.41344075196798685,0.029748485521870913,100
scm2,quality,100,5000,2.0,linear,oracle_joint,bias,-0.04431233452954415,0.04131300482463562,100
scm2,quality,100,5000,2.0,linear,oracle_joint,coverage,0.97,0.01714466079977653,100
scm2,quality,100,5000,2.0,linear,oracle_joint,ci_length,1.8205153641559522,0.03530339657334482,100
scm2,quality,100,5000,2.0,linear,oracle_joint,variance_hat,0.22372118267680585,0.008861189179501683,100
scm2,quality,100,5000,2.0,linear,oracle_joint,lambda_used,0.8054573141304567,0.01255012102338344,100
scm2,quality,100,5000,2.0,linear,oracle_joint,omega_used,0.9507067159624882,0.009763408100035963,100
scm2,quality,100,5000,2.0,linear,oracle_lambda_only,rmse,0.4169660344097334,0.029349767473256967,100
scm2,quality,100,5000,2.0,linear,oracle_lambda_only,bias,-0.03765904326656846,0.04173539426507032,100
scm2,quality,100,5000,2.0,linear,oracle_lambda_only,coverage,0.96,0.019694638556693237,100
scm2,quality,100,5000,2.0,linear,oracle_lambda_only,ci_length,1.8284348491270563,0.03499245371406133,100
scm2,quality,100,5000,2.0,linear,oracle_lambda_only,variance_hat,0.2254610077241718,0.008836293231388442,100
scm2,quality,100,5000,2.0,linear,oracle_lambda_only,lambda_used,0.8054573141304567,0.01255012102338344,100
scm2,quality,100,5000,2.0,linear,oracle_lambda_only,omega_used,0.0,0.0,100
scm2,quality,100,5000,2.0,linear,oracle_omega_only,rmse,0.48832011030432093,0.043338650341279907,100
scm2,quality,100,5000,2.0,linear,oracle_omega_only,bias,-0.049289796600900736,0.048827365037980304,100
scm2,quality,100,5000,2.0,linear,oracle_omega_only,coverage,0.97,0.01714466079977653,100
scm2,quality,100,5000,2.0,linear,oracle_omega_only,ci_length,2.09103456840178,0.04218600733253215,100
scm2,quality,100,5000,2.0,linear,oracle_omega_only,variance_hat,0.29602112379800954,0.012343048164582222,100
scm2,quality,100,5000,2.0,linear,oracle_omega_only,lambda_used,0.0,0.0,100
scm2,quality,100,5000,2.0,linear,oracle_omega_only,omega_used,0.9507067159624882,0.009763408100035963,100
scm2,quality,100,5000,2.0,linear,rct_only,rmse,0.49403681021799173,0.04368149973158221,100
scm2,quality,100,5000,2.0,linear,rct_only,bias,-0.04263650533792508,0.049467313793747296,100
scm2,quality,100,5000,2.0,linear,rct_only,coverage,0.97,0.01714466079977653,100
scm2,quality,100,5000,2.0,linear,rct_only,ci_length,2.1001240077704155,0.04206440835330712,100
scm2,quality,100,5000,2.0,linear,rct_only,variance_hat,0.29843433787911416,0.01237616470594889,100
scm2,quality,100,5000,2.0,linear,rct_only,lambda_used,0.0,0.0,100
scm2,quality,100,5000,2.0,linear,rct_only,omega_used,0.0,0.0,100
scm2,quality,100,5000,2.0,linear,semi_supervised,rmse,0.4948187797061421,0.038333186414874265,100
scm2,quality,100,5000,2.0,linear,semi_supervised,bias,-0.036235198069703045,0.04959763711897071,100
scm2,quality,100,5000,2.0,linear,semi_supervised,coverage,0.97,0.01714466079977653,100
scm2,quality,100,5000,2.0,linear,semi_supervised,ci_length,2.110980499128388,0.04177841426297133,100
scm2,quality,100,5000,2.0,linear,semi_supervised,variance_hat,0.3012551375468356,0.012380965002440344,100
scm2,quality,100,5000,2.0,linear,shrinkage,rmse,0.46154328600758643,0.0277952081292242,100
scm2,quality,100,5000,2.0,linear,shrinkage,bias,-0.35558678085581596,0.029572756733196082,100
scm2,quality,100,5000,2.0,linear,shrinkage,coverage,0.38,0.04878317312145633,100
scm2,quality,100,5000,2.0,linear,shrinkage,ci_length,0.7967902867798031,0.05274635657490354,100
scm2,quality,100,5000,2.0,linear,shrinkage,variance_hat,0.05924249345479865,0.007405681658484306,100
scm2,rct_size,50,5000,1.0,flexible,adaptive,rmse,0.3982927267704827,0.028407300494188825,100
scm2,rct_size,50,5000,1.0,flexible,adaptive,bias,-0.27843939148665053,0.02862304670532214,100
scm2,rct_size,50,5000,1.0,flexible,adaptive,coverage,0.71,0.045604802157206865,100
scm2,rct_size,50,5000,1.0,flexible,adaptive,ci_length,0.9470434199314935,0.05874851296072281,100
scm2,rct_size,50,5000,1.0,flexible,adaptive,variance_hat,0.0806060071695798,0.013889557681109568,100
scm2,rct_size,50,5000,1.0,flexible,fixed_half,rmse,0.727180061780608,0.05426300011265612,100
scm2,rct_size,50,5000,1.0,flexible,fixed_half,bias,0.014095651205783462,0.07307061444684679,100
scm2,rct_size,50,5000,1.0,flexible,fixed_half,coverage,0.94,0.023868325657594204,100
scm2,rct_size,50,5000,1.0,flexible,fixed_half,ci_length,2.604431216722586,0.06850272720785497,100
scm2,rct_size,50,5000,1.0,flexible,fixed_half,variance_hat,0.4716718335917212,0.027641957268923618,100
scm2,rct_size,50,5000,1.0,flexible,fixed_half,lambda_used,0.5,0.0,100
scm2,rct_size,50,5000,1.0,flexible,fixed_half,omega_used,0.5,0.0,100
scm2,rct_size,50,5000,1.0,flexible,joint,rmse,0.6552649431417634,0.052101840782478565,100
scm2,rct_size,50,5000,1.0,flexible,joint,bias,0.007956224679886263,0.06585174995177676,100
scm2,rct_size,50,5000,1.0,flexible,joint,coverage,0.93,0.02564323999762428,100
scm2,rct_size,50,5000,1.0,flexible,joint,ci_length,2.458154982533784,0.06214166742670031,100
scm2,rct_size,50,5000,1.0,flexible,joint,variance_hat,0.41812390255046644,0.022233582514267825,100
scm2,rct_size,50,5000,1.0,flexible,joint,lambda_used,0.8575329869521142,0.025808280370551395,100
scm2,rct_size,50,5000,1.0,flexible,joint,omega_used,0.5856295278749003,0.043560827874453846,100
scm2,rct_size,50,5000,1.0,flexible,lambda_only,rmse,0.6710547666216973,0.05069820147947882,100
scm2,rct_size,50,5000,1.0,flexible,lambda_only,bias,0.004421424286702899,0.06744207771559038,100
scm2,rct_size,50,5000,1.0,flexible,lambda_only,coverage,0.93,0.02564323999762428,100
scm2,rct_size,50,5000,1.0,flexible,lambda_only,ci_length,2.4885388968935396,0.05935456219013312,100
scm2,rct_size,50,5000,1.0,flexible,lambda_only,variance_hat,0.4257236370293531,0.021821044466203705,100
scm2,rct_size,50,5000,1.0,flexible,lambda_only,lambda_used,0.8575329869521142,0.025808280370551395,100
scm2,rct_size,50,5000,1.0,flexible,lambda_only,omega_used,0.0,0.0,100
scm2,rct_size,50,5000,1.0,flexible,naive_pool,rmse,0.34305802287187087,0.014015007289568414,100
scm2,rct_size,50,5000,1.0,flexible,naive_pool,bias,-0.30855722359455134,0.015069283369037645,100
scm2,rct_size,50,5000,1.0,flexible,naive_pool,coverage,0.27,0.04461960433384737,100
scm2,rct_size,50,5000,1.0,flexible,naive_pool,ci_length,0.46090052109446944,0.010878316461365608,100
scm2,rct_size,50,5000,1.0,flexible,naive_pool,variance_hat,0.014587214125009167,0.0007562610249636545,100
scm2,rct_size,50,5000,1.0,flexible,obs_transported,rmse,0.36326817210267776,0.021259717798760843,100
scm2,rct_size,50,5000,1.0,flexible,obs_transported,bias,-0.311029128899596,0.018862780903727113,100
scm2,rct_size,50,5000,1.0,flexible,obs_transported,coverage,0.68,0.04688261722621507,100
scm2,rct_size,50,5000,1.0,flexible,obs_transported,ci_length,0.7778920569480189,0.0237853879839746,100
scm2,rct_size,50,5000,1.0,flexible,obs_transported,variance_hat,0.04302563209675588,0.0033357668636393397,100
scm2,rct_size,50,5000,1.0,flexible,omega_only,rmse,0.8847926096486456,0.06132663990380309,100
scm2,rct_size,50,5000,1.0,flexible,omega_only,bias,0.03903000776454865,0.08883844266293367,100
scm2,rct_size,50,5000,1.0,flexible,omega_only,coverage,0.94,0.023868325657594204,100
scm2,rct_size,50,5000,1.0,flexible,omega_only,ci_length,3.1945454110933325,0.09974497779543787,100
scm2,rct_size,50,5000,1.0,flexible,omega_only,variance_hat,0.7282440021354522,0.051513154429367644,100
scm2,rct_size,50,5000,1.0,flexible,omega_only,lambda_used,0.0,0.0,100
scm2,rct_size,50,5000,1.0,flexible,omega_only,omega_used,0.5856295278749003,0.043560827874453846,100
scm2,rct_size,50,5000,1.0,flexible,oracle_joint,rmse,0.6477817756055962,0.05642443034464117,100
scm2,rct_size,50,5000,1.0,flexible,oracle_joint,bias,-0.0063097929128436096,0.0651014294339595,100
scm2,rct_size,50,5000,1.0,flexible,oracle_joint,coverage,0.91,0.028762349126466143,100
scm2,rct_size,50,5000,1.0,flexible,oracle_joint,ci_length,2.388760914909358,0.059195486713167524,100
scm2,rct_size,50,5000,1.0,flexible,oracle_joint,variance_hat,0.39393141057923103,0.020478973472505952,100
scm2,rct_size,50,5000,1.0,flexible,oracle_joint,lambda_used,0.9799557573882552,0.002588521436734285,100
scm2,rct_size,50,5000,1.0,flexible,oracle_joint,omega_used,0.9265413796950017,0.006029779637668167,100
scm2,rct_size,50,5000,1.0,flexible,oracle_lambda_only,rmse,0.6594714802114031,0.05533919568381564,100
scm2,rct_size,50,5000,1.0,flexible,oracle_lambda_only,bias,0.000958410098757737,0.0662793075759737,100
scm2,rct_size,50,5000,1.0,flexible,oracle_lambda_only,coverage,0.91,0.028762349126466143,100
scm2,rct_size,50,5000,1.0,flexible,oracle_lambda_only,ci_length,2.4662814185678563,0.056134731291955973,100
scm2,rct_size,50,5000,1.0,flexible,oracle_lambda_only,variance_hat,0.4161507406242628,0.020176460159313417,100
scm2,rct_size,50,5000,1.0,flexible,oracle_lambda_only,lambda_used,0.9799557573882552,0.002588521436734285,100
scm2,rct_size,50,5000,1.0,flexible,oracle_lambda_only,omega_used,0.0,0.0,100
scm2,rct_size,50,5000,1.0,flexible,oracle_omega_only,rmse,0.8839700254074729,0.06147576980176826,100
scm2,rct_size,50,5000,1.0,flexible,oracle_omega_only,bias,0.028227004359763927,0.08879702436340749,100
scm2,rct_size,50,5000,1.0,flexible,oracle_omega_only,coverage,0.93,0.02564323999762428,100
scm2,rct_size,50,5000,1.0,flexible,oracle_omega_only,ci_length,3.1567370131266466,0.09834132473106641,100
scm2,rct_size,50,5000,1.0,flexible,oracle_omega_only,variance_hat,0.7108249547047323,0.0499665555832773,100
scm2,rct_size,50,5000,1.0,flexible,oracle_omega_only,lambda_used,0.0,0.0,100
scm2,rct_size,50,5000,1.0,flexible,oracle_omega_only,omega_used,0.9265413796950017,0.006029779637668167,100
scm2,rct_size,50,5000,1.0,flexible,rct_only,rmse,0.9114843263642606,0.06451432387696722,100
scm2,rct_size,50,5000,1.0,flexible,rct_only,bias,0.03549520737136531,0.09153813398992418,100
scm2,rct_size,50,5000,1.0,flexible,rct_only,coverage,0.92,0.027265992434429072,100
scm2,rct_size,50,5000,1.0,flexible,rct_only,ci_length,3.2430118692172325,0.1028136083135541,100
scm2,rct_size,50,5000,1.0,flexible,rct_only,variance_hat,0.7525538923507986,0.053510714130933154,100
scm2,rct_size,50,5000,1.0,flexible,rct_only,lambda_used,0.0,0.0,100
scm2,rct_size,50,5000,1.0,flexible,rct_only,omega_used,0.0,0.0,100
scm2,rct_size,50,5000,1.0,flexible,semi_supervised,rmse,0.913761526857024,0.06106202486456343,100
scm2,rct_size,50,5000,1.0,flexible,semi_supervised,bias,0.03350931786124265,0.09177471613149069,100
scm2,rct_size,50,5000,1.0,flexible,semi_supervised,coverage,0.92,0.027265992434429072,100
scm2,rct_size,50,5000,1.0,flexible,semi_supervised,ci_length,3.2634530579926233,0.10308233019462483,100
scm2,rct_size,50,5000,1.0,flexible,semi_supervised,variance_hat,0.761565925926282,0.054262232635725806,100
scm2,rct_size,50,5000,1.0,flexible,shrinkage,rmse,0.4265228655219964,0.028441251474902535,100
scm2,rct_size,50,5000,1.0,flexible,shrinkage,bias,-0.22527779119081967,0.03640008763576981,100
scm2,rct_size,50,5000,1.0,flexible,shrinkage,coverage,0.75,0.04351941398892446,100
scm2,rct_size,50,5000,1.0,flexible,shrinkage,ci_length,1.1661145184469577,0.06217163328951787,100
scm2,rct_size,50,5000,1.0,flexible,shrinkage,variance_hat,0.11340021057551426,0.013933157707913525,100
scm2,rct_size,100,5000,1.0,flexible,adaptive,rmse,0.34285488625859645,0.018593200789169206,100
scm2,rct_size,100,5000,1.0,flexible,adaptive,bias,-0.2830326966069013,0.019447407888041206,100
scm2,rct_size,100,5000,1.0,flexible,adaptive,coverage,0.6,0.0492365963917331,100
scm2,rct_size,100,5000,1.0,flexible,adaptive,ci_length,0.7558142559423888,0.046572589597333805,100
scm2,rct_size,100,5000,1.0,flexible,adaptive,variance_hat,0.05115158265721638,0.008594933080641808,100
scm2,rct_size,100,5000,1.0,flexible,fixed_half,rmse,0.46715226413390354,0.02873623724546094,100
scm2,rct_size,100,5000,1.0,flexible,fixed_half,bias,-0.11762342687148002,0.04543793272884597,100
scm2,rct_size,100,5000,1.0,flexible,fixed_half,coverage,0.93,0.02564323999762428,100
scm2,rct_size,100,5000,1.0,flexible,fixed_half,ci_length,1.7819644560501309,0.031347195392733215,100
scm2,rct_size,100,5000,1.0,flexible,fixed_half,variance_hat,0.21298414838107763,0.007565358381823793,100
scm2,rct_size,100,5000,1.0,flexible,fixed_half,lambda_used,0.5,0.0,100
scm2,rct_size,100,5000,1.0,flexible,fixed_half,omega_used,0.5,0.0,100
scm2,rct_size,100,5000,1.0,flexible,joint,rmse,0.43474680634195717,0.029841170279219304,100
scm2,rct_size,100,5000,1.0,flexible,joint,bias,-0.09461581419368781,0.04264637696182015,100
scm2,rct_size,100,5000,1.0,flexible,joint,coverage,0.93,0.025643239997624283,100
scm2,rct_size,100,5000,1.0,flexible,joint,ci_length,1.695964095741115,0.030710228915956216,100
scm2,rct_size,100,5000,1.0,flexible,joint,variance_hat,0.19326400792663928,0.007221562730892169,100
scm2,rct_size,100,5000,1.0,flexible,joint,lambda_used,0.8727752381602275,0.020011113720774656,100
scm2,rct_size,100,5000,1.0,flexible,joint,omega_used,0.6221948540228073,0.041416047060554,100
scm2,rct_size,100,5000,1.0,flexible,joint_cross_fitted,rmse,0.2162844367980031,0.01373389291297748,100
scm2,rct_size,100,5000,1.0,flexible,joint_cross_fitted,bias,-0.007400923794034548,0.02172467384837865,100
scm2,rct_size,100,5000,1.0,flexible,joint_cross_fitted,coverage,0.97,0.01714466079977653,100
scm2,rct_size,100,5000,1.0,flexible,joint_cross_fitted,ci_length,0.9425292271249555,0.010061538942549918,100
scm2,rct_size,100,5000,1.0,flexible,joint_cross_fitted,variance_hat,0.058466301992389086,0.0012580529477739745,100
scm2,rct_size,100,5000,1.0,flexible,lambda_only,rmse,0.4503650219228087,0.031169011718364673,100
scm2,rct_size,100,5000,1.0,flexible,lambda_only,bias,-0.0988698962323497,0.04415919280280514,100
scm2,rct_size,100,5000,1.0,flexible,lambda_only,coverage,0.92,0.027265992434429075,100
scm2,rct_size,100,5000,1.0,flexible,lambda_only,ci_length,1.743725291042383,0.029598373967677515,100
scm2,rct_size,100,5000,1.0,flexible,lambda_only,variance_hat,0.20352347552090108,0.00704640381771242,100
scm2,rct_size,100,5000,1.0,flexible,lambda_only,lambda_used,0.8727752381602275,0.020011113720774656,100
scm2,rct_size,100,5000,1.0,flexible,lambda_only,omega_used,0.0,0.0,100
scm2,rct_size,100,5000,1.0,flexible,naive_pool,rmse,0.3271109201691062,0.008623769539684686,100
scm2,rct_size,100,5000,1.0,flexible,naive_pool,bias,-0.3138315975198682,0.009272138395446385,100
scm2,rct_size,100,5000,1.0,flexible,naive_pool,coverage,0.1,0.03015113445777636,100
scm2,rct_size,100,5000,1.0,flexible,naive_pool,ci_length,0.359627583698645,0.0033219466383149847,100
scm2,rct_size,100,5000,1.0,flexible,naive_pool,variance_hat,0.008487953578445007,0.00016187166433863503,100
scm2,rct_size,100,5000,1.0,flexible,obs_transported,rmse,0.3475860750906781,0.015824125675617855,100
scm2,rct_size,100,5000,1.0,flexible,obs_transported,bias,-0.31173943663955134,0.015450998869543792,100
scm2,rct_size,100,5000,1.0,flexible,obs_transported,coverage,0.51,0.05024183937956913,100
scm2,rct_size,100,5000,1.0,flexible,obs_transported,ci_length,0.6103993833733654,0.010904004126889822,100
scm2,rct_size,100,5000,1.0,flexible,obs_transported,variance_hat,0.025013820169433543,0.000954752041367872,100
scm2,rct_size,100,5000,1.0,flexible,omega_only,rmse,0.5578160710152543,0.031869242641046264,100
scm2,rct_size,100,5000,1.0,flexible,omega_only,bias,-0.12898088048095244,0.05454334774623022,100
scm2,rct_size,100,5000,1.0,flexible,omega_only,coverage,0.95,0.021904291355759036,100
scm2,rct_size,100,5000,1.0,flexible,omega_only,ci_length,2.071574700535089,0.043366245793763705,100
scm2,rct_size,100,5000,1.0,flexible,omega_only,variance_hat,0.29139998923886945,0.012903236063178938,100
scm2,rct_size,100,5000,1.0,flexible,omega_only,lambda_used,0.0,0.0,100
scm2,rct_size,100,5000,1.0,flexible,omega_only,omega_used,0.6221948540228073,0.041416047060554,100
scm2,rct_size,100,5000,1.0,flexible,oracle_joint,rmse,0.41983042287964034,0.029394137238166865,100
scm2,rct_size,100,5000,1.0,flexible,oracle_joint,bias,-0.1024840843128076,0.0409180748924935,100
scm2,rct_size,100,5000,1.0,flexible,oracle_joint,coverage,0.93,0.025643239997624283,100
scm2,rct_size,100,5000,1.0,flexible,oracle_joint,ci_length,1.6681828827226213,0.031349526173614604,100
scm2,rct_size,100,5000,1.0,flexible,oracle_joint,variance_hat,0.18743729602365225,0.007298761979562719,100
scm2,rct_size,100,5000,1.0,flexible,oracle_joint,lambda_used,0.9750707073801286,0.0030793037290072368,100
scm2,rct_size,100,5000,1.0,flexible,oracle_joint,omega_used,0.9196885767087772,0.005894913949387098,100
scm2,rct_size,100,5000,1.0,flexible,oracle_lambda_only,rmse,0.4444936786701178,0.030818979403684013,100
scm2,rct_size,100,5000,1.0,flexible,oracle_lambda_only,bias,-0.09377579516691288,0.04366779209959679,100
scm2,rct_size,100,5000,1.0,flexible,oracle_lambda_only,coverage,0.94,0.023868325657594204,100
scm2,rct_size,100,5000,1.0,flexible,oracle_lambda_only,ci_length,1.7302287691540001,0.02997959481169704,100
scm2,rct_size,100,5000,1.0,flexible,oracle_lambda_only,variance_hat,0.20061847412003683,0.007091989135480217,100
scm2,rct_size,100,5000,1.0,flexible,oracle_lambda_only,lambda_used,0.9750707073801286,0.0030793037290072368,100
scm2,rct_size,100,5000,1.0,flexible,oracle_lambda_only,omega_used,0.0,0.0,100
scm2,rct_size,100,5000,1.0,flexible,oracle_omega_only,rmse,0.5511419546222628,0.03213614450407834,100
scm2,rct_size,100,5000,1.0,flexible,oracle_omega_only,bias,-0.1419432516655091,0.05352329498050738,100
scm2,rct_size,100,5000,1.0,flexible,oracle_omega_only,coverage,0.93,0.025643239997624283,100
scm2,rct_size,100,5000,1.0,flexible,oracle_omega_only,ci_length,2.062117677245531,0.043224490040822926,100
scm2,rct_size,100,5000,1.0,flexible,oracle_omega_only,variance_hat,0.28877679153387004,0.01270508992076438,100
scm2,rct_size,100,5000,1.0,flexible,oracle_omega_only,lambda_used,0.0,0.0,100
scm2,rct_size,100,5000,1.0,flexible,oracle_omega_only,omega_used,0.9196885767087772,0.005894913949387098,100
scm2,rct_size,100,5000,1.0,flexible,rct_only,rmse,0.5741695240243117,0.03312343691069592,100
scm2,rct_size,100,5000,1.0,flexible,rct_only,bias,-0.1332349625196143,0.05613107739300945,100
scm2,rct_size,100,5000,1.0,flexible,rct_only,coverage,0.93,0.025643239997624283,100
scm2,rct_size,100,5000,1.0,flexible,rct_only,ci_length,2.124695843396126,0.04525392945322006,100
scm2,rct_size,100,5000,1.0,flexible,rct_only,variance_hat,0.3069846991784995,0.013901035098612536,100
scm2,rct_size,100,5000,1.0,flexible,rct_only,lambda_used,0.0,0.0,100
scm2,rct_size,100,5000,1.0,flexible,rct_only,omega_used,0.0,0.0,100
scm2,rct_size,100,5000,1.0,flexible,semi_supervised,rmse,0.5791301991301866,0.033595784345795354,100
scm2,rct_size,100,5000,1.0,flexible,semi_supervised,bias,-0.15564562153055722,0.05606329648312619,100
scm2,rct_size,100,5000,1.0,flexible,semi_supervised,coverage,0.92,0.027265992434429072,100
scm2,rct_size,100,5000,1.0,flexible,semi_supervised,ci_length,2.121253100687328,0.04629599288040194,100
scm2,rct_size,100,5000,1.0,flexible,semi_supervised,variance_hat,0.3066480413973066,0.014108507173951814,100
scm2,rct_size,100,5000,1.0,flexible,shrinkage,rmse,0.362013905278631,0.022907597039653383,100
scm2,rct_size,100,5000,1.0,flexible,shrinkage,bias,-0.2607317590975957,0.02524086341608552,100
scm2,rct_size,100,5000,1.0,flexible,shrinkage,coverage,0.69,0.04648231987117317,100
scm2,rct_size,100,5000,1.0,flexible,shrinkage,ci_length,0.9077536420577375,0.0462731602331584,100
scm2,rct_size,100,5000,1.0,flexible,shrinkage,variance_hat,0.06742204286601472,0.007438981875811872,100
scm2,rct_size,200,5000,1.0,flexible,adaptive,rmse,0.3238972680050825,0.011627662847429965,100
scm2,rct_size,200,5000,1.0,flexible,adaptive,bias,-0.2710011444230041,0.017828537996615157,100
scm2,rct_size,200,5000,1.0,flexible,adaptive,coverage,0.28,0.04512608598542128,100
scm2,rct_size,200,5000,1.0,flexible,adaptive,ci_length,0.5719510384725601,0.027748979957141585,100
scm2,rct_size,200,5000,1.0,flexible,adaptive,variance_hat,0.026250351247711568,0.003337107704549147,100
scm2,rct_size,200,5000,1.0,flexible,fixed_half,rmse,0.31528904029072724,0.022494407047290936,100
scm2,rct_size,200,5000,1.0,flexible,fixed_half,bias,0.0071657096397708805,0.03167955583506711,100
scm2,rct_size,200,5000,1.0,flexible,fixed_half,coverage,0.95,0.021904291355759036,100
scm2,rct_size,200,5000,1.0,flexible,fixed_half,ci_length,1.2428906847594678,0.01522635674847444,100
scm2,rct_size,200,5000,1.0,flexible,fixed_half,variance_hat,0.10202696940676374,0.0025920742884455042,100
scm2,rct_size,200,5000,1.0,flexible,fixed_half,lambda_used,0.5,0.0,100
scm2,rct_size,200,5000,1.0,flexible,fixed_half,omega_used,0.5,0.0,100
scm2,rct_size,200,5000,1.0,flexible,joint,rmse,0.3146007505128119,0.02159448083323069,100
scm2,rct_size,200,5000,1.0,flexible,joint,bias,0.008935702225643332,0.03160580841786936,100
scm2,rct_size,200,5000,1.0,flexible,joint,coverage,0.96,0.019694638556693237,100
scm2,rct_size,200,5000,1.0,flexible,joint,ci_length,1.2233014871013963,0.015434615917626713,100
scm2,rct_size,200,5000,1.0,flexible,joint,variance_hat,0.09892407473170349,0.0026182305933302387,100
scm2,rct_size,200,5000,1.0,flexible,joint,lambda_used,0.8394995847447057,0.019551854951895112,100
scm2,rct_size,200,5000,1.0,flexible,joint,omega_used,0.6970745301611422,0.033500768235072684,100
scm2,rct_size,200,5000,1.0,flexible,lambda_only,rmse,0.32168380074463593,0.020913728963802433,100
scm2,rct_size,200,5000,1.0,flexible,lambda_only,bias,0.008386646342643196,0.03231944903780779,100
scm2,rct_size,200,5000,1.0,flexible,lambda_only,coverage,0.97,0.01714466079977653,100
scm2,rct_size,200,5000,1.0,flexible,lambda_only,ci_length,1.261093463728707,0.01534873884208271,100
scm2,rct_size,200,5000,1.0,flexible,lambda_only,variance_hat,0.10501736411871067,0.0026501314412025042,100
scm2,rct_size,200,5000,1.0,flexible,lambda_only,lambda_used,0.8394995847447057,0.019551854951895112,100
scm2,rct_size,200,5000,1.0,flexible,lambda_only,omega_used,0.0,0.0,100
scm2,rct_size,200,5000,1.0,flexible,naive_pool,rmse,0.32603063276327604,0.008944498946922777,100
scm2,rct_size,200,5000,1.0,flexible,naive_pool,bias,-0.3132880194279004,0.009071316979751512,100
scm2,rct_size,200,5000,1.0,flexible,naive_pool,coverage,0.06,0.023868325657594204,100
scm2,rct_size,200,5000,1.0,flexible,naive_pool,ci_length,0.3238727388886478,0.0020250375007443357,100
scm2,rct_size,200,5000,1.0,flexible,naive_pool,variance_hat,0.0068528346144857265,8.737568055529232e-05,100
scm2,rct_size,200,5000,1.0,flexible,obs_transported,rmse,0.3494105139544158,0.010493658282241237,100
scm2,rct_size,200,5000,1.0,flexible,obs_transported,bias,-0.3325701049927683,0.010770720002094374,100
scm2,rct_size,200,5000,1.0,flexible,obs_transported,coverage,0.15,0.03588702812826367,100
scm2,rct_size,200,5000,1.0,flexible,obs_transported,ci_length,0.4767050018482836,0.0049426604907076704,100
scm2,rct_size,200,5000,1.0,flexible,obs_transported,variance_hat,0.01494654953281439,0.0003195494452560256,100
scm2,rct_size,200,5000,1.0,flexible,omega_only,rmse,0.33462331010663815,0.02359432156889792,100
scm2,rct_size,200,5000,1.0,flexible,omega_only,bias,0.013903704581740903,0.033601864827042235,100
scm2,rct_size,200,5000,1.0,flexible,omega_only,coverage,0.96,0.01969463855669324,100
scm2,rct_size,200,5000,1.0,flexible,omega_only,ci_length,1.3683459182550406,0.017905909118177146,100
scm2,rct_size,200,5000,1.0,flexible,omega_only,variance_hat,0.12391855395541272,0.0033739843212922866,100
scm2,rct_size,200,5000,1.0,flexible,omega_only,lambda_used,0.0,0.0,100
scm2,rct_size,200,5000,1.0,flexible,omega_only,omega_used,0.6970745301611422,0.033500768235072684,100
scm2,rct_size,200,5000,1.0,flexible,oracle_joint,rmse,0.3158435663840099,0.022459243989184176,100
scm2,rct_size,200,5000,1.0,flexible,oracle_joint,bias,0.0015952830262362073,0.03174306788210691,100
scm2,rct_size,200,5000,1.0,flexible,oracle_joint,coverage,0.96,0.019694638556693237,100
scm2,rct_size,200,5000,1.0,flexible,oracle_joint,ci_length,1.1963084638852428,0.015459187743523053,100
scm2,rct_size,200,5000,1.0,flexible,oracle_joint,variance_hat,0.09467845880642912,0.00254355870148947,100
scm2,rct_size,200,5000,1.0,flexible,oracle_joint,lambda_used,0.9566234276242831,0.004012826314594124,100
scm2,rct_size,200,5000,1.0,flexible,oracle_joint,omega_used,0.9009416989133192,0.005749218281368104,100
scm2,rct_size,200,5000,1.0,flexible,oracle_lambda_only,rmse,0.32181043298962414,0.02048084445770424,100
scm2,rct_size,200,5000,1.0,flexible,oracle_lambda_only,bias,0.00020630317851540235,0.03234315880389263,100
scm2,rct_size,200,5000,1.0,flexible,oracle_lambda_only,coverage,0.95,0.021904291355759036,100
scm2,rct_size,200,5000,1.0,flexible,oracle_lambda_only,ci_length,1.25255248467396,0.015065454373962676,100
scm2,rct_size,200,5000,1.0,flexible,oracle_lambda_only,variance_hat,0.10356466285178509,0.0025672433104683484,100
scm2,rct_size,200,5000,1.0,flexible,oracle_lambda_only,lambda_used,0.9566234276242831,0.004012826314594124,100
scm2,rct_size,200,5000,1.0,flexible,oracle_lambda_only,omega_used,0.0,0.0,100
scm2,rct_size,200,5000,1.0,flexible,oracle_omega_only,rmse,0.3397604869100132,0.02460841585105879,100
scm2,rct_size,200,5000,1.0,flexible,oracle_omega_only,bias,0.014743628546461576,0.03411504805602331,100
scm2,rct_size,200,5000,1.0,flexible,oracle_omega_only,coverage,0.97,0.01714466079977653,100
scm2,rct_size,200,5000,1.0,flexible,oracle_omega_only,ci_length,1.3564823263915036,0.01779375774983838,100
scm2,rct_size,200,5000,1.0,flexible,oracle_omega_only,variance_hat,0.12178898387523857,0.003319482425096695,100
scm2,rct_size,200,5000,1.0,flexible,oracle_omega_only,lambda_used,0.0,0.0,100
scm2,rct_size,200,5000,1.0,flexible,oracle_omega_only,omega_used,0.9009416989133192,0.005749218281368104,100
scm2,rct_size,200,5000,1.0,flexible,rct_only,rmse,0.337126694573679,0.023623006386737967,100
scm2,rct_size,200,5000,1.0,flexible,rct_only,bias,0.01335464869874078,0.03385591298374193,100
scm2,rct_size,200,5000,1.0,flexible,rct_only,coverage,0.97,0.01714466079977653,100
scm2,rct_size,200,5000,1.0,flexible,rct_only,ci_length,1.3997165457918208,0.017924971348237374,100
scm2,rct_size,200,5000,1.0,flexible,rct_only,variance_hat,0.12957418370746066,0.0034173769288273572,100
scm2,rct_size,200,5000,1.0,flexible,rct_only,lambda_used,0.0,0.0,100
scm2,rct_size,200,5000,1.0,flexible,rct_only,omega_used,0.0,0.0,100
scm2,rct_size,200,5000,1.0,flexible,semi_supervised,rmse,0.3461561291627028,0.024064417494538224,100
scm2,rct_size,200,5000,1.0,flexible,semi_supervised,bias,0.004118425152030487,0.03478753758204148,100
scm2,rct_size,200,5000,1.0,flexible,semi_supervised,coverage,0.96,0.01969463855669324,100
scm2,rct_size,200,5000,1.0,flexible,semi_supervised,ci_length,1.400066831891999,0.018765299435656354,100
scm2,rct_size,200,5000,1.0,flexible,semi_supervised,variance_hat,0.1298366542968488,0.0035765505293050594,100
scm2,rct_size,200,5000,1.0,flexible,shrinkage,rmse,0.3057311499711283,0.013440112185315678,100
scm2,rct_size,200,5000,1.0,flexible,shrinkage,bias,-0.24117901251625884,0.018884074842846023,100
scm2,rct_size,200,5000,1.0,flexible,shrinkage,coverage,0.47,0.05016135580465918,100
scm2,rct_size,200,5000,1.0,flexible,shrinkage,ci_length,0.6524526606031839,0.025252870514362924,100
scm2,rct_size,200,5000,1.0,flexible,shrinkage,variance_hat,0.031812622274325755,0.002665861657376555,100
scm2,rct_size,400,5000,1.0,flexible,adaptive,rmse,0.2906772124972661,0.010232079728264691,100
scm2,rct_size,400,5000,1.0,flexible,adaptive,bias,-0.22756086032706413,0.018176824158492588,100
scm2,rct_size,400,5000,1.0,flexible,adaptive,coverage,0.33,0.04725815626252608,100
scm2,rct_size,400,5000,1.0,flexible,adaptive,ci_length,0.5111814407252345,0.02251193823860063,100
scm2,rct_size,400,5000,1.0,flexible,adaptive,variance_hat,0.0202708416804168,0.0019340156013596976,100
scm2,rct_size,400,5000,1.0,flexible,fixed_half,rmse,0.21139816881963205,0.012569390880227339,100
scm2,rct_size,400,5000,1.0,flexible,fixed_half,bias,0.008528814574273366,0.021229016996766555,100
scm2,rct_size,400,5000,1.0,flexible,fixed_half,coverage,0.98,0.014070529413628966,100
scm2,rct_size,400,5000,1.0,flexible,fixed_half,ci_length,0.8660171009465673,0.007326614283614065,100
scm2,rct_size,400,5000,1.0,flexible,fixed_half,variance_hat,0.049154494607119334,0.0008282096368991791,100
scm2,rct_size,400,5000,1.0,flexible,fixed_half,lambda_used,0.5,0.0,100
scm2,rct_size,400,5000,1.0,flexible,fixed_half,omega_used,0.5,0.0,100
scm2,rct_size,400,5000,1.0,flexible,joint,rmse,0.20886605400555244,0.013682619400785323,100
scm2,rct_size,400,5000,1.0,flexible,joint,bias,0.0008587181912439634,0.02099165084602923,100
scm2,rct_size,400,5000,1.0,flexible,joint,coverage,0.98,0.014070529413628966,100
scm2,rct_size,400,5000,1.0,flexible,joint,ci_length,0.8541066832612728,0.007572619396043234,100
scm2,rct_size,400,5000,1.0,flexible,joint,variance_hat,0.04784480145396604,0.0008422587619888386,100
scm2,rct_size,400,5000,1.0,flexible,joint,lambda_used,0.8480688386798139,0.01960625261811396,100
scm2,rct_size,400,5000,1.0,flexible,joint,omega_used,0.729874501431922,0.02827315862832667,100
scm2,rct_size,400,5000,1.0,flexible,lambda_only,rmse,0.2093151670384764,0.013810405763333516,100
scm2,rct_size,400,5000,1.0,flexible,lambda_only,bias,-0.0015226153018581717,0.021036409224976706,100
scm2,rct_size,400,5000,1.0,flexible,lambda_only,coverage,0.97,0.01714466079977653,100
scm2,rct_size,400,5000,1.0,flexible,lambda_only,ci_length,0.8825768444794864,0.007230074037402959,100
scm2,rct_size,400,5000,1.0,flexible,lambda_only,variance_hat,0.05102989815192979,0.0008351928870793975,100
scm2,rct_size,400,5000,1.0,flexible,lambda_only,lambda_used,0.8480688386798139,0.01960625261811396,100
scm2,rct_size,400,5000,1.0,flexible,lambda_only,omega_used,0.0,0.0,100
scm2,rct_size,400,5000,1.0,flexible,naive_pool,rmse,0.2912093748899493,0.007365869809137898,100
scm2,rct_size,400,5000,1.0,flexible,naive_pool,bias,-0.281174627894918,0.007616919398996053,100
scm2,rct_size,400,5000,1.0,flexible,naive_pool,coverage,0.05,0.021904291355759033,100
scm2,rct_size,400,5000,1.0,flexible,naive_pool,ci_length,0.3038891460196471,0.0013837129569924404,100
scm2,rct_size,400,5000,1.0,flexible,naive_pool,variance_hat,0.0060223321972911956,5.539047894889586e-05,100
scm2,rct_size,400,5000,1.0,flexible,obs_transported,rmse,0.3276238113602508,0.009502985628931829,100
scm2,rct_size,400,5000,1.0,flexible,obs_transported,bias,-0.31230218864464093,0.009951754699338258,100
scm2,rct_size,400,5000,1.0,flexible,obs_transported,coverage,0.11,0.031446603773522014,100
scm2,rct_size,400,5000,1.0,flexible,obs_transported,ci_length,0.39842500103001316,0.002966442901354997,100
scm2,rct_size,400,5000,1.0,flexible,obs_transported,variance_hat,0.01038756807382214,0.00015768637964490049,100
scm2,rct_size,400,5000,1.0,flexible,omega_only,rmse,0.22789585930672254,0.013461030663972683,100
scm2,rct_size,400,5000,1.0,flexible,omega_only,bias,0.0287616316080606,0.02272125584192607,100
scm2,rct_size,400,5000,1.0,flexible,omega_only,coverage,0.98,0.014070529413628966,100
scm2,rct_size,400,5000,1.0,flexible,omega_only,ci_length,0.9145786389137269,0.008188082048486046,100
scm2,rct_size,400,5000,1.0,flexible,omega_only,variance_hat,0.05486792584441825,0.0009691576563156991,100
scm2,rct_size,400,5000,1.0,flexible,omega_only,lambda_used,0.0,0.0,100
scm2,rct_size,400,5000,1.0,flexible,omega_only,omega_used,0.729874501431922,0.02827315862832667,100
scm2,rct_size,400,5000,1.0,flexible,oracle_joint,rmse,0.2107307321850889,0.013489865581279452,100
scm2,rct_size,400,5000,1.0,flexible,oracle_joint,bias,-0.007119098734638802,0.021167146241398455,100
scm2,rct_size,400,5000,1.0,flexible,oracle_joint,coverage,0.98,0.014070529413628966,100
scm2,rct_size,400,5000,1.0,flexible,oracle_joint,ci_length,0.8477779815652842,0.007379265558668323,100
scm2,rct_size,400,5000,1.0,flexible,oracle_joint,variance_hat,0.047125222622744004,0.0008150596750961074,100
scm2,rct_size,400,5000,1.0,flexible,oracle_joint,lambda_used,0.925019015518836,0.006158075628297638,100
scm2,rct_size,400,5000,1.0,flexible,oracle_joint,omega_used,0.8514858212692257,0.0058288817296537985,100
scm2,rct_size,400,5000,1.0,flexible,oracle_lambda_only,rmse,0.20927025178200842,0.013594549826710723,100
scm2,rct_size,400,5000,1.0,flexible,oracle_lambda_only,bias,-0.004019692086637013,0.0210285713181174,100
scm2,rct_size,400,5000,1.0,flexible,oracle_lambda_only,coverage,0.97,0.01714466079977653,100
scm2,rct_size,400,5000,1.0,flexible,oracle_lambda_only,ci_length,0.8802387779169384,0.0071121561565144235,100
scm2,rct_size,400,5000,1.0,flexible,oracle_lambda_only,variance_hat,0.050750771796771836,0.0008186454768049237,100
scm2,rct_size,400,5000,1.0,flexible,oracle_lambda_only,lambda_used,0.925019015518836,0.006158075628297638,100
scm2,rct_size,400,5000,1.0,flexible,oracle_lambda_only,omega_used,0.0,0.0,100
scm2,rct_size,400,5000,1.0,flexible,oracle_omega_only,rmse,0.23093727392690672,0.013674006223495325,100
scm2,rct_size,400,5000,1.0,flexible,oracle_omega_only,bias,0.02328089146695667,0.023091829107462054,100
scm2,rct_size,400,5000,1.0,flexible,oracle_omega_only,coverage,0.97,0.017144660799776532,100
scm2,rct_size,400,5000,1.0,flexible,oracle_omega_only,ci_length,0.9113302584655233,0.008163464885610285,100
scm2,rct_size,400,5000,1.0,flexible,oracle_omega_only,variance_hat,0.05447933017140192,0.0009618054313070083,100
scm2,rct_size,400,5000,1.0,flexible,oracle_omega_only,lambda_used,0.0,0.0,100
scm2,rct_size,400,5000,1.0,flexible,oracle_omega_only,omega_used,0.8514858212692257,0.0058288817296537985,100
scm2,rct_size,400,5000,1.0,flexible,rct_only,rmse,0.22773307281559196,0.012987351511893968,100
scm2,rct_size,400,5000,1.0,flexible,rct_only,bias,0.02638029811495846,0.022733953676197446,100
scm2,rct_size,400,5000,1.0,flexible,rct_only,coverage,0.98,0.014070529413628966,100
scm2,rct_size,400,5000,1.0,flexible,rct_only,ci_length,0.9395994623648698,0.008120629077442692,100
scm2,rct_size,400,5000,1.0,flexible,rct_only,variance_hat,0.05788007292502848,0.0009944224568343028,100
scm2,rct_size,400,5000,1.0,flexible,rct_only,lambda_used,0.0,0.0,100
scm2,rct_size,400,5000,1.0,flexible,rct_only,omega_used,0.0,0.0,100
scm2,rct_size,400,5000,1.0,flexible,semi_supervised,rmse,0.22792029705588301,0.012917851801218853,100
scm2,rct_size,400,5000,1.0,flexible,semi_supervised,bias,0.026768202188099235,0.02274832109725969,100
scm2,rct_size,400,5000,1.0,flexible,semi_supervised,coverage,0.97,0.01714466079977653,100
scm2,rct_size,400,5000,1.0,flexible,semi_supervised,ci_length,0.9306213493979514,0.008279705429422867,100
scm2,rct_size,400,5000,1.0,flexible,semi_supervised,variance_hat,0.05680412932783636,0.0009966657893536713,100
scm2,rct_size,400,5000,1.0,flexible,shrinkage,rmse,0.24654940258063895,0.011761186592402046,100
scm2,rct_size,400,5000,1.0,flexible,shrinkage,bias,-0.17649917767460863,0.0173014415797629,100
scm2,rct_size,400,5000,1.0,flexible,shrinkage,coverage,0.59,0.04943110704237103,100
scm2,rct_size,400,5000,1.0,flexible,shrinkage,ci_length,0.5510039051918384,0.01712858911585767,100
scm2,rct_size,400,5000,1.0,flexible,shrinkage,variance_hat,0.02164872689051998,0.0013459209251007894,100
scm3,obs_size,100,1000,1.0,flexible,adaptive,rmse,0.48418222660930577,0.021034671872222147,100
scm3,obs_size,100,1000,1.0,flexible,adaptive,bias,0.38353522604733087,0.02970106261833509,100
scm3,obs_size,100,1000,1.0,flexible,adaptive,coverage,0.54,0.05009082659620331,100
scm3,obs_size,100,1000,1.0,flexible,adaptive,ci_length,0.967336763279783,0.04128052641990499,100
scm3,obs_size,100,1000,1.0,flexible,adaptive,variance_hat,0.07187663394514694,0.008605037214434794,100
scm3,obs_size,100,1000,1.0,flexible,fixed_half,rmse,0.4320668243610685,0.031098176835299366,100
scm3,obs_size,100,1000,1.0,flexible,fixed_half,bias,0.03430465854061992,0.0432872635192915,100
scm3,obs_size,100,1000,1.0,flexible,fixed_half,coverage,0.95,0.02190429135575904,100
scm3,obs_size,100,1000,1.0,flexible,fixed_half,ci_length,1.9196136866308544,0.032553618243796205,100
scm3,obs_size,100,1000,1.0,flexible,fixed_half,variance_hat,0.24664007547731726,0.008749611011082677,100
scm3,obs_size,100,1000,1.0,flexible,fixed_half,lambda_used,0.5,0.0,100
scm3,obs_size,100,1000,1.0,flexible,fixed_half,omega_used,0.5,0.0,100
scm3,obs_size,100,1000,1.0,flexible,joint,rmse,0.4317262236132956,0.029854368117478356,100
scm3,obs_size,100,1000,1.0,flexible,joint,bias,0.04830957926640253,0.04311761184922945,100
scm3,obs_size,100,1000,1.0,flexible,joint,coverage,0.96,0.019694638556693237,100
scm3,obs_size,100,1000,1.0,flexible,joint,ci_length,1.8449955955935868,0.03089950536820039,100
scm3,obs_size,100,1000,1.0,flexible,joint,variance_hat,0.22768250779371355,0.007984560439957916,100
scm3,obs_size,100,1000,1.0,flexible,joint,lambda_used,0.8547967088267524,0.020040358220566247,100
scm3,obs_size,100,1000,1.0,flexible,joint,omega_used,0.4824187020315719,0.041290303395783774,100
scm3,obs_size,100,1000,1.0,flexible,lambda_only,rmse,0.4300504044921192,0.030036157721059588,100
scm3,obs_size,100,1000,1.0,flexible,lambda_only,bias,0.05158816603383273,0.04290958447349367,100
scm3,obs_size,100,1000,1.0,flexible,lambda_only,coverage,0.97,0.01714466079977653,100
scm3,obs_size,100,1000,1.0,flexible,lambda_only,ci_length,1.8475826254203174,0.03016345034394146,100
scm3,obs_size,100,1000,1.0,flexible,lambda_only,variance_hat,0.22801462030578537,0.007804681731248176,100
scm3,obs_size,100,1000,1.0,flexible,lambda_only,lambda_used,0.8547967088267524,0.020040358220566247,100
scm3,obs_size,100,1000,1.0,flexible,lambda_only,omega_used,0.0,0.0,100
scm3,obs_size,100,1000,1.0,flexible,naive_pool,rmse,0.4902160602640343,0.01867600946939563,100
scm3,obs_size,100,1000,1.0,flexible,naive_pool,bias,0.439622908353747,0.02179877769518011,100
scm3,obs_size,100,1000,1.0,flexible,naive_pool,coverage,0.43,0.0497569851956243,100
scm3,obs_size,100,1000,1.0,flexible,naive_pool,ci_length,0.8318741619298986,0.012693237695451073,100
scm3,obs_size,100,1000,1.0,flexible,naive_pool,variance_hat,0.046073989359775,0.0016250737107757142,100
scm3,obs_size,100,1000,1.0,flexible,obs_transported,rmse,0.5451648021263781,0.02292806850937218,100
scm3,obs_size,100,1000,1.0,flexible,obs_transported,bias,0.48618795832269784,0.02478716078930677,100
scm3,obs_size,100,1000,1.0,flexible,obs_transported,coverage,0.43,0.0497569851956243,100
scm3,obs_size,100,1000,1.0,flexible,obs_transported,ci_length,0.8844476098966227,0.011955047514948854,100
scm3,obs_size,100,1000,1.0,flexible,obs_transported,variance_hat,0.05182907098398418,0.0015138177285763397,100
scm3,obs_size,100,1000,1.0,flexible,omega_only,rmse,0.524708479038326,0.0423810974023941,100
scm3,obs_size,100,1000,1.0,flexible,omega_only,bias,0.013577086844494744,0.05271752920739582,100
scm3,obs_size,100,1000,1.0,flexible,omega_only,coverage,0.95,0.02190429135575904,100
scm3,obs_size,100,1000,1.0,flexible,omega_only,ci_length,2.252836089940781,0.04591814952098337,100
scm3,obs_size,100,1000,1.0,flexible,omega_only,variance_hat,0.3438804022030743,0.01516078996374585,100
scm3,obs_size,100,1000,1.0,flexible,omega_only,lambda_used,0.0,0.0,100
scm3,obs_size,100,1000,1.0,flexible,omega_only,omega_used,0.4824187020315719,0.041290303395783774,100
scm3,obs_size,100,1000,1.0,flexible,oracle_joint,rmse,0.4152916613330148,0.029518988188452864,100
scm3,obs_size,100,1000,1.0,flexible,oracle_joint,bias,0.04763280956456042,0.0414629297041798,100
scm3,obs_size,100,1000,1.0,flexible,oracle_joint,coverage,0.97,0.01714466079977653,100
scm3,obs_size,100,1000,1.0,flexible,oracle_joint,ci_length,1.8104661588538855,0.027447526718962407,100
scm3,obs_size,100,1000,1.0,flexible,oracle_joint,variance_hat,0.2181704382636868,0.0065780021925482945,100
scm3,obs_size,100,1000,1.0,flexible,oracle_joint,lambda_used,0.9361187257083222,0.005826349874948155,100
scm3,obs_size,100,1000,1.0,flexible,oracle_joint,omega_used,0.5022857384012056,0.01048090023020737,100
scm3,obs_size,100,1000,1.0,flexible,oracle_lambda_only,rmse,0.4127835966378908,0.029133514908748125,100
scm3,obs_size,100,1000,1.0,flexible,oracle_lambda_only,bias,0.052628520046594636,0.04114774274047785,100
scm3,obs_size,100,1000,1.0,flexible,oracle_lambda_only,coverage,0.97,0.01714466079977653,100
scm3,obs_size,100,1000,1.0,flexible,oracle_lambda_only,ci_length,1.8189228726476825,0.027213946248932714,100
scm3,obs_size,100,1000,1.0,flexible,oracle_lambda_only,variance_hat,0.22008564081154003,0.006570046472633709,100
scm3,obs_size,100,1000,1.0,flexible,oracle_lambda_only,lambda_used,0.9361187257083222,0.005826349874948155,100
scm3,obs_size,100,1000,1.0,flexible,oracle_lambda_only,omega_used,0.0,0.0,100
scm3,obs_size,100,1000,1.0,flexible,oracle_omega_only,rmse,0.5231317992124126,0.042727132635258326,100
scm3,obs_size,100,1000,1.0,flexible,oracle_omega_only,bias,0.011859963129890716,0.05256321068382004,100
scm3,obs_size,100,1000,1.0,flexible,oracle_omega_only,coverage,0.94,0.023868325657594204,100
scm3,obs_size,100,1000,1.0,flexible,oracle_omega_only,ci_length,2.246770817165678,0.045266491572497874,100
scm3,obs_size,100,1000,1.0,flexible,oracle_omega_only,variance_hat,0.341721454050857,0.014915695605655293,100
scm3,obs_size,100,1000,1.0,flexible,oracle_omega_only,lambda_used,0.0,0.0,100
scm3,obs_size,100,1000,1.0,flexible,oracle_omega_only,omega_used,0.5022857384012056,0.01048090023020737,100
scm3,obs_size,100,1000,1.0,flexible,rct_only,rmse,0.5233076622011057,0.042100100059565826,100
scm3,obs_size,100,1000,1.0,flexible,rct_only,bias,0.01685567361192495,0.05256710916067048,100
scm3,obs_size,100,1000,1.0,flexible,rct_only,coverage,0.95,0.02190429135575904,100
scm3,obs_size,100,1000,1.0,flexible,rct_only,ci_length,2.255342468847634,0.04515661754481321,100
scm3,obs_size,100,1000,1.0,flexible,rct_only,variance_hat,0.344168894509516,0.014910802362528949,100
scm3,obs_size,100,1000,1.0,flexible,rct_only,lambda_used,0.0,0.0,100
scm3,obs_size,100,1000,1.0,flexible,rct_only,omega_used,0.0,0.0,100
scm3,obs_size,100,1000,1.0,flexible,semi_supervised,rmse,0.5221459429971536,0.041873626075791065,100
scm3,obs_size,100,1000,1.0,flexible,semi_supervised,bias,0.015231687978664237,0.05245530868067524,100
scm3,obs_size,100,1000,1.0,flexible,semi_supervised,coverage,0.95,0.02190429135575904,100
scm3,obs_size,100,1000,1.0,flexible,semi_supervised,ci_length,2.263372607842492,0.046080929356805425,100
scm3,obs_size,100,1000,1.0,flexible,semi_supervised,variance_hat,0.34707370063362897,0.015256774830809085,100
scm3,obs_size,100,1000,1.0,flexible,shrinkage,rmse,0.48222192874419956,0.024584694371608914,100
scm3,obs_size,100,1000,1.0,flexible,shrinkage,bias,0.33636746429827885,0.03472764414572839,100
scm3,obs_size,100,1000,1.0,flexible,shrinkage,coverage,0.61,0.04902071300001973,100
scm3,obs_size,100,1000,1.0,flexible,shrinkage,ci_length,1.116075527342728,0.04373405647648988,100
scm3,obs_size,100,1000,1.0,flexible,shrinkage,variance_hat,0.09338761337854518,0.007955426060549541,100
scm3,obs_size,100,20000,1.0,flexible,adaptive,rmse,0.5058845792971856,0.01932772958130874,100
scm3,obs_size,100,20000,1.0,flexible,adaptive,bias,0.391726936968841,0.032172077488660335,100
scm3,obs_size,100,20000,1.0,flexible,adaptive,coverage,0.17,0.03775251680686369,100
scm3,obs_size,100,20000,1.0,flexible,adaptive,ci_length,0.6691372711830539,0.0717428602857346,100
scm3,obs_size,100,20000,1.0,flexible,adaptive,variance_hat,0.06230064505215696,0.013437606559996037,100
scm3,obs_size,100,20000,1.0,flexible,fixed_half,rmse,0.5283914661371102,0.05056863374538446,100
scm3,obs_size,100,20000,1.0,flexible,fixed_half,bias,-0.05343001704553636,0.052833144514053056,100
scm3,obs_size,100,20000,1.0,flexible,fixed_half,coverage,0.95,0.021904291355759036,100
scm3,obs_size,100,20000,1.0,flexible,fixed_half,ci_length,1.957139777298385,0.029327554087598372,100
scm3,obs_size,100,20000,1.0,flexible,fixed_half,variance_hat,0.25482158784559084,0.007736362449936987,100
scm3,obs_size,100,20000,1.0,flexible,fixed_half,lambda_used,0.5,0.0,100
scm3,obs_size,100,20000,1.0,flexible,fixed_half,omega_used,0.5,0.0,100
scm3,obs_size,100,20000,1.0,flexible,joint,rmse,0.49345235028844775,0.046541031058781705,100
scm3,obs_size,100,20000,1.0,flexible,joint,bias,-0.05724702984683692,0.04925895289377346,100
scm3,obs_size,100,20000,1.0,flexible,joint,coverage,0.95,0.021904291355759036,100
scm3,obs_size,100,20000,1.0,flexible,joint,ci_length,1.8438007585737464,0.02595744739712722,100
scm3,obs_size,100,20000,1.0,flexible,joint,variance_hat,0.22558528657824276,0.006416218663659598,100
scm3,obs_size,100,20000,1.0,flexible,joint,lambda_used,0.8783007702694361,0.018642328895720477,100
scm3,obs_size,100,20000,1.0,flexible,joint,omega_used,0.6467565577068057,0.04370542344287041,100
scm3,obs_size,100,20000,1.0,flexible,lambda_only,rmse,0.502049239503087,0.048372434279825266,100
scm3,obs_size,100,20000,1.0,flexible,lambda_only,bias,-0.05365286626265361,0.05016888737936222,100
scm3,obs_size,100,20000,1.0,flexible,lambda_only,coverage,0.94,0.023868325657594204,100
scm3,obs_size,100,20000,1.0,flexible,lambda_only,ci_length,1.8640202917564885,0.026781805322835906,100
scm3,obs_size,100,20000,1.0,flexible,lambda_only,variance_hat,0.23074442927244243,0.006726015447954589,100
scm3,obs_size,100,20000,1.0,flexible,lambda_only,lambda_used,0.8783007702694361,0.018642328895720477,100
scm3,obs_size,100,20000,1.0,flexible,lambda_only,omega_used,0.0,0.0,100
scm3,obs_size,100,20000,1.0,flexible,naive_pool,rmse,0.4888275034087081,0.006360893168808773,100
scm3,obs_size,100,20000,1.0,flexible,naive_pool,bias,0.484784466297394,0.006305640673111445,100
scm3,obs_size,100,20000,1.0,flexible,naive_pool,coverage,0.0,0.0,100
scm3,obs_size,100,20000,1.0,flexible,naive_pool,ci_length,0.19728783126260116,0.0020072034303526927,100
scm3,obs_size,100,20000,1.0,flexible,naive_pool,variance_hat,0.0025590112959135315,5.760824636576258e-05,100
scm3,obs_size,100,20000,1.0,flexible,obs_transported,rmse,0.49444434411070876,0.010692015817962586,100
scm3,obs_size,100,20000,1.0,flexible,obs_transported,bias,0.4827248067733427,0.010755299538774745,100
scm3,obs_size,100,20000,1.0,flexible,obs_transported,coverage,0.02,0.014070529413628966,100
scm3,obs_size,100,20000,1.0,flexible,obs_transported,ci_length,0.3682132365940965,0.007325044907835372,100
scm3,obs_size,100,20000,1.0,flexible,obs_transported,variance_hat,0.009169235320926877,0.0003952276980351245,100
scm3,obs_size,100,20000,1.0,flexible,omega_only,rmse,0.6128788210561208,0.05075559382487765,100
scm3,obs_size,100,20000,1.0,flexible,omega_only,bias,-0.06402937899684302,0.061259564326387274,100
scm3,obs_size,100,20000,1.0,flexible,omega_only,coverage,0.96,0.019694638556693237,100
scm3,obs_size,100,20000,1.0,flexible,omega_only,ci_length,2.2819012262828653,0.04181903296611697,100
scm3,obs_size,100,20000,1.0,flexible,omega_only,variance_hat,0.35014090856784014,0.013051128027608785,100
scm3,obs_size,100,20000,1.0,flexible,omega_only,lambda_used,0.0,0.0,100
scm3,obs_size,100,20000,1.0,flexible,omega_only,omega_used,0.6467565577068057,0.04370542344287041,100
scm3,obs_size,100,20000,1.0,flexible,oracle_joint,rmse,0.4925484873214985,0.050283324564555594,100
scm3,obs_size,100,20000,1.0,flexible,oracle_joint,bias,-0.046166397317583104,0.04928505788288482,100
scm3,obs_size,100,20000,1.0,flexible,oracle_joint,coverage,0.96,0.01969463855669324,100
scm3,obs_size,100,20000,1.0,flexible,oracle_joint,ci_length,1.8111818588313648,0.024097050665176027,100
scm3,obs_size,100,20000,1.0,flexible,oracle_joint,variance_hat,0.21722644955894346,0.005758432164052848,100
scm3,obs_size,100,20000,1.0,flexible,oracle_joint,lambda_used,0.989079923461173,0.0016159724538580612,100
scm3,obs_size,100,20000,1.0,flexible,oracle_joint,omega_used,0.9479129848249002,0.005442252322886983,100
scm3,obs_size,100,20000,1.0,flexible,oracle_lambda_only,rmse,0.5024762181970823,0.050561742796719704,100
scm3,obs_size,100,20000,1.0,flexible,oracle_lambda_only,bias,-0.047952499034999006,0.05027027031632281,100
scm3,obs_size,100,20000,1.0,flexible,oracle_lambda_only,coverage,0.94,0.023868325657594204,100
scm3,obs_size,100,20000,1.0,flexible,oracle_lambda_only,ci_length,1.8350483087778253,0.024942825277866017,100
scm3,obs_size,100,20000,1.0,flexible,oracle_lambda_only,variance_hat,0.22315705857808293,0.006046935288280321,100
scm3,obs_size,100,20000,1.0,flexible,oracle_lambda_only,lambda_used,0.989079923461173,0.0016159724538580612,100
scm3,obs_size,100,20000,1.0,flexible,oracle_lambda_only,omega_used,0.0,0.0,100
scm3,obs_size,100,20000,1.0,flexible,oracle_omega_only,rmse,0.6075354120081135,0.05132705103168969,100
scm3,obs_size,100,20000,1.0,flexible,oracle_omega_only,bias,-0.058649113695243844,0.06077442629911177,100
scm3,obs_size,100,20000,1.0,flexible,oracle_omega_only,coverage,0.96,0.019694638556693237,100
scm3,obs_size,100,20000,1.0,flexible,oracle_omega_only,ci_length,2.276849987231354,0.04151133072283272,100
scm3,obs_size,100,20000,1.0,flexible,oracle_omega_only,variance_hat,0.348477100858752,0.012978296375874155,100
scm3,obs_size,100,20000,1.0,flexible,oracle_omega_only,lambda_used,0.0,0.0,100
scm3,obs_size,100,20000,1.0,flexible,oracle_omega_only,omega_used,0.9479129848249002,0.005442252322886983,100
scm3,obs_size,100,20000,1.0,flexible,rct_only,rmse,0.6161367824162839,0.05286150753053774,100
scm3,obs_size,100,20000,1.0,flexible,rct_only,bias,-0.060435215412659705,0.06162546694021196,100
scm3,obs_size,100,20000,1.0,flexible,rct_only,coverage,0.96,0.019694638556693237,100
scm3,obs_size,100,20000,1.0,flexible,rct_only,ci_length,2.3014077971742664,0.04234619486911833,100
scm3,obs_size,100,20000,1.0,flexible,rct_only,variance_hat,0.3562451744357651,0.013242858603518847,100
scm3,obs_size,100,20000,1.0,flexible,rct_only,lambda_used,0.0,0.0,100
scm3,obs_size,100,20000,1.0,flexible,rct_only,omega_used,0.0,0.0,100
scm3,obs_size,100,20000,1.0,flexible,semi_supervised,rmse,0.6205004902757694,0.0541259638579879,100
scm3,obs_size,100,20000,1.0,flexible,semi_supervised,bias,-0.07314380691453126,0.06192785326103596,100
scm3,obs_size,100,20000,1.0,flexible,semi_supervised,coverage,0.96,0.019694638556693237,100
scm3,obs_size,100,20000,1.0,flexible,semi_supervised,ci_length,2.3156069576108718,0.04401043445677914,100
scm3,obs_size,100,20000,1.0,flexible,semi_supervised,variance_hat,0.361437591624288,0.014004975723877284,100
scm3,obs_size,100,20000,1.0,flexible,shrinkage,rmse,0.4805528781789915,0.021608257971327507,100
scm3,obs_size,100,20000,1.0,flexible,shrinkage,bias,0.3615521628998392,0.03181561496881756,100
scm3,obs_size,100,20000,1.0,flexible,shrinkage,coverage,0.37,0.048523658709390974,100
scm3,obs_size,100,20000,1.0,flexible,shrinkage,ci_length,0.8369339220451996,0.06556510739650137,100
scm3,obs_size,100,20000,1.0,flexible,shrinkage,variance_hat,0.0732819216548346,0.01052771159604721,100
scm3,quality,100,5000,0.0,flexible,adaptive,rmse,0.19779961784052583,0.037071441980207356,100
scm3,quality,100,5000,0.0,flexible,adaptive,bias,3.893063006621622e-05,0.01987960919231139,100
scm3,quality,100,5000,0.0,flexible,adaptive,coverage,0.98,0.014070529413628968,100
scm3,quality,100,5000,0.0,flexible,adaptive,ci_length,0.562039228753281,0.03656249358188104,100
scm3,quality,100,5000,0.0,flexible,adaptive,variance_hat,0.029170745629141907,0.005870751765278273,100
scm3,quality,100,5000,0.0,flexible,fixed_half,rmse,0.4680199705487649,0.04024647542910505,100
scm3,quality,100,5000,0.0,flexible,fixed_half,bias,0.011840701504269205,0.0470227207729674,100
scm3,quality,100,5000,0.0,flexible,fixed_half,coverage,0.93,0.025643239997624283,100
scm3,quality,100,5000,0.0,flexible,fixed_half,ci_length,1.8732968858546326,0.02966507326370719,100
scm3,quality,100,5000,0.0,flexible,fixed_half,variance_hat,0.23404929162465918,0.007687525416572634,100
scm3,quality,100,5000,0.0,flexible,fixed_half,lambda_used,0.5,0.0,100
scm3,quality,100,5000,0.0,flexible,fixed_half,omega_used,0.5,0.0,100
scm3,quality,100,5000,0.0,flexible,joint,rmse,0.4445948507782603,0.03432706052546957,100
scm3,quality,100,5000,0.0,flexible,joint,bias,0.03255447146320567,0.04456351587038719,100
scm3,quality,100,5000,0.0,flexible,joint,coverage,0.95,0.021904291355759036,100
scm3,quality,100,5000,0.0,flexible,joint,ci_length,1.7793397450863497,0.027053349586347607,100
scm3,quality,100,5000,0.0,flexible,joint,variance_hat,0.21076019347508285,0.00643415918281434,100
scm3,quality,100,5000,0.0,flexible,joint,lambda_used,0.9133360364242445,0.01774714700919323,100
scm3,quality,100,5000,0.0,flexible,joint,omega_used,0.638912654328117,0.044834104631657004,100
scm3,quality,100,5000,0.0,flexible,lambda_only,rmse,0.4466788009532416,0.035289419416596655,100
scm3,quality,100,5000,0.0,flexible,lambda_only,bias,0.029174737016280917,0.04479704918369319,100
scm3,quality,100,5000,0.0,flexible,lambda_only,coverage,0.95,0.021904291355759036,100
scm3,quality,100,5000,0.0,flexible,lambda_only,ci_length,1.7956555175833855,0.027328714240248676,100
scm3,quality,100,5000,0.0,flexible,lambda_only,variance_hat,0.21465268114029684,0.006534848410865877,100
scm3,quality,100,5000,0.0,flexible,lambda_only,lambda_used,0.9133360364242445,0.01774714700919323,100
scm3,quality,100,5000,0.0,flexible,lambda_only,omega_used,0.0,0.0,100
scm3,quality,100,5000,0.0,flexible,naive_pool,rmse,0.09308626622687691,0.0067422168407711295,100
scm3,quality,100,5000,0.0,flexible,naive_pool,bias,-2.740342409790819e-05,0.009355521358536565,100
scm3,quality,100,5000,0.0,flexible,naive_pool,coverage,0.93,0.025643239997624283,100
scm3,quality,100,5000,0.0,flexible,naive_pool,ci_length,0.36721649363281733,0.003171846925046181,100
scm3,quality,100,5000,0.0,flexible,naive_pool,variance_hat,0.008840648840413148,0.00015988627245557403,100
scm3,quality,100,5000,0.0,flexible,obs_transported,rmse,0.11260490307432057,0.007672820049106195,100
scm3,quality,100,5000,0.0,flexible,obs_transported,bias,-0.005338636546178091,0.011304492338551658,100
scm3,quality,100,5000,0.0,flexible,obs_transported,coverage,0.99,0.01,100
scm3,quality,100,5000,0.0,flexible,obs_transported,ci_length,0.47248194432858454,0.006164350758765437,100
scm3,quality,100,5000,0.0,flexible,obs_transported,variance_hat,0.014773105812112693,0.0004040099620347671,100
scm3,quality,100,5000,0.0,flexible,omega_only,rmse,0.5704178970897814,0.04158898644002476,100
scm3,quality,100,5000,0.0,flexible,omega_only,bias,-0.00926281678199886,0.057321596538769316,100
scm3,quality,100,5000,0.0,flexible,omega_only,coverage,0.92,0.027265992434429072,100
scm3,quality,100,5000,0.0,flexible,omega_only,ci_length,2.2221975916822445,0.04370012096474686,100
scm3,quality,100,5000,0.0,flexible,omega_only,variance_hat,0.3336767835124765,0.015012887875453369,100
scm3,quality,100,5000,0.0,flexible,omega_only,lambda_used,0.0,0.0,100
scm3,quality,100,5000,0.0,flexible,omega_only,omega_used,0.638912654328117,0.044834104631657004,100
scm3,quality,100,5000,0.0,flexible,oracle_joint,rmse,0.4362907396871438,0.03472339711797855,100
scm3,quality,100,5000,0.0,flexible,oracle_joint,bias,0.03686445140396026,0.043692060827892794,100
scm3,quality,100,5000,0.0,flexible,oracle_joint,coverage,0.94,0.023868325657594204,100
scm3,quality,100,5000,0.0,flexible,oracle_joint,ci_length,1.747957703710699,0.026752154947034052,100
scm3,quality,100,5000,0.0,flexible,oracle_joint,variance_hat,0.20345189038323444,0.006335167622775391,100
scm3,quality,100,5000,0.0,flexible,oracle_joint,lambda_used,0.9843142297806701,0.0019225644527478287,100
scm3,quality,100,5000,0.0,flexible,oracle_joint,omega_used,0.8501489191070664,0.009317847920522737,100
scm3,quality,100,5000,0.0,flexible,oracle_lambda_only,rmse,0.439767386453958,0.03580556233824464,100
scm3,quality,100,5000,0.0,flexible,oracle_lambda_only,bias,0.035780782815966916,0.044051747551253954,100
scm3,quality,100,5000,0.0,flexible,oracle_lambda_only,coverage,0.95,0.021904291355759036,100
scm3,quality,100,5000,0.0,flexible,oracle_lambda_only,ci_length,1.7734682253781309,0.026509514073197078,100
scm3,quality,100,5000,0.0,flexible,oracle_lambda_only,variance_hat,0.2092149347281222,0.006244069720380708,100
scm3,quality,100,5000,0.0,flexible,oracle_lambda_only,lambda_used,0.9843142297806701,0.0019225644527478287,100
scm3,quality,100,5000,0.0,flexible,oracle_lambda_only,omega_used,0.0,0.0,100
scm3,quality,100,5000,0.0,flexible,oracle_omega_only,rmse,0.5697084655661211,0.04156466579322002,100
scm3,quality,100,5000,0.0,flexible,oracle_omega_only,bias,-0.011558882640930225,0.05724606889329018,100
scm3,quality,100,5000,0.0,flexible,oracle_omega_only,coverage,0.92,0.027265992434429072,100
scm3,quality,100,5000,0.0,flexible,oracle_omega_only,ci_length,2.2164928273386773,0.04383378339327926,100
scm3,quality,100,5000,0.0,flexible,oracle_omega_only,variance_hat,0.3321042439817199,0.015014991795598887,100
scm3,quality,100,5000,0.0,flexible,oracle_omega_only,lambda_used,0.0,0.0,100
scm3,quality,100,5000,0.0,flexible,oracle_omega_only,omega_used,0.8501489191070664,0.009317847920522737,100
scm3,quality,100,5000,0.0,flexible,rct_only,rmse,0.5751953376581743,0.0431508057639837,100
scm3,quality,100,5000,0.0,flexible,rct_only,bias,-0.01264255122892359,0.05779534097140761,100
scm3,quality,100,5000,0.0,flexible,rct_only,coverage,0.92,0.027265992434429072,100
scm3,quality,100,5000,0.0,flexible,rct_only,ci_length,2.242072064274969,0.0435349914776905,100
scm3,quality,100,5000,0.0,flexible,rct_only,variance_hat,0.33935814736088277,0.014867234438171131,100
scm3,quality,100,5000,0.0,flexible,rct_only,lambda_used,0.0,0.0,100
scm3,quality,100,5000,0.0,flexible,rct_only,omega_used,0.0,0.0,100
scm3,quality,100,5000,0.0,flexible,semi_supervised,rmse,0.5925401375084375,0.0419244147784009,100
scm3,quality,100,5000,0.0,flexible,semi_supervised,bias,-0.020856875754121172,0.05951562101134976,100
scm3,quality,100,5000,0.0,flexible,semi_supervised,coverage,0.92,0.027265992434429072,100
scm3,quality,100,5000,0.0,flexible,semi_supervised,ci_length,2.2529351632625296,0.04373246749389076,100
scm3,quality,100,5000,0.0,flexible,semi_supervised,variance_hat,0.3426469889576168,0.014880945260431714,100
scm3,quality,100,5000,0.0,flexible,shrinkage,rmse,0.21306140064630477,0.023677982621724887,100
scm3,quality,100,5000,0.0,flexible,shrinkage,bias,-0.006534733049885273,0.02140340237970579,100
scm3,quality,100,5000,0.0,flexible,shrinkage,coverage,0.99,0.009999999999999998,100
scm3,quality,100,5000,0.0,flexible,shrinkage,ci_length,0.7073068755017546,0.04296178598252247,100
scm3,quality,100,5000,0.0,flexible,shrinkage,variance_hat,0.04444983263120325,0.005750355982420137,100
scm3,quality,100,5000,0.0,linear,adaptive,rmse,0.13873116467045882,0.022187850006361816,100
scm3,quality,100,5000,0.0,linear,adaptive,bias,-0.0026393906904425436,0.013940483038601894,100
scm3,quality,100,5000,0.0,linear,adaptive,coverage,0.96,0.01969463855669324,100
scm3,quality,100,5000,0.0,linear,adaptive,ci_length,0.5289111579898129,0.03495003847804675,100
scm3,quality,100,5000,0.0,linear,adaptive,variance_hat,0.026075772611419232,0.006141745065736252,100
scm3,quality,100,5000,0.0,linear,fixed_half,rmse,0.5082621519670731,0.038601101090759316,100
scm3,quality,100,5000,0.0,linear,fixed_half,bias,0.13587705078107457,0.049223038273773674,100
scm3,quality,100,5000,0.0,linear,fixed_half,coverage,0.97,0.01714466079977653,100
scm3,quality,100,5000,0.0,linear,fixed_half,ci_length,1.9548507494655096,0.031262952943770475,100
scm3,quality,100,5000,0.0,linear,fixed_half,variance_hat,0.25499435800456854,0.008338174530365925,100
scm3,quality,100,5000,0.0,linear,fixed_half,lambda_used,0.5,0.0,100
scm3,quality,100,5000,0.0,linear,fixed_half,omega_used,0.5,0.0,100
scm3,quality,100,5000,0.0,linear,joint,rmse,0.477837721221409,0.03477265582003045,100
scm3,quality,100,5000,0.0,linear,joint,bias,0.1278934266698478,0.04627237752248054,100
scm3,quality,100,5000,0.0,linear,joint,coverage,0.97,0.017144660799776532,100
scm3,quality,100,5000,0.0,linear,joint,ci_length,1.9230746246823984,0.029655656685833642,100
scm3,quality,100,5000,0.0,linear,joint,variance_hat,0.24634406667847,0.007703253780347178,100
scm3,quality,100,5000,0.0,linear,joint,lambda_used,0.7583504359374023,0.02624768720430614,100
scm3,quality,100,5000,0.0,linear,joint,omega_used,0.4919187996648814,0.047262347662285716,100
scm3,quality,100,5000,0.0,linear,lambda_only,rmse,0.48021979743508914,0.03462153794625972,100
scm3,quality,100,5000,0.0,linear,lambda_only,bias,0.12072201393807853,0.046713964040283426,100
scm3,quality,100,5000,0.0,linear,lambda_only,coverage,0.97,0.017144660799776532,100
scm3,quality,100,5000,0.0,linear,lambda_only,ci_length,1.9203337070127582,0.029157109043501706,100
scm3,quality,100,5000,0.0,linear,lambda_only,variance_hat,0.24546957849319753,0.007559388838631262,100
scm3,quality,100,5000,0.0,linear,lambda_only,lambda_used,0.7583504359374023,0.02624768720430614,100
scm3,quality,100,5000,0.0,linear,lambda_only,omega_used,0.0,0.0,100
scm3,quality,100,5000,0.0,linear,naive_pool,rmse,0.11326929685686334,0.00860494586188336,100
scm3,quality,100,5000,0.0,linear,naive_pool,bias,-0.006309109307796407,0.011366319531796298,100
scm3,quality,100,5000,0.0,linear,naive_pool,coverage,0.92,0.027265992434429072,100
scm3,quality,100,5000,0.0,linear,naive_pool,ci_length,0.3719257634168788,0.0034988105303290296,100
scm3,quality,100,5000,0.0,linear,naive_pool,variance_hat,0.009081230975267949,0.0001783969363352682,100
scm3,quality,100,5000,0.0,linear,obs_transported,rmse,0.10985534143876181,0.007688495712463426,100
scm3,quality,100,5000,0.0,linear,obs_transported,bias,-0.0061942586801860865,0.011023311937939062,100
scm3,quality,100,5000,0.0,linear,obs_transported,coverage,0.95,0.021904291355759036,100
scm3,quality,100,5000,0.0,linear,obs_transported,ci_length,0.46128374093650976,0.0041359367821858315,100
scm3,quality,100,5000,0.0,linear,obs_transported,variance_hat,0.013957990375332477,0.00025888130179373023,100
scm3,quality,100,5000,0.0,linear,omega_only,rmse,0.5828894560380479,0.04637960207549187,100
scm3,quality,100,5000,0.0,linear,omega_only,bias,0.15449968654807825,0.056487235066189946,100
scm3,quality,100,5000,0.0,linear,omega_only,coverage,0.95,0.021904291355759036,100
scm3,quality,100,5000,0.0,linear,omega_only,ci_length,2.238244207059184,0.043350495073792045,100
scm3,quality,100,5000,0.0,linear,omega_only,variance_hat,0.3381387546923058,0.014011239199965709,100
scm3,quality,100,5000,0.0,linear,omega_only,lambda_used,0.0,0.0,100
scm3,quality,100,5000,0.0,linear,omega_only,omega_used,0.4919187996648814,0.047262347662285716,100
scm3,quality,100,5000,0.0,linear,oracle_joint,rmse,0.49757025088920714,0.03515526568064446,100
scm3,quality,100,5000,0.0,linear,oracle_joint,bias,0.12503290035144185,0.048403076995401625,100
scm3,quality,100,5000,0.0,linear,oracle_joint,coverage,0.95,0.021904291355759036,100
scm3,quality,100,5000,0.0,linear,oracle_joint,ci_length,1.8981321332001029,0.029433143109139043,100
scm3,quality,100,5000,0.0,linear,oracle_joint,variance_hat,0.24005660666142958,0.007604611584605718,100
scm3,quality,100,5000,0.0,linear,oracle_joint,lambda_used,0.8177942831691459,0.010323604705869589,100
scm3,quality,100,5000,0.0,linear,oracle_joint,omega_used,0.44089442564675324,0.010379184565073706,100
scm3,quality,100,5000,0.0,linear,oracle_lambda_only,rmse,0.4919177306309773,0.03407365008852684,100
scm3,quality,100,5000,0.0,linear,oracle_lambda_only,bias,0.12109541176737489,0.04791817045946169,100
scm3,quality,100,5000,0.0,linear,oracle_lambda_only,coverage,0.96,0.01969463855669324,100
scm3,quality,100,5000,0.0,linear,oracle_lambda_only,ci_length,1.9027746806474901,0.029297230957691683,100
scm3,quality,100,5000,0.0,linear,oracle_lambda_only,variance_hat,0.2411535633148242,0.007571239107545172,100
scm3,quality,100,5000,0.0,linear,oracle_lambda_only,lambda_used,0.8177942831691459,0.010323604705869589,100
scm3,quality,100,5000,0.0,linear,oracle_lambda_only,omega_used,0.0,0.0,100
scm3,quality,100,5000,0.0,linear,oracle_omega_only,rmse,0.5882040468382889,0.046547498824009714,100
scm3,quality,100,5000,0.0,linear,oracle_omega_only,bias,0.15126576240037598,0.05712848091574938,100
scm3,quality,100,5000,0.0,linear,oracle_omega_only,coverage,0.95,0.021904291355759036,100
scm3,quality,100,5000,0.0,linear,oracle_omega_only,ci_length,2.231682301509106,0.04335787199892055,100
scm3,quality,100,5000,0.0,linear,oracle_omega_only,variance_hat,0.33623401534333175,0.014048769191165322,100
scm3,quality,100,5000,0.0,linear,oracle_omega_only,lambda_used,0.0,0.0,100
scm3,quality,100,5000,0.0,linear,oracle_omega_only,omega_used,0.44089442564675324,0.010379184565073706,100
scm3,quality,100,5000,0.0,linear,rct_only,rmse,0.5839049523300379,0.045254687364245816,100
scm3,quality,100,5000,0.0,linear,rct_only,bias,0.14732827381630897,0.05678591491048385,100
scm3,quality,100,5000,0.0,linear,rct_only,coverage,0.95,0.021904291355759036,100
scm3,quality,100,5000,0.0,linear,rct_only,ci_length,2.238137356058446,0.043650000503676824,100
scm3,quality,100,5000,0.0,linear,rct_only,variance_hat,0.3382755093218854,0.014190553464548413,100
scm3,quality,100,5000,0.0,linear,rct_only,lambda_used,0.0,0.0,100
scm3,quality,100,5000,0.0,linear,rct_only,omega_used,0.0,0.0,100
scm3,quality,100,5000,0.0,linear,semi_supervised,rmse,0.5817654841300527,0.04660809338385831,100
scm3,quality,100,5000,0.0,linear,semi_supervised,bias,0.14839883789758115,0.05653539728183904,100
scm3,quality,100,5000,0.0,linear,semi_supervised,coverage,0.95,0.021904291355759036,100
scm3,quality,100,5000,0.0,linear,semi_supervised,ci_length,2.256161657625487,0.04529900442198405,100
scm3,quality,100,5000,0.0,linear,semi_supervised,variance_hat,0.3444923955180894,0.014890974802503048,100
scm3,quality,100,5000,0.0,linear,shrinkage,rmse,0.19373934959362052,0.024049066846456343,100
scm3,quality,100,5000,0.0,linear,shrinkage,bias,-0.006380917984455246,0.019460973499852655,100
scm3,quality,100,5000,0.0,linear,shrinkage,coverage,0.96,0.01969463855669324,100
scm3,quality,100,5000,0.0,linear,shrinkage,ci_length,0.6858535978041687,0.044577671898393054,100
scm3,quality,100,5000,0.0,linear,shrinkage,variance_hat,0.04341611501750883,0.006245525443502757,100
scm3,quality,100,5000,1.0,linear,adaptive,rmse,0.4865383189137483,0.01834727308933343,100
scm3,quality,100,5000,1.0,linear,adaptive,bias,0.40309303828237064,0.027383460734815606,100
scm3,quality,100,5000,1.0,linear,adaptive,coverage,0.16,0.036845294917747066,100
scm3,quality,100,5000,1.0,linear,adaptive,ci_length,0.7451881996380167,0.06620360370452591,100
scm3,quality,100,5000,1.0,linear,adaptive,variance_hat,0.06437751231081335,0.013727826078315668,100
scm3,quality,100,5000,1.0,linear,fixed_half,rmse,0.4755617818075458,0.03242305374725784,100
scm3,quality,100,5000,1.0,linear,fixed_half,bias,-0.055118836763559935,0.047473642038312336,100
scm3,quality,100,5000,1.0,linear,fixed_half,coverage,0.95,0.021904291355759036,100
scm3,quality,100,5000,1.0,linear,fixed_half,ci_length,1.9677764369182984,0.029823034866378374,100
scm3,quality,100,5000,1.0,linear,fixed_half,variance_hat,0.2577273516386916,0.008147180700830337,100
scm3,quality,100,5000,1.0,linear,fixed_half,lambda_used,0.5,0.0,100
scm3,quality,100,5000,1.0,linear,fixed_half,omega_used,0.5,0.0,100
scm3,quality,100,5000,1.0,linear,joint,rmse,0.46822633439253436,0.03198907927014582,100
scm3,quality,100,5000,1.0,linear,joint,bias,-0.06074265252329804,0.046660847081191906,100
scm3,quality,100,5000,1.0,linear,joint,coverage,0.94,0.023868325657594204,100
scm3,quality,100,5000,1.0,linear,joint,ci_length,1.9169849165621935,0.028033726997977237,100
scm3,quality,100,5000,1.0,linear,joint,variance_hat,0.24421934742614268,0.007309360721645818,100
scm3,quality,100,5000,1.0,linear,joint,lambda_used,0.8060971261838525,0.02117130980046853,100
scm3,quality,100,5000,1.0,linear,joint,omega_used,0.45449132311987583,0.046103268356433316,100
scm3,quality,100,5000,1.0,linear,lambda_only,rmse,0.46597446687147204,0.03133760501950982,100
scm3,quality,100,5000,1.0,linear,lambda_only,bias,-0.048966363435099296,0.046572903535404844,100
scm3,quality,100,5000,1.0,linear,lambda_only,coverage,0.94,0.023868325657594204,100
scm3,quality,100,5000,1.0,linear,lambda_only,ci_length,1.923996497052155,0.02829493948825877,100
scm3,quality,100,5000,1.0,linear,lambda_only,variance_hat,0.24606682341381542,0.007419920853740057,100
scm3,quality,100,5000,1.0,linear,lambda_only,lambda_used,0.8060971261838525,0.02117130980046853,100
scm3,quality,100,5000,1.0,linear,lambda_only,omega_used,0.0,0.0,100
scm3,quality,100,5000,1.0,linear,naive_pool,rmse,0.4914862071190097,0.010841766169597497,100
scm3,quality,100,5000,1.0,linear,naive_pool,bias,0.4789086445474798,0.011103371935708727,100
scm3,quality,100,5000,1.0,linear,naive_pool,coverage,0.0,0.0,100
scm3,quality,100,5000,1.0,linear,naive_pool,ci_length,0.39522313796680236,0.004553097402801737,100
scm3,quality,100,5000,1.0,linear,naive_pool,variance_hat,0.010299060530844862,0.0002557057238803007,100
scm3,quality,100,5000,1.0,linear,obs_transported,rmse,0.5008317907209059,0.010918872289090295,100
scm3,quality,100,5000,1.0,linear,obs_transported,bias,0.4883990856516281,0.011145871968265154,100
scm3,quality,100,5000,1.0,linear,obs_transported,coverage,0.03,0.01714466079977653,100
scm3,quality,100,5000,1.0,linear,obs_transported,ci_length,0.5039323452805686,0.007019407105692178,100
scm3,quality,100,5000,1.0,linear,obs_transported,variance_hat,0.016844235239558997,0.00059328563982909,100
scm3,quality,100,5000,1.0,linear,omega_only,rmse,0.5392017499214183,0.034371679339879814,100
scm3,quality,100,5000,1.0,linear,omega_only,bias,-0.07509310102079508,0.053663707173941214,100
scm3,quality,100,5000,1.0,linear,omega_only,coverage,0.96,0.019694638556693237,100
scm3,quality,100,5000,1.0,linear,omega_only,ci_length,2.298607300708813,0.04211584839153719,100
scm3,quality,100,5000,1.0,linear,omega_only,variance_hat,0.3552814504577699,0.013982231769547163,100
scm3,quality,100,5000,1.0,linear,omega_only,lambda_used,0.0,0.0,100
scm3,quality,100,5000,1.0,linear,omega_only,omega_used,0.45449132311987583,0.046103268356433316,100
scm3,quality,100,5000,1.0,linear,oracle_joint,rmse,0.4649865507449013,0.031617072271376154,100
scm3,quality,100,5000,1.0,linear,oracle_joint,bias,-0.0457009475348118,0.04650664292379123,100
scm3,quality,100,5000,1.0,linear,oracle_joint,coverage,0.93,0.025643239997624283,100
scm3,quality,100,5000,1.0,linear,oracle_joint,ci_length,1.8932165019462297,0.028569186369149364,100
scm3,quality,100,5000,1.0,linear,oracle_joint,variance_hat,0.23852086777992507,0.0073068704236090186,100
scm3,quality,100,5000,1.0,linear,oracle_joint,lambda_used,0.8071697053732367,0.010794399234214791,100
scm3,quality,100,5000,1.0,linear,oracle_joint,omega_used,0.4088879599632281,0.009043419967116568,100
scm3,quality,100,5000,1.0,linear,oracle_lambda_only,rmse,0.4602264225039057,0.03121302543111655,100
scm3,quality,100,5000,1.0,linear,oracle_lambda_only,bias,-0.0418311607449676,0.04606303476029344,100
scm3,quality,100,5000,1.0,linear,oracle_lambda_only,coverage,0.94,0.023868325657594204,100
scm3,quality,100,5000,1.0,linear,oracle_lambda_only,ci_length,1.9005218590723276,0.02820707169862488,100
scm3,quality,100,5000,1.0,linear,oracle_lambda_only,variance_hat,0.24019205720863152,0.007233491875514158,100
scm3,quality,100,5000,1.0,linear,oracle_lambda_only,lambda_used,0.8071697053732367,0.010794399234214791,100
scm3,quality,100,5000,1.0,linear,oracle_lambda_only,omega_used,0.0,0.0,100
scm3,quality,100,5000,1.0,linear,oracle_omega_only,rmse,0.5385701793644264,0.034441814223912126,100
scm3,quality,100,5000,1.0,linear,oracle_omega_only,bias,-0.06718659872244052,0.05370550063552641,100
scm3,quality,100,5000,1.0,linear,oracle_omega_only,coverage,0.95,0.021904291355759036,100
scm3,quality,100,5000,1.0,linear,oracle_omega_only,ci_length,2.2976757416625273,0.04193348815559395,100
scm3,quality,100,5000,1.0,linear,oracle_omega_only,variance_hat,0.35490404777394524,0.013897328604008243,100
scm3,quality,100,5000,1.0,linear,oracle_omega_only,lambda_used,0.0,0.0,100
scm3,quality,100,5000,1.0,linear,oracle_omega_only,omega_used,0.4088879599632281,0.009043419967116568,100
scm3,quality,100,5000,1.0,linear,rct_only,rmse,0.5332143731807735,0.034559841095331986,100
scm3,quality,100,5000,1.0,linear,rct_only,bias,-0.06331681193259633,0.05321089630696404,100
scm3,quality,100,5000,1.0,linear,rct_only,coverage,0.95,0.021904291355759036,100
scm3,quality,100,5000,1.0,linear,rct_only,ci_length,2.3028283385301185,0.041819281865622684,100
scm3,quality,100,5000,1.0,linear,rct_only,variance_hat,0.3563850996187281,0.013883351797338794,100
scm3,quality,100,5000,1.0,linear,rct_only,lambda_used,0.0,0.0,100
scm3,quality,100,5000,1.0,linear,rct_only,omega_used,0.0,0.0,100
scm3,quality,100,5000,1.0,linear,semi_supervised,rmse,0.5390058102681069,0.034499541398497174,100
scm3,quality,100,5000,1.0,linear,semi_supervised,bias,-0.0714776298227587,0.05369368903134651,100
scm3,quality,100,5000,1.0,linear,semi_supervised,coverage,0.95,0.021904291355759036,100
scm3,quality,100,5000,1.0,linear,semi_supervised,ci_length,2.3171207479052347,0.04244691032566676,100
scm3,quality,100,5000,1.0,linear,semi_supervised,variance_hat,0.36102305782324234,0.014255713159992838,100
scm3,quality,100,5000,1.0,linear,shrinkage,rmse,0.4312029385177677,0.017663054177630366,100
scm3,quality,100,5000,1.0,linear,shrinkage,bias,0.33887888560773777,0.026798363261420783,100
scm3,quality,100,5000,1.0,linear,shrinkage,coverage,0.44,0.04988876515698589,100
scm3,quality,100,5000,1.0,linear,shrinkage,ci_length,0.8965250170216321,0.05540786482595124,100
scm3,quality,100,5000,1.0,linear,shrinkage,variance_hat,0.07208786263378472,0.009140112961561853,100
scm3,quality,100,5000,2.0,flexible,adaptive,rmse,0.6686965638267186,0.02517718589580271,100
scm3,quality,100,5000,2.0,flexible,adaptive,bias,0.4573175229176289,0.04903263989231606,100
scm3,quality,100,5000,2.0,flexible,adaptive,coverage,0.34,0.04760952285695234,100
scm3,quality,100,5000,2.0,flexible,adaptive,ci_length,1.1344252552034284,0.08850682402579717,100
scm3,quality,100,5000,2.0,flexible,adaptive,variance_hat,0.13422199012957955,0.01722983345180687,100
scm3,quality,100,5000,2.0,flexible,fixed_half,rmse,0.4781713059304535,0.03126504425119292,100
scm3,quality,100,5000,2.0,flexible,fixed_half,bias,0.0002426318884411982,0.04805801827641862,100
scm3,quality,100,5000,2.0,flexible,fixed_half,coverage,0.94,0.023868325657594204,100
scm3,quality,100,5000,2.0,flexible,fixed_half,ci_length,1.906711807946732,0.02888661709971253,100
scm3,quality,100,5000,2.0,flexible,fixed_half,variance_hat,0.24197572590344243,0.007522017911871057,100
scm3,quality,100,5000,2.0,flexible,fixed_half,lambda_used,0.5,0.0,100
scm3,quality,100,5000,2.0,flexible,fixed_half,omega_used,0.5,0.0,100
scm3,quality,100,5000,2.0,flexible,joint,rmse,0.47096847900530164,0.03233587868656848,100
scm3,quality,100,5000,2.0,flexible,joint,bias,0.024260234832433718,0.04727127271894756,100
scm3,quality,100,5000,2.0,flexible,joint,coverage,0.95,0.021904291355759036,100
scm3,quality,100,5000,2.0,flexible,joint,ci_length,1.811081429860389,0.0261192564583163,100
scm3,quality,100,5000,2.0,flexible,joint,variance_hat,0.21785703310076518,0.006412297506228485,100
scm3,quality,100,5000,2.0,flexible,joint,lambda_used,0.8284333892031295,0.02322596937339764,100
scm3,quality,100,5000,2.0,flexible,joint,omega_used,0.5821139118657578,0.04541123180737673,100
scm3,quality,100,5000,2.0,flexible,lambda_only,rmse,0.4669673122322764,0.03198209456988345,100
scm3,quality,100,5000,2.0,flexible,lambda_only,bias,0.030153549926958432,0.046834032575416136,100
scm3,quality,100,5000,2.0,flexible,lambda_only,coverage,0.95,0.021904291355759036,100
scm3,quality,100,5000,2.0,flexible,lambda_only,ci_length,1.8267551543532627,0.026311903158870692,100
scm3,quality,100,5000,2.0,flexible,lambda_only,variance_hat,0.22163283933609798,0.006499437111644126,100
scm3,quality,100,5000,2.0,flexible,lambda_only,lambda_used,0.8284333892031295,0.02322596937339764,100
scm3,quality,100,5000,2.0,flexible,lambda_only,omega_used,0.0,0.0,100
scm3,quality,100,5000,2.0,flexible,naive_pool,rmse,0.7018950111432168,0.012773892551817902,100
scm3,quality,100,5000,2.0,flexible,naive_pool,bias,0.6914690213279215,0.012113603343975762,100
scm3,quality,100,5000,2.0,flexible,naive_pool,coverage,0.0,0.0,100
scm3,quality,100,5000,2.0,flexible,naive_pool,ci_length,0.4148016955371079,0.0059331957350676305,100
scm3,quality,100,5000,2.0,flexible,naive_pool,variance_hat,0.011424404969943909,0.0003611820657790961,100
scm3,quality,100,5000,2.0,flexible,obs_transported,rmse,0.7293044094397517,0.013244618038078573,100
scm3,quality,100,5000,2.0,flexible,obs_transported,bias,0.7172626301191327,0.013264687328684813,100
scm3,quality,100,5000,2.0,flexible,obs_transported,coverage,0.0,0.0,100
scm3,quality,100,5000,2.0,flexible,obs_transported,ci_length,0.49167639037997823,0.0077283962995753006,100
scm3,quality,100,5000,2.0,flexible,obs_transported,variance_hat,0.016117493850897266,0.0005594735528308173,100
scm3,quality,100,5000,2.0,flexible,omega_only,rmse,0.5545852169919991,0.03578126868349817,100
scm3,quality,100,5000,2.0,flexible,omega_only,bias,-0.008888503861164408,0.055730752206177805,100
scm3,quality,100,5000,2.0,flexible,omega_only,coverage,0.94,0.023868325657594204,100
scm3,quality,100,5000,2.0,flexible,omega_only,ci_length,2.2545521833191877,0.04665359340321572,100
scm3,quality,100,5000,2.0,flexible,omega_only,variance_hat,0.3448224369041747,0.015174549116927654,100
scm3,quality,100,5000,2.0,flexible,omega_only,lambda_used,0.0,0.0,100
scm3,quality,100,5000,2.0,flexible,omega_only,omega_used,0.5821139118657578,0.04541123180737673,100
scm3,quality,100,5000,2.0,flexible,oracle_joint,rmse,0.4537146762585609,0.02991173017826729,100
scm3,quality,100,5000,2.0,flexible,oracle_joint,bias,0.0035446081741117787,0.04559864910338422,100
scm3,quality,100,5000,2.0,flexible,oracle_joint,coverage,0.95,0.02190429135575904,100
scm3,quality,100,5000,2.0,flexible,oracle_joint,ci_length,1.7746438548379557,0.02481818802594779,100
scm3,quality,100,5000,2.0,flexible,oracle_joint,variance_hat,0.20892708112944652,0.006032237015792691,100
scm3,quality,100,5000,2.0,flexible,oracle_joint,lambda_used,0.9698086668970344,0.003021241547591197,100
scm3,quality,100,5000,2.0,flexible,oracle_joint,omega_used,0.8449465333104706,0.008915993889397872,100
scm3,quality,100,5000,2.0,flexible,oracle_lambda_only,rmse,0.4520928389477404,0.030349800546158028,100
scm3,quality,100,5000,2.0,flexible,oracle_lambda_only,bias,0.009603825965198275,0.04542678664616883,100
scm3,quality,100,5000,2.0,flexible,oracle_lambda_only,coverage,0.94,0.023868325657594204,100
scm3,quality,100,5000,2.0,flexible,oracle_lambda_only,ci_length,1.8017114757069361,0.02568507949339053,100
scm3,quality,100,5000,2.0,flexible,oracle_lambda_only,variance_hat,0.2155090685473821,0.006303284749128744,100
scm3,quality,100,5000,2.0,flexible,oracle_lambda_only,lambda_used,0.9698086668970344,0.003021241547591197,100
scm3,quality,100,5000,2.0,flexible,oracle_lambda_only,omega_used,0.0,0.0,100
scm3,quality,100,5000,2.0,flexible,oracle_omega_only,rmse,0.5505863006773869,0.03570297356064891,100
scm3,quality,100,5000,2.0,flexible,oracle_omega_only,bias,-0.009054406557726203,0.055328522263965396,100
scm3,quality,100,5000,2.0,flexible,oracle_omega_only,coverage,0.94,0.023868325657594204,100
scm3,quality,100,5000,2.0,flexible,oracle_omega_only,ci_length,2.2469471370489105,0.04631681298349749,100
scm3,quality,100,5000,2.0,flexible,oracle_omega_only,variance_hat,0.3423927700122738,0.015022089010931345,100
scm3,quality,100,5000,2.0,flexible,oracle_omega_only,lambda_used,0.0,0.0,100
scm3,quality,100,5000,2.0,flexible,oracle_omega_only,omega_used,0.8449465333104706,0.008915993889397872,100
scm3,quality,100,5000,2.0,flexible,rct_only,rmse,0.5501245646319628,0.03519948626447217,100
scm3,quality,100,5000,2.0,flexible,rct_only,bias,-0.0029951887666397037,0.055288779567085444,100
scm3,quality,100,5000,2.0,flexible,rct_only,coverage,0.94,0.023868325657594204,100
scm3,quality,100,5000,2.0,flexible,rct_only,ci_length,2.2657207941856727,0.04643474917797419,100
scm3,quality,100,5000,2.0,flexible,rct_only,variance_hat,0.3479767305842234,0.01521985643869877,100
scm3,quality,100,5000,2.0,flexible,rct_only,lambda_used,0.0,0.0,100
scm3,quality,100,5000,2.0,flexible,rct_only,omega_used,0.0,0.0,100
scm3,quality,100,5000,2.0,flexible,semi_supervised,rmse,0.5575798517565786,0.03658939666101142,100
scm3,quality,100,5000,2.0,flexible,semi_supervised,bias,0.0041943675767457,0.05603729803772558,100
scm3,quality,100,5000,2.0,flexible,semi_supervised,coverage,0.94,0.023868325657594204,100
scm3,quality,100,5000,2.0,flexible,semi_supervised,ci_length,2.2825606459054266,0.04747464353809133,100
scm3,quality,100,5000,2.0,flexible,semi_supervised,variance_hat,0.35359050376220513,0.01572754027469243,100
scm3,quality,100,5000,2.0,flexible,shrinkage,rmse,0.5763232397719003,0.025776954922983587,100
scm3,quality,100,5000,2.0,flexible,shrinkage,bias,0.40460826488470625,0.041248278652565154,100
scm3,quality,100,5000,2.0,flexible,shrinkage,coverage,0.55,0.05,100
scm3,quality,100,5000,2.0,flexible,shrinkage,ci_length,1.2136864947985369,0.06889625521751971,100
scm3,quality,100,5000,2.0,flexible,shrinkage,variance_hat,0.12644659897864294,0.012248547378155332,100
scm3,quality,100,5000,2.0,linear,adaptive,rmse,0.6338083711960957,0.026468190276688053,100
scm3,quality,100,5000,2.0,linear,adaptive,bias,0.39014897165735474,0.05020129493610883,100
scm3,quality,100,5000,2.0,linear,adaptive,coverage,0.36,0.04824181513244218,100
scm3,quality,100,5000,2.0,linear,adaptive,ci_length,1.1978487180249549,0.10217237237041961,100
scm3,quality,100,5000,2.0,linear,adaptive,variance_hat,0.16063700278922866,0.02556681950105043,100
scm3,quality,100,5000,2.0,linear,fixed_half,rmse,0.5013858783865739,0.03644651047438499,100
scm3,quality,100,5000,2.0,linear,fixed_half,bias,-0.036697542369160605,0.050256020236339384,100
scm3,quality,100,5000,2.0,linear,fixed_half,coverage,0.97,0.01714466079977653,100
scm3,quality,100,5000,2.0,linear,fixed_half,ci_length,2.0502115235910106,0.042669903843121595,100
scm3,quality,100,5000,2.0,linear,fixed_half,variance_hat,0.2852834590178834,0.013672197339175369,100
scm3,quality,100,5000,2.0,linear,fixed_half,lambda_used,0.5,0.0,100
scm3,quality,100,5000,2.0,linear,fixed_half,omega_used,0.5,0.0,100
scm3,quality,100,5000,2.0,linear,joint,rmse,0.48272131865940837,0.03276092703739937,100
scm3,quality,100,5000,2.0,linear,joint,bias,-0.02185951794835562,0.0484655488349421,100
scm3,quality,100,5000,2.0,linear,joint,coverage,0.98,0.014070529413628966,100
scm3,quality,100,5000,2.0,linear,joint,ci_length,2.0009034322204076,0.03722097226213779,100
scm3,quality,100,5000,2.0,linear,joint,variance_hat,0.2694789541672702,0.010486321492949627,100
scm3,quality,100,5000,2.0,linear,joint,lambda_used,0.7698597361764926,0.0236643938277028,100
scm3,quality,100,5000,2.0,linear,joint,omega_used,0.47081069018458144,0.04472442218651254,100
scm3,quality,100,5000,2.0,linear,lambda_only,rmse,0.47593283371703643,0.03316377712844675,100
scm3,quality,100,5000,2.0,linear,lambda_only,bias,-0.021192437687229747,0.047785605245035404,100
scm3,quality,100,5000,2.0,linear,lambda_only,coverage,0.98,0.014070529413628966,100
scm3,quality,100,5000,2.0,linear,lambda_only,ci_length,1.999143540256577,0.036294266153046026,100
scm3,quality,100,5000,2.0,linear,lambda_only,variance_hat,0.2685818844471635,0.010253924025504948,100
scm3,quality,100,5000,2.0,linear,lambda_only,lambda_used,0.7698597361764926,0.0236643938277028,100
scm3,quality,100,5000,2.0,linear,lambda_only,omega_used,0.0,0.0,100
scm3,quality,100,5000,2.0,linear,naive_pool,rmse,0.7209346664696146,0.010921898747280515,100
scm3,quality,100,5000,2.0,linear,naive_pool,bias,0.7120697545963561,0.011327742786351272,100
scm3,quality,100,5000,2.0,linear,naive_pool,coverage,0.01,0.009999999999999998,100
scm3,quality,100,5000,2.0,linear,naive_pool,ci_length,0.4252318974038184,0.007174992018157899,100
scm3,quality,100,5000,2.0,linear,naive_pool,variance_hat,0.012099487836736695,0.00046405134513675646,100
scm3,quality,100,5000,2.0,linear,obs_transported,rmse,0.7114852487370938,0.013343676047865618,100
scm3,quality,100,5000,2.0,linear,obs_transported,bias,0.6986752331444164,0.013508013992852865,100
scm3,quality,100,5000,2.0,linear,obs_transported,coverage,0.0,0.0,100
scm3,quality,100,5000,2.0,linear,obs_transported,ci_length,0.5151743682182981,0.005550032941455923,100
scm3,quality,100,5000,2.0,linear,obs_transported,variance_hat,0.017470844144054115,0.0003971990062823174,100
scm3,quality,100,5000,2.0,linear,omega_only,rmse,0.5788471354449843,0.043213365547718,100
scm3,quality,100,5000,2.0,linear,omega_only,bias,-0.04792354336548807,0.05797660101013587,100
scm3,quality,100,5000,2.0,linear,omega_only,coverage,0.96,0.01969463855669324,100
scm3,quality,100,5000,2.0,linear,omega_only,ci_length,2.353840416128916,0.05484624035098553,100
scm3,quality,100,5000,2.0,linear,omega_only,variance_hat,0.3799577110610654,0.020961119918703048,100
scm3,quality,100,5000,2.0,linear,omega_only,lambda_used,0.0,0.0,100
scm3,quality,100,5000,2.0,linear,omega_only,omega_used,0.47081069018458144,0.04472442218651254,100
scm3,quality,100,5000,2.0,linear,oracle_joint,rmse,0.4816999669769748,0.03330520757004432,100
scm3,quality,100,5000,2.0,linear,oracle_joint,bias,-0.03385314008198174,0.04829296361028935,100
scm3,quality,100,5000,2.0,linear,oracle_joint,coverage,0.98,0.014070529413628966,100
scm3,quality,100,5000,2.0,linear,oracle_joint,ci_length,1.9785253805249463,0.03661716886154468,100
scm3,quality,100,5000,2.0,linear,oracle_joint,variance_hat,0.2633962616016092,0.010388046787419735,100
scm3,quality,100,5000,2.0,linear,oracle_joint,lambda_used,0.7928671719534183,0.01100559786369323,100
scm3,quality,100,5000,2.0,linear,oracle_joint,omega_used,0.4163307245179753,0.008665934316024177,100
scm3,quality,100,5000,2.0,linear,oracle_lambda_only,rmse,0.47751231442450937,0.03342181025940631,100
scm3,quality,100,5000,2.0,linear,oracle_lambda_only,bias,-0.03509682531592936,0.04786198838451175,100
scm3,quality,100,5000,2.0,linear,oracle_lambda_only,coverage,0.99,0.009999999999999998,100
scm3,quality,100,5000,2.0,linear,oracle_lambda_only,ci_length,1.9793071982085477,0.03581831189419729,100
scm3,quality,100,5000,2.0,linear,oracle_lambda_only,variance_hat,0.26322481698355,0.010078021885776204,100
scm3,quality,100,5000,2.0,linear,oracle_lambda_only,lambda_used,0.7928671719534183,0.01100559786369323,100
scm3,quality,100,5000,2.0,linear,oracle_lambda_only,omega_used,0.0,0.0,100
scm3,quality,100,5000,2.0,linear,oracle_omega_only,rmse,0.5741608574453397,0.04382479046696562,100
scm3,quality,100,5000,2.0,linear,oracle_omega_only,bias,-0.04601277787041459,0.05751973877230756,100
scm3,quality,100,5000,2.0,linear,oracle_omega_only,coverage,0.97,0.017144660799776532,100
scm3,quality,100,5000,2.0,linear,oracle_omega_only,ci_length,2.3547111322942498,0.055164302547736785,100
scm3,quality,100,5000,2.0,linear,oracle_omega_only,variance_hat,0.38044996163569395,0.021309591438806844,100
scm3,quality,100,5000,2.0,linear,oracle_omega_only,lambda_used,0.0,0.0,100
scm3,quality,100,5000,2.0,linear,oracle_omega_only,omega_used,0.4163307245179753,0.008665934316024177,100
scm3,quality,100,5000,2.0,linear,rct_only,rmse,0.5740976691833661,0.04450569843068397,100
scm3,quality,100,5000,2.0,linear,rct_only,bias,-0.047256463104362184,0.0575031804528087,100
scm3,quality,100,5000,2.0,linear,rct_only,coverage,0.96,0.01969463855669324,100
scm3,quality,100,5000,2.0,linear,rct_only,ci_length,2.357319607001896,0.054697991012531436,100
scm3,quality,100,5000,2.0,linear,rct_only,variance_hat,0.38091979861167935,0.020918893900180598,100
scm3,quality,100,5000,2.0,linear,rct_only,lambda_used,0.0,0.0,100
scm3,quality,100,5000,2.0,linear,rct_only,omega_used,0.0,0.0,100
scm3,quality,100,5000,2.0,linear,semi_supervised,rmse,0.5643126838137369,0.04577512681168054,100
scm3,quality,100,5000,2.0,linear,semi_supervised,bias,-0.04476254933155561,0.05653684945562234,100
scm3,quality,100,5000,2.0,linear,semi_supervised,coverage,0.98,0.014070529413628966,100
scm3,quality,100,5000,2.0,linear,semi_supervised,ci_length,2.3658254059262998,0.05562853045055806,100
scm3,quality,100,5000,2.0,linear,semi_supervised,variance_hat,0.3841957530647431,0.021163519954534728,100
scm3,quality,100,5000,2.0,linear,shrinkage,rmse,0.5386678817887556,0.023760865279028997,100
scm3,quality,100,5000,2.0,linear,shrinkage,bias,0.31990094747355097,0.04355728501110322,100
scm3,quality,100,5000,2.0,linear,shrinkage,coverage,0.54,0.05009082659620331,100
scm3,quality,100,5000,2.0,linear,shrinkage,ci_length,1.2604295972357829,0.07770227874964161,100
scm3,quality,100,5000,2.0,linear,shrinkage,variance_hat,0.1422903146830234,0.016716072244907336,100
scm3,rct_size,50,5000,1.0,flexible,adaptive,rmse,0.5691543053336254,0.03303032536655661,100
scm3,rct_size,50,5000,1.0,flexible,adaptive,bias,0.41683420653897874,0.03894905602243274,100
scm3,rct_size,50,5000,1.0,flexible,adaptive,coverage,0.21,0.040936018074033236,100
scm3,rct_size,50,5000,1.0,flexible,adaptive,ci_length,0.8920763065827917,0.08654661735502556,100
scm3,rct_size,50,5000,1.0,flexible,adaptive,variance_hat,0.10004932950659169,0.024437142242135064,100
scm3,rct_size,50,5000,1.0,flexible,fixed_half,rmse,0.7421048137675855,0.048274121020239424,100
scm3,rct_size,50,5000,1.0,flexible,fixed_half,bias,0.052320638575093815,0.07439874180239181,100
scm3,rct_size,50,5000,1.0,flexible,fixed_half,coverage,0.93,0.025643239997624283,100
scm3,rct_size,50,5000,1.0,flexible,fixed_half,ci_length,2.7842679146210885,0.06491539756971085,100
scm3,rct_size,50,5000,1.0,flexible,fixed_half,variance_hat,0.5316557509156151,0.027771548943142092,100
scm3,rct_size,50,5000,1.0,flexible,fixed_half,lambda_used,0.5,0.0,100
scm3,rct_size,50,5000,1.0,flexible,fixed_half,omega_used,0.5,0.0,100
scm3,rct_size,50,5000,1.0,flexible,joint,rmse,0.6754113050450442,0.04324052734326364,100
scm3,rct_size,50,5000,1.0,flexible,joint,bias,0.07002130087940374,0.0675156134883266,100
scm3,rct_size,50,5000,1.0,flexible,joint,coverage,0.89,0.03144660377352201,100
scm3,rct_size,50,5000,1.0,flexible,joint,ci_length,2.5843077463233457,0.049822132451222315,100
scm3,rct_size,50,5000,1.0,flexible,joint,variance_hat,0.4506353636879796,0.01700279008586734,100
scm3,rct_size,50,5000,1.0,flexible,joint,lambda_used,0.8692227838974622,0.020061623093823967,100
scm3,rct_size,50,5000,1.0,flexible,joint,omega_used,0.5618706265423272,0.04703221606130219,100
scm3,rct_size,50,5000,1.0,flexible,lambda_only,rmse,0.6709936492595117,0.04260918989730983,100
scm3,rct_size,50,5000,1.0,flexible,lambda_only,bias,0.07435766675496294,0.06702203879513144,100
scm3,rct_size,50,5000,1.0,flexible,lambda_only,coverage,0.92,0.027265992434429072,100
scm3,rct_size,50,5000,1.0,flexible,lambda_only,ci_length,2.576025949260079,0.05005275447978078,100
scm3,rct_size,50,5000,1.0,flexible,lambda_only,variance_hat,0.4480024749352719,0.017046979667806387,100
scm3,rct_size,50,5000,1.0,flexible,lambda_only,lambda_used,0.8692227838974622,0.020061623093823967,100
scm3,rct_size,50,5000,1.0,flexible,lambda_only,omega_used,0.0,0.0,100
scm3,rct_size,50,5000,1.0,flexible,naive_pool,rmse,0.4924130454833697,0.014461481574633407,100
scm3,rct_size,50,5000,1.0,flexible,naive_pool,bias,0.4696947760976233,0.014858737071559089,100
scm3,rct_size,50,5000,1.0,flexible,naive_pool,coverage,0.13,0.033799766898963114,100
scm3,rct_size,50,5000,1.0,flexible,naive_pool,ci_length,0.5106846732087426,0.012526598285545065,100
scm3,rct_size,50,5000,1.0,flexible,naive_pool,variance_hat,0.017983629341399743,0.0009437878920668826,100
scm3,rct_size,50,5000,1.0,flexible,obs_transported,rmse,0.5140092650870361,0.014949212173306964,100
scm3,rct_size,50,5000,1.0,flexible,obs_transported,bias,0.4914127268756932,0.015148776148157067,100
scm3,rct_size,50,5000,1.0,flexible,obs_transported,coverage,0.11,0.03144660377352202,100
scm3,rct_size,50,5000,1.0,flexible,obs_transported,ci_length,0.5933224241576134,0.011987948057253856,100
scm3,rct_size,50,5000,1.0,flexible,obs_transported,variance_hat,0.023835923738068646,0.001026211694572399,100
scm3,rct_size,50,5000,1.0,flexible,omega_only,rmse,0.947491174767091,0.07006579220644729,100
scm3,rct_size,50,5000,1.0,flexible,omega_only,bias,0.04691725317021872,0.09510962827214442,100
scm3,rct_size,50,5000,1.0,flexible,omega_only,coverage,0.93,0.02564323999762428,100
scm3,rct_size,50,5000,1.0,flexible,omega_only,ci_length,3.471125472866041,0.11276509604216534,100
scm3,rct_size,50,5000,1.0,flexible,omega_only,variance_hat,0.8660507239037244,0.07765159787272172,100
scm3,rct_size,50,5000,1.0,flexible,omega_only,lambda_used,0.0,0.0,100
scm3,rct_size,50,5000,1.0,flexible,omega_only,omega_used,0.5618706265423272,0.04703221606130219,100
scm3,rct_size,50,5000,1.0,flexible,oracle_joint,rmse,0.6763268026205292,0.044324842419006694,100
scm3,rct_size,50,5000,1.0,flexible,oracle_joint,bias,0.0524017227059755,0.06776906742012523,100
scm3,rct_size,50,5000,1.0,flexible,oracle_joint,coverage,0.9,0.03015113445777636,100
scm3,rct_size,50,5000,1.0,flexible,oracle_joint,ci_length,2.526737994166099,0.047082029222350046,100
scm3,rct_size,50,5000,1.0,flexible,oracle_joint,variance_hat,0.42977552470958,0.015515308046016658,100
scm3,rct_size,50,5000,1.0,flexible,oracle_joint,lambda_used,0.9840807765307154,0.002224401402891348,100
scm3,rct_size,50,5000,1.0,flexible,oracle_joint,omega_used,0.8461441982203306,0.008828823340807052,100
scm3,rct_size,50,5000,1.0,flexible,oracle_lambda_only,rmse,0.6757464543502975,0.0451526034689548,100
scm3,rct_size,50,5000,1.0,flexible,oracle_lambda_only,bias,0.06661920617547623,0.06758422743013912,100
scm3,rct_size,50,5000,1.0,flexible,oracle_lambda_only,coverage,0.91,0.028762349126466143,100
scm3,rct_size,50,5000,1.0,flexible,oracle_lambda_only,ci_length,2.536634620009391,0.04756741794153489,100
scm3,rct_size,50,5000,1.0,flexible,oracle_lambda_only,variance_hat,0.4333326720355082,0.015846928257146183,100
scm3,rct_size,50,5000,1.0,flexible,oracle_lambda_only,lambda_used,0.9840807765307154,0.002224401402891348,100
scm3,rct_size,50,5000,1.0,flexible,oracle_lambda_only,omega_used,0.0,0.0,100
scm3,rct_size,50,5000,1.0,flexible,oracle_omega_only,rmse,0.9503413198793617,0.07045420934855734,100
scm3,rct_size,50,5000,1.0,flexible,oracle_omega_only,bias,0.0370361355762772,0.09544033775095513,100
scm3,rct_size,50,5000,1.0,flexible,oracle_omega_only,coverage,0.93,0.02564323999762428,100
scm3,rct_size,50,5000,1.0,flexible,oracle_omega_only,ci_length,3.448828369660359,0.11234109627978899,100
scm3,rct_size,50,5000,1.0,flexible,oracle_omega_only,variance_hat,0.8553943570856931,0.07706877056707664,100
scm3,rct_size,50,5000,1.0,flexible,oracle_omega_only,lambda_used,0.0,0.0,100
scm3,rct_size,50,5000,1.0,flexible,oracle_omega_only,omega_used,0.8461441982203306,0.008828823340807052,100
scm3,rct_size,50,5000,1.0,flexible,rct_only,rmse,0.9391408692097304,0.06966667833070486,100
scm3,rct_size,50,5000,1.0,flexible,rct_only,bias,0.05125361904577792,0.09424654101064878,100
scm3,rct_size,50,5000,1.0,flexible,rct_only,coverage,0.94,0.023868325657594204,100
scm3,rct_size,50,5000,1.0,flexible,rct_only,ci_length,3.446220956084423,0.11187804505142032,100
scm3,rct_size,50,5000,1.0,flexible,rct_only,variance_hat,0.8535554127893641,0.07616499187569147,100
scm3,rct_size,50,5000,1.0,flexible,rct_only,lambda_used,0.0,0.0,100
scm3,rct_size,50,5000,1.0,flexible,rct_only,omega_used,0.0,0.0,100
scm3,rct_size,50,5000,1.0,flexible,semi_supervised,rmse,0.9401044412669319,0.06678837884828323,100
scm3,rct_size,50,5000,1.0,flexible,semi_supervised,bias,0.040391190069636415,0.0943968044450663,100
scm3,rct_size,50,5000,1.0,flexible,semi_supervised,coverage,0.95,0.021904291355759036,100
scm3,rct_size,50,5000,1.0,flexible,semi_supervised,ci_length,3.4948103132569512,0.12706884529865675,100
scm3,rct_size,50,5000,1.0,flexible,semi_supervised,variance_hat,0.8988903970770172,0.10540730790379979,100
scm3,rct_size,50,5000,1.0,flexible,shrinkage,rmse,0.529318708307504,0.02377498350633024,100
scm3,rct_size,50,5000,1.0,flexible,shrinkage,bias,0.39973941998439366,0.034871581303038086,100
scm3,rct_size,50,5000,1.0,flexible,shrinkage,coverage,0.38,0.048783173121456344,100
scm3,rct_size,50,5000,1.0,flexible,shrinkage,ci_length,1.1098679707322052,0.08238974765808557,100
scm3,rct_size,50,5000,1.0,flexible,shrinkage,variance_hat,0.12389992856349,0.018433403949433373,100
scm3,rct_size,100,5000,1.0,flexible,adaptive,rmse,0.5106728778908801,0.023943865648995654,100
scm3,rct_size,100,5000,1.0,flexible,adaptive,bias,0.38987419340430385,0.03314871625265391,100
scm3,rct_size,100,5000,1.0,flexible,adaptive,coverage,0.19,0.039427724440366255,100
scm3,rct_size,100,5000,1.0,flexible,adaptive,ci_length,0.7148213370092305,0.061821203082152956,100
scm3,rct_size,100,5000,1.0,flexible,adaptive,variance_hat,0.05787734811543041,0.012074781744321672,100
scm3,rct_size,100,5000,1.0,flexible,fixed_half,rmse,0.5302266228848798,0.03849142315188561,100
scm3,rct_size,100,5000,1.0,flexible,fixed_half,bias,0.030826109924255225,0.05319964518781604,100
scm3,rct_size,100,5000,1.0,flexible,fixed_half,coverage,0.93,0.02564323999762428,100
scm3,rct_size,100,5000,1.0,flexible,fixed_half,ci_length,1.9330425345870776,0.025232217018307447,100
scm3,rct_size,100,5000,1.0,flexible,fixed_half,variance_hat,0.24728126934772746,0.006511047535564687,100
scm3,rct_size,100,5000,1.0,flexible,fixed_half,lambda_used,0.5,0.0,100
scm3,rct_size,100,5000,1.0,flexible,fixed_half,omega_used,0.5,0.0,100
scm3,rct_size,100,5000,1.0,flexible,joint,rmse,0.488363440566796,0.03817222350024939,100
scm3,rct_size,100,5000,1.0,flexible,joint,bias,0.015040572690581407,0.0490590894239266,100
scm3,rct_size,100,5000,1.0,flexible,joint,coverage,0.96,0.019694638556693237,100
scm3,rct_size,100,5000,1.0,flexible,joint,ci_length,1.834255492633377,0.01981037840535503,100
scm3,rct_size,100,5000,1.0,flexible,joint,variance_hat,0.22148785326589304,0.004755826205648983,100
scm3,rct_size,100,5000,1.0,flexible,joint,lambda_used,0.8786251697648295,0.019891076596855285,100
scm3,rct_size,100,5000,1.0,flexible,joint,omega_used,0.5804619931994343,0.04549657519415578,100
scm3,rct_size,100,5000,1.0,flexible,joint_cross_fitted,rmse,0.2527509777243029,0.017725650540099138,100
scm3,rct_size,100,5000,1.0,flexible,joint_cross_fitted,bias,0.03446414846811185,0.025165167366730256,100
scm3,rct_size,100,5000,1.0,flexible,joint_cross_fitted,coverage,0.95,0.021904291355759033,100
scm3,rct_size,100,5000,1.0,flexible,joint_cross_fitted,ci_length,1.0096766178731054,0.008306403834621983,100
scm3,rct_size,100,5000,1.0,flexible,joint_cross_fitted,variance_hat,0.0667895686706821,0.0010818117969755626,100
scm3,rct_size,100,5000,1.0,flexible,lambda_only,rmse,0.4997694505039618,0.037536288376779366,100
scm3,rct_size,100,5000,1.0,flexible,lambda_only,bias,0.016181027366662395,0.050202386157059686,100
scm3,rct_size,100,5000,1.0,flexible,lambda_only,coverage,0.96,0.019694638556693237,100
scm3,rct_size,100,5000,1.0,flexible,lambda_only,ci_length,1.8542907957984958,0.02067193633673971,100
scm3,rct_size,100,5000,1.0,flexible,lambda_only,variance_hat,0.22652201182474163,0.005083882185019837,100
scm3,rct_size,100,5000,1.0,flexible,lambda_only,lambda_used,0.8786251697648295,0.019891076596855285,100
scm3,rct_size,100,5000,1.0,flexible,lambda_only,omega_used,0.0,0.0,100
scm3,rct_size,100,5000,1.0,flexible,naive_pool,rmse,0.4867997637524881,0.012923729245015416,100
scm3,rct_size,100,5000,1.0,flexible,naive_pool,bias,0.4709717647149769,0.012374463290366686,100
scm3,rct_size,100,5000,1.0,flexible,naive_pool,coverage,0.02,0.014070529413628968,100
scm3,rct_size,100,5000,1.0,flexible,naive_pool,ci_length,0.394683500442604,0.004643616467801341,100
scm3,rct_size,100,5000,1.0,flexible,naive_pool,variance_hat,0.010276683098037045,0.0002557256781081477,100
scm3,rct_size,100,5000,1.0,flexible,obs_transported,rmse,0.5011952936887109,0.013269325717437355,100
scm3,rct_size,100,5000,1.0,flexible,obs_transported,bias,0.4833825573696796,0.013309837497380761,100
scm3,rct_size,100,5000,1.0,flexible,obs_transported,coverage,0.06,0.023868325657594204,100
scm3,rct_size,100,5000,1.0,flexible,obs_transported,ci_length,0.48253893214324106,0.006448320080041118,100
scm3,rct_size,100,5000,1.0,flexible,obs_transported,variance_hat,0.01542124583706547,0.000436062758894102,100
scm3,rct_size,100,5000,1.0,flexible,omega_only,rmse,0.6355905920711443,0.044884186129123226,100
scm3,rct_size,100,5000,1.0,flexible,omega_only,bias,0.038005443021724386,0.06376495562580049,100
scm3,rct_size,100,5000,1.0,flexible,omega_only,coverage,0.94,0.023868325657594204,100
scm3,rct_size,100,5000,1.0,flexible,omega_only,ci_length,2.2864150318662473,0.04112614284129224,100
scm3,rct_size,100,5000,1.0,flexible,omega_only,variance_hat,0.35111259502218894,0.013053635725262686,100
scm3,rct_size,100,5000,1.0,flexible,omega_only,lambda_used,0.0,0.0,100
scm3,rct_size,100,5000,1.0,flexible,omega_only,omega_used,0.5804619931994343,0.04549657519415578,100
scm3,rct_size,100,5000,1.0,flexible,oracle_joint,rmse,0.47891945467939206,0.036035767267680895,100
scm3,rct_size,100,5000,1.0,flexible,oracle_joint,bias,0.020859181300580783,0.04808753997941123,100
scm3,rct_size,100,5000,1.0,flexible,oracle_joint,coverage,0.95,0.02190429135575904,100
scm3,rct_size,100,5000,1.0,flexible,oracle_joint,ci_length,1.8008906659304051,0.019623405628280376,100
scm3,rct_size,100,5000,1.0,flexible,oracle_joint,variance_hat,0.2135471230197318,0.004604308929532066,100
scm3,rct_size,100,5000,1.0,flexible,oracle_joint,lambda_used,0.9813670579170406,0.0023717865945922082,100
scm3,rct_size,100,5000,1.0,flexible,oracle_joint,omega_used,0.8447963462013651,0.009415826161083553,100
scm3,rct_size,100,5000,1.0,flexible,oracle_lambda_only,rmse,0.49475695636296335,0.03768220877230278,100
scm3,rct_size,100,5000,1.0,flexible,oracle_lambda_only,bias,0.020916541121533926,0.04968048863772757,100
scm3,rct_size,100,5000,1.0,flexible,oracle_lambda_only,coverage,0.96,0.019694638556693237,100
scm3,rct_size,100,5000,1.0,flexible,oracle_lambda_only,ci_length,1.8302098340852542,0.019835519422350602,100
scm3,rct_size,100,5000,1.0,flexible,oracle_lambda_only,variance_hat,0.22052946095454723,0.004738236769823588,100
scm3,rct_size,100,5000,1.0,flexible,oracle_lambda_only,lambda_used,0.9813670579170406,0.0023717865945922082,100
scm3,rct_size,100,5000,1.0,flexible,oracle_lambda_only,omega_used,0.0,0.0,100
scm3,rct_size,100,5000,1.0,flexible,oracle_omega_only,rmse,0.6346692934983136,0.04590141712462884,100
scm3,rct_size,100,5000,1.0,flexible,oracle_omega_only,bias,0.03908853787685221,0.0636655718068876,100
scm3,rct_size,100,5000,1.0,flexible,oracle_omega_only,coverage,0.94,0.023868325657594204,100
scm3,rct_size,100,5000,1.0,flexible,oracle_omega_only,ci_length,2.2785860567478022,0.0405831321605268,100
scm3,rct_size,100,5000,1.0,flexible,oracle_omega_only,variance_hat,0.34850083906521,0.012839326901738998,100
scm3,rct_size,100,5000,1.0,flexible,oracle_omega_only,lambda_used,0.0,0.0,100
scm3,rct_size,100,5000,1.0,flexible,oracle_omega_only,omega_used,0.8447963462013651,0.009415826161083553,100
scm3,rct_size,100,5000,1.0,flexible,rct_only,rmse,0.6419185073825665,0.04527043455582418,100
scm3,rct_size,100,5000,1.0,flexible,rct_only,bias,0.03914589769780535,0.06439516331778491,100
scm3,rct_size,100,5000,1.0,flexible,rct_only,coverage,0.94,0.023868325657594204,100
scm3,rct_size,100,5000,1.0,flexible,rct_only,ci_length,2.3042004883480747,0.04199325259155602,100
scm3,rct_size,100,5000,1.0,flexible,rct_only,variance_hat,0.35689044445953494,0.013500118949606418,100
scm3,rct_size,100,5000,1.0,flexible,rct_only,lambda_used,0.0,0.0,100
scm3,rct_size,100,5000,1.0,flexible,rct_only,omega_used,0.0,0.0,100
scm3,rct_size,100,5000,1.0,flexible,semi_supervised,rmse,0.6532066935098274,0.04683413264762718,100
scm3,rct_size,100,5000,1.0,flexible,semi_supervised,bias,0.043880823183718186,0.06550144248567855,100
scm3,rct_size,100,5000,1.0,flexible,semi_supervised,coverage,0.93,0.02564323999762428,100
scm3,rct_size,100,5000,1.0,flexible,semi_supervised,ci_length,2.3156697714697625,0.041694626670877824,100
scm3,rct_size,100,5000,1.0,flexible,semi_supervised,variance_hat,0.36017776684951885,0.013416308539157661,100
scm3,rct_size,100,5000,1.0,flexible,shrinkage,rmse,0.48139151105288436,0.024909998560055567,100
scm3,rct_size,100,5000,1.0,flexible,shrinkage,bias,0.323431272104341,0.03583491880054828,100
scm3,rct_size,100,5000,1.0,flexible,shrinkage,coverage,0.4,0.0492365963917331,100
scm3,rct_size,100,5000,1.0,flexible,shrinkage,ci_length,0.8954902851451709,0.05728087660054872,100
scm3,rct_size,100,5000,1.0,flexible,shrinkage,variance_hat,0.07332706707073255,0.009317506625434648,100
scm3,rct_size,200,5000,1.0,flexible,adaptive,rmse,0.4934453035918855,0.02042173376130361,100
scm3,rct_size,200,5000,1.0,flexible,adaptive,bias,0.3089441712210966,0.03867003207734128,100
scm3,rct_size,200,5000,1.0,flexible,adaptive,coverage,0.23,0.04229525846816508,100
scm3,rct_size,200,5000,1.0,flexible,adaptive,ci_length,0.6675967511403874,0.044719566112782896,100
scm3,rct_size,200,5000,1.0,flexible,adaptive,variance_hat,0.04188965520103729,0.005504574730122695,100
scm3,rct_size,200,5000,1.0,flexible,fixed_half,rmse,0.3633262154297807,0.0223854081182537,100
scm3,rct_size,200,5000,1.0,flexible,fixed_half,bias,0.028083634427760268,0.03640641084291592,100
scm3,rct_size,200,5000,1.0,flexible,fixed_half,coverage,0.96,0.019694638556693237,100
scm3,rct_size,200,5000,1.0,flexible,fixed_half,ci_length,1.3070323667321364,0.01203981825770491,100
scm3,rct_size,200,5000,1.0,flexible,fixed_half,variance_hat,0.11211133928791601,0.002057965447357589,100
scm3,rct_size,200,5000,1.0,flexible,fixed_half,lambda_used,0.5,0.0,100
scm3,rct_size,200,5000,1.0,flexible,fixed_half,omega_used,0.5,0.0,100
scm3,rct_size,200,5000,1.0,flexible,joint,rmse,0.3547151514082447,0.021508589125789075,100
scm3,rct_size,200,5000,1.0,flexible,joint,bias,0.0367851085704989,0.035457998260857534,100
scm3,rct_size,200,5000,1.0,flexible,joint,coverage,0.92,0.027265992434429072,100
scm3,rct_size,200,5000,1.0,flexible,joint,ci_length,1.2756357179284477,0.011612838082809555,100
scm3,rct_size,200,5000,1.0,flexible,joint,variance_hat,0.10676916662767973,0.0019384822722899341,100
scm3,rct_size,200,5000,1.0,flexible,joint,lambda_used,0.8660017723011603,0.018664659918146722,100
scm3,rct_size,200,5000,1.0,flexible,joint,omega_used,0.691099833415938,0.040569553045537804,100
scm3,rct_size,200,5000,1.0,flexible,lambda_only,rmse,0.361946026139603,0.021276132703720193,100
scm3,rct_size,200,5000,1.0,flexible,lambda_only,bias,0.03234254213051252,0.03623142307790802,100
scm3,rct_size,200,5000,1.0,flexible,lambda_only,coverage,0.95,0.021904291355759036,100
scm3,rct_size,200,5000,1.0,flexible,lambda_only,ci_length,1.2864603843228992,0.011702685490230173,100
scm3,rct_size,200,5000,1.0,flexible,lambda_only,variance_hat,0.10858756596350609,0.0019695982307843265,100
scm3,rct_size,200,5000,1.0,flexible,lambda_only,lambda_used,0.8660017723011603,0.018664659918146722,100
scm3,rct_size,200,5000,1.0,flexible,lambda_only,omega_used,0.0,0.0,100
scm3,rct_size,200,5000,1.0,flexible,naive_pool,rmse,0.4696566841703988,0.010143501355650338,100
scm3,rct_size,200,5000,1.0,flexible,naive_pool,bias,0.45900499911323656,0.009995863677365711,100
scm3,rct_size,200,5000,1.0,flexible,naive_pool,coverage,0.0,0.0,100
scm3,rct_size,200,5000,1.0,flexible,naive_pool,ci_length,0.3578096655331241,0.003084521634109204,100
scm3,rct_size,200,5000,1.0,flexible,naive_pool,variance_hat,0.008393274265467704,0.0001496500998968405,100
scm3,rct_size,200,5000,1.0,flexible,obs_transported,rmse,0.4910911811267193,0.011425705410755533,100
scm3,rct_size,200,5000,1.0,flexible,obs_transported,bias,0.47768202985212277,0.011454974014137443,100
scm3,rct_size,200,5000,1.0,flexible,obs_transported,coverage,0.01,0.009999999999999998,100
scm3,rct_size,200,5000,1.0,flexible,obs_transported,ci_length,0.4187435607645401,0.003796909043649666,100
scm3,rct_size,200,5000,1.0,flexible,obs_transported,variance_hat,0.011504314717612502,0.0002189450735430783,100
scm3,rct_size,200,5000,1.0,flexible,omega_only,rmse,0.4007729084518239,0.028223315928605486,100
scm3,rct_size,200,5000,1.0,flexible,omega_only,bias,0.014822144234397778,0.040251636291381045,100
scm3,rct_size,200,5000,1.0,flexible,omega_only,coverage,0.94,0.0238683256575942,100
scm3,rct_size,200,5000,1.0,flexible,omega_only,ci_length,1.44430862264092,0.015404645455128364,100
scm3,rct_size,200,5000,1.0,flexible,omega_only,variance_hat,0.1372864127248381,0.0029166541597443517,100
scm3,rct_size,200,5000,1.0,flexible,omega_only,lambda_used,0.0,0.0,100
scm3,rct_size,200,5000,1.0,flexible,omega_only,omega_used,0.691099833415938,0.040569553045537804,100
scm3,rct_size,200,5000,1.0,flexible,oracle_joint,rmse,0.3496741718996229,0.021094524418574054,100
scm3,rct_size,200,5000,1.0,flexible,oracle_joint,bias,0.04063021083905077,0.0349055308721017,100
scm3,rct_size,200,5000,1.0,flexible,oracle_joint,coverage,0.93,0.025643239997624283,100
scm3,rct_size,200,5000,1.0,flexible,oracle_joint,ci_length,1.260380066288844,0.011792141594044573,100
scm3,rct_size,200,5000,1.0,flexible,oracle_joint,variance_hat,0.10427837392141867,0.001944951157549064,100
scm3,rct_size,200,5000,1.0,flexible,oracle_joint,lambda_used,0.9666564458657027,0.0037316071457975733,100
scm3,rct_size,200,5000,1.0,flexible,oracle_joint,omega_used,0.8177832742953077,0.00904370372289055,100
scm3,rct_size,200,5000,1.0,flexible,oracle_lambda_only,rmse,0.3552721369122076,0.020996234679308532,100
scm3,rct_size,200,5000,1.0,flexible,oracle_lambda_only,bias,0.03472206605077969,0.035535253429748906,100
scm3,rct_size,200,5000,1.0,flexible,oracle_lambda_only,coverage,0.95,0.021904291355759036,100
scm3,rct_size,200,5000,1.0,flexible,oracle_lambda_only,ci_length,1.2780290724451953,0.01196436729788589,100
scm3,rct_size,200,5000,1.0,flexible,oracle_lambda_only,variance_hat,0.10722031976100048,0.0020010844744266674,100
scm3,rct_size,200,5000,1.0,flexible,oracle_lambda_only,lambda_used,0.9666564458657027,0.0037316071457975733,100
scm3,rct_size,200,5000,1.0,flexible,oracle_lambda_only,omega_used,0.0,0.0,100
scm3,rct_size,200,5000,1.0,flexible,oracle_omega_only,rmse,0.4007189253528134,0.027033764665994137,100
scm3,rct_size,200,5000,1.0,flexible,oracle_omega_only,bias,0.01628772258268249,0.04024048507009574,100
scm3,rct_size,200,5000,1.0,flexible,oracle_omega_only,coverage,0.95,0.021904291355759036,100
scm3,rct_size,200,5000,1.0,flexible,oracle_omega_only,ci_length,1.4384499764661955,0.01543451782510602,100
scm3,rct_size,200,5000,1.0,flexible,oracle_omega_only,variance_hat,0.1361932173547494,0.0029161298826865406,100
scm3,rct_size,200,5000,1.0,flexible,oracle_omega_only,lambda_used,0.0,0.0,100
scm3,rct_size,200,5000,1.0,flexible,oracle_omega_only,omega_used,0.8177832742953077,0.00904370372289055,100
scm3,rct_size,200,5000,1.0,flexible,rct_only,rmse,0.40804230406164377,0.02846735452180459,100
scm3,rct_size,200,5000,1.0,flexible,rct_only,bias,0.010379577794411397,0.040996524399217096,100
scm3,rct_size,200,5000,1.0,flexible,rct_only,coverage,0.94,0.023868325657594204,100
scm3,rct_size,200,5000,1.0,flexible,rct_only,ci_length,1.455987976022387,0.015641706467914865,100
scm3,rct_size,200,5000,1.0,flexible,rct_only,variance_hat,0.13953830572860018,0.002984738758688119,100
scm3,rct_size,200,5000,1.0,flexible,rct_only,lambda_used,0.0,0.0,100
scm3,rct_size,200,5000,1.0,flexible,rct_only,omega_used,0.0,0.0,100
scm3,rct_size,200,5000,1.0,flexible,semi_supervised,rmse,0.4018001543287736,0.02863687917692699,100
scm3,rct_size,200,5000,1.0,flexible,semi_supervised,bias,0.007741525680277808,0.04037493882145258,100
scm3,rct_size,200,5000,1.0,flexible,semi_supervised,coverage,0.97,0.01714466079977653,100
scm3,rct_size,200,5000,1.0,flexible,semi_supervised,ci_length,1.4598953502416867,0.014942330473700203,100
scm3,rct_size,200,5000,1.0,flexible,semi_supervised,variance_hat,0.1401419737220257,0.002878477415900111,100
scm3,rct_size,200,5000,1.0,flexible,shrinkage,rmse,0.4310532600628508,0.017000235288474518,100
scm3,rct_size,200,5000,1.0,flexible,shrinkage,bias,0.2726633339710626,0.0335540600019146,100
scm3,rct_size,200,5000,1.0,flexible,shrinkage,coverage,0.42,0.04960449637488583,100
scm3,rct_size,200,5000,1.0,flexible,shrinkage,ci_length,0.7612339198926903,0.035581523883786076,100
scm3,rct_size,200,5000,1.0,flexible,shrinkage,variance_hat,0.04586900140290888,0.0038817922201215536,100
scm3,rct_size,400,5000,1.0,flexible,adaptive,rmse,0.3678876386884641,0.015708502116748003,100
scm3,rct_size,400,5000,1.0,flexible,adaptive,bias,0.2500435670002246,0.02712103982199136,100
scm3,rct_size,400,5000,1.0,flexible,adaptive,coverage,0.47,0.05016135580465918,100
scm3,rct_size,400,5000,1.0,flexible,adaptive,ci_length,0.6559085800574497,0.0318581296723613,100
scm3,rct_size,400,5000,1.0,flexible,adaptive,variance_hat,0.03453734585998793,0.0028768616400051366,100
scm3,rct_size,400,5000,1.0,flexible,fixed_half,rmse,0.22147876771855288,0.015849864163470492,100
scm3,rct_size,400,5000,1.0,flexible,fixed_half,bias,0.03218483693558961,0.022023169805878713,100
scm3,rct_size,400,5000,1.0,flexible,fixed_half,coverage,0.97,0.01714466079977653,100
scm3,rct_size,400,5000,1.0,flexible,fixed_half,ci_length,0.9258339652503453,0.006992952075303788,100
scm3,rct_size,400,5000,1.0,flexible,fixed_half,variance_hat,0.05609911546243263,0.0008422364940217777,100
scm3,rct_size,400,5000,1.0,flexible,fixed_half,lambda_used,0.5,0.0,100
scm3,rct_size,400,5000,1.0,flexible,fixed_half,omega_used,0.5,0.0,100
scm3,rct_size,400,5000,1.0,flexible,joint,rmse,0.2199922269470589,0.016717805008806177,100
scm3,rct_size,400,5000,1.0,flexible,joint,bias,0.028501319574817382,0.021923709480147355,100
scm3,rct_size,400,5000,1.0,flexible,joint,coverage,0.97,0.01714466079977653,100
scm3,rct_size,400,5000,1.0,flexible,joint,ci_length,0.9170680864662405,0.006537863163017889,100
scm3,rct_size,400,5000,1.0,flexible,joint,variance_hat,0.05500810606640958,0.000778670603912712,100
scm3,rct_size,400,5000,1.0,flexible,joint,lambda_used,0.8198542022421057,0.02176274861086836,100
scm3,rct_size,400,5000,1.0,flexible,joint,omega_used,0.717423888843373,0.03263381971748909,100
scm3,rct_size,400,5000,1.0,flexible,lambda_only,rmse,0.22468416914049816,0.01659993102691341,100
scm3,rct_size,400,5000,1.0,flexible,lambda_only,bias,0.026849236305827,0.02241979968466497,100
scm3,rct_size,400,5000,1.0,flexible,lambda_only,coverage,0.97,0.01714466079977653,100
scm3,rct_size,400,5000,1.0,flexible,lambda_only,ci_length,0.9255770241356028,0.006812418775797001,100
scm3,rct_size,400,5000,1.0,flexible,lambda_only,variance_hat,0.05605209919705687,0.0008164296272448832,100
scm3,rct_size,400,5000,1.0,flexible,lambda_only,lambda_used,0.8198542022421057,0.02176274861086836,100
scm3,rct_size,400,5000,1.0,flexible,lambda_only,omega_used,0.0,0.0,100
scm3,rct_size,400,5000,1.0,flexible,naive_pool,rmse,0.4634723415908229,0.008957137322301146,100
scm3,rct_size,400,5000,1.0,flexible,naive_pool,bias,0.45469799973228325,0.009020929905223646,100
scm3,rct_size,400,5000,1.0,flexible,naive_pool,coverage,0.01,0.009999999999999998,100
scm3,rct_size,400,5000,1.0,flexible,naive_pool,ci_length,0.3310104980152167,0.002166826019016896,100
scm3,rct_size,400,5000,1.0,flexible,naive_pool,variance_hat,0.007160871253402622,9.774659400240643e-05,100
scm3,rct_size,400,5000,1.0,flexible,obs_transported,rmse,0.5016917854539442,0.010095040539471328,100
scm3,rct_size,400,5000,1.0,flexible,obs_transported,bias,0.4913339732261895,0.01019287448960954,100
scm3,rct_size,400,5000,1.0,flexible,obs_transported,coverage,0.0,0.0,100
scm3,rct_size,400,5000,1.0,flexible,obs_transported,ci_length,0.3788605406193814,0.0020806310000341098,100
scm3,rct_size,400,5000,1.0,flexible,obs_transported,variance_hat,0.009369089287990118,0.00010396407547247825,100
scm3,rct_size,400,5000,1.0,flexible,omega_only,rmse,0.22919384486037012,0.0155009509192014,100
scm3,rct_size,400,5000,1.0,flexible,omega_only,bias,0.04164349093716732,0.022651429411592063,100
scm3,rct_size,400,5000,1.0,flexible,omega_only,coverage,0.98,0.014070529413628966,100
scm3,rct_size,400,5000,1.0,flexible,omega_only,ci_length,0.9766151511949304,0.008158330657457307,100
scm3,rct_size,400,5000,1.0,flexible,omega_only,variance_hat,0.06250011232207414,0.001052993809028801,100
scm3,rct_size,400,5000,1.0,flexible,omega_only,lambda_used,0.0,0.0,100
scm3,rct_size,400,5000,1.0,flexible,omega_only,omega_used,0.717423888843373,0.03263381971748909,100
scm3,rct_size,400,5000,1.0,flexible,oracle_joint,rmse,0.2199914926924872,0.016681271027889567,100
scm3,rct_size,400,5000,1.0,flexible,oracle_joint,bias,0.024875631131335917,0.02196817253147356,100
scm3,rct_size,400,5000,1.0,flexible,oracle_joint,coverage,0.97,0.01714466079977653,100
scm3,rct_size,400,5000,1.0,flexible,oracle_joint,ci_length,0.9094699417180214,0.006689850179735696,100
scm3,rct_size,400,5000,1.0,flexible,oracle_joint,variance_hat,0.05411786701032675,0.0007902849570771006,100
scm3,rct_size,400,5000,1.0,flexible,oracle_joint,lambda_used,0.9236606568674038,0.005444711276777843,100
scm3,rct_size,400,5000,1.0,flexible,oracle_joint,omega_used,0.7804989032268616,0.00790788676660612,100
scm3,rct_size,400,5000,1.0,flexible,oracle_lambda_only,rmse,0.22346579857683832,0.016548413518747144,100
scm3,rct_size,400,5000,1.0,flexible,oracle_lambda_only,bias,0.02231366985722395,0.022346912034680012,100
scm3,rct_size,400,5000,1.0,flexible,oracle_lambda_only,coverage,0.97,0.01714466079977653,100
scm3,rct_size,400,5000,1.0,flexible,oracle_lambda_only,ci_length,0.9207119761157895,0.006840295328237438,100
scm3,rct_size,400,5000,1.0,flexible,oracle_lambda_only,variance_hat,0.05546998921015395,0.0008181623760356128,100
scm3,rct_size,400,5000,1.0,flexible,oracle_lambda_only,lambda_used,0.9236606568674038,0.005444711276777843,100
scm3,rct_size,400,5000,1.0,flexible,oracle_lambda_only,omega_used,0.0,0.0,100
scm3,rct_size,400,5000,1.0,flexible,oracle_omega_only,rmse,0.2300447403541889,0.01551837751422902,100
scm3,rct_size,400,5000,1.0,flexible,oracle_omega_only,bias,0.042553368942288915,0.022721367453399456,100
scm3,rct_size,400,5000,1.0,flexible,oracle_omega_only,coverage,0.97,0.01714466079977653,100
scm3,rct_size,400,5000,1.0,flexible,oracle_omega_only,ci_length,0.9744223010272237,0.008196604525810492,100
scm3,rct_size,400,5000,1.0,flexible,oracle_omega_only,variance_hat,0.062225713825035944,0.0010550626205249024,100
scm3,rct_size,400,5000,1.0,flexible,oracle_omega_only,lambda_used,0.0,0.0,100
scm3,rct_size,400,5000,1.0,flexible,oracle_omega_only,omega_used,0.7804989032268616,0.00790788676660612,100
scm3,rct_size,400,5000,1.0,flexible,rct_only,rmse,0.23510596318405688,0.01504746221633927,100
scm3,rct_size,400,5000,1.0,flexible,rct_only,bias,0.039991407668176944,0.023284689823486325,100
scm3,rct_size,400,5000,1.0,flexible,rct_only,coverage,0.98,0.014070529413628966,100
scm3,rct_size,400,5000,1.0,flexible,rct_only,ci_length,0.9847049748345504,0.008499462662367547,100
scm3,rct_size,400,5000,1.0,flexible,rct_only,variance_hat,0.06356932214730611,0.001103568840832386,100
scm3,rct_size,400,5000,1.0,flexible,rct_only,lambda_used,0.0,0.0,100
scm3,rct_size,400,5000,1.0,flexible,rct_only,omega_used,0.0,0.0,100
scm3,rct_size,400,5000,1.0,flexible,semi_supervised,rmse,0.23333507614775112,0.014840502555265204,100
scm3,rct_size,400,5000,1.0,flexible,semi_supervised,bias,0.039484544668525225,0.023112860667042094,100
scm3,rct_size,400,5000,1.0,flexible,semi_supervised,coverage,0.97,0.01714466079977653,100
scm3,rct_size,400,5000,1.0,flexible,semi_supervised,ci_length,0.984325180186877,0.008678794337581676,100
scm3,rct_size,400,5000,1.0,flexible,semi_supervised,variance_hat,0.06354050190090009,0.0011288466984555857,100
scm3,rct_size,400,5000,1.0,flexible,shrinkage,rmse,0.2877880852955301,0.015869497162311983,100
scm3,rct_size,400,5000,1.0,flexible,shrinkage,bias,0.19114518936297323,0.021622448730559192,100
scm3,rct_size,400,5000,1.0,flexible,shrinkage,coverage,0.68,0.04688261722621507,100
scm3,rct_size,400,5000,1.0,flexible,shrinkage,ci_length,0.7062690131274145,0.018940397380132375,100
scm3,rct_size,400,5000,1.0,flexible,shrinkage,variance_hat,0.03477396677170662,0.001646193256022831,100
star,obs_size,100,1000,1.0,flexible,adaptive,rmse,0.885451845214876,0.09059308511599246,100
star,obs_size,100,1000,1.0,flexible,adaptive,bias,0.500231111951434,0.07342926265765629,100
star,obs_size,100,1000,1.0,flexible,adaptive,coverage,0.69,0.04648231987117317,100
star,obs_size,100,1000,1.0,flexible,adaptive,ci_length,1.909873001833802,0.13755606309403237,100
star,obs_size,100,1000,1.0,flexible,adaptive,variance_hat,0.359294510219108,0.05778591802766647,100
star,obs_size,100,1000,1.0,flexible,fixed_half,rmse,0.8264293115078658,0.25077858755253946,100
star,obs_size,100,1000,1.0,flexible,fixed_half,bias,0.0033435456439624488,0.08305859119885371,100
star,obs_size,100,1000,1.0,flexible,fixed_half,coverage,0.93,0.02564323999762428,100
star,obs_size,100,1000,1.0,flexible,fixed_half,ci_length,2.26445762003274,0.23093434300155283,100
star,obs_size,100,1000,1.0,flexible,fixed_half,variance_hat,0.6773146092206517,0.38647166651699794,100
star,obs_size,100,1000,1.0,flexible,fixed_half,lambda_used,0.5,0.0,100
star,obs_size,100,1000,1.0,flexible,fixed_half,omega_used,0.5,0.0,100
star,obs_size,100,1000,1.0,flexible,joint,rmse,1.089446039221832,0.4109594741119402,100
star,obs_size,100,1000,1.0,flexible,joint,bias,-0.0782044556706707,0.10921097807553996,100
star,obs_size,100,1000,1.0,flexible,joint,coverage,0.9,0.03015113445777636,100
star,obs_size,100,1000,1.0,flexible,joint,ci_length,2.3180806089468637,0.34902989972361975,100
star,obs_size,100,1000,1.0,flexible,joint,variance_hat,1.1345860871178237,0.8517637136464812,100
star,obs_size,100,1000,1.0,flexible,joint,lambda_used,0.8127737426293234,0.024840197909621543,100
star,obs_size,100,1000,1.0,flexible,joint,omega_used,0.35114444620891,0.04381311107024386,100
star,obs_size,100,1000,1.0,flexible,lambda_only,rmse,1.1578464749909998,0.45807205669664913,100
star,obs_size,100,1000,1.0,flexible,lambda_only,bias,-0.09666477250891586,0.11596169610559207,100
star,obs_size,100,1000,1.0,flexible,lambda_only,coverage,0.89,0.031446603773522014,100
star,obs_size,100,1000,1.0,flexible,lambda_only,ci_length,2.299666419679831,0.37970674594628495,100
star,obs_size,100,1000,1.0,flexible,lambda_only,variance_hat,1.2730846947529477,1.011202893303381,100
star,obs_size,100,1000,1.0,flexible,lambda_only,lambda_used,0.8127737426293234,0.024840197909621543,100
star,obs_size,100,1000,1.0,flexible,lambda_only,omega_used,0.0,0.0,100
star,obs_size,100,1000,1.0,flexible,naive_pool,rmse,18.406964076919717,8.669136089198327,100
star,obs_size,100,1000,1.0,flexible,naive_pool,bias,-1.5573851601338087,1.8433360129083707,100
star,obs_size,100,1000,1.0,flexible,naive_pool,coverage,0.46,0.05009082659620331,100
star,obs_size,100,1000,1.0,flexible,naive_pool,ci_length,11.254892299093578,7.178451049854229,100
star,obs_size,100,1000,1.0,flexible,naive_pool,variance_hat,340.2456353651398,320.8486599910738,100
star,obs_size,100,1000,1.0,flexible,obs_transported,rmse,1.474624881941608,0.19211351612801042,100
star,obs_size,100,1000,1.0,flexible,obs_transported,bias,1.004614626176119,0.10849139961791307,100
star,obs_size,100,1000,1.0,flexible,obs_transported,coverage,0.48,0.05021167315686782,100
star,obs_size,100,1000,1.0,flexible,obs_transported,ci_length,2.3888855398400266,0.3219916837158395,100
star,obs_size,100,1000,1.0,flexible,obs_transported,variance_hat,1.0393811740382588,0.39736377395763783,100
star,obs_size,100,1000,1.0,flexible,omega_only,rmse,0.6653139267565419,0.055286633776922306,100
star,obs_size,100,1000,1.0,flexible,omega_only,bias,0.13645447236086952,0.06544508053900482,100
star,obs_size,100,1000,1.0,flexible,omega_only,coverage,0.93,0.02564323999762428,100
star,obs_size,100,1000,1.0,flexible,omega_only,ci_length,2.461125804533071,0.1109362081005029,100
star,obs_size,100,1000,1.0,flexible,omega_only,variance_hat,0.4734866329328509,0.05949587297359206,100
star,obs_size,100,1000,1.0,flexible,omega_only,lambda_used,0.0,0.0,100
star,obs_size,100,1000,1.0,flexible,omega_only,omega_used,0.35114444620891,0.04381311107024386,100
star,obs_size,100,1000,1.0,flexible,oracle_joint,rmse,0.5188718682696205,0.03553313484270914,100
star,obs_size,100,1000,1.0,flexible,oracle_joint,bias,0.04848789144175312,0.051920387780954,100
star,obs_size,100,1000,1.0,flexible,oracle_joint,coverage,0.92,0.027265992434429072,100
star,obs_size,100,1000,1.0,flexible,oracle_joint,ci_length,1.9914241040297425,0.05575395865074948,100
star,obs_size,100,1000,1.0,flexible,oracle_joint,variance_hat,0.2781177703706444,0.020308516310783644,100
star,obs_size,100,1000,1.0,flexible,oracle_joint,lambda_used,0.6942826163551534,0.040842668700403484,100
star,obs_size,100,1000,1.0,flexible,oracle_joint,omega_used,0.1714538008451845,0.028804166085443755,100
star,obs_size,100,1000,1.0,flexible,oracle_lambda_only,rmse,0.5167785102745707,0.0355987486751519,100
star,obs_size,100,1000,1.0,flexible,oracle_lambda_only,bias,0.04941315865277427,0.0517002206229355,100
star,obs_size,100,1000,1.0,flexible,oracle_lambda_only,coverage,0.91,0.028762349126466143,100
star,obs_size,100,1000,1.0,flexible,oracle_lambda_only,ci_length,1.9723702754181411,0.053011312087919205,100
star,obs_size,100,1000,1.0,flexible,oracle_lambda_only,variance_hat,0.2712806787499819,0.018651309013505805,100
star,obs_size,100,1000,1.0,flexible,oracle_lambda_only,lambda_used,0.6942826163551534,0.040842668700403484,100
star,obs_size,100,1000,1.0,flexible,oracle_lambda_only,omega_used,0.0,0.0,100
star,obs_size,100,1000,1.0,flexible,oracle_omega_only,rmse,0.643703102052124,0.0574667371405011,100
star,obs_size,100,1000,1.0,flexible,oracle_omega_only,bias,0.11706888831160325,0.06361568313884831,100
star,obs_size,100,1000,1.0,flexible,oracle_omega_only,coverage,0.93,0.02564323999762428,100
star,obs_size,100,1000,1.0,flexible,oracle_omega_only,ci_length,2.398652946251726,0.0956909198841273,100
star,obs_size,100,1000,1.0,flexible,oracle_omega_only,variance_hat,0.4334326313328433,0.0446428021906698,100
star,obs_size,100,1000,1.0,flexible,oracle_omega_only,lambda_used,0.0,0.0,100
star,obs_size,100,1000,1.0,flexible,oracle_omega_only,omega_used,0.1714538008451845,0.028804166085443755,100
star,obs_size,100,1000,1.0,flexible,rct_only,rmse,0.6367565939148195,0.05920780465245751,100
star,obs_size,100,1000,1.0,flexible,rct_only,bias,0.11799415552262438,0.06288809519084178,100
star,obs_size,100,1000,1.0,flexible,rct_only,coverage,0.93,0.02564323999762428,100
star,obs_size,100,1000,1.0,flexible,rct_only,ci_length,2.38434172056278,0.09238195245673975,100
star,obs_size,100,1000,1.0,flexible,rct_only,variance_hat,0.4249683410681836,0.04165577231485235,100
star,obs_size,100,1000,1.0,flexible,rct_only,lambda_used,0.0,0.0,100
star,obs_size,100,1000,1.0,flexible,rct_only,omega_used,0.0,0.0,100
star,obs_size,100,1000,1.0,flexible,semi_supervised,rmse,0.6504454817383187,0.06720434865259095,100
star,obs_size,100,1000,1.0,flexible,semi_supervised,bias,0.12709329554634866,0.0641121664607627,100
star,obs_size,100,1000,1.0,flexible,semi_supervised,coverage,0.94,0.023868325657594204,100
star,obs_size,100,1000,1.0,flexible,semi_supervised,ci_length,2.4378399639658515,0.10453095711374882,100
star,obs_size,100,1000,1.0,flexible,semi_supervised,variance_hat,0.45717066069943,0.05309964478649561,100
star,obs_size,100,1000,1.0,flexible,shrinkage,rmse,0.8116548656928584,0.08402348946015492,100
star,obs_size,100,1000,1.0,flexible,shrinkage,bias,0.4360635247892615,0.0688015902558209,100
star,obs_size,100,1000,1.0,flexible,shrinkage,coverage,0.74,0.04408440022768081,100
star,obs_size,100,1000,1.0,flexible,shrinkage,ci_length,1.911378802696903,0.12356336117189241,100
star,obs_size,100,1000,1.0,flexible,shrinkage,variance_hat,0.3361282579524855,0.05201353558335313,100
star,obs_size,100,20000,1.0,flexible,adaptive,rmse,0.5700868921326611,0.022948882960869874,100
star,obs_size,100,20000,1.0,flexible,adaptive,bias,0.40872634222425236,0.039942109845673326,100
star,obs_size,100,20000,1.0,flexible,adaptive,coverage,0.21,0.040936018074033236,100
star,obs_size,100,20000,1.0,flexible,adaptive,ci_length,0.6810736382548229,0.08996326297853989,100
star,obs_size,100,20000,1.0,flexible,adaptive,variance_hat,0.08233244449994598,0.016382165741987822,100
star,obs_size,100,20000,1.0,flexible,fixed_half,rmse,1.0854346457177297,0.32371171096215007,100
star,obs_size,100,20000,1.0,flexible,fixed_half,bias,-0.060593354441894565,0.10892017350881529,100
star,obs_size,100,20000,1.0,flexible,fixed_half,coverage,0.95,0.021904291355759033,100
star,obs_size,100,20000,1.0,flexible,fixed_half,ci_length,2.425746068275986,0.32694170416251767,100
star,obs_size,100,20000,1.0,flexible,fixed_half,variance_hat,1.071626800552912,0.6177805268317571,100
star,obs_size,100,20000,1.0,flexible,fixed_half,lambda_used,0.5,0.0,100
star,obs_size,100,20000,1.0,flexible,fixed_half,omega_used,0.5,0.0,100
star,obs_size,100,20000,1.0,flexible,joint,rmse,0.5080119232459686,0.03340443300791814,100
star,obs_size,100,20000,1.0,flexible,joint,bias,0.02785452273888793,0.05098031306725094,100
star,obs_size,100,20000,1.0,flexible,joint,coverage,0.94,0.023868325657594204,100
star,obs_size,100,20000,1.0,flexible,joint,ci_length,1.8184599579634169,0.036910998790702906,100
star,obs_size,100,20000,1.0,flexible,joint,variance_hat,0.22398238147945476,0.012341270633505295,100
star,obs_size,100,20000,1.0,flexible,joint,lambda_used,0.8661390903586833,0.0216748184108229,100
star,obs_size,100,20000,1.0,flexible,joint,omega_used,0.5545862744868708,0.04782943633810932,100
star,obs_size,100,20000,1.0,flexible,lambda_only,rmse,0.5099412928242607,0.032932298943052295,100
star,obs_size,100,20000,1.0,flexible,lambda_only,bias,0.026339017162533125,0.05118261801520914,100
star,obs_size,100,20000,1.0,flexible,lambda_only,coverage,0.94,0.023868325657594204,100
star,obs_size,100,20000,1.0,flexible,lambda_only,ci_length,1.8192943640760668,0.03676679437973821,100
star,obs_size,100,20000,1.0,flexible,lambda_only,variance_hat,0.2241114680401499,0.01231737292048119,100
star,obs_size,100,20000,1.0,flexible,lambda_only,lambda_used,0.8661390903586833,0.0216748184108229,100
star,obs_size,100,20000,1.0,flexible,lambda_only,omega_used,0.0,0.0,100
star,obs_size,100,20000,1.0,flexible,naive_pool,rmse,0.5504146384136535,0.006400865845362693,100
star,obs_size,100,20000,1.0,flexible,naive_pool,bias,0.5474266469894462,0.00575627926432885,100
star,obs_size,100,20000,1.0,flexible,naive_pool,coverage,0.0,0.0,100
star,obs_size,100,20000,1.0,flexible,naive_pool,ci_length,0.18521871643289917,0.009784816425958914,100
star,obs_size,100,20000,1.0,flexible,naive_pool,variance_hat,0.0028494704471165584,0.000714293202640209,100
star,obs_size,100,20000,1.0,flexible,obs_transported,rmse,0.5505724496629821,0.00547768745626783,100
star,obs_size,100,20000,1.0,flexible,obs_transported,bias,0.5479671285155846,0.005376762942535371,100
star,obs_size,100,20000,1.0,flexible,obs_transported,coverage,0.01,0.009999999999999998,100
star,obs_size,100,20000,1.0,flexible,obs_transported,ci_length,0.2457155787032168,0.0194500817845009,100
star,obs_size,100,20000,1.0,flexible,obs_transported,variance_hat,0.0063666182981972855,0.0025809481338963827,100
star,obs_size,100,20000,1.0,flexible,omega_only,rmse,1.9591442083632316,0.6835604920117323,100
star,obs_size,100,20000,1.0,flexible,omega_only,bias,-0.13316092028663612,0.1964460549611884,100
star,obs_size,100,20000,1.0,flexible,omega_only,coverage,0.97,0.01714466079977653,100
star,obs_size,100,20000,1.0,flexible,omega_only,ci_length,3.3364479545079946,0.6778728088938586,100
star,obs_size,100,20000,1.0,flexible,omega_only,variance_hat,3.685027651919254,2.4910867382687623,100
star,obs_size,100,20000,1.0,flexible,omega_only,lambda_used,0.0,0.0,100
star,obs_size,100,20000,1.0,flexible,omega_only,omega_used,0.5545862744868708,0.04782943633810932,100
star,obs_size,100,20000,1.0,flexible,oracle_joint,rmse,0.5089953844112637,0.03554441004542798,100
star,obs_size,100,20000,1.0,flexible,oracle_joint,bias,0.00633304649178089,0.05115200104443154,100
star,obs_size,100,20000,1.0,flexible,oracle_joint,coverage,0.92,0.027265992434429075,100
star,obs_size,100,20000,1.0,flexible,oracle_joint,ci_length,1.768231074405915,0.02330032292801992,100
star,obs_size,100,20000,1.0,flexible,oracle_joint,variance_hat,0.2069779269250681,0.0053963067838479605,100
star,obs_size,100,20000,1.0,flexible,oracle_joint,lambda_used,0.9913764812741249,0.001226513392157756,100
star,obs_size,100,20000,1.0,flexible,oracle_joint,omega_used,0.5518462014073918,0.040992962465233984,100
star,obs_size,100,20000,1.0,flexible,oracle_lambda_only,rmse,0.5109594547934533,0.035209691632134804,100
star,obs_size,100,20000,1.0,flexible,oracle_lambda_only,bias,0.007170451570254108,0.05134830055975335,100
star,obs_size,100,20000,1.0,flexible,oracle_lambda_only,coverage,0.92,0.027265992434429075,100
star,obs_size,100,20000,1.0,flexible,oracle_lambda_only,ci_length,1.7725197059620676,0.023065641492367065,100
star,obs_size,100,20000,1.0,flexible,oracle_lambda_only,variance_hat,0.20789605037173195,0.005358193270674466,100
star,obs_size,100,20000,1.0,flexible,oracle_lambda_only,lambda_used,0.9913764812741249,0.001226513392157756,100
star,obs_size,100,20000,1.0,flexible,oracle_lambda_only,omega_used,0.0,0.0,100
star,obs_size,100,20000,1.0,flexible,oracle_omega_only,rmse,1.9638996968476377,0.6876269737960481,100
star,obs_size,100,20000,1.0,flexible,oracle_omega_only,bias,-0.13551383094146405,0.19690889091719685,100
star,obs_size,100,20000,1.0,flexible,oracle_omega_only,coverage,0.97,0.01714466079977653,100
star,obs_size,100,20000,1.0,flexible,oracle_omega_only,ci_length,3.3314807072442796,0.6767818703989991,100
star,obs_size,100,20000,1.0,flexible,oracle_omega_only,variance_hat,3.6733505842005725,2.485537451098218,100
star,obs_size,100,20000,1.0,flexible,oracle_omega_only,lambda_used,0.0,0.0,100
star,obs_size,100,20000,1.0,flexible,oracle_omega_only,omega_used,0.5518462014073918,0.040992962465233984,100
star,obs_size,100,20000,1.0,flexible,rct_only,rmse,1.9652219884662303,0.6872686218256571,100
star,obs_size,100,20000,1.0,flexible,rct_only,bias,-0.13467642586299086,0.1970479028122512,100
star,obs_size,100,20000,1.0,flexible,rct_only,coverage,0.97,0.01714466079977653,100
star,obs_size,100,20000,1.0,flexible,rct_only,ci_length,3.3374607818308233,0.677363655231288,100
star,obs_size,100,20000,1.0,flexible,rct_only,variance_hat,3.6810218286707594,2.4867659266204303,100
star,obs_size,100,20000,1.0,flexible,rct_only,lambda_used,0.0,0.0,100
star,obs_size,100,20000,1.0,flexible,rct_only,omega_used,0.0,0.0,100
star,obs_size,100,20000,1.0,flexible,semi_supervised,rmse,1.9680803171120391,0.6846416820510918,100
star,obs_size,100,20000,1.0,flexible,semi_supervised,bias,-0.10547277846505587,0.19751526287032656,100
star,obs_size,100,20000,1.0,flexible,semi_supervised,coverage,0.94,0.023868325657594204,100
star,obs_size,100,20000,1.0,flexible,semi_supervised,ci_length,3.34407483726079,0.6754614162104946,100
star,obs_size,100,20000,1.0,flexible,semi_supervised,variance_hat,3.6673177757205586,2.483298606280568,100
star,obs_size,100,20000,1.0,flexible,shrinkage,rmse,0.5294075271338717,0.023227893475704434,100
star,obs_size,100,20000,1.0,flexible,shrinkage,bias,0.3823999312547455,0.036796275388252975,100
star,obs_size,100,20000,1.0,flexible,shrinkage,coverage,0.36,0.048241815132442176,100
star,obs_size,100,20000,1.0,flexible,shrinkage,ci_length,0.8460664449916812,0.0775519501920714,100
star,obs_size,100,20000,1.0,flexible,shrinkage,variance_hat,0.08533506952865676,0.01198320694787815,100
star,quality,100,5000,0.0,flexible,adaptive,rmse,0.8911703139631585,0.11485269597838159,100
star,quality,100,5000,0.0,flexible,adaptive,bias,0.5214804174572314,0.07263042623535647,100
star,quality,100,5000,0.0,flexible,adaptive,coverage,0.3,0.04605661864718382,100
star,quality,100,5000,0.0,flexible,adaptive,ci_length,1.5205306817842037,0.21431998865427224,100
star,quality,100,5000,0.0,flexible,adaptive,variance_hat,0.4464050358574236,0.18344355662770567,100
star,quality,100,5000,0.0,flexible,fixed_half,rmse,0.6027236871679161,0.07661860016452736,100
star,quality,100,5000,0.0,flexible,fixed_half,bias,0.07657483933984056,0.0600851363200555,100
star,quality,100,5000,0.0,flexible,fixed_half,coverage,0.97,0.01714466079977653,100
star,quality,100,5000,0.0,flexible,fixed_half,ci_length,2.147495609217983,0.12312205660773443,100
star,quality,100,5000,0.0,flexible,fixed_half,variance_hat,0.3977969515246899,0.09384659223904483,100
star,quality,100,5000,0.0,flexible,fixed_half,lambda_used,0.5,0.0,100
star,quality,100,5000,0.0,flexible,fixed_half,omega_used,0.5,0.0,100
star,quality,100,5000,0.0,flexible,joint,rmse,0.4773436658566784,0.0386174295532197,100
star,quality,100,5000,0.0,flexible,joint,bias,0.10109686652049196,0.046886538193494316,100
star,quality,100,5000,0.0,flexible,joint,coverage,0.97,0.017144660799776532,100
star,quality,100,5000,0.0,flexible,joint,ci_length,1.8878714391759164,0.05586774813336228,100
star,quality,100,5000,0.0,flexible,joint,variance_hat,0.25205645006914973,0.022554298488456824,100
star,quality,100,5000,0.0,flexible,joint,lambda_used,0.8600821858629857,0.021704351889627185,100
star,quality,100,5000,0.0,flexible,joint,omega_used,0.5495346424544588,0.04611034705261165,100
star,quality,100,5000,0.0,flexible,lambda_only,rmse,0.4700098835624227,0.031560981520552936,100
star,quality,100,5000,0.0,flexible,lambda_only,bias,0.09220667906549457,0.046319838778491065,100
star,quality,100,5000,0.0,flexible,lambda_only,coverage,0.98,0.014070529413628968,100
star,quality,100,5000,0.0,flexible,lambda_only,ci_length,1.8682263629218614,0.047276442811524697,100
star,quality,100,5000,0.0,flexible,lambda_only,variance_hat,0.24154501315803661,0.015902396117764877,100
star,quality,100,5000,0.0,flexible,lambda_only,lambda_used,0.8600821858629857,0.021704351889627185,100
star,quality,100,5000,0.0,flexible,lambda_only,omega_used,0.0,0.0,100
star,quality,100,5000,0.0,flexible,naive_pool,rmse,3.9498432185981356,1.351763546412346,100
star,quality,100,5000,0.0,flexible,naive_pool,bias,-0.015555887830004698,0.3969711012286688,100
star,quality,100,5000,0.0,flexible,naive_pool,coverage,0.12,0.032659863237109045,100
star,quality,100,5000,0.0,flexible,naive_pool,ci_length,3.313537001796122,1.3483437609618556,100
star,quality,100,5000,0.0,flexible,naive_pool,variance_hat,12.427868893731713,7.669299405167431,100
star,quality,100,5000,0.0,flexible,obs_transported,rmse,0.7729422432500154,0.04534464016783738,100
star,quality,100,5000,0.0,flexible,obs_transported,bias,0.6924196788736254,0.034523407329308683,100
star,quality,100,5000,0.0,flexible,obs_transported,coverage,0.08,0.027265992434429072,100
star,quality,100,5000,0.0,flexible,obs_transported,ci_length,0.851365543548374,0.0834828139916829,100
star,quality,100,5000,0.0,flexible,obs_transported,variance_hat,0.09207387074442189,0.01770637280264,100
star,quality,100,5000,0.0,flexible,omega_only,rmse,0.9659973882091796,0.2118858635384343,100
star,quality,100,5000,0.0,flexible,omega_only,bias,0.10109322460735619,0.0965532832414385,100
star,quality,100,5000,0.0,flexible,omega_only,coverage,0.95,0.02190429135575904,100
star,quality,100,5000,0.0,flexible,omega_only,ci_length,2.7916082220874245,0.27456580945476466,100
star,quality,100,5000,0.0,flexible,omega_only,variance_hat,0.992873356592617,0.4252413262112439,100
star,quality,100,5000,0.0,flexible,omega_only,lambda_used,0.0,0.0,100
star,quality,100,5000,0.0,flexible,omega_only,omega_used,0.5495346424544588,0.04611034705261165,100
star,quality,100,5000,0.0,flexible,oracle_joint,rmse,0.4474030926682229,0.024892371041500737,100
star,quality,100,5000,0.0,flexible,oracle_joint,bias,0.05086177209411726,0.044674197405477824,100
star,quality,100,5000,0.0,flexible,oracle_joint,coverage,0.98,0.014070529413628968,100
star,quality,100,5000,0.0,flexible,oracle_joint,ci_length,1.7869698403458525,0.02858203557014575,100
star,quality,100,5000,0.0,flexible,oracle_joint,variance_hat,0.21307904796764432,0.006968365357608718,100
star,quality,100,5000,0.0,flexible,oracle_joint,lambda_used,0.96714182182329,0.009244193934187147,100
star,quality,100,5000,0.0,flexible,oracle_joint,omega_used,0.3794378192196791,0.04037681226947859,100
star,quality,100,5000,0.0,flexible,oracle_lambda_only,rmse,0.44790233901061544,0.02383339924437198,100
star,quality,100,5000,0.0,flexible,oracle_lambda_only,bias,0.052611873714001216,0.044704246520035025,100
star,quality,100,5000,0.0,flexible,oracle_lambda_only,coverage,0.98,0.014070529413628968,100
star,quality,100,5000,0.0,flexible,oracle_lambda_only,ci_length,1.7825343609145685,0.028772673294313128,100
star,quality,100,5000,0.0,flexible,oracle_lambda_only,variance_hat,0.2121191262290941,0.007008489434813048,100
star,quality,100,5000,0.0,flexible,oracle_lambda_only,lambda_used,0.96714182182329,0.009244193934187147,100
star,quality,100,5000,0.0,flexible,oracle_lambda_only,omega_used,0.0,0.0,100
star,quality,100,5000,0.0,flexible,oracle_omega_only,rmse,0.965027033144022,0.2114741736526707,100
star,quality,100,5000,0.0,flexible,oracle_omega_only,bias,0.09045293553247485,0.09656187847839266,100
star,quality,100,5000,0.0,flexible,oracle_omega_only,coverage,0.96,0.019694638556693237,100
star,quality,100,5000,0.0,flexible,oracle_omega_only,ci_length,2.7867240919068395,0.273682827358439,100
star,quality,100,5000,0.0,flexible,oracle_omega_only,variance_hat,0.9879812970877343,0.4251848772905923,100
star,quality,100,5000,0.0,flexible,oracle_omega_only,lambda_used,0.0,0.0,100
star,quality,100,5000,0.0,flexible,oracle_omega_only,omega_used,0.3794378192196791,0.04037681226947859,100
star,quality,100,5000,0.0,flexible,rct_only,rmse,0.9660197651992991,0.21120487703439303,100
star,quality,100,5000,0.0,flexible,rct_only,bias,0.09220303715235882,0.09664538881262433,100
star,quality,100,5000,0.0,flexible,rct_only,coverage,0.95,0.02190429135575904,100
star,quality,100,5000,0.0,flexible,rct_only,ci_length,2.783084654889028,0.27331874874463524,100
star,quality,100,5000,0.0,flexible,rct_only,variance_hat,0.9853789670886571,0.4248806529807168,100
star,quality,100,5000,0.0,flexible,rct_only,lambda_used,0.0,0.0,100
star,quality,100,5000,0.0,flexible,rct_only,omega_used,0.0,0.0,100
star,quality,100,5000,0.0,flexible,semi_supervised,rmse,0.9782439170202019,0.20986274897444665,100
star,quality,100,5000,0.0,flexible,semi_supervised,bias,0.10556565470404042,0.09774306938844357,100
star,quality,100,5000,0.0,flexible,semi_supervised,coverage,0.94,0.023868325657594204,100
star,quality,100,5000,0.0,flexible,semi_supervised,ci_length,2.8255622839472796,0.27816826329668665,100
star,quality,100,5000,0.0,flexible,semi_supervised,variance_hat,1.0181147084040947,0.42699958797368287,100
star,quality,100,5000,0.0,flexible,shrinkage,rmse,0.9240710824392523,0.16677340395444284,100
star,quality,100,5000,0.0,flexible,shrinkage,bias,0.42536382585579147,0.0824482072535908,100
star,quality,100,5000,0.0,flexible,shrinkage,coverage,0.45,0.05000000000000001,100
star,quality,100,5000,0.0,flexible,shrinkage,ci_length,1.6338239547405629,0.25156855623500496,100
star,quality,100,5000,0.0,flexible,shrinkage,variance_hat,0.5814697125661209,0.33109398477520957,100
star,quality,100,5000,0.0,linear,adaptive,rmse,0.5745104074504856,0.019599666979661225,100
star,quality,100,5000,0.0,linear,adaptive,bias,0.49120143649027215,0.02994664566278985,100
star,quality,100,5000,0.0,linear,adaptive,coverage,0.18,0.03861229196653691,100
star,quality,100,5000,0.0,linear,adaptive,ci_length,0.7481598908135051,0.07230834364302036,100
star,quality,100,5000,0.0,linear,adaptive,variance_hat,0.07011427376870322,0.015288556624044217,100
star,quality,100,5000,0.0,linear,fixed_half,rmse,0.5491278238692571,0.057719520602968526,100
star,quality,100,5000,0.0,linear,fixed_half,bias,0.041507468455043744,0.05503153338556044,100
star,quality,100,5000,0.0,linear,fixed_half,coverage,0.92,0.027265992434429075,100
star,quality,100,5000,0.0,linear,fixed_half,ci_length,2.028971024285418,0.0633819504543222,100
star,quality,100,5000,0.0,linear,fixed_half,variance_hat,0.2937968048600682,0.028947820843428666,100
star,quality,100,5000,0.0,linear,fixed_half,lambda_used,0.5,0.0,100
star,quality,100,5000,0.0,linear,fixed_half,omega_used,0.5,0.0,100
star,quality,100,5000,0.0,linear,joint,rmse,0.45095736094522904,0.04034609033101406,100
star,quality,100,5000,0.0,linear,joint,bias,0.05022819222700651,0.04504090958591074,100
star,quality,100,5000,0.0,linear,joint,coverage,0.96,0.019694638556693237,100
star,quality,100,5000,0.0,linear,joint,ci_length,1.8435955464850624,0.02932894862482996,100
star,quality,100,5000,0.0,linear,joint,variance_hat,0.22673697917620625,0.007715169480168177,100
star,quality,100,5000,0.0,linear,joint,lambda_used,0.8802656486867975,0.020948185723893856,100
star,quality,100,5000,0.0,linear,joint,omega_used,0.5007652353532877,0.04749040237360848,100
star,quality,100,5000,0.0,linear,lambda_only,rmse,0.45112772802006074,0.04027573508072342,100
star,quality,100,5000,0.0,linear,lambda_only,bias,0.054072827115039857,0.04501316938120105,100
star,quality,100,5000,0.0,linear,lambda_only,coverage,0.94,0.0238683256575942,100
star,quality,100,5000,0.0,linear,lambda_only,ci_length,1.8450826004996281,0.0298994225247186,100
star,quality,100,5000,0.0,linear,lambda_only,variance_hat,0.22731165014149446,0.008105896102687674,100
star,quality,100,5000,0.0,linear,lambda_only,lambda_used,0.8802656486867975,0.020948185723893856,100
star,quality,100,5000,0.0,linear,lambda_only,omega_used,0.0,0.0,100
star,quality,100,5000,0.0,linear,naive_pool,rmse,2.1323874031131047,0.6268597695920243,100
star,quality,100,5000,0.0,linear,naive_pool,bias,0.381975769774124,0.21084655122683818,100
star,quality,100,5000,0.0,linear,naive_pool,coverage,0.16,0.03684529491774706,100
star,quality,100,5000,0.0,linear,naive_pool,ci_length,2.3499707491659647,0.8274999980943152,100
star,quality,100,5000,0.0,linear,naive_pool,variance_hat,4.771184228551193,3.166189983386433,100
star,quality,100,5000,0.0,linear,obs_transported,rmse,0.6241194468747306,0.018123519942448624,100
star,quality,100,5000,0.0,linear,obs_transported,bias,0.6005862533530457,0.01706234446055453,100
star,quality,100,5000,0.0,linear,obs_transported,coverage,0.05,0.021904291355759033,100
star,quality,100,5000,0.0,linear,obs_transported,ci_length,0.49782283112373266,0.026202409461227077,100
star,quality,100,5000,0.0,linear,obs_transported,variance_hat,0.02055193390220908,0.002603718111170645,100
star,quality,100,5000,0.0,linear,omega_only,rmse,0.7751185061220383,0.11850964565194828,100
star,quality,100,5000,0.0,linear,omega_only,bias,0.04097352893644735,0.07779342422804639,100
star,quality,100,5000,0.0,linear,omega_only,coverage,0.91,0.028762349126466143,100
star,quality,100,5000,0.0,linear,omega_only,ci_length,2.509835594307024,0.14790929111519702,100
star,quality,100,5000,0.0,linear,omega_only,variance_hat,0.5509048636855303,0.12083352701747854,100
star,quality,100,5000,0.0,linear,omega_only,lambda_used,0.0,0.0,100
star,quality,100,5000,0.0,linear,omega_only,omega_used,0.5007652353532877,0.04749040237360848,100
star,quality,100,5000,0.0,linear,oracle_joint,rmse,0.4453274348235252,0.04061674736483418,100
star,quality,100,5000,0.0,linear,oracle_joint,bias,0.04233460200930108,0.04455439368636666,100
star,quality,100,5000,0.0,linear,oracle_joint,coverage,0.94,0.0238683256575942,100
star,quality,100,5000,0.0,linear,oracle_joint,ci_length,1.8043247568829943,0.025429271887028548,100
star,quality,100,5000,0.0,linear,oracle_joint,variance_hat,0.21603810702198184,0.0060099054761293775,100
star,quality,100,5000,0.0,linear,oracle_joint,lambda_used,0.9932811558637143,0.0012935069500618144,100
star,quality,100,5000,0.0,linear,oracle_joint,omega_used,0.3878453677570499,0.038665313866149964,100
star,quality,100,5000,0.0,linear,oracle_lambda_only,rmse,0.4453958211135502,0.04039063612515415,100
star,quality,100,5000,0.0,linear,oracle_lambda_only,bias,0.0426824153221098,0.04455794648348481,100
star,quality,100,5000,0.0,linear,oracle_lambda_only,coverage,0.94,0.0238683256575942,100
star,quality,100,5000,0.0,linear,oracle_lambda_only,ci_length,1.8042121149666164,0.025395598225297578,100
star,quality,100,5000,0.0,linear,oracle_lambda_only,variance_hat,0.21600062731542166,0.006002888762303771,100
star,quality,100,5000,0.0,linear,oracle_lambda_only,lambda_used,0.9932811558637143,0.0012935069500618144,100
star,quality,100,5000,0.0,linear,oracle_lambda_only,omega_used,0.0,0.0,100
star,quality,100,5000,0.0,linear,oracle_omega_only,rmse,0.774709069615239,0.11682719430436116,100
star,quality,100,5000,0.0,linear,oracle_omega_only,bias,0.044470350511671954,0.07773280643757433,100
star,quality,100,5000,0.0,linear,oracle_omega_only,coverage,0.91,0.028762349126466143,100
star,quality,100,5000,0.0,linear,oracle_omega_only,ci_length,2.5133422509982117,0.14898560682204204,100
star,quality,100,5000,0.0,linear,oracle_omega_only,variance_hat,0.5541100439342564,0.12106492654451806,100
star,quality,100,5000,0.0,linear,oracle_omega_only,lambda_used,0.0,0.0,100
star,quality,100,5000,0.0,linear,oracle_omega_only,omega_used,0.3878453677570499,0.038665313866149964,100
star,quality,100,5000,0.0,linear,rct_only,rmse,0.7758095899845772,0.1164137157661119,100
star,quality,100,5000,0.0,linear,rct_only,bias,0.04481816382448068,0.0778415803886874,100
star,quality,100,5000,0.0,linear,rct_only,coverage,0.91,0.028762349126466143,100
star,quality,100,5000,0.0,linear,rct_only,ci_length,2.5143885842986005,0.14905169098317234,100
star,quality,100,5000,0.0,linear,rct_only,variance_hat,0.5545793019343557,0.12104048593861601,100
star,quality,100,5000,0.0,linear,rct_only,lambda_used,0.0,0.0,100
star,quality,100,5000,0.0,linear,rct_only,omega_used,0.0,0.0,100
star,quality,100,5000,0.0,linear,semi_supervised,rmse,0.7815800799146737,0.11418864400528538,100
star,quality,100,5000,0.0,linear,semi_supervised,bias,0.07496053588566952,0.07818963863382729,100
star,quality,100,5000,0.0,linear,semi_supervised,coverage,0.91,0.028762349126466143,100
star,quality,100,5000,0.0,linear,semi_supervised,ci_length,2.5304065210537043,0.14747417423711667,100
star,quality,100,5000,0.0,linear,semi_supervised,variance_hat,0.5568243820761635,0.1187621473118404,100
star,quality,100,5000,0.0,linear,shrinkage,rmse,0.6033139066943052,0.058635670062740716,100
star,quality,100,5000,0.0,linear,shrinkage,bias,0.3978676024739147,0.04558143350009157,100
star,quality,100,5000,0.0,linear,shrinkage,coverage,0.42,0.04960449637488583,100
star,quality,100,5000,0.0,linear,shrinkage,ci_length,1.051471490710154,0.10731917118931553,100
star,quality,100,5000,0.0,linear,shrinkage,variance_hat,0.1461564113123716,0.05085193267343567,100
star,quality,100,5000,1.0,linear,adaptive,rmse,0.6085867899405051,0.03140673213479418,100
star,quality,100,5000,1.0,linear,adaptive,bias,0.4995527961238387,0.03493498792850913,100
star,quality,100,5000,1.0,linear,adaptive,coverage,0.14,0.0348735088019777,100
star,quality,100,5000,1.0,linear,adaptive,ci_length,0.7944684912453271,0.1077631001184074,100
star,quality,100,5000,1.0,linear,adaptive,variance_hat,0.11589710808260714,0.04446178244079087,100
star,quality,100,5000,1.0,linear,fixed_half,rmse,1.3255877681876402,0.4070035559408204,100
star,quality,100,5000,1.0,linear,fixed_half,bias,-0.0927585656255002,0.13290000720796313,100
star,quality,100,5000,1.0,linear,fixed_half,coverage,0.93,0.025643239997624283,100
star,quality,100,5000,1.0,linear,fixed_half,ci_length,2.591136183205947,0.41895048549433056,100
star,quality,100,5000,1.0,linear,fixed_half,variance_hat,1.5677909919560005,0.9705425090764559,100
star,quality,100,5000,1.0,linear,fixed_half,lambda_used,0.5,0.0,100
star,quality,100,5000,1.0,linear,fixed_half,omega_used,0.5,0.0,100
star,quality,100,5000,1.0,linear,joint,rmse,0.45849536940209273,0.031169600551601822,100
star,quality,100,5000,1.0,linear,joint,bias,0.025018403726297135,0.04601186531624531,100
star,quality,100,5000,1.0,linear,joint,coverage,0.94,0.023868325657594204,100
star,quality,100,5000,1.0,linear,joint,ci_length,1.8418281365676907,0.03635565024878321,100
star,quality,100,5000,1.0,linear,joint,variance_hat,0.22928675317753167,0.012345791227656184,100
star,quality,100,5000,1.0,linear,joint,lambda_used,0.852195460581166,0.021642551821346702,100
star,quality,100,5000,1.0,linear,joint,omega_used,0.4749806284545779,0.04902516817955517,100
star,quality,100,5000,1.0,linear,lambda_only,rmse,0.4576276395451325,0.0314377997662948,100
star,quality,100,5000,1.0,linear,lambda_only,bias,0.02425644566167042,0.04592865364290159,100
star,quality,100,5000,1.0,linear,lambda_only,coverage,0.93,0.02564323999762428,100
star,quality,100,5000,1.0,linear,lambda_only,ci_length,1.8466746221039094,0.0364824672703947,100
star,quality,100,5000,1.0,linear,lambda_only,variance_hat,0.23050964468480306,0.012398877834682024,100
star,quality,100,5000,1.0,linear,lambda_only,lambda_used,0.852195460581166,0.021642551821346702,100
star,quality,100,5000,1.0,linear,lambda_only,omega_used,0.0,0.0,100
star,quality,100,5000,1.0,linear,naive_pool,rmse,2.0937180532795856,0.7256479044482197,100
star,quality,100,5000,1.0,linear,naive_pool,bias,0.40815247998458515,0.20638952188654952,100
star,quality,100,5000,1.0,linear,naive_pool,coverage,0.1,0.03015113445777636,100
star,quality,100,5000,1.0,linear,naive_pool,ci_length,1.963329196609785,0.8291154373771071,100
star,quality,100,5000,1.0,linear,naive_pool,variance_hat,4.67989332516604,3.6401980175043733,100
star,quality,100,5000,1.0,linear,obs_transported,rmse,0.6076854058582305,0.01643200146567314,100
star,quality,100,5000,1.0,linear,obs_transported,bias,0.5885693051108403,0.015198260657535484,100
star,quality,100,5000,1.0,linear,obs_transported,coverage,0.03,0.017144660799776532,100
star,quality,100,5000,1.0,linear,obs_transported,ci_length,0.4639829139559619,0.024117562662531622,100
star,quality,100,5000,1.0,linear,obs_transported,variance_hat,0.017757848204858127,0.0022600895342964247,100
star,quality,100,5000,1.0,linear,omega_only,rmse,2.4555943054602274,0.8294399729281593,100
star,quality,100,5000,1.0,linear,omega_only,bias,-0.2115579112253093,0.2458788944571319,100
star,quality,100,5000,1.0,linear,omega_only,coverage,0.95,0.021904291355759036,100
star,quality,100,5000,1.0,linear,omega_only,ci_length,3.6538267336109476,0.8630096882990083,100
star,quality,100,5000,1.0,linear,omega_only,variance_hat,5.667393583514435,3.8986061102666105,100
star,quality,100,5000,1.0,linear,omega_only,lambda_used,0.0,0.0,100
star,quality,100,5000,1.0,linear,omega_only,omega_used,0.4749806284545779,0.04902516817955517,100
star,quality,100,5000,1.0,linear,oracle_joint,rmse,0.461997401383707,0.031234161274731317,100
star,quality,100,5000,1.0,linear,oracle_joint,bias,0.026553467533480743,0.04635572951710603,100
star,quality,100,5000,1.0,linear,oracle_joint,coverage,0.92,0.027265992434429072,100
star,quality,100,5000,1.0,linear,oracle_joint,ci_length,1.7819448624162952,0.02347059770052385,100
star,quality,100,5000,1.0,linear,oracle_joint,variance_hat,0.21019771850592026,0.005407583765319978,100
star,quality,100,5000,1.0,linear,oracle_joint,lambda_used,0.9941100894693866,0.0011213278746209153,100
star,quality,100,5000,1.0,linear,oracle_joint,omega_used,0.4974325874891198,0.039093432286791435,100
star,quality,100,5000,1.0,linear,oracle_lambda_only,rmse,0.4617080458915529,0.03111840028949931,100
star,quality,100,5000,1.0,linear,oracle_lambda_only,bias,0.030733565890109053,0.04630048623876652,100
star,quality,100,5000,1.0,linear,oracle_lambda_only,coverage,0.92,0.027265992434429072,100
star,quality,100,5000,1.0,linear,oracle_lambda_only,ci_length,1.7843885484669806,0.02357664080654661,100
star,quality,100,5000,1.0,linear,oracle_lambda_only,variance_hat,0.21079702947949283,0.005430991120032918,100
star,quality,100,5000,1.0,linear,oracle_lambda_only,lambda_used,0.9941100894693866,0.0011213278746209153,100
star,quality,100,5000,1.0,linear,oracle_lambda_only,omega_used,0.0,0.0,100
star,quality,100,5000,1.0,linear,oracle_omega_only,rmse,2.455655396253709,0.8293982678981532,100
star,quality,100,5000,1.0,linear,oracle_omega_only,bias,-0.21649996764656418,0.24584160107635947,100
star,quality,100,5000,1.0,linear,oracle_omega_only,coverage,0.95,0.021904291355759036,100
star,quality,100,5000,1.0,linear,oracle_omega_only,ci_length,3.651137432352826,0.8627390477868152,100
star,quality,100,5000,1.0,linear,oracle_omega_only,variance_hat,5.663105893143371,3.898456242923116,100
star,quality,100,5000,1.0,linear,oracle_omega_only,lambda_used,0.0,0.0,100
star,quality,100,5000,1.0,linear,oracle_omega_only,omega_used,0.4974325874891198,0.039093432286791435,100
star,quality,100,5000,1.0,linear,rct_only,rmse,2.4609033391738406,0.8296143194628904,100
star,quality,100,5000,1.0,linear,rct_only,bias,-0.21231986928993596,0.24640783959270474,100
star,quality,100,5000,1.0,linear,rct_only,coverage,0.95,0.021904291355759036,100
star,quality,100,5000,1.0,linear,rct_only,ci_length,3.662761831918112,0.8640526617476908,100
star,quality,100,5000,1.0,linear,rct_only,variance_hat,5.683253520249259,3.9034362651208006,100
star,quality,100,5000,1.0,linear,rct_only,lambda_used,0.0,0.0,100
star,quality,100,5000,1.0,linear,rct_only,omega_used,0.0,0.0,100
star,quality,100,5000,1.0,linear,semi_supervised,rmse,2.513054398295697,0.8522848672283987,100
star,quality,100,5000,1.0,linear,semi_supervised,bias,-0.20012516528576893,0.2517693414277371,100
star,quality,100,5000,1.0,linear,semi_supervised,coverage,0.96,0.019694638556693237,100
star,quality,100,5000,1.0,linear,semi_supervised,ci_length,3.718792894765767,0.8843768566065773,100
star,quality,100,5000,1.0,linear,semi_supervised,variance_hat,5.939120063462122,4.098708824053494,100
star,quality,100,5000,1.0,linear,shrinkage,rmse,0.6667471818282286,0.10242997986127927,100
star,quality,100,5000,1.0,linear,shrinkage,bias,0.4408841528039097,0.05026927172357706,100
star,quality,100,5000,1.0,linear,shrinkage,coverage,0.4,0.0492365963917331,100
star,quality,100,5000,1.0,linear,shrinkage,ci_length,1.1200923903543203,0.13468143166436594,100
star,quality,100,5000,1.0,linear,shrinkage,variance_hat,0.19851681488672296,0.07640414119315658,100
star,quality,100,5000,2.0,flexible,adaptive,rmse,1.0158233882776442,0.29899761503002786,100
star,quality,100,5000,2.0,flexible,adaptive,bias,0.4249191030489225,0.09273296690971615,100
star,quality,100,5000,2.0,flexible,adaptive,coverage,0.36,0.048241815132442176,100
star,quality,100,5000,2.0,flexible,adaptive,ci_length,1.380205258049962,0.30762885239026805,100
star,quality,100,5000,2.0,flexible,adaptive,variance_hat,0.7336979681448222,0.6123722064313056,100
star,quality,100,5000,2.0,flexible,fixed_half,rmse,1.0424210096402275,0.21426390161374229,100
star,quality,100,5000,2.0,flexible,fixed_half,bias,-0.010578384688411864,0.10476185881218984,100
star,quality,100,5000,2.0,flexible,fixed_half,coverage,0.96,0.019694638556693237,100
star,quality,100,5000,2.0,flexible,fixed_half,ci_length,2.6360499677145257,0.31321558417664946,100
star,quality,100,5000,2.0,flexible,fixed_half,variance_hat,1.0842922197600229,0.47315300824021767,100
star,quality,100,5000,2.0,flexible,fixed_half,lambda_used,0.5,0.0,100
star,quality,100,5000,2.0,flexible,fixed_half,omega_used,0.5,0.0,100
star,quality,100,5000,2.0,flexible,joint,rmse,0.5005087170400364,0.039623814369638403,100
star,quality,100,5000,2.0,flexible,joint,bias,0.044634238406386764,0.050102597827256914,100
star,quality,100,5000,2.0,flexible,joint,coverage,0.98,0.014070529413628968,100
star,quality,100,5000,2.0,flexible,joint,ci_length,1.8998125124492091,0.05403593501680085,100
star,quality,100,5000,2.0,flexible,joint,variance_hat,0.2537028320138951,0.025446813391899643,100
star,quality,100,5000,2.0,flexible,joint,lambda_used,0.850565431844959,0.021577628269664723,100
star,quality,100,5000,2.0,flexible,joint,omega_used,0.5025794026396084,0.04735927140632533,100
star,quality,100,5000,2.0,flexible,lambda_only,rmse,0.5007803425903146,0.03998873176844041,100
star,quality,100,5000,2.0,flexible,lambda_only,bias,0.047930032714693184,0.050099261420072635,100
star,quality,100,5000,2.0,flexible,lambda_only,coverage,0.97,0.01714466079977653,100
star,quality,100,5000,2.0,flexible,lambda_only,ci_length,1.896590001031125,0.05401318305283542,100
star,quality,100,5000,2.0,flexible,lambda_only,variance_hat,0.25289081464860674,0.025667338789788635,100
star,quality,100,5000,2.0,flexible,lambda_only,lambda_used,0.850565431844959,0.021577628269664723,100
star,quality,100,5000,2.0,flexible,lambda_only,omega_used,0.0,0.0,100
star,quality,100,5000,2.0,flexible,naive_pool,rmse,2.8945572714961694,0.7548961096021678,100
star,quality,100,5000,2.0,flexible,naive_pool,bias,0.14253603496063338,0.29056102606121825,100
star,quality,100,5000,2.0,flexible,naive_pool,coverage,0.17,0.03775251680686369,100
star,quality,100,5000,2.0,flexible,naive_pool,ci_length,3.2425159992605193,1.1531486882620625,100
star,quality,100,5000,2.0,flexible,naive_pool,variance_hat,9.251651160911324,5.133308398560251,100
star,quality,100,5000,2.0,flexible,obs_transported,rmse,0.789824077369883,0.04576586117692002,100
star,quality,100,5000,2.0,flexible,obs_transported,bias,0.7116333477536407,0.0344363050667142,100
star,quality,100,5000,2.0,flexible,obs_transported,coverage,0.11,0.03144660377352202,100
star,quality,100,5000,2.0,flexible,obs_transported,ci_length,0.8929858539616687,0.09258003762440528,100
star,quality,100,5000,2.0,flexible,obs_transported,variance_hat,0.1071180953311203,0.020745311985210103,100
star,quality,100,5000,2.0,flexible,omega_only,rmse,1.950384828524436,0.5008851230983223,100
star,quality,100,5000,2.0,flexible,omega_only,bias,-0.08543241648635663,0.19583290861466762,100
star,quality,100,5000,2.0,flexible,omega_only,coverage,0.96,0.019694638556693237,100
star,quality,100,5000,2.0,flexible,omega_only,ci_length,3.796148047798043,0.6683754393049688,100
star,quality,100,5000,2.0,flexible,omega_only,variance_hat,3.81603641978847,2.0011970593126422,100
star,quality,100,5000,2.0,flexible,omega_only,lambda_used,0.0,0.0,100
star,quality,100,5000,2.0,flexible,omega_only,omega_used,0.5025794026396084,0.04735927140632533,100
star,quality,100,5000,2.0,flexible,oracle_joint,rmse,0.46309027341181597,0.02641337690145001,100
star,quality,100,5000,2.0,flexible,oracle_joint,bias,0.05662970133382657,0.04619301602897621,100
star,quality,100,5000,2.0,flexible,oracle_joint,coverage,0.98,0.014070529413628968,100
star,quality,100,5000,2.0,flexible,oracle_joint,ci_length,1.8192799307395127,0.025183452196267237,100
star,quality,100,5000,2.0,flexible,oracle_joint,variance_hat,0.21948470906488932,0.006021940380574323,100
star,quality,100,5000,2.0,flexible,oracle_joint,lambda_used,0.9770038959294435,0.00473590527295811,100
star,quality,100,5000,2.0,flexible,oracle_joint,omega_used,0.33215312350484394,0.039418257374225156,100
star,quality,100,5000,2.0,flexible,oracle_lambda_only,rmse,0.4651807470913573,0.026582384226591264,100
star,quality,100,5000,2.0,flexible,oracle_lambda_only,bias,0.06160367945584103,0.04634064844608663,100
star,quality,100,5000,2.0,flexible,oracle_lambda_only,coverage,0.97,0.01714466079977653,100
star,quality,100,5000,2.0,flexible,oracle_lambda_only,ci_length,1.8201069576810673,0.0248929546755248,100
star,quality,100,5000,2.0,flexible,oracle_lambda_only,variance_hat,0.21958686497416643,0.005939745642778581,100
star,quality,100,5000,2.0,flexible,oracle_lambda_only,lambda_used,0.9770038959294435,0.00473590527295811,100
star,quality,100,5000,2.0,flexible,oracle_lambda_only,omega_used,0.0,0.0,100
star,quality,100,5000,2.0,flexible,oracle_omega_only,rmse,1.950702685065429,0.5021668784015921,100
star,quality,100,5000,2.0,flexible,oracle_omega_only,bias,-0.08711060030006465,0.19585741847601598,100
star,quality,100,5000,2.0,flexible,oracle_omega_only,coverage,0.95,0.021904291355759033,100
star,quality,100,5000,2.0,flexible,oracle_omega_only,ci_length,3.7787476501842234,0.6663986303627201,100
star,quality,100,5000,2.0,flexible,oracle_omega_only,variance_hat,3.790458445785851,1.989721471726708,100
star,quality,100,5000,2.0,flexible,oracle_omega_only,lambda_used,0.0,0.0,100
star,quality,100,5000,2.0,flexible,oracle_omega_only,omega_used,0.33215312350484394,0.039418257374225156,100
star,quality,100,5000,2.0,flexible,rct_only,rmse,1.949660232048013,0.5011398431990003,100
star,quality,100,5000,2.0,flexible,rct_only,bias,-0.08213662217805022,0.19577426177359697,100
star,quality,100,5000,2.0,flexible,rct_only,coverage,0.95,0.021904291355759033,100
star,quality,100,5000,2.0,flexible,rct_only,ci_length,3.7828509681528093,0.667754865491837,100
star,quality,100,5000,2.0,flexible,rct_only,variance_hat,3.8041355936692427,2.000548156943947,100
star,quality,100,5000,2.0,flexible,rct_only,lambda_used,0.0,0.0,100
star,quality,100,5000,2.0,flexible,rct_only,omega_used,0.0,0.0,100
star,quality,100,5000,2.0,flexible,semi_supervised,rmse,1.9474981630859898,0.5004228798398852,100
star,quality,100,5000,2.0,flexible,semi_supervised,bias,-0.07386114747457259,0.195590110110147,100
star,quality,100,5000,2.0,flexible,semi_supervised,coverage,0.93,0.025643239997624283,100
star,quality,100,5000,2.0,flexible,semi_supervised,ci_length,3.7690858485377357,0.6601373002623309,100
star,quality,100,5000,2.0,flexible,semi_supervised,variance_hat,3.732198825695807,1.9921241398855087,100
star,quality,100,5000,2.0,flexible,shrinkage,rmse,1.2214726631369406,0.275522235736465,100
star,quality,100,5000,2.0,flexible,shrinkage,bias,0.34045191357734533,0.1178977455140543,100
star,quality,100,5000,2.0,flexible,shrinkage,coverage,0.57,0.0497569851956243,100
star,quality,100,5000,2.0,flexible,shrinkage,ci_length,1.959535539233397,0.41590234921185426,100
star,quality,100,5000,2.0,flexible,shrinkage,variance_hat,1.3643437397074971,0.7449902048069459,100
star,quality,100,5000,2.0,linear,adaptive,rmse,0.5576562196929973,0.016898458065048395,100
star,quality,100,5000,2.0,linear,adaptive,bias,0.4525376156199495,0.03275099903037816,100
star,quality,100,5000,2.0,linear,adaptive,coverage,0.23,0.04229525846816508,100
star,quality,100,5000,2.0,linear,adaptive,ci_length,0.805484308396121,0.07285313922779826,100
star,quality,100,5000,2.0,linear,adaptive,variance_hat,0.07641988600696155,0.012758650622077553,100
star,quality,100,5000,2.0,linear,fixed_half,rmse,0.599275220340695,0.10417294037257636,100
star,quality,100,5000,2.0,linear,fixed_half,bias,-0.0004816810491917978,0.060229406363390456,100
star,quality,100,5000,2.0,linear,fixed_half,coverage,0.94,0.023868325657594204,100
star,quality,100,5000,2.0,linear,fixed_half,ci_length,2.0535083522733104,0.11887172196784639,100
star,quality,100,5000,2.0,linear,fixed_half,variance_hat,0.36547409181377105,0.10718739012223386,100
star,quality,100,5000,2.0,linear,fixed_half,lambda_used,0.5,0.0,100
star,quality,100,5000,2.0,linear,fixed_half,omega_used,0.5,0.0,100
star,quality,100,5000,2.0,linear,joint,rmse,0.4838507283041637,0.052743041955440224,100
star,quality,100,5000,2.0,linear,joint,bias,0.0021829648943744793,0.04862833296668294,100
star,quality,100,5000,2.0,linear,joint,coverage,0.95,0.021904291355759033,100
star,quality,100,5000,2.0,linear,joint,ci_length,1.845707972720141,0.06593476550454117,100
star,quality,100,5000,2.0,linear,joint,variance_hat,0.2497117655410082,0.03921575498563283,100
star,quality,100,5000,2.0,linear,joint,lambda_used,0.8686938452943238,0.021466115027642445,100
star,quality,100,5000,2.0,linear,joint,omega_used,0.4717875737041011,0.048598208157425785,100
star,quality,100,5000,2.0,linear,lambda_only,rmse,0.486248388852928,0.05235125131685019,100
star,quality,100,5000,2.0,linear,lambda_only,bias,0.008415957315405571,0.04886248145752738,100
star,quality,100,5000,2.0,linear,lambda_only,coverage,0.94,0.023868325657594204,100
star,quality,100,5000,2.0,linear,lambda_only,ci_length,1.8451906973858374,0.06591708273178615,100
star,quality,100,5000,2.0,linear,lambda_only,variance_hat,0.24957249358313685,0.03921155791732779,100
star,quality,100,5000,2.0,linear,lambda_only,lambda_used,0.8686938452943238,0.021466115027642445,100
star,quality,100,5000,2.0,linear,lambda_only,omega_used,0.0,0.0,100
star,quality,100,5000,2.0,linear,naive_pool,rmse,3.1910366188384316,1.0200632264189455,100
star,quality,100,5000,2.0,linear,naive_pool,bias,0.2987243702753569,0.31930287786337336,100
star,quality,100,5000,2.0,linear,naive_pool,coverage,0.17,0.03775251680686369,100
star,quality,100,5000,2.0,linear,naive_pool,ci_length,2.8699296687719182,1.2089669260240588,100
star,quality,100,5000,2.0,linear,naive_pool,variance_hat,9.952924477129313,6.838764351583491,100
star,quality,100,5000,2.0,linear,obs_transported,rmse,0.6125182175649081,0.013602506342679996,100
star,quality,100,5000,2.0,linear,obs_transported,bias,0.5970100785857394,0.013764811275638823,100
star,quality,100,5000,2.0,linear,obs_transported,coverage,0.04,0.019694638556693237,100
star,quality,100,5000,2.0,linear,obs_transported,ci_length,0.4595862281002573,0.02250846005267017,100
star,quality,100,5000,2.0,linear,obs_transported,variance_hat,0.01701020106422195,0.0021721627209877895,100
star,quality,100,5000,2.0,linear,omega_only,rmse,0.9044041864978258,0.2328171732238015,100
star,quality,100,5000,2.0,linear,omega_only,bias,-0.01955885757780768,0.0908747825165194,100
star,quality,100,5000,2.0,linear,omega_only,coverage,0.94,0.023868325657594204,100
star,quality,100,5000,2.0,linear,omega_only,ci_length,2.5606265917706628,0.24084575954946322,100
star,quality,100,5000,2.0,linear,omega_only,variance_hat,0.8004426460091169,0.38349277109872926,100
star,quality,100,5000,2.0,linear,omega_only,lambda_used,0.0,0.0,100
star,quality,100,5000,2.0,linear,omega_only,omega_used,0.4717875737041011,0.048598208157425785,100
star,quality,100,5000,2.0,linear,oracle_joint,rmse,0.43084879321530656,0.027975925936112554,100
star,quality,100,5000,2.0,linear,oracle_joint,bias,0.01866368752893816,0.04326128618818028,100
star,quality,100,5000,2.0,linear,oracle_joint,coverage,0.95,0.021904291355759033,100
star,quality,100,5000,2.0,linear,oracle_joint,ci_length,1.7723077741914273,0.023395838737247147,100
star,quality,100,5000,2.0,linear,oracle_joint,variance_hat,0.2079460015943706,0.005463268004696855,100
star,quality,100,5000,2.0,linear,oracle_joint,lambda_used,0.9935595683115815,0.0012536719228804654,100
star,quality,100,5000,2.0,linear,oracle_joint,omega_used,0.445639134689281,0.03993616268405526,100
star,quality,100,5000,2.0,linear,oracle_lambda_only,rmse,0.4290400901525186,0.027141841760701738,100
star,quality,100,5000,2.0,linear,oracle_lambda_only,bias,0.02340128361898719,0.04305596298207471,100
star,quality,100,5000,2.0,linear,oracle_lambda_only,coverage,0.95,0.021904291355759033,100
star,quality,100,5000,2.0,linear,oracle_lambda_only,ci_length,1.7707628491360057,0.023550001765608976,100
star,quality,100,5000,2.0,linear,oracle_lambda_only,variance_hat,0.20763640016298673,0.005492200073709623,100
star,quality,100,5000,2.0,linear,oracle_lambda_only,lambda_used,0.9935595683115815,0.0012536719228804654,100
star,quality,100,5000,2.0,linear,oracle_lambda_only,omega_used,0.0,0.0,100
star,quality,100,5000,2.0,linear,oracle_omega_only,rmse,0.9030538786326665,0.23311943570759042,100
star,quality,100,5000,2.0,linear,oracle_omega_only,bias,-0.018063461246825573,0.09074217105007842,100
star,quality,100,5000,2.0,linear,oracle_omega_only,coverage,0.92,0.027265992434429072,100
star,quality,100,5000,2.0,linear,oracle_omega_only,ci_length,2.555333490710053,0.24055597398108736,100
star,quality,100,5000,2.0,linear,oracle_omega_only,variance_hat,0.7977815399118577,0.38344172124701437,100
star,quality,100,5000,2.0,linear,oracle_omega_only,lambda_used,0.0,0.0,100
star,quality,100,5000,2.0,linear,oracle_omega_only,omega_used,0.445639134689281,0.03993616268405526,100
star,quality,100,5000,2.0,linear,rct_only,rmse,0.9066329525017752,0.2323597300256421,100
star,quality,100,5000,2.0,linear,rct_only,bias,-0.01332586515677657,0.09111019700772778,100
star,quality,100,5000,2.0,linear,rct_only,coverage,0.92,0.027265992434429072,100
star,quality,100,5000,2.0,linear,rct_only,ci_length,2.5570325055137006,0.24118785908862175,100
star,quality,100,5000,2.0,linear,rct_only,variance_hat,0.8003080705831402,0.3837210028894344,100
star,quality,100,5000,2.0,linear,rct_only,lambda_used,0.0,0.0,100
star,quality,100,5000,2.0,linear,rct_only,omega_used,0.0,0.0,100
star,quality,100,5000,2.0,linear,semi_supervised,rmse,0.9240333382854473,0.22868779318615717,100
star,quality,100,5000,2.0,linear,semi_supervised,bias,-0.006366620387105231,0.09286664036675402,100
star,quality,100,5000,2.0,linear,semi_supervised,coverage,0.93,0.025643239997624283,100
star,quality,100,5000,2.0,linear,semi_supervised,ci_length,2.6264481226119485,0.24310220650110353,100
star,quality,100,5000,2.0,linear,semi_supervised,variance_hat,0.8296977745705069,0.3837509689976442,100
star,quality,100,5000,2.0,linear,shrinkage,rmse,0.542944700994362,0.03010866750848832,100
star,quality,100,5000,2.0,linear,shrinkage,bias,0.4190457362042876,0.03469777440347119,100
star,quality,100,5000,2.0,linear,shrinkage,coverage,0.43,0.0497569851956243,100
star,quality,100,5000,2.0,linear,shrinkage,ci_length,0.9846421445597511,0.07662183697801399,100
star,quality,100,5000,2.0,linear,shrinkage,variance_hat,0.10092128469371874,0.02030801740764958,100
star,rct_size,50,5000,1.0,flexible,adaptive,rmse,0.7180379395936268,0.04303533401096786,100
star,rct_size,50,5000,1.0,flexible,adaptive,bias,0.6210576513788031,0.036218455639161644,100
star,rct_size,50,5000,1.0,flexible,adaptive,coverage,0.23,0.04229525846816508,100
star,rct_size,50,5000,1.0,flexible,adaptive,ci_length,1.1949413066228778,0.11019510725802259,100
star,rct_size,50,5000,1.0,flexible,adaptive,variance_hat,0.17116140337119787,0.027830302339920544,100
star,rct_size,50,5000,1.0,flexible,fixed_half,rmse,0.7192677661816554,0.05002560657143831,100
star,rct_size,50,5000,1.0,flexible,fixed_half,bias,0.04449517362207866,0.07215067700196102,100
star,rct_size,50,5000,1.0,flexible,fixed_half,coverage,0.9,0.03015113445777636,100
star,rct_size,50,5000,1.0,flexible,fixed_half,ci_length,2.789947126267263,0.10612317724535263,100
star,rct_size,50,5000,1.0,flexible,fixed_half,variance_hat,0.579126064396756,0.08864005622176438,100
star,rct_size,50,5000,1.0,flexible,fixed_half,lambda_used,0.5,0.0,100
star,rct_size,50,5000,1.0,flexible,fixed_half,omega_used,0.5,0.0,100
star,rct_size,50,5000,1.0,flexible,joint,rmse,0.6213250152366714,0.045626460404713506,100
star,rct_size,50,5000,1.0,flexible,joint,bias,0.0032385131741108886,0.06244466533015175,100
star,rct_size,50,5000,1.0,flexible,joint,coverage,0.91,0.028762349126466143,100
star,rct_size,50,5000,1.0,flexible,joint,ci_length,2.559791202142756,0.056453247462414244,100
star,rct_size,50,5000,1.0,flexible,joint,variance_hat,0.44696827851734283,0.02038508658551608,100
star,rct_size,50,5000,1.0,flexible,joint,lambda_used,0.8662684344641078,0.020740355704088984,100
star,rct_size,50,5000,1.0,flexible,joint,omega_used,0.43900158523222926,0.04768891698098844,100
star,rct_size,50,5000,1.0,flexible,lambda_only,rmse,0.6129823246084033,0.04582417878178043,100
star,rct_size,50,5000,1.0,flexible,lambda_only,bias,-0.0006244899477705835,0.061607009660749376,100
star,rct_size,50,5000,1.0,flexible,lambda_only,coverage,0.91,0.028762349126466143,100
star,rct_size,50,5000,1.0,flexible,lambda_only,ci_length,2.545173878231069,0.054210864873399635,100
star,rct_size,50,5000,1.0,flexible,lambda_only,variance_hat,0.44051318493429603,0.019338874565258107,100
star,rct_size,50,5000,1.0,flexible,lambda_only,lambda_used,0.8662684344641078,0.020740355704088984,100
star,rct_size,50,5000,1.0,flexible,lambda_only,omega_used,0.0,0.0,100
star,rct_size,50,5000,1.0,flexible,naive_pool,rmse,4.39288391008886,1.7966588526340856,100
star,rct_size,50,5000,1.0,flexible,naive_pool,bias,0.06052233617371057,0.4414595408477105,100
star,rct_size,50,5000,1.0,flexible,naive_pool,coverage,0.16,0.03684529491774706,100
star,rct_size,50,5000,1.0,flexible,naive_pool,ci_length,2.885064514323974,1.3522206712159313,100
star,rct_size,50,5000,1.0,flexible,naive_pool,variance_hat,12.322478237597034,9.220813400219017,100
star,rct_size,50,5000,1.0,flexible,obs_transported,rmse,0.8352042073478386,0.05049379556410165,100
star,rct_size,50,5000,1.0,flexible,obs_transported,bias,0.7375231086607258,0.039392576360946965,100
star,rct_size,50,5000,1.0,flexible,obs_transported,coverage,0.13,0.03379976689896311,100
star,rct_size,50,5000,1.0,flexible,obs_transported,ci_length,0.9893002235249143,0.1003779296394998,100
star,rct_size,50,5000,1.0,flexible,obs_transported,variance_hat,0.1286107811915762,0.023879302194059683,100
star,rct_size,50,5000,1.0,flexible,omega_only,rmse,0.9723425928058376,0.11414476165114859,100
star,rct_size,50,5000,1.0,flexible,omega_only,bias,0.11392583970470911,0.09705101339152925,100
star,rct_size,50,5000,1.0,flexible,omega_only,coverage,0.9,0.03015113445777636,100
star,rct_size,50,5000,1.0,flexible,omega_only,ci_length,3.4389502508207284,0.20274732315774618,100
star,rct_size,50,5000,1.0,flexible,omega_only,variance_hat,1.03449762169149,0.30802407266690207,100
star,rct_size,50,5000,1.0,flexible,omega_only,lambda_used,0.0,0.0,100
star,rct_size,50,5000,1.0,flexible,omega_only,omega_used,0.43900158523222926,0.04768891698098844,100
star,rct_size,50,5000,1.0,flexible,oracle_joint,rmse,0.6087606199195155,0.0445594588890013,100
star,rct_size,50,5000,1.0,flexible,oracle_joint,bias,-0.0075756117390564535,0.06117800674927106,100
star,rct_size,50,5000,1.0,flexible,oracle_joint,coverage,0.92,0.027265992434429075,100
star,rct_size,50,5000,1.0,flexible,oracle_joint,ci_length,2.5205738799956645,0.05186849627847828,100
star,rct_size,50,5000,1.0,flexible,oracle_joint,variance_hat,0.43080225138487466,0.01746022598912868,100
star,rct_size,50,5000,1.0,flexible,oracle_joint,lambda_used,0.9546978720916819,0.013707680870399757,100
star,rct_size,50,5000,1.0,flexible,oracle_joint,omega_used,0.26965427021139726,0.03615551833358905,100
star,rct_size,50,5000,1.0,flexible,oracle_lambda_only,rmse,0.6046516198382106,0.043852704948742494,100
star,rct_size,50,5000,1.0,flexible,oracle_lambda_only,bias,-0.0037635260579314987,0.060768597123925204,100
star,rct_size,50,5000,1.0,flexible,oracle_lambda_only,coverage,0.92,0.027265992434429075,100
star,rct_size,50,5000,1.0,flexible,oracle_lambda_only,ci_length,2.522047714139751,0.051740993445088125,100
star,rct_size,50,5000,1.0,flexible,oracle_lambda_only,variance_hat,0.43120080752721,0.01742461809651306,100
star,rct_size,50,5000,1.0,flexible,oracle_lambda_only,lambda_used,0.9546978720916819,0.013707680870399757,100
star,rct_size,50,5000,1.0,flexible,oracle_lambda_only,omega_used,0.0,0.0,100
star,rct_size,50,5000,1.0,flexible,oracle_omega_only,rmse,0.982768087728027,0.11706042093518475,100
star,rct_size,50,5000,1.0,flexible,oracle_omega_only,bias,0.1062507509017027,0.09819296052601176,100
star,rct_size,50,5000,1.0,flexible,oracle_omega_only,coverage,0.91,0.028762349126466143,100
star,rct_size,50,5000,1.0,flexible,oracle_omega_only,ci_length,3.45763809330509,0.20667062184782697,100
star,rct_size,50,5000,1.0,flexible,oracle_omega_only,variance_hat,1.053234187013355,0.31853722203215734,100
star,rct_size,50,5000,1.0,flexible,oracle_omega_only,lambda_used,0.0,0.0,100
star,rct_size,50,5000,1.0,flexible,oracle_omega_only,omega_used,0.26965427021139726,0.03615551833358905,100
star,rct_size,50,5000,1.0,flexible,rct_only,rmse,0.9724084197181735,0.11400583894578567,100
star,rct_size,50,5000,1.0,flexible,rct_only,bias,0.11006283658282763,0.09710268992841917,100
star,rct_size,50,5000,1.0,flexible,rct_only,coverage,0.91,0.028762349126466143,100
star,rct_size,50,5000,1.0,flexible,rct_only,ci_length,3.452214808495702,0.20324800830956669,100
star,rct_size,50,5000,1.0,flexible,rct_only,variance_hat,1.0417560988199888,0.30805229681957946,100
star,rct_size,50,5000,1.0,flexible,rct_only,lambda_used,0.0,0.0,100
star,rct_size,50,5000,1.0,flexible,rct_only,omega_used,0.0,0.0,100
star,rct_size,50,5000,1.0,flexible,semi_supervised,rmse,0.9967845904248838,0.11921556014549299,100
star,rct_size,50,5000,1.0,flexible,semi_supervised,bias,0.09962038676817656,0.09967904545852072,100
star,rct_size,50,5000,1.0,flexible,semi_supervised,coverage,0.91,0.028762349126466143,100
star,rct_size,50,5000,1.0,flexible,semi_supervised,ci_length,3.5303992376773192,0.21443376300740463,100
star,rct_size,50,5000,1.0,flexible,semi_supervised,variance_hat,1.1073866468879654,0.3322278987068953,100
star,rct_size,50,5000,1.0,flexible,shrinkage,rmse,0.7320922289177857,0.047597254476779476,100
star,rct_size,50,5000,1.0,flexible,shrinkage,bias,0.5933876192557928,0.04309376257987279,100
star,rct_size,50,5000,1.0,flexible,shrinkage,coverage,0.42,0.04960449637488583,100
star,rct_size,50,5000,1.0,flexible,shrinkage,ci_length,1.4601754825591022,0.11328744408410588,100
star,rct_size,50,5000,1.0,flexible,shrinkage,variance_hat,0.22144470710320527,0.03405336818962358,100
star,rct_size,100,5000,1.0,flexible,adaptive,rmse,0.8239049626950441,0.09596274809988552,100
star,rct_size,100,5000,1.0,flexible,adaptive,bias,0.48824057956481093,0.06670003134944967,100
star,rct_size,100,5000,1.0,flexible,adaptive,coverage,0.31,0.04648231987117316,100
star,rct_size,100,5000,1.0,flexible,adaptive,ci_length,1.290284087980868,0.20877360003781678,100
star,rct_size,100,5000,1.0,flexible,adaptive,variance_hat,0.3891677939305863,0.18019632097670443,100
star,rct_size,100,5000,1.0,flexible,fixed_half,rmse,0.634215804488323,0.09329638927906862,100
star,rct_size,100,5000,1.0,flexible,fixed_half,bias,0.1034227330151745,0.06288786115291495,100
star,rct_size,100,5000,1.0,flexible,fixed_half,coverage,0.96,0.019694638556693237,100
star,rct_size,100,5000,1.0,flexible,fixed_half,ci_length,2.207591079253726,0.12808567381279626,100
star,rct_size,100,5000,1.0,flexible,fixed_half,variance_hat,0.4228632090216105,0.08504629545870322,100
star,rct_size,100,5000,1.0,flexible,fixed_half,lambda_used,0.5,0.0,100
star,rct_size,100,5000,1.0,flexible,fixed_half,omega_used,0.5,0.0,100
star,rct_size,100,5000,1.0,flexible,joint,rmse,0.5169114670477154,0.07861520773943181,100
star,rct_size,100,5000,1.0,flexible,joint,bias,0.11347843485156496,0.05068421841016289,100
star,rct_size,100,5000,1.0,flexible,joint,coverage,0.97,0.01714466079977653,100
star,rct_size,100,5000,1.0,flexible,joint,ci_length,1.9406893024780343,0.08129246724973169,100
star,rct_size,100,5000,1.0,flexible,joint,variance_hat,0.2876845251381117,0.05009653998516833,100
star,rct_size,100,5000,1.0,flexible,joint,lambda_used,0.8449326725363272,0.024274136418640395,100
star,rct_size,100,5000,1.0,flexible,joint,omega_used,0.4700424858778258,0.04805870025299954,100
star,rct_size,100,5000,1.0,flexible,joint_cross_fitted,rmse,0.2587529299393719,0.020383383657904014,100
star,rct_size,100,5000,1.0,flexible,joint_cross_fitted,bias,0.005675787193662455,0.025999390861539982,100
star,rct_size,100,5000,1.0,flexible,joint_cross_fitted,coverage,0.98,0.014070529413628968,100
star,rct_size,100,5000,1.0,flexible,joint_cross_fitted,ci_length,1.0728222180761895,0.03137723013626969,100
star,rct_size,100,5000,1.0,flexible,joint_cross_fitted,variance_hat,0.08124622027731081,0.007849017305039126,100
star,rct_size,100,5000,1.0,flexible,lambda_only,rmse,0.5185437222193044,0.07823387981873157,100
star,rct_size,100,5000,1.0,flexible,lambda_only,bias,0.11796341827053342,0.05074915770838895,100
star,rct_size,100,5000,1.0,flexible,lambda_only,coverage,0.97,0.01714466079977653,100
star,rct_size,100,5000,1.0,flexible,lambda_only,ci_length,1.9411696653681514,0.08211166199632727,100
star,rct_size,100,5000,1.0,flexible,lambda_only,variance_hat,0.28866831946724636,0.05048906885645306,100
star,rct_size,100,5000,1.0,flexible,lambda_only,lambda_used,0.8449326725363272,0.024274136418640395,100
star,rct_size,100,5000,1.0,flexible,lambda_only,omega_used,0.0,0.0,100
star,rct_size,100,5000,1.0,flexible,naive_pool,rmse,3.150778169778686,1.478201167469407,100
star,rct_size,100,5000,1.0,flexible,naive_pool,bias,0.346598226784672,0.31474332567026136,100
star,rct_size,100,5000,1.0,flexible,naive_pool,coverage,0.11,0.031446603773522014,100
star,rct_size,100,5000,1.0,flexible,naive_pool,ci_length,1.8589136619013615,0.8698444018297072,100
star,rct_size,100,5000,1.0,flexible,naive_pool,variance_hat,5.099746132661767,4.924536036861504,100
star,rct_size,100,5000,1.0,flexible,obs_transported,rmse,0.7637931152618588,0.04294870264171725,100
star,rct_size,100,5000,1.0,flexible,obs_transported,bias,0.6936535643890755,0.032133662693481405,100
star,rct_size,100,5000,1.0,flexible,obs_transported,coverage,0.1,0.03015113445777636,100
star,rct_size,100,5000,1.0,flexible,obs_transported,ci_length,0.805352655460995,0.08449785686394881,100
star,rct_size,100,5000,1.0,flexible,obs_transported,variance_hat,0.0882113968007208,0.01829706858085779,100
star,rct_size,100,5000,1.0,flexible,omega_only,rmse,1.0414581408973695,0.20151458740201833,100
star,rct_size,100,5000,1.0,flexible,omega_only,bias,0.10666215028424872,0.10412008630957134,100
star,rct_size,100,5000,1.0,flexible,omega_only,coverage,0.98,0.014070529413628968,100
star,rct_size,100,5000,1.0,flexible,omega_only,ci_length,2.9010497548630694,0.28328154288117535,100
star,rct_size,100,5000,1.0,flexible,omega_only,variance_hat,1.0647442329221426,0.34708947946151614,100
star,rct_size,100,5000,1.0,flexible,omega_only,lambda_used,0.0,0.0,100
star,rct_size,100,5000,1.0,flexible,omega_only,omega_used,0.4700424858778258,0.04805870025299954,100
star,rct_size,100,5000,1.0,flexible,oracle_joint,rmse,0.4555125728562689,0.03877833399654087,100
star,rct_size,100,5000,1.0,flexible,oracle_joint,bias,0.11444297076797291,0.044312311086852206,100
star,rct_size,100,5000,1.0,flexible,oracle_joint,coverage,0.96,0.019694638556693237,100
star,rct_size,100,5000,1.0,flexible,oracle_joint,ci_length,1.830521321228078,0.03564452717222833,100
star,rct_size,100,5000,1.0,flexible,oracle_joint,variance_hat,0.22625460594279073,0.011021122149676214,100
star,rct_size,100,5000,1.0,flexible,oracle_joint,lambda_used,0.9580692803367049,0.012141884638817808,100
star,rct_size,100,5000,1.0,flexible,oracle_joint,omega_used,0.284687778594396,0.03883803472576578,100
star,rct_size,100,5000,1.0,flexible,oracle_lambda_only,rmse,0.4587892943869313,0.03790667787577929,100
star,rct_size,100,5000,1.0,flexible,oracle_lambda_only,bias,0.11291462302167482,0.044691750594842775,100
star,rct_size,100,5000,1.0,flexible,oracle_lambda_only,coverage,0.96,0.019694638556693237,100
star,rct_size,100,5000,1.0,flexible,oracle_lambda_only,ci_length,1.8297151025787677,0.03528214848441025,100
star,rct_size,100,5000,1.0,flexible,oracle_lambda_only,variance_hat,0.22589696315835744,0.01091370334437016,100
star,rct_size,100,5000,1.0,flexible,oracle_lambda_only,lambda_used,0.9580692803367049,0.012141884638817808,100
star,rct_size,100,5000,1.0,flexible,oracle_lambda_only,omega_used,0.0,0.0,100
star,rct_size,100,5000,1.0,flexible,oracle_omega_only,rmse,1.026409387644029,0.2003561465623532,100
star,rct_size,100,5000,1.0,flexible,oracle_omega_only,bias,0.11267548144951531,0.10253457002268292,100
star,rct_size,100,5000,1.0,flexible,oracle_omega_only,coverage,0.98,0.014070529413628968,100
star,rct_size,100,5000,1.0,flexible,oracle_omega_only,ci_length,2.8871926253498152,0.2794356654844211,100
star,rct_size,100,5000,1.0,flexible,oracle_omega_only,variance_hat,1.0455810428483725,0.34362084776808155,100
star,rct_size,100,5000,1.0,flexible,oracle_omega_only,lambda_used,0.0,0.0,100
star,rct_size,100,5000,1.0,flexible,oracle_omega_only,omega_used,0.284687778594396,0.03883803472576578,100
star,rct_size,100,5000,1.0,flexible,rct_only,rmse,1.0415012114526332,0.20183676900177278,100
star,rct_size,100,5000,1.0,flexible,rct_only,bias,0.11114713370321715,0.10407704450646464,100
star,rct_size,100,5000,1.0,flexible,rct_only,coverage,0.99,0.009999999999999998,100
star,rct_size,100,5000,1.0,flexible,rct_only,ci_length,2.8979025815882506,0.2836753394218739,100
star,rct_size,100,5000,1.0,flexible,rct_only,variance_hat,1.064994983522582,0.3472545213158763,100
star,rct_size,100,5000,1.0,flexible,rct_only,lambda_used,0.0,0.0,100
star,rct_size,100,5000,1.0,flexible,rct_only,omega_used,0.0,0.0,100
star,rct_size,100,5000,1.0,flexible,semi_supervised,rmse,1.0881966797343212,0.23152751699590937,100
star,rct_size,100,5000,1.0,flexible,semi_supervised,bias,0.0799269897232355,0.10907247567782963,100
star,rct_size,100,5000,1.0,flexible,semi_supervised,coverage,0.98,0.014070529413628968,100
star,rct_size,100,5000,1.0,flexible,semi_supervised,ci_length,2.935209558953708,0.31767799584582235,100
star,rct_size,100,5000,1.0,flexible,semi_supervised,variance_hat,1.2108984905784037,0.4465641568088589,100
star,rct_size,100,5000,1.0,flexible,shrinkage,rmse,0.742109822909926,0.08171389730333573,100
star,rct_size,100,5000,1.0,flexible,shrinkage,bias,0.4220259125416462,0.0613502215223082,100
star,rct_size,100,5000,1.0,flexible,shrinkage,coverage,0.53,0.05016135580465918,100
star,rct_size,100,5000,1.0,flexible,shrinkage,ci_length,1.4606425037757873,0.1846719876279058,100
star,rct_size,100,5000,1.0,flexible,shrinkage,variance_hat,0.35857127067097677,0.14660085982573617,100
star,rct_size,200,5000,1.0,flexible,adaptive,rmse,1.1282637985327686,0.34920651922921236,100
star,rct_size,200,5000,1.0,flexible,adaptive,bias,0.3368747499966249,0.10822230216457718,100
star,rct_size,200,5000,1.0,flexible,adaptive,coverage,0.4,0.0492365963917331,100
star,rct_size,200,5000,1.0,flexible,adaptive,ci_length,1.4101297667265456,0.3438003732934939,100
star,rct_size,200,5000,1.0,flexible,adaptive,variance_hat,0.8909464847219413,0.7242893721387642,100
star,rct_size,200,5000,1.0,flexible,fixed_half,rmse,0.6088006553512655,0.16247164135548572,100
star,rct_size,200,5000,1.0,flexible,fixed_half,bias,-0.04562774059663705,0.06101468172747289,100
star,rct_size,200,5000,1.0,flexible,fixed_half,coverage,0.96,0.01969463855669324,100
star,rct_size,200,5000,1.0,flexible,fixed_half,ci_length,1.6173025405048493,0.17225870581644037,100
star,rct_size,200,5000,1.0,flexible,fixed_half,variance_hat,0.3614057105619277,0.17472072462685398,100
star,rct_size,200,5000,1.0,flexible,fixed_half,lambda_used,0.5,0.0,100
star,rct_size,200,5000,1.0,flexible,fixed_half,omega_used,0.5,0.0,100
star,rct_size,200,5000,1.0,flexible,joint,rmse,0.3449076765963415,0.02297582609987258,100
star,rct_size,200,5000,1.0,flexible,joint,bias,-0.030884506590327054,0.03452527293139708,100
star,rct_size,200,5000,1.0,flexible,joint,coverage,0.97,0.017144660799776532,100
star,rct_size,200,5000,1.0,flexible,joint,ci_length,1.3070737819369609,0.034276358487801646,100
star,rct_size,200,5000,1.0,flexible,joint,variance_hat,0.11875396580878317,0.009819379551456144,100
star,rct_size,200,5000,1.0,flexible,joint,lambda_used,0.8590612465187953,0.021644901461747707,100
star,rct_size,200,5000,1.0,flexible,joint,omega_used,0.423469515734992,0.04481824211599783,100
star,rct_size,200,5000,1.0,flexible,lambda_only,rmse,0.34445346257643283,0.022577599790150827,100
star,rct_size,200,5000,1.0,flexible,lambda_only,bias,-0.030754644399624526,0.03448061081988822,100
star,rct_size,200,5000,1.0,flexible,lambda_only,coverage,0.97,0.017144660799776532,100
star,rct_size,200,5000,1.0,flexible,lambda_only,ci_length,1.2973222241861624,0.029116372661344044,100
star,rct_size,200,5000,1.0,flexible,lambda_only,variance_hat,0.11499365139533908,0.007389646011660277,100
star,rct_size,200,5000,1.0,flexible,lambda_only,lambda_used,0.8590612465187953,0.021644901461747707,100
star,rct_size,200,5000,1.0,flexible,lambda_only,omega_used,0.0,0.0,100
star,rct_size,200,5000,1.0,flexible,naive_pool,rmse,2.145064237309871,0.9392859146591294,100
star,rct_size,200,5000,1.0,flexible,naive_pool,bias,0.43331783053338135,0.21114254460123152,100
star,rct_size,200,5000,1.0,flexible,naive_pool,coverage,0.11,0.03144660377352202,100
star,rct_size,200,5000,1.0,flexible,naive_pool,ci_length,1.711496256426619,0.8575196882875693,100
star,rct_size,200,5000,1.0,flexible,naive_pool,variance_hat,4.928328307991532,4.784516686478071,100
star,rct_size,200,5000,1.0,flexible,obs_transported,rmse,0.7796924912126779,0.060106370218414355,100
star,rct_size,200,5000,1.0,flexible,obs_transported,bias,0.6973386160220759,0.035052519824384454,100
star,rct_size,200,5000,1.0,flexible,obs_transported,coverage,0.08,0.027265992434429072,100
star,rct_size,200,5000,1.0,flexible,obs_transported,ci_length,0.7719645086167014,0.0802522770675107,100
star,rct_size,200,5000,1.0,flexible,obs_transported,variance_hat,0.08027754751634072,0.018623521309766647,100
star,rct_size,200,5000,1.0,flexible,omega_only,rmse,1.0981591144965124,0.3644428951621612,100
star,rct_size,200,5000,1.0,flexible,omega_only,bias,-0.05303659110902226,0.11024035085722575,100
star,rct_size,200,5000,1.0,flexible,omega_only,coverage,0.96,0.01969463855669324,100
star,rct_size,200,5000,1.0,flexible,omega_only,ci_length,2.137547035984637,0.37203984492235775,100
star,rct_size,200,5000,1.0,flexible,omega_only,variance_hat,1.1891353753025795,0.74850809952786,100
star,rct_size,200,5000,1.0,flexible,omega_only,lambda_used,0.0,0.0,100
star,rct_size,200,5000,1.0,flexible,omega_only,omega_used,0.423469515734992,0.04481824211599783,100
star,rct_size,200,5000,1.0,flexible,oracle_joint,rmse,0.32321638008666104,0.019163960837799938,100
star,rct_size,200,5000,1.0,flexible,oracle_joint,bias,-0.03598003673682676,0.03228256953974232,100
star,rct_size,200,5000,1.0,flexible,oracle_joint,coverage,0.97,0.017144660799776532,100
star,rct_size,200,5000,1.0,flexible,oracle_joint,ci_length,1.2500954869237668,0.014034917284180179,100
star,rct_size,200,5000,1.0,flexible,oracle_joint,variance_hat,0.10297127417569675,0.00231484666271884,100
star,rct_size,200,5000,1.0,flexible,oracle_joint,lambda_used,0.9654506137091221,0.010616453336463152,100
star,rct_size,200,5000,1.0,flexible,oracle_joint,omega_used,0.2562585218981322,0.0357975796113945,100
star,rct_size,200,5000,1.0,flexible,oracle_lambda_only,rmse,0.3251770024353689,0.01995002451709361,100
star,rct_size,200,5000,1.0,flexible,oracle_lambda_only,bias,-0.03309200819928941,0.03251184739867372,100
star,rct_size,200,5000,1.0,flexible,oracle_lambda_only,coverage,0.97,0.017144660799776532,100
star,rct_size,200,5000,1.0,flexible,oracle_lambda_only,ci_length,1.2502641760203042,0.01398141075129292,100
star,rct_size,200,5000,1.0,flexible,oracle_lambda_only,variance_hat,0.10298906538628605,0.002303501833826329,100
star,rct_size,200,5000,1.0,flexible,oracle_lambda_only,lambda_used,0.9654506137091221,0.010616453336463152,100
star,rct_size,200,5000,1.0,flexible,oracle_lambda_only,omega_used,0.0,0.0,100
star,rct_size,200,5000,1.0,flexible,oracle_omega_only,rmse,1.0951015634619736,0.3654535625338646,100
star,rct_size,200,5000,1.0,flexible,oracle_omega_only,bias,-0.05579475745585705,0.10991890396038131,100
star,rct_size,200,5000,1.0,flexible,oracle_omega_only,coverage,0.97,0.01714466079977653,100
star,rct_size,200,5000,1.0,flexible,oracle_omega_only,ci_length,2.1208009572712125,0.3702315104784649,100
star,rct_size,200,5000,1.0,flexible,oracle_omega_only,variance_hat,1.1758464236812487,0.7476161738259205,100
star,rct_size,200,5000,1.0,flexible,oracle_omega_only,lambda_used,0.0,0.0,100
star,rct_size,200,5000,1.0,flexible,oracle_omega_only,omega_used,0.2562585218981322,0.0357975796113945,100
star,rct_size,200,5000,1.0,flexible,rct_only,rmse,1.0947402832340996,0.3654576970031928,100
star,rct_size,200,5000,1.0,flexible,rct_only,bias,-0.052906728918319705,0.10989697497563045,100
star,rct_size,200,5000,1.0,flexible,rct_only,coverage,0.96,0.01969463855669324,100
star,rct_size,200,5000,1.0,flexible,rct_only,ci_length,2.1243158735424346,0.37061805273526904,100
star,rct_size,200,5000,1.0,flexible,rct_only,variance_hat,1.1786625300610916,0.7481935815702728,100
star,rct_size,200,5000,1.0,flexible,rct_only,lambda_used,0.0,0.0,100
star,rct_size,200,5000,1.0,flexible,rct_only,omega_used,0.0,0.0,100
star,rct_size,200,5000,1.0,flexible,semi_supervised,rmse,1.0847237456131065,0.367544025037598,100
star,rct_size,200,5000,1.0,flexible,semi_supervised,bias,-0.049972419779052465,0.1089030873758103,100
star,rct_size,200,5000,1.0,flexible,semi_supervised,coverage,0.96,0.01969463855669324,100
star,rct_size,200,5000,1.0,flexible,semi_supervised,ci_length,2.075159086236629,0.3616611620277391,100
star,rct_size,200,5000,1.0,flexible,semi_supervised,variance_hat,1.122969609620774,0.7426441092528557,100
star,rct_size,200,5000,1.0,flexible,shrinkage,rmse,0.9328457728468768,0.23732226646848115,100
star,rct_size,200,5000,1.0,flexible,shrinkage,bias,0.3027478347584191,0.0886797087962952,100
star,rct_size,200,5000,1.0,flexible,shrinkage,coverage,0.57,0.04975698519562429,100
star,rct_size,200,5000,1.0,flexible,shrinkage,ci_length,1.471003396804134,0.2802526316724181,100
star,rct_size,200,5000,1.0,flexible,shrinkage,variance_hat,0.6468547286148961,0.43162999648353206,100
star,rct_size,400,5000,1.0,flexible,adaptive,rmse,1.6855007315029058,0.5024167839523477,100
star,rct_size,400,5000,1.0,flexible,adaptive,bias,0.49131454389458024,0.16204260366511833,100
star,rct_size,400,5000,1.0,flexible,adaptive,coverage,0.48,0.05021167315686782,100
star,rct_size,400,5000,1.0,flexible,adaptive,ci_length,1.9511149933469227,0.6032469953101657,100
star,rct_size,400,5000,1.0,flexible,adaptive,variance_hat,2.5923508733453673,1.7109566417797701,100
star,rct_size,400,5000,1.0,flexible,fixed_half,rmse,0.9820490053104846,0.2179093248491143,100
star,rct_size,400,5000,1.0,flexible,fixed_half,bias,-0.024369562616660366,0.09866924511624656,100
star,rct_size,400,5000,1.0,flexible,fixed_half,coverage,0.95,0.02190429135575904,100
star,rct_size,400,5000,1.0,flexible,fixed_half,ci_length,1.9661709047064868,0.32753772563524786,100
star,rct_size,400,5000,1.0,flexible,fixed_half,variance_hat,0.942782671402779,0.44126343191825923,100
star,rct_size,400,5000,1.0,flexible,fixed_half,lambda_used,0.5,0.0,100
star,rct_size,400,5000,1.0,flexible,fixed_half,omega_used,0.5,0.0,100
star,rct_size,400,5000,1.0,flexible,joint,rmse,0.676563078395098,0.27399377045698803,100
star,rct_size,400,5000,1.0,flexible,joint,bias,0.025796378139933643,0.0679477031462554,100
star,rct_size,400,5000,1.0,flexible,joint,coverage,0.95,0.02190429135575904,100
star,rct_size,400,5000,1.0,flexible,joint,ci_length,1.199977433971686,0.2206632770683011,100
star,rct_size,400,5000,1.0,flexible,joint,variance_hat,0.4074286642825254,0.32844575229472367,100
star,rct_size,400,5000,1.0,flexible,joint,lambda_used,0.8863890168100856,0.01804819188379005,100
star,rct_size,400,5000,1.0,flexible,joint,omega_used,0.3945034493567462,0.04269609133288652,100
star,rct_size,400,5000,1.0,flexible,lambda_only,rmse,0.677384113192672,0.27503812090320034,100
star,rct_size,400,5000,1.0,flexible,lambda_only,bias,0.028236289144852388,0.06802049221687363,100
star,rct_size,400,5000,1.0,flexible,lambda_only,coverage,0.95,0.02190429135575904,100
star,rct_size,400,5000,1.0,flexible,lambda_only,ci_length,1.1991232397443312,0.22090659589107906,100
star,rct_size,400,5000,1.0,flexible,lambda_only,variance_hat,0.4079875330846597,0.32902325302804497,100
star,rct_size,400,5000,1.0,flexible,lambda_only,lambda_used,0.8863890168100856,0.01804819188379005,100
star,rct_size,400,5000,1.0,flexible,lambda_only,omega_used,0.0,0.0,100
star,rct_size,400,5000,1.0,flexible,naive_pool,rmse,0.8554165679856561,0.08091246898445827,100
star,rct_size,400,5000,1.0,flexible,naive_pool,bias,0.6975513526728052,0.04976303597228339,100
star,rct_size,400,5000,1.0,flexible,naive_pool,coverage,0.07,0.02564323999762428,100
star,rct_size,400,5000,1.0,flexible,naive_pool,ci_length,0.9308561455913537,0.10961451450308524,100
star,rct_size,400,5000,1.0,flexible,naive_pool,variance_hat,0.13380411563273276,0.02955073681724274,100
star,rct_size,400,5000,1.0,flexible,obs_transported,rmse,0.8531230835932094,0.08246316411011338,100
star,rct_size,400,5000,1.0,flexible,obs_transported,bias,0.7210789899104987,0.04582179866638409,100
star,rct_size,400,5000,1.0,flexible,obs_transported,coverage,0.04,0.019694638556693237,100
star,rct_size,400,5000,1.0,flexible,obs_transported,ci_length,0.8147010137314011,0.09667170897872336,100
star,rct_size,400,5000,1.0,flexible,obs_transported,variance_hat,0.10340695607519844,0.025883061480113663,100
star,rct_size,400,5000,1.0,flexible,omega_only,rmse,1.9110834553682468,0.45167016936394416,100
star,rct_size,400,5000,1.0,flexible,omega_only,bias,-0.05177956691480901,0.1920006010573597,100
star,rct_size,400,5000,1.0,flexible,omega_only,coverage,0.95,0.021904291355759036,100
star,rct_size,400,5000,1.0,flexible,omega_only,ci_length,3.2253004687137157,0.6773920359507715,100
star,rct_size,400,5000,1.0,flexible,omega_only,variance_hat,3.633365785369819,1.7475952639995989,100
star,rct_size,400,5000,1.0,flexible,omega_only,lambda_used,0.0,0.0,100
star,rct_size,400,5000,1.0,flexible,omega_only,omega_used,0.3945034493567462,0.04269609133288652,100
star,rct_size,400,5000,1.0,flexible,oracle_joint,rmse,0.25737092420454855,0.014866244606063702,100
star,rct_size,400,5000,1.0,flexible,oracle_joint,bias,-0.006822026660869406,0.02585766255697765,100
star,rct_size,400,5000,1.0,flexible,oracle_joint,coverage,0.95,0.021904291355759033,100
star,rct_size,400,5000,1.0,flexible,oracle_joint,ci_length,0.9063142276412443,0.006561695842949878,100
star,rct_size,400,5000,1.0,flexible,oracle_joint,variance_hat,0.053734014026014985,0.0007856840807414138,100
star,rct_size,400,5000,1.0,flexible,oracle_joint,lambda_used,0.9530330802153253,0.014149796765389694,100
star,rct_size,400,5000,1.0,flexible,oracle_joint,omega_used,0.3804860008631206,0.04300179891861681,100
star,rct_size,400,5000,1.0,flexible,oracle_lambda_only,rmse,0.25372380190404836,0.014429863370505367,100
star,rct_size,400,5000,1.0,flexible,oracle_lambda_only,bias,-0.002839656484216472,0.02549860443867793,100
star,rct_size,400,5000,1.0,flexible,oracle_lambda_only,coverage,0.94,0.023868325657594204,100
star,rct_size,400,5000,1.0,flexible,oracle_lambda_only,ci_length,0.9032351423760251,0.0066281936708063195,100
star,rct_size,400,5000,1.0,flexible,oracle_lambda_only,variance_hat,0.05337705822766512,0.0007905699072292083,100
star,rct_size,400,5000,1.0,flexible,oracle_lambda_only,lambda_used,0.9530330802153253,0.014149796765389694,100
star,rct_size,400,5000,1.0,flexible,oracle_lambda_only,omega_used,0.0,0.0,100
star,rct_size,400,5000,1.0,flexible,oracle_omega_only,rmse,1.9110537360769357,0.45169947506836605,100
star,rct_size,400,5000,1.0,flexible,oracle_omega_only,bias,-0.053322026086543205,0.19199334857238354,100
star,rct_size,400,5000,1.0,flexible,oracle_omega_only,coverage,0.93,0.025643239997624283,100
star,rct_size,400,5000,1.0,flexible,oracle_omega_only,ci_length,3.227752295486054,0.6772948831789181,100
star,rct_size,400,5000,1.0,flexible,oracle_omega_only,variance_hat,3.6335475015049776,1.7474693339498255,100
star,rct_size,400,5000,1.0,flexible,oracle_omega_only,lambda_used,0.0,0.0,100
star,rct_size,400,5000,1.0,flexible,oracle_omega_only,omega_used,0.3804860008631206,0.04300179891861681,100
star,rct_size,400,5000,1.0,flexible,rct_only,rmse,1.9123193641380167,0.45162135282752985,100
star,rct_size,400,5000,1.0,flexible,rct_only,bias,-0.049339655909890257,0.19213134577263352,100
star,rct_size,400,5000,1.0,flexible,rct_only,coverage,0.94,0.023868325657594204,100
star,rct_size,400,5000,1.0,flexible,rct_only,ci_length,3.223930558162812,0.6771651271223146,100
star,rct_size,400,5000,1.0,flexible,rct_only,variance_hat,3.630810531729356,1.7475269748526672,100
star,rct_size,400,5000,1.0,flexible,rct_only,lambda_used,0.0,0.0,100
star,rct_size,400,5000,1.0,flexible,rct_only,omega_used,0.0,0.0,100
star,rct_size,400,5000,1.0,flexible,semi_supervised,rmse,1.9318976595839707,0.44916724251830603,100
star,rct_size,400,5000,1.0,flexible,semi_supervised,bias,0.0037847558225170986,0.19416264770790315,100
star,rct_size,400,5000,1.0,flexible,semi_supervised,coverage,0.93,0.02564323999762428,100
star,rct_size,400,5000,1.0,flexible,semi_supervised,ci_length,3.2888495263698014,0.6776127784592617,100
star,rct_size,400,5000,1.0,flexible,semi_supervised,variance_hat,3.6622337053017953,1.7577656802301482,100
star,rct_size,400,5000,1.0,flexible,shrinkage,rmse,1.520678852135034,0.4010211057974247,100
star,rct_size,400,5000,1.0,flexible,shrinkage,bias,0.34001544599749395,0.14896456319886547,100
star,rct_size,400,5000,1.0,flexible,shrinkage,coverage,0.6,0.0492365963917331,100
star,rct_size,400,5000,1.0,flexible,shrinkage,ci_length,2.15103468668779,0.5339222268367168,100
star,rct_size,400,5000,1.0,flexible,shrinkage,variance_hat,2.137805794838377,1.2085753065775287,100
scm1,obs_size,100,1000,1.0,flexible,adaptive,rmse_ratio_to_rct,0.7535569454063202,0.021675151223634753,100
scm1,obs_size,100,1000,1.0,flexible,fixed_half,rmse_ratio_to_rct,0.846348892425463,0.029727028914324258,100
scm1,obs_size,100,1000,1.0,flexible,joint,rmse_ratio_to_rct,0.7899763704581472,0.028123053499294406,100
scm1,obs_size,100,1000,1.0,flexible,lambda_only,rmse_ratio_to_rct,0.8132533032623471,0.02958478244554394,100
scm1,obs_size,100,1000,1.0,flexible,naive_pool,rmse_ratio_to_rct,0.6850760801324847,0.016903703938572323,100
scm1,obs_size,100,1000,1.0,flexible,obs_transported,rmse_ratio_to_rct,0.7403228328097775,0.01644109322904383,100
scm1,obs_size,100,1000,1.0,flexible,omega_only,rmse_ratio_to_rct,0.9778578853168002,0.0313599493841956,100
scm1,obs_size,100,1000,1.0,flexible,oracle_joint,rmse_ratio_to_rct,0.7887762720999364,0.02938726411602602,100
scm1,obs_size,100,1000,1.0,flexible,oracle_lambda_only,rmse_ratio_to_rct,0.8173501249196757,0.030104075876850687,100
scm1,obs_size,100,1000,1.0,flexible,oracle_omega_only,rmse_ratio_to_rct,0.9701210687236637,0.03186586907743422,100
scm1,obs_size,100,1000,1.0,flexible,rct_only,rmse_ratio_to_rct,1.0,0.032394405112190466,100
scm1,obs_size,100,1000,1.0,flexible,semi_supervised,rmse_ratio_to_rct,1.0029980831061245,0.031531403764462125,100
scm1,obs_size,100,1000,1.0,flexible,shrinkage,rmse_ratio_to_rct,0.716482827446194,0.019706447242835313,100
scm1,obs_size,100,20000,1.0,flexible,adaptive,rmse_ratio_to_rct,0.8367039609442801,0.026727293021483516,100
scm1,obs_size,100,20000,1.0,flexible,fixed_half,rmse_ratio_to_rct,0.855987705265633,0.029674848802675746,100
scm1,obs_size,100,20000,1.0,flexible,joint,rmse_ratio_to_rct,0.8191759771241987,0.025861915171326348,100
scm1,obs_size,100,20000,1.0,flexible,lambda_only,rmse_ratio_to_rct,0.8538790758227546,0.026739222956236257,100
scm1,obs_size,100,20000,1.0,flexible,naive_pool,rmse_ratio_to_rct,0.7465880745118664,0.0041112262785504014,100
scm1,obs_size,100,20000,1.0,flexible,obs_transported,rmse_ratio_to_rct,0.7810861918838182,0.009475864709436017,100
scm1,obs_size,100,20000,1.0,flexible,omega_only,rmse_ratio_to_rct,0.9731925808276465,0.03551570376432264,100
scm1,obs_size,100,20000,1.0,flexible,oracle_joint,rmse_ratio_to_rct,0.8115341643082313,0.02458274919866491,100
scm1,obs_size,100,20000,1.0,flexible,oracle_lambda_only,rmse_ratio_to_rct,0.84667017523913,0.026878533021407268,100
scm1,obs_size,100,20000,1.0,flexible,oracle_omega_only,rmse_ratio_to_rct,0.9672471452726521,0.03324048825744783,100
scm1,obs_size,100,20000,1.0,flexible,rct_only,rmse_ratio_to_rct,1.0,0.036650779667309126,100
scm1,obs_size,100,20000,1.0,flexible,semi_supervised,rmse_ratio_to_rct,0.9830122097399047,0.036696019795114734,100
scm1,obs_size,100,20000,1.0,flexible,shrinkage,rmse_ratio_to_rct,0.8263276575138704,0.026210265753649518,100
scm1,quality,100,5000,0.0,flexible,adaptive,rmse_ratio_to_rct,0.3294548796330556,0.026927649519660035,100
scm1,quality,100,5000,0.0,flexible,fixed_half,rmse_ratio_to_rct,0.8244757731245543,0.026014270986760513,100
scm1,quality,100,5000,0.0,flexible,joint,rmse_ratio_to_rct,0.7708160861752489,0.023683005223212556,100
scm1,quality,100,5000,0.0,flexible,lambda_only,rmse_ratio_to_rct,0.7796618485492065,0.02462951162412924,100
scm1,quality,100,5000,0.0,flexible,naive_pool,rmse_ratio_to_rct,0.16704513272634283,0.0089089024142781,100
scm1,quality,100,5000,0.0,flexible,obs_transported,rmse_ratio_to_rct,0.24620851901640914,0.008571213313217172,100
scm1,quality,100,5000,0.0,flexible,omega_only,rmse_ratio_to_rct,0.9872819155134742,0.0314477087679713,100
scm1,quality,100,5000,0.0,flexible,oracle_joint,rmse_ratio_to_rct,0.7400879514194141,0.02120478232320593,100
scm1,quality,100,5000,0.0,flexible,oracle_lambda_only,rmse_ratio_to_rct,0.7701600561878308,0.02334646811098802,100
scm1,quality,100,5000,0.0,flexible,oracle_omega_only,rmse_ratio_to_rct,0.9610819255833958,0.030431721495447837,100
scm1,quality,100,5000,0.0,flexible,rct_only,rmse_ratio_to_rct,1.0,0.03238731902584795,100
scm1,quality,100,5000,0.0,flexible,semi_supervised,rmse_ratio_to_rct,0.9862988049429872,0.03175691772335748,100
scm1,quality,100,5000,0.0,flexible,shrinkage,rmse_ratio_to_rct,0.3368852223583443,0.01890875874195846,100
scm1,quality,100,5000,0.0,linear,adaptive,rmse_ratio_to_rct,0.26564150738815295,0.010953583728690682,100
scm1,quality,100,5000,0.0,linear,fixed_half,rmse_ratio_to_rct,0.8612771622442089,0.029962572973975074,100
scm1,quality,100,5000,0.0,linear,joint,rmse_ratio_to_rct,0.8376863410235132,0.027758730444020503,100
scm1,quality,100,5000,0.0,linear,lambda_only,rmse_ratio_to_rct,0.8781793213224985,0.02793108567123126,100
scm1,quality,100,5000,0.0,linear,naive_pool,rmse_ratio_to_rct,0.1653230617678933,0.006559757779022615,100
scm1,quality,100,5000,0.0,linear,obs_transported,rmse_ratio_to_rct,0.24944882700988855,0.009839135468285904,100
scm1,quality,100,5000,0.0,linear,omega_only,rmse_ratio_to_rct,0.9859331940493902,0.03605935345486287,100
scm1,quality,100,5000,0.0,linear,oracle_joint,rmse_ratio_to_rct,0.81658811654121,0.02662360477357975,100
scm1,quality,100,5000,0.0,linear,oracle_lambda_only,rmse_ratio_to_rct,0.8593457094902862,0.027916138591307697,100
scm1,quality,100,5000,0.0,linear,oracle_omega_only,rmse_ratio_to_rct,0.9784938470453542,0.035614767795886675,100
scm1,quality,100,5000,0.0,linear,rct_only,rmse_ratio_to_rct,1.0,0.034964576119901516,100
scm1,quality,100,5000,0.0,linear,semi_supervised,rmse_ratio_to_rct,1.0312261606467086,0.03614586835567667,100
scm1,quality,100,5000,0.0,linear,shrinkage,rmse_ratio_to_rct,0.3785815335369112,0.02022848746145106,100
scm1,quality,100,5000,1.0,linear,adaptive,rmse_ratio_to_rct,0.8910743948393128,0.02299498527598692,100
scm1,quality,100,5000,1.0,linear,fixed_half,rmse_ratio_to_rct,0.8797930476002817,0.02449076045576445,100
scm1,quality,100,5000,1.0,linear,joint,rmse_ratio_to_rct,0.888396169423074,0.026861936491303078,100
scm1,quality,100,5000,1.0,linear,lambda_only,rmse_ratio_to_rct,0.9071058596556387,0.027175301216911554,100
scm1,quality,100,5000,1.0,linear,naive_pool,rmse_ratio_to_rct,0.7983777337474158,0.007882995374249194,100
scm1,quality,100,5000,1.0,linear,obs_transported,rmse_ratio_to_rct,0.8722044421490288,0.012516534373445484,100
scm1,quality,100,5000,1.0,linear,omega_only,rmse_ratio_to_rct,0.9916881758094744,0.03076662791968738,100
scm1,quality,100,5000,1.0,linear,oracle_joint,rmse_ratio_to_rct,0.8563575963965158,0.022761871708309116,100
scm1,quality,100,5000,1.0,linear,oracle_lambda_only,rmse_ratio_to_rct,0.9007625157239243,0.0248804355808581,100
scm1,quality,100,5000,1.0,linear,oracle_omega_only,rmse_ratio_to_rct,0.9553373966627104,0.02828156931371326,100
scm1,quality,100,5000,1.0,linear,rct_only,rmse_ratio_to_rct,1.0,0.030638128395718448,100
scm1,quality,100,5000,1.0,linear,semi_supervised,rmse_ratio_to_rct,0.9974655617112625,0.029890788677753726,100
scm1,quality,100,5000,1.0,linear,shrinkage,rmse_ratio_to_rct,0.7941600763563532,0.019269543997329584,100
scm1,quality,100,5000,2.0,flexible,adaptive,rmse_ratio_to_rct,1.1360221431124438,0.014515099029337456,100
scm1,quality,100,5000,2.0,flexible,fixed_half,rmse_ratio_to_rct,0.8399038430257285,0.026251274052961626,100
scm1,quality,100,5000,2.0,flexible,joint,rmse_ratio_to_rct,0.804636374888201,0.022964122299773196,100
scm1,quality,100,5000,2.0,flexible,lambda_only,rmse_ratio_to_rct,0.8264443512334633,0.027494063505533742,100
scm1,quality,100,5000,2.0,flexible,naive_pool,rmse_ratio_to_rct,1.1571869363330356,0.007822815226263258,100
scm1,quality,100,5000,2.0,flexible,obs_transported,rmse_ratio_to_rct,1.186838326670598,0.013438175092901536,100
scm1,quality,100,5000,2.0,flexible,omega_only,rmse_ratio_to_rct,0.9735224912412578,0.03139480598223446,100
scm1,quality,100,5000,2.0,flexible,oracle_joint,rmse_ratio_to_rct,0.801341253740667,0.023680043847758434,100
scm1,quality,100,5000,2.0,flexible,oracle_lambda_only,rmse_ratio_to_rct,0.8394368155901356,0.027577315009822797,100
scm1,quality,100,5000,2.0,flexible,oracle_omega_only,rmse_ratio_to_rct,0.955013846699069,0.03151964528769534,100
scm1,quality,100,5000,2.0,flexible,rct_only,rmse_ratio_to_rct,1.0,0.033963364841396705,100
scm1,quality,100,5000,2.0,flexible,semi_supervised,rmse_ratio_to_rct,0.9721455000909084,0.03343607085714474,100
scm1,quality,100,5000,2.0,flexible,shrinkage,rmse_ratio_to_rct,1.0050488973848577,0.02280385550173031,100
scm1,quality,100,5000,2.0,linear,adaptive,rmse_ratio_to_rct,0.9661561091967346,0.022296822096012633,100
scm1,quality,100,5000,2.0,linear,fixed_half,rmse_ratio_to_rct,0.8061117883722336,0.027583892292864603,100
scm1,quality,100,5000,2.0,linear,joint,rmse_ratio_to_rct,0.7373077529182926,0.026598886973730775,100
scm1,quality,100,5000,2.0,linear,lambda_only,rmse_ratio_to_rct,0.7714621983222242,0.027738771496003924,100
scm1,quality,100,5000,2.0,linear,naive_pool,rmse_ratio_to_rct,0.9568475474172657,0.007327011821450661,100
scm1,quality,100,5000,2.0,linear,obs_transported,rmse_ratio_to_rct,0.9594342911378023,0.012707321838145855,100
scm1,quality,100,5000,2.0,linear,omega_only,rmse_ratio_to_rct,0.9717821767729429,0.03309606696843581,100
scm1,quality,100,5000,2.0,linear,oracle_joint,rmse_ratio_to_rct,0.6880007137550899,0.023073049378436898,100
scm1,quality,100,5000,2.0,linear,oracle_lambda_only,rmse_ratio_to_rct,0.7477935267412442,0.02633566008576886,100
scm1,quality,100,5000,2.0,linear,oracle_omega_only,rmse_ratio_to_rct,0.9477414186892396,0.03106526535154659,100
scm1,quality,100,5000,2.0,linear,rct_only,rmse_ratio_to_rct,1.0,0.03577816421267795,100
scm1,quality,100,5000,2.0,linear,semi_supervised,rmse_ratio_to_rct,0.9932814521729142,0.03415661078042291,100
scm1,quality,100,5000,2.0,linear,shrinkage,rmse_ratio_to_rct,0.8560927007638195,0.023175392826664868,100
scm1,rct_size,50,5000,1.0,flexible,adaptive,rmse_ratio_to_rct,0.5377823111933135,0.043478468218940754,100
scm1,rct_size,50,5000,1.0,flexible,fixed_half,rmse_ratio_to_rct,0.7363075365534757,0.05043649367937884,100
scm1,rct_size,50,5000,1.0,flexible,joint,rmse_ratio_to_rct,0.6637064928031956,0.04598179177739922,100
scm1,rct_size,50,5000,1.0,flexible,lambda_only,rmse_ratio_to_rct,0.6772532758792504,0.04638856706141072,100
scm1,rct_size,50,5000,1.0,flexible,naive_pool,rmse_ratio_to_rct,0.4232915400298949,0.010242484959387,100
scm1,rct_size,50,5000,1.0,flexible,obs_transported,rmse_ratio_to_rct,0.4526676676366339,0.014846974971740963,100
scm1,rct_size,50,5000,1.0,flexible,omega_only,rmse_ratio_to_rct,0.994969529336983,0.07310239768661024,100
scm1,rct_size,50,5000,1.0,flexible,oracle_joint,rmse_ratio_to_rct,0.5998802787003044,0.03704985492239727,100
scm1,rct_size,50,5000,1.0,flexible,oracle_lambda_only,rmse_ratio_to_rct,0.616657128929177,0.039555251751010025,100
scm1,rct_size,50,5000,1.0,flexible,oracle_omega_only,rmse_ratio_to_rct,0.9813600078517369,0.07188600639046219,100
scm1,rct_size,50,5000,1.0,flexible,rct_only,rmse_ratio_to_rct,1.0,0.07367633922410934,100
scm1,rct_size,50,5000,1.0,flexible,semi_supervised,rmse_ratio_to_rct,1.0064369612894888,0.07263950344494875,100
scm1,rct_size,50,5000,1.0,flexible,shrinkage,rmse_ratio_to_rct,0.5535809584695809,0.04142639285289154,100
scm1,rct_size,100,5000,1.0,flexible,adaptive,rmse_ratio_to_rct,0.7760551922326789,0.018995797013027723,100
scm1,rct_size,100,5000,1.0,flexible,fixed_half,rmse_ratio_to_rct,0.8394541736874503,0.02627211849524733,100
scm1,rct_size,100,5000,1.0,flexible,joint,rmse_ratio_to_rct,0.7958108041281291,0.02483361196790604,100
scm1,rct_size,100,5000,1.0,flexible,joint_cross_fitted,rmse_ratio_to_rct,0.45922085457466155,0.01673789062494161,100
scm1,rct_size,100,5000,1.0,flexible,lambda_only,rmse_ratio_to_rct,0.8155676089256197,0.02693506142707981,100
scm1,rct_size,100,5000,1.0,flexible,naive_pool,rmse_ratio_to_rct,0.7410922505542712,0.008136920786573056,100
scm1,rct_size,100,5000,1.0,flexible,obs_transported,rmse_ratio_to_rct,0.7688465660027654,0.010153602801793882,100
scm1,rct_size,100,5000,1.0,flexible,omega_only,rmse_ratio_to_rct,0.9732684346460337,0.03139961864211845,100
scm1,rct_size,100,5000,1.0,flexible,oracle_joint,rmse_ratio_to_rct,0.7783325798613939,0.023186289937590646,100
scm1,rct_size,100,5000,1.0,flexible,oracle_lambda_only,rmse_ratio_to_rct,0.8095408471313655,0.02682194015134765,100
scm1,rct_size,100,5000,1.0,flexible,oracle_omega_only,rmse_ratio_to_rct,0.9579595746732085,0.031010289800177025,100
scm1,rct_size,100,5000,1.0,flexible,rct_only,rmse_ratio_to_rct,1.0,0.033724455933330934,100
scm1,rct_size,100,5000,1.0,flexible,semi_supervised,rmse_ratio_to_rct,0.983995638516492,0.035267775774549044,100
scm1,rct_size,100,5000,1.0,flexible,shrinkage,rmse_ratio_to_rct,0.7830967017678964,0.017272951325927047,100
scm1,rct_size,200,5000,1.0,flexible,adaptive,rmse_ratio_to_rct,1.236335413694137,0.011180956070524418,100
scm1,rct_size,200,5000,1.0,flexible,fixed_half,rmse_ratio_to_rct,0.8819853125176771,0.017874145794139297,100
scm1,rct_size,200,5000,1.0,flexible,joint,rmse_ratio_to_rct,0.8649115260950784,0.018232483084954818,100
scm1,rct_size,200,5000,1.0,flexible,lambda_only,rmse_ratio_to_rct,0.8638291070889287,0.01778506960975986,100
scm1,rct_size,200,5000,1.0,flexible,naive_pool,rmse_ratio_to_rct,1.214887260790908,0.007015816367724688,100
scm1,rct_size,200,5000,1.0,flexible,obs_transported,rmse_ratio_to_rct,1.3421716785802829,0.010323772823245514,100
scm1,rct_size,200,5000,1.0,flexible,omega_only,rmse_ratio_to_rct,1.0144129083713058,0.018673374497564333,100
scm1,rct_size,200,5000,1.0,flexible,oracle_joint,rmse_ratio_to_rct,0.8420965969985561,0.01795694138786485,100
scm1,rct_size,200,5000,1.0,flexible,oracle_lambda_only,rmse_ratio_to_rct,0.8566126045321443,0.017756108578804518,100
scm1,rct_size,200,5000,1.0,flexible,oracle_omega_only,rmse_ratio_to_rct,1.0066130869285295,0.0185327157554311,100
scm1,rct_size,200,5000,1.0,flexible,rct_only,rmse_ratio_to_rct,1.0,0.018492464043566224,100
scm1,rct_size,200,5000,1.0,flexible,semi_supervised,rmse_ratio_to_rct,1.0424685033752332,0.019306875608730196,100
scm1,rct_size,200,5000,1.0,flexible,shrinkage,rmse_ratio_to_rct,1.0916467567081758,0.012631366034320886,100
scm1,rct_size,400,5000,1.0,flexible,adaptive,rmse_ratio_to_rct,1.3082107283245041,0.00993025246463298,100
scm1,rct_size,400,5000,1.0,flexible,fixed_half,rmse_ratio_to_rct,0.9217729570470206,0.013375082668479667,100
scm1,rct_size,400,5000,1.0,flexible,joint,rmse_ratio_to_rct,0.9249886686144418,0.012217677298039027,100
scm1,rct_size,400,5000,1.0,flexible,lambda_only,rmse_ratio_to_rct,0.9294042849332268,0.012349385562625445,100
scm1,rct_size,400,5000,1.0,flexible,naive_pool,rmse_ratio_to_rct,1.5023070200271502,0.005951038641144967,100
scm1,rct_size,400,5000,1.0,flexible,obs_transported,rmse_ratio_to_rct,1.6912298852122847,0.008022874549278292,100
scm1,rct_size,400,5000,1.0,flexible,omega_only,rmse_ratio_to_rct,0.9933855582968992,0.015564391105659728,100
scm1,rct_size,400,5000,1.0,flexible,oracle_joint,rmse_ratio_to_rct,0.9051961496228895,0.012294746940344062,100
scm1,rct_size,400,5000,1.0,flexible,oracle_lambda_only,rmse_ratio_to_rct,0.9136765127732439,0.01237000136188178,100
scm1,rct_size,400,5000,1.0,flexible,oracle_omega_only,rmse_ratio_to_rct,0.9910559095700482,0.01567674594366532,100
scm1,rct_size,400,5000,1.0,flexible,rct_only,rmse_ratio_to_rct,1.0,0.015178109807763178,100
scm1,rct_size,400,5000,1.0,flexible,semi_supervised,rmse_ratio_to_rct,1.0147717130704499,0.015528338626107226,100
scm1,rct_size,400,5000,1.0,flexible,shrinkage,rmse_ratio_to_rct,1.1247918372463306,0.010415761237170805,100
scm2,obs_size,100,1000,1.0,flexible,adaptive,rmse_ratio_to_rct,0.619899141471828,0.02097907685442477,100
scm2,obs_size,100,1000,1.0,flexible,fixed_half,rmse_ratio_to_rct,0.8324103886158483,0.04046478770482926,100
scm2,obs_size,100,1000,1.0,flexible,joint,rmse_ratio_to_rct,0.7903213484598915,0.034557788476283706,100
scm2,obs_size,100,1000,1.0,flexible,lambda_only,rmse_ratio_to_rct,0.81040239925836,0.033132250088894144,100
scm2,obs_size,100,1000,1.0,flexible,naive_pool,rmse_ratio_to_rct,0.6301766335847803,0.018577783959016856,100
scm2,obs_size,100,1000,1.0,flexible,obs_transported,rmse_ratio_to_rct,0.6780917725277523,0.022069760397091208,100
scm2,obs_size,100,1000,1.0,flexible,omega_only,rmse_ratio_to_rct,0.9879124258803698,0.051779909633040334,100
scm2,obs_size,100,1000,1.0,flexible,oracle_joint,rmse_ratio_to_rct,0.7884476245160607,0.03371888909058561,100
scm2,obs_size,100,1000,1.0,flexible,oracle_lambda_only,rmse_ratio_to_rct,0.8009830307459539,0.03300970362880521,100
scm2,obs_size,100,1000,1.0,flexible,oracle_omega_only,rmse_ratio_to_rct,0.9870251334487065,0.053043858556959374,100
scm2,obs_size,100,1000,1.0,flexible,rct_only,rmse_ratio_to_rct,1.0,0.05197996658927711,100
scm2,obs_size,100,1000,1.0,flexible,semi_supervised,rmse_ratio_to_rct,1.0023818874796222,0.050632897788258385,100
scm2,obs_size,100,1000,1.0,flexible,shrinkage,rmse_ratio_to_rct,0.6663413991254583,0.027187450314965715,100
scm2,obs_size,100,20000,1.0,flexible,adaptive,rmse_ratio_to_rct,0.6096300165031391,0.018387528575425666,100
scm2,obs_size,100,20000,1.0,flexible,fixed_half,rmse_ratio_to_rct,0.8398083591706289,0.03214691724369818,100
scm2,obs_size,100,20000,1.0,flexible,joint,rmse_ratio_to_rct,0.833806633530222,0.03387120571264822,100
scm2,obs_size,100,20000,1.0,flexible,lambda_only,rmse_ratio_to_rct,0.8255655785679474,0.03427650481408375,100
scm2,obs_size,100,20000,1.0,flexible,naive_pool,rmse_ratio_to_rct,0.5589234480950764,0.0050273987870193,100
scm2,obs_size,100,20000,1.0,flexible,obs_transported,rmse_ratio_to_rct,0.5922085889885564,0.013845368841105102,100
scm2,obs_size,100,20000,1.0,flexible,omega_only,rmse_ratio_to_rct,1.025261167321396,0.04305557378227172,100
scm2,obs_size,100,20000,1.0,flexible,oracle_joint,rmse_ratio_to_rct,0.8048610548200555,0.03251002042863565,100
scm2,obs_size,100,20000,1.0,flexible,oracle_lambda_only,rmse_ratio_to_rct,0.8288525858482183,0.03355652129858918,100
scm2,obs_size,100,20000,1.0,flexible,oracle_omega_only,rmse_ratio_to_rct,1.0056248187284718,0.04465641416017062,100
scm2,obs_size,100,20000,1.0,flexible,rct_only,rmse_ratio_to_rct,1.0,0.038662692185035145,100
scm2,obs_size,100,20000,1.0,flexible,semi_supervised,rmse_ratio_to_rct,1.0202907109685397,0.038902074910712896,100
scm2,obs_size,100,20000,1.0,flexible,shrinkage,rmse_ratio_to_rct,0.6036397532434635,0.017980689881558484,100
scm2,quality,100,5000,0.0,flexible,adaptive,rmse_ratio_to_rct,0.3468966341481609,0.014033060115011051,100
scm2,quality,100,5000,0.0,flexible,fixed_half,rmse_ratio_to_rct,0.8159676086372543,0.0386194224636234,100
scm2,quality,100,5000,0.0,flexible,joint,rmse_ratio_to_rct,0.7960902353073495,0.03729608041617749,100
scm2,quality,100,5000,0.0,flexible,lambda_only,rmse_ratio_to_rct,0.809309545719713,0.03678151552383378,100
scm2,quality,100,5000,0.0,flexible,naive_pool,rmse_ratio_to_rct,0.18244279343321831,0.005540311121421728,100
scm2,quality,100,5000,0.0,flexible,obs_transported,rmse_ratio_to_rct,0.31407339415258645,0.011080563072647796,100
scm2,quality,100,5000,0.0,flexible,omega_only,rmse_ratio_to_rct,0.9840477107176413,0.04689931416803653,100
scm2,quality,100,5000,0.0,flexible,oracle_joint,rmse_ratio_to_rct,0.7908959531106959,0.03817921074715729,100
scm2,quality,100,5000,0.0,flexible,oracle_lambda_only,rmse_ratio_to_rct,0.8068822459220398,0.0358370808304562,100
scm2,quality,100,5000,0.0,flexible,oracle_omega_only,rmse_ratio_to_rct,0.9788674341427819,0.04694226777487786,100
scm2,quality,100,5000,0.0,flexible,rct_only,rmse_ratio_to_rct,1.0,0.04564507188181644,100
scm2,quality,100,5000,0.0,flexible,semi_supervised,rmse_ratio_to_rct,1.0255653774358344,0.049181459502465476,100
scm2,quality,100,5000,0.0,flexible,shrinkage,rmse_ratio_to_rct,0.462170794126669,0.023701070311895996,100
scm2,quality,100,5000,0.0,linear,adaptive,rmse_ratio_to_rct,0.3099960360134291,0.04870980279131304,100
scm2,quality,100,5000,0.0,linear,fixed_half,rmse_ratio_to_rct,0.8788808052354823,0.04092321464076569,100
scm2,quality,100,5000,0.0,linear,joint,rmse_ratio_to_rct,0.8949293165120691,0.04016893226542732,100
scm2,quality,100,5000,0.0,linear,lambda_only,rmse_ratio_to_rct,0.9001321671536395,0.0402269446109132,100
scm2,quality,100,5000,0.0,linear,naive_pool,rmse_ratio_to_rct,0.13257033547876507,0.006906987089509669,100
scm2,quality,100,5000,0.0,linear,obs_transported,rmse_ratio_to_rct,0.1577374664475394,0.006467450809795383,100
scm2,quality,100,5000,0.0,linear,omega_only,rmse_ratio_to_rct,0.9964139460107788,0.04753936000301126,100
scm2,quality,100,5000,0.0,linear,oracle_joint,rmse_ratio_to_rct,0.8407844343144077,0.04032953196254924,100
scm2,quality,100,5000,0.0,linear,oracle_lambda_only,rmse_ratio_to_rct,0.8585380719456646,0.04111203059547814,100
scm2,quality,100,5000,0.0,linear,oracle_omega_only,rmse_ratio_to_rct,0.988861962382778,0.04734562663788942,100
scm2,quality,100,5000,0.0,linear,rct_only,rmse_ratio_to_rct,1.0,0.04740836028247585,100
scm2,quality,100,5000,0.0,linear,semi_supervised,rmse_ratio_to_rct,1.0099332872678186,0.0493109579376116,100
scm2,quality,100,5000,0.0,linear,shrinkage,rmse_ratio_to_rct,0.3624248493813764,0.032345173041025084,100
scm2,quality,100,5000,1.0,linear,adaptive,rmse_ratio_to_rct,0.5502410326833811,0.02434341126879397,100
scm2,quality,100,5000,1.0,linear,fixed_half,rmse_ratio_to_rct,0.9042408749404736,0.04290613103987466,100
scm2,quality,100,5000,1.0,linear,joint,rmse_ratio_to_rct,0.9064150129272833,0.04568030883925686,100
scm2,quality,100,5000,1.0,linear,lambda_only,rmse_ratio_to_rct,0.8974304324279718,0.045879346594148496,100
scm2,quality,100,5000,1.0,linear,naive_pool,rmse_ratio_to_rct,0.5308396156873024,0.00940975392119128,100
scm2,quality,100,5000,1.0,linear,obs_transported,rmse_ratio_to_rct,0.5105170182224519,0.010666189785777897,100
scm2,quality,100,5000,1.0,linear,omega_only,rmse_ratio_to_rct,1.0092048321002083,0.048764438234415064,100
scm2,quality,100,5000,1.0,linear,oracle_joint,rmse_ratio_to_rct,0.8975700081393699,0.04278501395076877,100
scm2,quality,100,5000,1.0,linear,oracle_lambda_only,rmse_ratio_to_rct,0.8942670880411834,0.04282776890338828,100
scm2,quality,100,5000,1.0,linear,oracle_omega_only,rmse_ratio_to_rct,1.002076238562102,0.04711538762872872,100
scm2,quality,100,5000,1.0,linear,rct_only,rmse_ratio_to_rct,1.0,0.04782493509426966,100
scm2,quality,100,5000,1.0,linear,semi_supervised,rmse_ratio_to_rct,0.9926605382878607,0.04541951844850356,100
scm2,quality,100,5000,1.0,linear,shrinkage,rmse_ratio_to_rct,0.5266319150555336,0.020773798819249314,100
scm2,quality,100,5000,2.0,flexible,adaptive,rmse_ratio_to_rct,0.813292209088892,0.02042268115004504,100
scm2,quality,100,5000,2.0,flexible,fixed_half,rmse_ratio_to_rct,0.8038537069059675,0.0399007733895262,100
scm2,quality,100,5000,2.0,flexible,joint,rmse_ratio_to_rct,0.733335270853959,0.03461820070702696,100
scm2,quality,100,5000,2.0,flexible,lambda_only,rmse_ratio_to_rct,0.7555994590851309,0.03715736501310893,100
scm2,quality,100,5000,2.0,flexible,naive_pool,rmse_ratio_to_rct,0.7870634691988525,0.010972913995873372,100
scm2,quality,100,5000,2.0,flexible,obs_transported,rmse_ratio_to_rct,0.8211891710926438,0.015233445253680429,100
scm2,quality,100,5000,2.0,flexible,omega_only,rmse_ratio_to_rct,0.9801232790260782,0.05186894184318906,100
scm2,quality,100,5000,2.0,flexible,oracle_joint,rmse_ratio_to_rct,0.7128412254358041,0.03406498342421653,100
scm2,quality,100,5000,2.0,flexible,oracle_lambda_only,rmse_ratio_to_rct,0.7530270341601157,0.03614851125373165,100
scm2,quality,100,5000,2.0,flexible,oracle_omega_only,rmse_ratio_to_rct,0.9627908376510663,0.0501744859596983,100
scm2,quality,100,5000,2.0,flexible,rct_only,rmse_ratio_to_rct,1.0,0.0507434987230324,100
scm2,quality,100,5000,2.0,flexible,semi_supervised,rmse_ratio_to_rct,1.012931239954427,0.05123964415561742,100
scm2,quality,100,5000,2.0,flexible,shrinkage,rmse_ratio_to_rct,0.7893155855909154,0.023945051957472187,100
scm2,quality,100,5000,2.0,linear,adaptive,rmse_ratio_to_rct,1.0182758127476392,0.03239626832550866,100
scm2,quality,100,5000,2.0,linear,fixed_half,rmse_ratio_to_rct,0.8760666925993118,0.03557873969799134,100
scm2,quality,100,5000,2.0,linear,joint,rmse_ratio_to_rct,0.8440308013911152,0.03165756294214926,100
scm2,quality,100,5000,2.0,linear,lambda_only,rmse_ratio_to_rct,0.8549554976229439,0.031750845844147856,100
scm2,quality,100,5000,2.0,linear,naive_pool,rmse_ratio_to_rct,1.019893456504399,0.011185757293931748,100
scm2,quality,100,5000,2.0,linear,obs_transported,rmse_ratio_to_rct,0.9886497581350077,0.011035253823308732,100
scm2,quality,100,5000,2.0,linear,omega_only,rmse_ratio_to_rct,0.9874748074181556,0.043799226801789444,100
scm2,quality,100,5000,2.0,linear,oracle_joint,rmse_ratio_to_rct,0.8368622406608889,0.029748485521870913,100
scm2,quality,100,5000,2.0,linear,oracle_lambda_only,rmse_ratio_to_rct,0.8439979082241844,0.029349767473256967,100
scm2,quality,100,5000,2.0,linear,oracle_omega_only,rmse_ratio_to_rct,0.9884285952070083,0.043338650341279907,100
scm2,quality,100,5000,2.0,linear,rct_only,rmse_ratio_to_rct,1.0,0.04368149973158221,100
scm2,quality,100,5000,2.0,linear,semi_supervised,rmse_ratio_to_rct,1.001582816243602,0.038333186414874265,100
scm2,quality,100,5000,2.0,linear,shrinkage,rmse_ratio_to_rct,0.9342285361366743,0.0277952081292242,100
scm2,rct_size,50,5000,1.0,flexible,adaptive,rmse_ratio_to_rct,0.4369715586434683,0.028407300494188825,100
scm2,rct_size,50,5000,1.0,flexible,fixed_half,rmse_ratio_to_rct,0.7977976589912329,0.05426300011265612,100
scm2,rct_size,50,5000,1.0,flexible,joint,rmse_ratio_to_rct,0.7188987503005038,0.052101840782478565,100
scm2,rct_size,50,5000,1.0,flexible,lambda_only,rmse_ratio_to_rct,0.7362219483229168,0.05069820147947882,100
scm2,rct_size,50,5000,1.0,flexible,naive_pool,rmse_ratio_to_rct,0.37637292595064664,0.014015007289568414,100
scm2,rct_size,50,5000,1.0,flexible,obs_transported,rmse_ratio_to_rct,0.3985457144959213,0.021259717798760843,100
scm2,rct_size,50,5000,1.0,flexible,omega_only,rmse_ratio_to_rct,0.9707162087777381,0.06132663990380309,100
scm2,rct_size,50,5000,1.0,flexible,oracle_joint,rmse_ratio_to_rct,0.7106888806190182,0.05642443034464117,100
scm2,rct_size,50,5000,1.0,flexible,oracle_lambda_only,rmse_ratio_to_rct,0.7235137907877262,0.05533919568381564,100
scm2,rct_size,50,5000,1.0,flexible,oracle_omega_only,rmse_ratio_to_rct,0.9698137420897439,0.06147576980176826,100
scm2,rct_size,50,5000,1.0,flexible,rct_only,rmse_ratio_to_rct,1.0,0.06451432387696722,100
scm2,rct_size,50,5000,1.0,flexible,semi_supervised,rmse_ratio_to_rct,1.0024983430070014,0.06106202486456343,100
scm2,rct_size,50,5000,1.0,flexible,shrinkage,rmse_ratio_to_rct,0.4679431704803042,0.028441251474902535,100
scm2,rct_size,100,5000,1.0,flexible,adaptive,rmse_ratio_to_rct,0.59713180848672,0.018593200789169206,100
scm2,rct_size,100,5000,1.0,flexible,fixed_half,rmse_ratio_to_rct,0.813613827602113,0.02873623724546094,100
scm2,rct_size,100,5000,1.0,flexible,joint,rmse_ratio_to_rct,0.7571749947556412,0.029841170279219304,100
scm2,rct_size,100,5000,1.0,flexible,joint_cross_fitted,rmse_ratio_to_rct,0.3766909035542004,0.01373389291297748,100
scm2,rct_size,100,5000,1.0,flexible,lambda_only,rmse_ratio_to_rct,0.7843763959574754,0.031169011718364673,100
scm2,rct_size,100,5000,1.0,flexible,naive_pool,rmse_ratio_to_rct,0.5697113944265275,0.008623769539684686,100
scm2,rct_size,100,5000,1.0,flexible,obs_transported,rmse_ratio_to_rct,0.6053718641394846,0.015824125675617855,100
scm2,rct_size,100,5000,1.0,flexible,omega_only,rmse_ratio_to_rct,0.9715180755425032,0.031869242641046264,100
scm2,rct_size,100,5000,1.0,flexible,oracle_joint,rmse_ratio_to_rct,0.7311959365886925,0.029394137238166865,100
scm2,rct_size,100,5000,1.0,flexible,oracle_lambda_only,rmse_ratio_to_rct,0.7741505950275704,0.030818979403684013,100
scm2,rct_size,100,5000,1.0,flexible,oracle_omega_only,rmse_ratio_to_rct,0.959894128060559,0.03213614450407834,100
scm2,rct_size,100,5000,1.0,flexible,rct_only,rmse_ratio_to_rct,1.0,0.03312343691069592,100
scm2,rct_size,100,5000,1.0,flexible,semi_supervised,rmse_ratio_to_rct,1.0086397394816533,0.033595784345795354,100
scm2,rct_size,100,5000,1.0,flexible,shrinkage,rmse_ratio_to_rct,0.630500035497012,0.022907597039653383,100
scm2,rct_size,200,5000,1.0,flexible,adaptive,rmse_ratio_to_rct,0.9607582941916657,0.011627662847429965,100
scm2,rct_size,200,5000,1.0,flexible,fixed_half,rmse_ratio_to_rct,0.9352241912775046,0.022494407047290936,100
scm2,rct_size,200,5000,1.0,flexible,joint,rmse_ratio_to_rct,0.9331825559249979,0.02159448083323069,100
scm2,rct_size,200,5000,1.0,flexible,lambda_only,rmse_ratio_to_rct,0.9541926104410933,0.020913728963802433,100
scm2,rct_size,200,5000,1.0,flexible,naive_pool,rmse_ratio_to_rct,0.9670863743838656,0.008944498946922777,100
scm2,rct_size,200,5000,1.0,flexible,obs_transported,rmse_ratio_to_rct,1.0364368042592136,0.010493658282241237,100
scm2,rct_size,200,5000,1.0,flexible,omega_only,rmse_ratio_to_rct,0.9925743511049857,0.02359432156889792,100
scm2,rct_size,200,5000,1.0,flexible,oracle_joint,rmse_ratio_to_rct,0.9368690509169464,0.022459243989184176,100
scm2,rct_size,200,5000,1.0,flexible,oracle_lambda_only,rmse_ratio_to_rct,0.9545682325648422,0.02048084445770424,100
scm2,rct_size,200,5000,1.0,flexible,oracle_omega_only,rmse_ratio_to_rct,1.0078124704413123,0.02460841585105879,100
scm2,rct_size,200,5000,1.0,flexible,rct_only,rmse_ratio_to_rct,1.0,0.023623006386737967,100
scm2,rct_size,200,5000,1.0,flexible,semi_supervised,rmse_ratio_to_rct,1.0267835052351524,0.024064417494538224,100
scm2,rct_size,200,5000,1.0,flexible,shrinkage,rmse_ratio_to_rct,0.9068731574571613,0.013440112185315678,100
scm2,rct_size,400,5000,1.0,flexible,adaptive,rmse_ratio_to_rct,1.2763943721632538,0.010232079728264691,100
scm2,rct_size,400,5000,1.0,flexible,fixed_half,rmse_ratio_to_rct,0.928271709532558,0.012569390880227339,100
scm2,rct_size,400,5000,1.0,flexible,joint,rmse_ratio_to_rct,0.9171529256740096,0.013682619400785323,100
scm2,rct_size,400,5000,1.0,flexible,lambda_only,rmse_ratio_to_rct,0.9191250284844242,0.013810405763333516,100
scm2,rct_size,400,5000,1.0,flexible,naive_pool,rmse_ratio_to_rct,1.2787311534928332,0.007365869809137898,100
scm2,rct_size,400,5000,1.0,flexible,obs_transported,rmse_ratio_to_rct,1.438630793980222,0.009502985628931829,100
scm2,rct_size,400,5000,1.0,flexible,omega_only,rmse_ratio_to_rct,1.0007148126932903,0.013461030663972683,100
scm2,rct_size,400,5000,1.0,flexible,oracle_joint,rmse_ratio_to_rct,0.9253409247049909,0.013489865581279452,100
scm2,rct_size,400,5000,1.0,flexible,oracle_lambda_only,rmse_ratio_to_rct,0.9189278008445707,0.013594549826710723,100
scm2,rct_size,400,5000,1.0,flexible,oracle_omega_only,rmse_ratio_to_rct,1.0140699858465854,0.013674006223495325,100
scm2,rct_size,400,5000,1.0,flexible,rct_only,rmse_ratio_to_rct,1.0,0.012987351511893968,100
scm2,rct_size,400,5000,1.0,flexible,semi_supervised,rmse_ratio_to_rct,1.000822121433555,0.012917851801218853,100
scm2,rct_size,400,5000,1.0,flexible,shrinkage,rmse_ratio_to_rct,1.082624493370287,0.011761186592402046,100
scm3,obs_size,100,1000,1.0,flexible,adaptive,rmse_ratio_to_rct,0.9252343536740264,0.021034671872222147,100
scm3,obs_size,100,1000,1.0,flexible,fixed_half,rmse_ratio_to_rct,0.8256458973746622,0.031098176835299366,100
scm3,obs_size,100,1000,1.0,flexible,joint,rmse_ratio_to_rct,0.8249950359935384,0.029854368117478356,100
scm3,obs_size,100,1000,1.0,flexible,lambda_only,rmse_ratio_to_rct,0.821792676765455,0.030036157721059588,100
scm3,obs_size,100,1000,1.0,flexible,naive_pool,rmse_ratio_to_rct,0.936764537714041,0.01867600946939563,100
scm3,obs_size,100,1000,1.0,flexible,obs_transported,rmse_ratio_to_rct,1.0417672843415633,0.02292806850937218,100
scm3,obs_size,100,1000,1.0,flexible,omega_only,rmse_ratio_to_rct,1.0026768513790305,0.0423810974023941,100
scm3,obs_size,100,1000,1.0,flexible,oracle_joint,rmse_ratio_to_rct,0.7935898732807382,0.029518988188452864,100
scm3,obs_size,100,1000,1.0,flexible,oracle_lambda_only,rmse_ratio_to_rct,0.7887971578739453,0.029133514908748125,100
scm3,obs_size,100,1000,1.0,flexible,oracle_omega_only,rmse_ratio_to_rct,0.9996639395877496,0.042727132635258326,100
scm3,obs_size,100,1000,1.0,flexible,rct_only,rmse_ratio_to_rct,1.0,0.042100100059565826,100
scm3,obs_size,100,1000,1.0,flexible,semi_supervised,rmse_ratio_to_rct,0.9977800454916601,0.041873626075791065,100
scm3,obs_size,100,1000,1.0,flexible,shrinkage,rmse_ratio_to_rct,0.9214883778232985,0.024584694371608914,100
scm3,obs_size,100,20000,1.0,flexible,adaptive,rmse_ratio_to_rct,0.8210588845439063,0.01932772958130874,100
scm3,obs_size,100,20000,1.0,flexible,fixed_half,rmse_ratio_to_rct,0.8575879272536437,0.05056863374538446,100
scm3,obs_size,100,20000,1.0,flexible,joint,rmse_ratio_to_rct,0.8008811750424824,0.046541031058781705,100
scm3,obs_size,100,20000,1.0,flexible,lambda_only,rmse_ratio_to_rct,0.8148340657965859,0.048372434279825266,100
scm3,obs_size,100,20000,1.0,flexible,naive_pool,rmse_ratio_to_rct,0.7933749734785983,0.006360893168808773,100
scm3,obs_size,100,20000,1.0,flexible,obs_transported,rmse_ratio_to_rct,0.8024911971196756,0.010692015817962586,100
scm3,obs_size,100,20000,1.0,flexible,omega_only,rmse_ratio_to_rct,0.9947122758239064,0.05075559382487765,100
scm3,obs_size,100,20000,1.0,flexible,oracle_joint,rmse_ratio_to_rct,0.7994141907741441,0.050283324564555594,100
scm3,obs_size,100,20000,1.0,flexible,oracle_lambda_only,rmse_ratio_to_rct,0.8155270591483557,0.050561742796719704,100
scm3,obs_size,100,20000,1.0,flexible,oracle_omega_only,rmse_ratio_to_rct,0.9860398361960493,0.05132705103168969,100
scm3,obs_size,100,20000,1.0,flexible,rct_only,rmse_ratio_to_rct,1.0,0.05286150753053774,100
scm3,obs_size,100,20000,1.0,flexible,semi_supervised,rmse_ratio_to_rct,1.0070823686947765,0.0541259638579879,100
scm3,obs_size,100,20000,1.0,flexible,shrinkage,rmse_ratio_to_rct,0.7799451224035395,0.021608257971327507,100
scm3,quality,100,5000,0.0,flexible,adaptive,rmse_ratio_to_rct,0.3438825124101992,0.037071441980207356,100
scm3,quality,100,5000,0.0,flexible,fixed_half,rmse_ratio_to_rct,0.8136713563330352,0.04024647542910505,100
scm3,quality,100,5000,0.0,flexible,joint,rmse_ratio_to_rct,0.7729458527747542,0.03432706052546957,100
scm3,quality,100,5000,0.0,flexible,lambda_only,rmse_ratio_to_rct,0.7765688831412134,0.035289419416596655,100
scm3,quality,100,5000,0.0,flexible,naive_pool,rmse_ratio_to_rct,0.16183418072521996,0.0067422168407711295,100
scm3,quality,100,5000,0.0,flexible,obs_transported,rmse_ratio_to_rct,0.19576810815743978,0.007672820049106195,100
scm3,quality,100,5000,0.0,flexible,omega_only,rmse_ratio_to_rct,0.9916942293241743,0.04158898644002476,100
scm3,quality,100,5000,0.0,flexible,oracle_joint,rmse_ratio_to_rct,0.7585088249557781,0.03472339711797855,100
scm3,quality,100,5000,0.0,flexible,oracle_lambda_only,rmse_ratio_to_rct,0.7645531138072296,0.03580556233824464,100
scm3,quality,100,5000,0.0,flexible,oracle_omega_only,rmse_ratio_to_rct,0.9904608543692439,0.04156466579322002,100
scm3,quality,100,5000,0.0,flexible,rct_only,rmse_ratio_to_rct,1.0,0.0431508057639837,100
scm3,quality,100,5000,0.0,flexible,semi_supervised,rmse_ratio_to_rct,1.0301546252458862,0.0419244147784009,100
scm3,quality,100,5000,0.0,flexible,shrinkage,rmse_ratio_to_rct,0.3704157295741545,0.023677982621724887,100
scm3,quality,100,5000,0.0,linear,adaptive,rmse_ratio_to_rct,0.23759203294450643,0.022187850006361816,100
scm3,quality,100,5000,0.0,linear,fixed_half,rmse_ratio_to_rct,0.8704535728612736,0.038601101090759316,100
scm3,quality,100,5000,0.0,linear,joint,rmse_ratio_to_rct,0.81834846461676,0.03477265582003045,100
scm3,quality,100,5000,0.0,linear,lambda_only,rmse_ratio_to_rct,0.8224280262032385,0.03462153794625972,100
scm3,quality,100,5000,0.0,linear,naive_pool,rmse_ratio_to_rct,0.19398584719117204,0.00860494586188336,100
scm3,quality,100,5000,0.0,linear,obs_transported,rmse_ratio_to_rct,0.18813908154125192,0.007688495712463426,100
scm3,quality,100,5000,0.0,linear,omega_only,rmse_ratio_to_rct,0.9982608534352418,0.04637960207549187,100
scm3,quality,100,5000,0.0,linear,oracle_joint,rmse_ratio_to_rct,0.8521425428979198,0.03515526568064446,100
scm3,quality,100,5000,0.0,linear,oracle_lambda_only,rmse_ratio_to_rct,0.8424619943160423,0.03407365008852684,100
scm3,quality,100,5000,0.0,linear,oracle_omega_only,rmse_ratio_to_rct,1.0073626614932716,0.046547498824009714,100
scm3,quality,100,5000,0.0,linear,rct_only,rmse_ratio_to_rct,1.0,0.045254687364245816,100
scm3,quality,100,5000,0.0,linear,semi_supervised,rmse_ratio_to_rct,0.9963359307170665,0.04660809338385831,100
scm3,quality,100,5000,0.0,linear,shrinkage,rmse_ratio_to_rct,0.3317994629442946,0.024049066846456343,100
scm3,quality,100,5000,1.0,linear,adaptive,rmse_ratio_to_rct,0.9124628730681257,0.01834727308933343,100
scm3,quality,100,5000,1.0,linear,fixed_half,rmse_ratio_to_rct,0.8918772743703179,0.03242305374725784,100
scm3,quality,100,5000,1.0,linear,joint,rmse_ratio_to_rct,0.8781202419571565,0.03198907927014582,100
scm3,quality,100,5000,1.0,linear,lambda_only,rmse_ratio_to_rct,0.8738970483706272,0.03133760501950982,100
scm3,quality,100,5000,1.0,linear,naive_pool,rmse_ratio_to_rct,0.9217422332169264,0.010841766169597497,100
scm3,quality,100,5000,1.0,linear,obs_transported,rmse_ratio_to_rct,0.9392691118457734,0.010918872289090295,100
scm3,quality,100,5000,1.0,linear,omega_only,rmse_ratio_to_rct,1.0112288359837873,0.034371679339879814,100
scm3,quality,100,5000,1.0,linear,oracle_joint,rmse_ratio_to_rct,0.8720442923755524,0.031617072271376154,100
scm3,quality,100,5000,1.0,linear,oracle_lambda_only,rmse_ratio_to_rct,0.8631170607021073,0.03121302543111655,100
scm3,quality,100,5000,1.0,linear,oracle_omega_only,rmse_ratio_to_rct,1.0100443769955114,0.034441814223912126,100
scm3,quality,100,5000,1.0,linear,rct_only,rmse_ratio_to_rct,1.0,0.034559841095331986,100
scm3,quality,100,5000,1.0,linear,semi_supervised,rmse_ratio_to_rct,1.0108613671698043,0.034499541398497174,100
scm3,quality,100,5000,1.0,linear,shrinkage,rmse_ratio_to_rct,0.8086858873393099,0.017663054177630366,100
scm3,quality,100,5000,2.0,flexible,adaptive,rmse_ratio_to_rct,1.2155366380959216,0.02517718589580271,100
scm3,quality,100,5000,2.0,flexible,fixed_half,rmse_ratio_to_rct,0.8692055157550608,0.03126504425119292,100
scm3,quality,100,5000,2.0,flexible,joint,rmse_ratio_to_rct,0.8561124321368614,0.03233587868656848,100
scm3,quality,100,5000,2.0,flexible,lambda_only,rmse_ratio_to_rct,0.8488392307016517,0.03198209456988345,100
scm3,quality,100,5000,2.0,flexible,naive_pool,rmse_ratio_to_rct,1.275883783907722,0.012773892551817902,100
scm3,quality,100,5000,2.0,flexible,obs_transported,rmse_ratio_to_rct,1.3257077693443147,0.013244618038078573,100
scm3,quality,100,5000,2.0,flexible,omega_only,rmse_ratio_to_rct,1.008108440609302,0.03578126868349817,100
scm3,quality,100,5000,2.0,flexible,oracle_joint,rmse_ratio_to_rct,0.8247489849178052,0.02991173017826729,100
scm3,quality,100,5000,2.0,flexible,oracle_lambda_only,rmse_ratio_to_rct,0.8218008575025071,0.030349800546158028,100
scm3,quality,100,5000,2.0,flexible,oracle_omega_only,rmse_ratio_to_rct,1.0008393299901688,0.03570297356064891,100
scm3,quality,100,5000,2.0,flexible,rct_only,rmse_ratio_to_rct,1.0,0.03519948626447217,100
scm3,quality,100,5000,2.0,flexible,semi_supervised,rmse_ratio_to_rct,1.0135519982271715,0.03658939666101142,100
scm3,quality,100,5000,2.0,flexible,shrinkage,rmse_ratio_to_rct,1.0476231690498397,0.025776954922983587,100
scm3,quality,100,5000,2.0,linear,adaptive,rmse_ratio_to_rct,1.1040079157570277,0.026468190276688053,100
scm3,quality,100,5000,2.0,linear,fixed_half,rmse_ratio_to_rct,0.8733459571431074,0.03644651047438499,100
scm3,quality,100,5000,2.0,linear,joint,rmse_ratio_to_rct,0.8408348345083209,0.03276092703739937,100
scm3,quality,100,5000,2.0,linear,lambda_only,rmse_ratio_to_rct,0.8290102177109241,0.03316377712844675,100
scm3,quality,100,5000,2.0,linear,naive_pool,rmse_ratio_to_rct,1.2557700634721596,0.010921898747280515,100
scm3,quality,100,5000,2.0,linear,obs_transported,rmse_ratio_to_rct,1.2393104639305657,0.013343676047865618,100
scm3,quality,100,5000,2.0,linear,omega_only,rmse_ratio_to_rct,1.0082729237838122,0.043213365547718,100
scm3,quality,100,5000,2.0,linear,oracle_joint,rmse_ratio_to_rct,0.8390557788924247,0.03330520757004432,100
scm3,quality,100,5000,2.0,linear,oracle_lambda_only,rmse_ratio_to_rct,0.8317614581221936,0.03342181025940631,100
scm3,quality,100,5000,2.0,linear,oracle_omega_only,rmse_ratio_to_rct,1.0001100653518826,0.04382479046696562,100
scm3,quality,100,5000,2.0,linear,rct_only,rmse_ratio_to_rct,1.0,0.04450569843068397,100
scm3,quality,100,5000,2.0,linear,semi_supervised,rmse_ratio_to_rct,0.9829558873082553,0.04577512681168054,100
scm3,quality,100,5000,2.0,linear,shrinkage,rmse_ratio_to_rct,0.9382861326627433,0.023760865279028997,100
scm3,rct_size,50,5000,1.0,flexible,adaptive,rmse_ratio_to_rct,0.606037202717584,0.03303032536655661,100
scm3,rct_size,50,5000,1.0,flexible,fixed_half,rmse_ratio_to_rct,0.7901954201951119,0.048274121020239424,100
scm3,rct_size,50,5000,1.0,flexible,joint,rmse_ratio_to_rct,0.7191799730890109,0.04324052734326364,100
scm3,rct_size,50,5000,1.0,flexible,lambda_only,rmse_ratio_to_rct,0.7144760400259658,0.04260918989730983,100
scm3,rct_size,50,5000,1.0,flexible,naive_pool,rmse_ratio_to_rct,0.5243228802274638,0.014461481574633407,100
scm3,rct_size,50,5000,1.0,flexible,obs_transported,rmse_ratio_to_rct,0.5473185993061567,0.014949212173306964,100
scm3,rct_size,50,5000,1.0,flexible,omega_only,rmse_ratio_to_rct,1.008891430275404,0.07006579220644729,100
scm3,rct_size,50,5000,1.0,flexible,oracle_joint,rmse_ratio_to_rct,0.7201547976392996,0.044324842419006694,100
scm3,rct_size,50,5000,1.0,flexible,oracle_lambda_only,rmse_ratio_to_rct,0.7195368410693548,0.0451526034689548,100
scm3,rct_size,50,5000,1.0,flexible,oracle_omega_only,rmse_ratio_to_rct,1.0119262732959926,0.07045420934855734,100
scm3,rct_size,50,5000,1.0,flexible,rct_only,rmse_ratio_to_rct,1.0,0.06966667833070486,100
scm3,rct_size,50,5000,1.0,flexible,semi_supervised,rmse_ratio_to_rct,1.001026014401878,0.06678837884828323,100
scm3,rct_size,50,5000,1.0,flexible,shrinkage,rmse_ratio_to_rct,0.5636201401318164,0.02377498350633024,100
scm3,rct_size,100,5000,1.0,flexible,adaptive,rmse_ratio_to_rct,0.7955416022715366,0.023943865648995654,100
scm3,rct_size,100,5000,1.0,flexible,fixed_half,rmse_ratio_to_rct,0.8260030156271514,0.03849142315188561,100
scm3,rct_size,100,5000,1.0,flexible,joint,rmse_ratio_to_rct,0.7607872883399267,0.03817222350024939,100
scm3,rct_size,100,5000,1.0,flexible,joint_cross_fitted,rmse_ratio_to_rct,0.39374309171252786,0.017725650540099138,100
scm3,rct_size,100,5000,1.0,flexible,lambda_only,rmse_ratio_to_rct,0.7785559144287335,0.037536288376779366,100
scm3,rct_size,100,5000,1.0,flexible,naive_pool,rmse_ratio_to_rct,0.7583513454650535,0.012923729245015416,100
scm3,rct_size,100,5000,1.0,flexible,obs_transported,rmse_ratio_to_rct,0.7807771359207932,0.013269325717437355,100
scm3,rct_size,100,5000,1.0,flexible,omega_only,rmse_ratio_to_rct,0.9901421827869953,0.044884186129123226,100
scm3,rct_size,100,5000,1.0,flexible,oracle_joint,rmse_ratio_to_rct,0.746075162456671,0.036035767267680895,100
scm3,rct_size,100,5000,1.0,flexible,oracle_lambda_only,rmse_ratio_to_rct,0.7707472999654476,0.03768220877230278,100
scm3,rct_size,100,5000,1.0,flexible,oracle_omega_only,rmse_ratio_to_rct,0.9887069560997521,0.04590141712462884,100
scm3,rct_size,100,5000,1.0,flexible,rct_only,rmse_ratio_to_rct,1.0,0.04527043455582418,100
scm3,rct_size,100,5000,1.0,flexible,semi_supervised,rmse_ratio_to_rct,1.0175850766062013,0.04683413264762718,100
scm3,rct_size,100,5000,1.0,flexible,shrinkage,rmse_ratio_to_rct,0.7499262063899144,0.024909998560055567,100
scm3,rct_size,200,5000,1.0,flexible,adaptive,rmse_ratio_to_rct,1.2092993757758503,0.02042173376130361,100
scm3,rct_size,200,5000,1.0,flexible,fixed_half,rmse_ratio_to_rct,0.8904131062226633,0.0223854081182537,100
scm3,rct_size,200,5000,1.0,flexible,joint,rmse_ratio_to_rct,0.8693097452823352,0.021508589125789075,100
scm3,rct_size,200,5000,1.0,flexible,lambda_only,rmse_ratio_to_rct,0.8870306400508,0.021276132703720193,100
scm3,rct_size,200,5000,1.0,flexible,naive_pool,rmse_ratio_to_rct,1.1509999808731763,0.010143501355650338,100
scm3,rct_size,200,5000,1.0,flexible,obs_transported,rmse_ratio_to_rct,1.2035300659721035,0.011425705410755533,100
scm3,rct_size,200,5000,1.0,flexible,omega_only,rmse_ratio_to_rct,0.9821847011021639,0.028223315928605486,100
scm3,rct_size,200,5000,1.0,flexible,oracle_joint,rmse_ratio_to_rct,0.8569556842978637,0.021094524418574054,100
scm3,rct_size,200,5000,1.0,flexible,oracle_lambda_only,rmse_ratio_to_rct,0.8706747642973213,0.020996234679308532,100
scm3,rct_size,200,5000,1.0,flexible,oracle_omega_only,rmse_ratio_to_rct,0.9820524033024673,0.027033764665994137,100
scm3,rct_size,200,5000,1.0,flexible,rct_only,rmse_ratio_to_rct,1.0,0.02846735452180459,100
scm3,rct_size,200,5000,1.0,flexible,semi_supervised,rmse_ratio_to_rct,0.9847021995740737,0.02863687917692699,100
scm3,rct_size,200,5000,1.0,flexible,shrinkage,rmse_ratio_to_rct,1.0563935547176273,0.017000235288474518,100
scm3,rct_size,400,5000,1.0,flexible,adaptive,rmse_ratio_to_rct,1.5647737458724376,0.015708502116748003,100
scm3,rct_size,400,5000,1.0,flexible,fixed_half,rmse_ratio_to_rct,0.9420380696391112,0.015849864163470492,100
scm3,rct_size,400,5000,1.0,flexible,joint,rmse_ratio_to_rct,0.9357152152488538,0.016717805008806177,100
scm3,rct_size,400,5000,1.0,flexible,lambda_only,rmse_ratio_to_rct,0.9556719280854657,0.01659993102691341,100
scm3,rct_size,400,5000,1.0,flexible,naive_pool,rmse_ratio_to_rct,1.9713338416175574,0.008957137322301146,100
scm3,rct_size,400,5000,1.0,flexible,obs_transported,rmse_ratio_to_rct,2.13389647229486,0.010095040539471328,100
scm3,rct_size,400,5000,1.0,flexible,omega_only,rmse_ratio_to_rct,0.9748533884737821,0.0155009509192014,100
scm3,rct_size,400,5000,1.0,flexible,oracle_joint,rmse_ratio_to_rct,0.9357120921695335,0.016681271027889567,100
scm3,rct_size,400,5000,1.0,flexible,oracle_lambda_only,rmse_ratio_to_rct,0.9504897091950584,0.016548413518747144,100
scm3,rct_size,400,5000,1.0,flexible,oracle_omega_only,rmse_ratio_to_rct,0.9784725884391724,0.01551837751422902,100
scm3,rct_size,400,5000,1.0,flexible,rct_only,rmse_ratio_to_rct,1.0,0.01504746221633927,100
scm3,rct_size,400,5000,1.0,flexible,semi_supervised,rmse_ratio_to_rct,0.9924677068487651,0.014840502555265204,100
scm3,rct_size,400,5000,1.0,flexible,shrinkage,rmse_ratio_to_rct,1.2240782045593208,0.015869497162311983,100
star,obs_size,100,1000,1.0,flexible,adaptive,rmse_ratio_to_rct,1.3905656473395311,0.09059308511599246,100
star,obs_size,100,1000,1.0,flexible,fixed_half,rmse_ratio_to_rct,1.2978731895447309,0.25077858755253946,100
star,obs_size,100,1000,1.0,flexible,joint,rmse_ratio_to_rct,1.7109301256290874,0.4109594741119402,100
star,obs_size,100,1000,1.0,flexible,lambda_only,rmse_ratio_to_rct,1.8183501922963796,0.45807205669664913,100
star,obs_size,100,1000,1.0,flexible,naive_pool,rmse_ratio_to_rct,28.907378820771285,8.669136089198327,100
star,obs_size,100,1000,1.0,flexible,obs_transported,rmse_ratio_to_rct,2.315837630947049,0.19211351612801042,100
star,obs_size,100,1000,1.0,flexible,omega_only,rmse_ratio_to_rct,1.044848114828541,0.055286633776922306,100
star,obs_size,100,1000,1.0,flexible,oracle_joint,rmse_ratio_to_rct,0.8148668945531662,0.03553313484270914,100
star,obs_size,100,1000,1.0,flexible,oracle_lambda_only,rmse_ratio_to_rct,0.8115793620563612,0.0355987486751519,100
star,obs_size,100,1000,1.0,flexible,oracle_omega_only,rmse_ratio_to_rct,1.0109092048730848,0.0574667371405011,100
star,obs_size,100,1000,1.0,flexible,rct_only,rmse_ratio_to_rct,1.0,0.05920780465245751,100
star,obs_size,100,1000,1.0,flexible,semi_supervised,rmse_ratio_to_rct,1.0214978344226309,0.06720434865259095,100
star,obs_size,100,1000,1.0,flexible,shrinkage,rmse_ratio_to_rct,1.2746705310152397,0.08402348946015492,100
star,obs_size,100,20000,1.0,flexible,adaptive,rmse_ratio_to_rct,0.2900877842190179,0.022948882960869874,100
star,obs_size,100,20000,1.0,flexible,fixed_half,rmse_ratio_to_rct,0.5523216471666206,0.32371171096215007,100
star,obs_size,100,20000,1.0,flexible,joint,rmse_ratio_to_rct,0.2585010376575573,0.03340443300791814,100
star,obs_size,100,20000,1.0,flexible,lambda_only,rmse_ratio_to_rct,0.2594827942171803,0.032932298943052295,100
star,obs_size,100,20000,1.0,flexible,naive_pool,rmse_ratio_to_rct,0.28007759003512267,0.006400865845362693,100
star,obs_size,100,20000,1.0,flexible,obs_transported,rmse_ratio_to_rct,0.280157892031668,0.00547768745626783,100
star,obs_size,100,20000,1.0,flexible,omega_only,rmse_ratio_to_rct,0.9969073315184397,0.6835604920117323,100
star,obs_size,100,20000,1.0,flexible,oracle_joint,rmse_ratio_to_rct,0.259001470265714,0.03554441004542798,100
star,obs_size,100,20000,1.0,flexible,oracle_lambda_only,rmse_ratio_to_rct,0.2600008842727405,0.035209691632134804,100
star,obs_size,100,20000,1.0,flexible,oracle_omega_only,rmse_ratio_to_rct,0.999327154068928,0.6876269737960481,100
star,obs_size,100,20000,1.0,flexible,rct_only,rmse_ratio_to_rct,1.0,0.6872686218256571,100
star,obs_size,100,20000,1.0,flexible,semi_supervised,rmse_ratio_to_rct,1.0014544558643166,0.6846416820510918,100
star,obs_size,100,20000,1.0,flexible,shrinkage,rmse_ratio_to_rct,0.2693881557609943,0.023227893475704434,100
star,quality,100,5000,0.0,flexible,adaptive,rmse_ratio_to_rct,0.9225176813843985,0.11485269597838159,100
star,quality,100,5000,0.0,flexible,fixed_half,rmse_ratio_to_rct,0.6239247983125568,0.07661860016452736,100
star,quality,100,5000,0.0,flexible,joint,rmse_ratio_to_rct,0.49413447121156767,0.0386174295532197,100
star,quality,100,5000,0.0,flexible,lambda_only,rmse_ratio_to_rct,0.48654271940849486,0.031560981520552936,100
star,quality,100,5000,0.0,flexible,naive_pool,rmse_ratio_to_rct,4.088780955515175,1.351763546412346,100
star,quality,100,5000,0.0,flexible,obs_transported,rmse_ratio_to_rct,0.8001308783682599,0.04534464016783738,100
star,quality,100,5000,0.0,flexible,omega_only,rmse_ratio_to_rct,0.9999768358879128,0.2118858635384343,100
star,quality,100,5000,0.0,flexible,oracle_joint,rmse_ratio_to_rct,0.46314072318791466,0.024892371041500737,100
star,quality,100,5000,0.0,flexible,oracle_lambda_only,rmse_ratio_to_rct,0.4636575307734091,0.02383339924437198,100
star,quality,100,5000,0.0,flexible,oracle_omega_only,rmse_ratio_to_rct,0.9989723480915815,0.2114741736526707,100
star,quality,100,5000,0.0,flexible,rct_only,rmse_ratio_to_rct,1.0,0.21120487703439303,100
star,quality,100,5000,0.0,flexible,semi_supervised,rmse_ratio_to_rct,1.0126541425561626,0.20986274897444665,100
star,quality,100,5000,0.0,flexible,shrinkage,rmse_ratio_to_rct,0.9565757510651013,0.16677340395444284,100
star,quality,100,5000,0.0,linear,adaptive,rmse_ratio_to_rct,0.7405301698602446,0.019599666979661225,100
star,quality,100,5000,0.0,linear,fixed_half,rmse_ratio_to_rct,0.7078126269103912,0.057719520602968526,100
star,quality,100,5000,0.0,linear,joint,rmse_ratio_to_rct,0.5812732489607326,0.04034609033101406,100
star,quality,100,5000,0.0,linear,lambda_only,rmse_ratio_to_rct,0.5814928480441045,0.04027573508072342,100
star,quality,100,5000,0.0,linear,naive_pool,rmse_ratio_to_rct,2.7485963445688983,0.6268597695920243,100
star,quality,100,5000,0.0,linear,obs_transported,rmse_ratio_to_rct,0.8044750347661183,0.018123519942448624,100
star,quality,100,5000,0.0,linear,omega_only,rmse_ratio_to_rct,0.9991092094355876,0.11850964565194828,100
star,quality,100,5000,0.0,linear,oracle_joint,rmse_ratio_to_rct,0.5740164088876217,0.04061674736483418,100
star,quality,100,5000,0.0,linear,oracle_lambda_only,rmse_ratio_to_rct,0.5741045571793003,0.04039063612515415,100
star,quality,100,5000,0.0,linear,oracle_omega_only,rmse_ratio_to_rct,0.9985814555742214,0.11682719430436116,100
star,quality,100,5000,0.0,linear,rct_only,rmse_ratio_to_rct,1.0,0.1164137157661119,100
star,quality,100,5000,0.0,linear,semi_supervised,rmse_ratio_to_rct,1.0074380234590954,0.11418864400528538,100
star,quality,100,5000,0.0,linear,shrinkage,rmse_ratio_to_rct,0.7776571912526872,0.058635670062740716,100
star,quality,100,5000,1.0,linear,adaptive,rmse_ratio_to_rct,0.24730219194420539,0.03140673213479418,100
star,quality,100,5000,1.0,linear,fixed_half,rmse_ratio_to_rct,0.5386590147960295,0.4070035559408204,100
star,quality,100,5000,1.0,linear,joint,rmse_ratio_to_rct,0.18631181570748567,0.031169600551601822,100
star,quality,100,5000,1.0,linear,lambda_only,rmse_ratio_to_rct,0.18595920947417807,0.0314377997662948,100
star,quality,100,5000,1.0,linear,naive_pool,rmse_ratio_to_rct,0.8507924793106566,0.7256479044482197,100
star,quality,100,5000,1.0,linear,obs_transported,rmse_ratio_to_rct,0.24693591015331748,0.01643200146567314,100
star,quality,100,5000,1.0,linear,omega_only,rmse_ratio_to_rct,0.9978426484173102,0.8294399729281593,100
star,quality,100,5000,1.0,linear,oracle_joint,rmse_ratio_to_rct,0.18773488337774613,0.031234161274731317,100
star,quality,100,5000,1.0,linear,oracle_lambda_only,rmse_ratio_to_rct,0.18761730237098817,0.03111840028949931,100
star,quality,100,5000,1.0,linear,oracle_omega_only,rmse_ratio_to_rct,0.9978674729573518,0.8293982678981532,100
star,quality,100,5000,1.0,linear,rct_only,rmse_ratio_to_rct,1.0,0.8296143194628904,100
star,quality,100,5000,1.0,linear,semi_supervised,rmse_ratio_to_rct,1.0211918356530674,0.8522848672283987,100
star,quality,100,5000,1.0,linear,shrinkage,rmse_ratio_to_rct,0.27093594909423174,0.10242997986127927,100
star,quality,100,5000,2.0,flexible,adaptive,rmse_ratio_to_rct,0.5210258544436619,0.29899761503002786,100
star,quality,100,5000,2.0,flexible,fixed_half,rmse_ratio_to_rct,0.5346680372842301,0.21426390161374229,100
star,quality,100,5000,2.0,flexible,joint,rmse_ratio_to_rct,0.2567158671099728,0.039623814369638403,100
star,quality,100,5000,2.0,flexible,lambda_only,rmse_ratio_to_rct,0.2568551865389755,0.03998873176844041,100
star,quality,100,5000,2.0,flexible,naive_pool,rmse_ratio_to_rct,1.484647029218826,0.7548961096021678,100
star,quality,100,5000,2.0,flexible,obs_transported,rmse_ratio_to_rct,0.4051085745028586,0.04576586117692002,100
star,quality,100,5000,2.0,flexible,omega_only,rmse_ratio_to_rct,1.0003716526933835,0.5008851230983223,100
star,quality,100,5000,2.0,flexible,oracle_joint,rmse_ratio_to_rct,0.2375235775955509,0.02641337690145001,100
star,quality,100,5000,2.0,flexible,oracle_lambda_only,rmse_ratio_to_rct,0.2385958022043205,0.026582384226591264,100
star,quality,100,5000,2.0,flexible,oracle_omega_only,rmse_ratio_to_rct,1.0005346844543888,0.5021668784015921,100
star,quality,100,5000,2.0,flexible,rct_only,rmse_ratio_to_rct,1.0,0.5011398431990003,100
star,quality,100,5000,2.0,flexible,semi_supervised,rmse_ratio_to_rct,0.9988910534633247,0.5004228798398852,100
star,quality,100,5000,2.0,flexible,shrinkage,rmse_ratio_to_rct,0.6265053997915572,0.275522235736465,100
star,quality,100,5000,2.0,linear,adaptive,rmse_ratio_to_rct,0.6150848787860547,0.016898458065048395,100
star,quality,100,5000,2.0,linear,fixed_half,rmse_ratio_to_rct,0.6609898952900917,0.10417294037257636,100
star,quality,100,5000,2.0,linear,joint,rmse_ratio_to_rct,0.5336787362173628,0.052743041955440224,100
star,quality,100,5000,2.0,linear,lambda_only,rmse_ratio_to_rct,0.5363233131016997,0.05235125131685019,100
star,quality,100,5000,2.0,linear,naive_pool,rmse_ratio_to_rct,3.519656560058888,1.0200632264189455,100
star,quality,100,5000,2.0,linear,obs_transported,rmse_ratio_to_rct,0.6755966853782637,0.013602506342679996,100
star,quality,100,5000,2.0,linear,omega_only,rmse_ratio_to_rct,0.9975417107906797,0.2328171732238015,100
star,quality,100,5000,2.0,linear,oracle_joint,rmse_ratio_to_rct,0.4752185457482177,0.027975925936112554,100
star,quality,100,5000,2.0,linear,oracle_lambda_only,rmse_ratio_to_rct,0.4732235784819199,0.027141841760701738,100
star,quality,100,5000,2.0,linear,oracle_omega_only,rmse_ratio_to_rct,0.9960523452636124,0.23311943570759042,100
star,quality,100,5000,2.0,linear,rct_only,rmse_ratio_to_rct,1.0,0.2323597300256421,100
star,quality,100,5000,2.0,linear,semi_supervised,rmse_ratio_to_rct,1.0191923156285652,0.22868779318615717,100
star,quality,100,5000,2.0,linear,shrinkage,rmse_ratio_to_rct,0.5988583356651146,0.03010866750848832,100
star,rct_size,50,5000,1.0,flexible,adaptive,rmse_ratio_to_rct,0.7384118905528717,0.04303533401096786,100
star,rct_size,50,5000,1.0,flexible,fixed_half,rmse_ratio_to_rct,0.7396766128270629,0.05002560657143831,100
star,rct_size,50,5000,1.0,flexible,joint,rmse_ratio_to_rct,0.6389547875539229,0.045626460404713506,100
star,rct_size,50,5000,1.0,flexible,lambda_only,rmse_ratio_to_rct,0.630375377442803,0.04582417878178043,100
star,rct_size,50,5000,1.0,flexible,naive_pool,rmse_ratio_to_rct,4.517529693296999,1.7966588526340856,100
star,rct_size,50,5000,1.0,flexible,obs_transported,rmse_ratio_to_rct,0.8589026898696539,0.05049379556410165,100
star,rct_size,50,5000,1.0,flexible,omega_only,rmse_ratio_to_rct,0.999932305283458,0.11414476165114859,100
star,rct_size,50,5000,1.0,flexible,oracle_joint,rmse_ratio_to_rct,0.6260338840915718,0.0445594588890013,100
star,rct_size,50,5000,1.0,flexible,oracle_lambda_only,rmse_ratio_to_rct,0.6218082932822123,0.043852704948742494,100
star,rct_size,50,5000,1.0,flexible,oracle_omega_only,rmse_ratio_to_rct,1.010653618170908,0.11706042093518475,100
star,rct_size,50,5000,1.0,flexible,rct_only,rmse_ratio_to_rct,1.0,0.11400583894578567,100
star,rct_size,50,5000,1.0,flexible,semi_supervised,rmse_ratio_to_rct,1.0250678318003201,0.11921556014549299,100
star,rct_size,50,5000,1.0,flexible,shrinkage,rmse_ratio_to_rct,0.7528649629853709,0.047597254476779476,100
star,rct_size,100,5000,1.0,flexible,adaptive,rmse_ratio_to_rct,0.7910744160785979,0.09596274809988552,100
star,rct_size,100,5000,1.0,flexible,fixed_half,rmse_ratio_to_rct,0.6089438951335937,0.09329638927906862,100
star,rct_size,100,5000,1.0,flexible,joint,rmse_ratio_to_rct,0.4963138413701444,0.07861520773943181,100
star,rct_size,100,5000,1.0,flexible,joint_cross_fitted,rmse_ratio_to_rct,0.2484422745687222,0.020383383657904014,100
star,rct_size,100,5000,1.0,flexible,lambda_only,rmse_ratio_to_rct,0.4978810552664321,0.07823387981873157,100
star,rct_size,100,5000,1.0,flexible,naive_pool,rmse_ratio_to_rct,3.0252275610742116,1.478201167469407,100
star,rct_size,100,5000,1.0,flexible,obs_transported,rmse_ratio_to_rct,0.733357875020192,0.04294870264171725,100
star,rct_size,100,5000,1.0,flexible,omega_only,rmse_ratio_to_rct,0.9999586456983535,0.20151458740201833,100
star,rct_size,100,5000,1.0,flexible,oracle_joint,rmse_ratio_to_rct,0.43736153913920367,0.03877833399654087,100
star,rct_size,100,5000,1.0,flexible,oracle_lambda_only,rmse_ratio_to_rct,0.4405076915340647,0.03790667787577929,100
star,rct_size,100,5000,1.0,flexible,oracle_omega_only,rmse_ratio_to_rct,0.9855095475236607,0.2003561465623532,100
star,rct_size,100,5000,1.0,flexible,rct_only,rmse_ratio_to_rct,1.0,0.20183676900177278,100
star,rct_size,100,5000,1.0,flexible,semi_supervised,rmse_ratio_to_rct,1.0448347709711825,0.23152751699590937,100
star,rct_size,100,5000,1.0,flexible,shrinkage,rmse_ratio_to_rct,0.7125386074922263,0.08171389730333573,100
star,rct_size,200,5000,1.0,flexible,adaptive,rmse_ratio_to_rct,1.0306223456029528,0.34920651922921236,100
star,rct_size,200,5000,1.0,flexible,fixed_half,rmse_ratio_to_rct,0.5561142351980843,0.16247164135548572,100
star,rct_size,200,5000,1.0,flexible,joint,rmse_ratio_to_rct,0.3150589065539907,0.02297582609987258,100
star,rct_size,200,5000,1.0,flexible,lambda_only,rmse_ratio_to_rct,0.31464400082076344,0.022577599790150827,100
star,rct_size,200,5000,1.0,flexible,naive_pool,rmse_ratio_to_rct,1.9594275191672743,0.9392859146591294,100
star,rct_size,200,5000,1.0,flexible,obs_transported,rmse_ratio_to_rct,0.7122168638111112,0.060106370218414355,100
star,rct_size,200,5000,1.0,flexible,omega_only,rmse_ratio_to_rct,1.0031229610481793,0.3644428951621612,100
star,rct_size,200,5000,1.0,flexible,oracle_joint,rmse_ratio_to_rct,0.2952448037554715,0.019163960837799938,100
star,rct_size,200,5000,1.0,flexible,oracle_lambda_only,rmse_ratio_to_rct,0.29703575123290954,0.01995002451709361,100
star,rct_size,200,5000,1.0,flexible,oracle_omega_only,rmse_ratio_to_rct,1.000330014555422,0.3654535625338646,100
star,rct_size,200,5000,1.0,flexible,rct_only,rmse_ratio_to_rct,1.0,0.3654576970031928,100
star,rct_size,200,5000,1.0,flexible,semi_supervised,rmse_ratio_to_rct,0.9908503068952556,0.367544025037598,100
star,rct_size,200,5000,1.0,flexible,shrinkage,rmse_ratio_to_rct,0.852116056322554,0.23732226646848115,100
star,rct_size,400,5000,1.0,flexible,adaptive,rmse_ratio_to_rct,0.8813908194997805,0.5024167839523477,100
star,rct_size,400,5000,1.0,flexible,fixed_half,rmse_ratio_to_rct,0.5135381797240473,0.2179093248491143,100
star,rct_size,400,5000,1.0,flexible,joint,rmse_ratio_to_rct,0.3537918880511157,0.27399377045698803,100
star,rct_size,400,5000,1.0,flexible,lambda_only,rmse_ratio_to_rct,0.3542212278428738,0.27503812090320034,100
star,rct_size,400,5000,1.0,flexible,naive_pool,rmse_ratio_to_rct,0.44731888617947324,0.08091246898445827,100
star,rct_size,400,5000,1.0,flexible,obs_transported,rmse_ratio_to_rct,0.4461195653780126,0.08246316411011338,100
star,rct_size,400,5000,1.0,flexible,omega_only,rmse_ratio_to_rct,0.9993537121503097,0.45167016936394416,100
star,rct_size,400,5000,1.0,flexible,oracle_joint,rmse_ratio_to_rct,0.13458574390400488,0.014866244606063702,100
star,rct_size,400,5000,1.0,flexible,oracle_lambda_only,rmse_ratio_to_rct,0.13267857171880654,0.014429863370505367,100
star,rct_size,400,5000,1.0,flexible,oracle_omega_only,rmse_ratio_to_rct,0.9993381711837387,0.45169947506836605,100
star,rct_size,400,5000,1.0,flexible,rct_only,rmse_ratio_to_rct,1.0,0.45162135282752985,100
star,rct_size,400,5000,1.0,flexible,semi_supervised,rmse_ratio_to_rct,1.0102379842055194,0.44916724251830603,100
star,rct_size,400,5000,1.0,flexible,shrinkage,rmse_ratio_to_rct,0.7952013040564928,0.4010211057974247,100
