panel,family,shift,n_rct,ratio,estimator,metric,value,monte_carlo_se,replications
nsw,cps,real,100,balanced_x,fixed_half,rmse,3.23276317735063,0.2773095688230146,100
nsw,cps,real,100,balanced_x,fixed_half,bias,-0.3673401085381115,0.3228005451895649,100
nsw,cps,real,100,balanced_x,fixed_half,coverage,0.95,0.021904291355759036,100
nsw,cps,real,100,balanced_x,fixed_half,ci_length,12.502861931115524,0.555466014625437,100
nsw,cps,real,100,balanced_x,fixed_half,omega_used,0.5,0.0,100
nsw,cps,real,100,balanced_x,fixed_half,ratio_balance_residual,3.8793209218603017e-08,3.5588054856389826e-09,100
nsw,cps,real,100,balanced_x,fixed_half,ratio_normalization_error,-1.7763568394002505e-17,3.662597375462278e-17,100
nsw,cps,real,100,balanced_x,fixed_half,ratio_ess,185.1407141403034,3.935916298319115,100
nsw,cps,real,100,balanced_x,joint,rmse,3.218752917393476,0.2986165116093747,100
nsw,cps,real,100,balanced_x,joint,bias,-0.4353911065742714,0.3205236392351363,100
nsw,cps,real,100,balanced_x,joint,coverage,0.94,0.023868325657594204,100
nsw,cps,real,100,balanced_x,joint,ci_length,12.367625352694807,0.5485209046291775,100
nsw,cps,real,100,balanced_x,joint,omega_used,0.309162330330249,0.03639838288475334,100
nsw,cps,real,100,balanced_x,joint,ratio_balance_residual,3.8793209218603017e-08,3.5588054856389826e-09,100
nsw,cps,real,100,balanced_x,joint,ratio_normalization_error,-1.7763568394002505e-17,3.662597375462278e-17,100
nsw,cps,real,100,balanced_x,joint,ratio_ess,185.1407141403034,3.935916298319115,100
nsw,cps,real,100,balanced_x,lambda_only,rmse,3.190947309233862,0.31101223080969004,100
nsw,cps,real,100,balanced_x,lambda_only,bias,-0.31974801859392055,0.31908812523467345,100
nsw,cps,real,100,balanced_x,lambda_only,coverage,0.96,0.019694638556693237,100
nsw,cps,real,100,balanced_x,lambda_only,ci_length,12.279353494063788,0.552658155878048,100
nsw,cps,real,100,balanced_x,lambda_only,omega_used,0.0,0.0,100
nsw,cps,real,100,balanced_x,lambda_only,ratio_balance_residual,3.8793209218603017e-08,3.5588054856389826e-09,100
nsw,cps,real,100,balanced_x,lambda_only,ratio_normalization_error,-1.7763568394002505e-17,3.662597375462278e-17,100
nsw,cps,real,100,balanced_x,lambda_only,ratio_ess,185.1407141403034,3.935916298319115,100
nsw,cps,real,100,balanced_x,omega_only,rmse,4.099122392233036,0.37653963200689206,100
nsw,cps,real,100,balanced_x,omega_only,bias,-0.19426481880937607,0.41151439419918673,100
nsw,cps,real,100,balanced_x,omega_only,coverage,0.92,0.027265992434429072,100
nsw,cps,real,100,balanced_x,omega_only,ci_length,14.9326607183485,0.6737054291698653,100
nsw,cps,real,100,balanced_x,omega_only,omega_used,0.309162330330249,0.03639838288475334,100
nsw,cps,real,100,balanced_x,omega_only,ratio_balance_residual,3.8793209218603017e-08,3.5588054856389826e-09,100
nsw,cps,real,100,balanced_x,omega_only,ratio_normalization_error,-1.7763568394002505e-17,3.662597375462278e-17,100
nsw,cps,real,100,balanced_x,omega_only,ratio_ess,185.1407141403034,3.935916298319115,100
nsw,cps,real,100,balanced_x,rct_only,rmse,4.107046183306807,0.37914978228224905,100
nsw,cps,real,100,balanced_x,rct_only,bias,-0.0786217308290253,0.4126980329693031,100
nsw,cps,real,100,balanced_x,rct_only,coverage,0.94,0.023868325657594204,100
nsw,cps,real,100,balanced_x,rct_only,ci_length,14.90338980330168,0.6776347113969272,100
nsw,cps,real,100,balanced_x,rct_only,omega_used,0.0,0.0,100
nsw,cps,real,100,balanced_x,rct_only,ratio_balance_residual,3.8793209218603017e-08,3.5588054856389826e-09,100
nsw,cps,real,100,balanced_x,rct_only,ratio_normalization_error,-1.7763568394002505e-17,3.662597375462278e-17,100
nsw,cps,real,100,balanced_x,rct_only,ratio_ess,185.1407141403034,3.935916298319115,100
nsw,cps,real,100,balanced_x_ghat,fixed_half,rmse,3.2269357545278736,0.2760185238140508,100
nsw,cps,real,100,balanced_x_ghat,fixed_half,bias,-0.3281921681565204,0.3226375560467648,100
nsw,cps,real,100,balanced_x_ghat,fixed_half,coverage,0.94,0.023868325657594204,100
nsw,cps,real,100,balanced_x_ghat,fixed_half,ci_length,12.51038886526834,0.5549988860962279,100
nsw,cps,real,100,balanced_x_ghat,fixed_half,omega_used,0.5,0.0,100
nsw,cps,real,100,balanced_x_ghat,fixed_half,ratio_balance_residual,4.404406169479514e-08,4.044369440095773e-09,100
nsw,cps,real,100,balanced_x_ghat,fixed_half,ratio_normalization_error,-3.7747582837255325e-17,3.599159992986695e-17,100
nsw,cps,real,100,balanced_x_ghat,fixed_half,ratio_ess,183.20737401305774,4.048341783707095,100
nsw,cps,real,100,balanced_x_ghat,joint,rmse,3.237908863081788,0.30037784692327574,100
nsw,cps,real,100,balanced_x_ghat,joint,bias,-0.4052703419922864,0.32286297802792613,100
nsw,cps,real,100,balanced_x_ghat,joint,coverage,0.95,0.021904291355759036,100
nsw,cps,real,100,balanced_x_ghat,joint,ci_length,12.376777400174454,0.5478267682284559,100
nsw,cps,real,100,balanced_x_ghat,joint,omega_used,0.3043533684002861,0.03601013128646732,100
nsw,cps,real,100,balanced_x_ghat,joint,ratio_balance_residual,4.404406169479514e-08,4.044369440095773e-09,100
nsw,cps,real,100,balanced_x_ghat,joint,ratio_normalization_error,-3.7747582837255325e-17,3.599159992986695e-17,100
nsw,cps,real,100,balanced_x_ghat,joint,ratio_ess,183.20737401305774,4.048341783707095,100
nsw,cps,real,100,balanced_x_ghat,lambda_only,rmse,3.190947309233862,0.31101223080969004,100
nsw,cps,real,100,balanced_x_ghat,lambda_only,bias,-0.31974801859392055,0.31908812523467345,100
nsw,cps,real,100,balanced_x_ghat,lambda_only,coverage,0.96,0.019694638556693237,100
nsw,cps,real,100,balanced_x_ghat,lambda_only,ci_length,12.279353494063788,0.552658155878048,100
nsw,cps,real,100,balanced_x_ghat,lambda_only,omega_used,0.0,0.0,100
nsw,cps,real,100,balanced_x_ghat,lambda_only,ratio_balance_residual,4.404406169479514e-08,4.044369440095773e-09,100
nsw,cps,real,100,balanced_x_ghat,lambda_only,ratio_normalization_error,-3.7747582837255325e-17,3.599159992986695e-17,100
nsw,cps,real,100,balanced_x_ghat,lambda_only,ratio_ess,183.20737401305774,4.048341783707095,100
nsw,cps,real,100,balanced_x_ghat,omega_only,rmse,4.113384358277,0.3778230883001744,100
nsw,cps,real,100,balanced_x_ghat,omega_only,bias,-0.1641440542273909,0.413081394483559,100
nsw,cps,real,100,balanced_x_ghat,omega_only,coverage,0.92,0.027265992434429072,100
nsw,cps,real,100,balanced_x_ghat,omega_only,ci_length,14.938602699008484,0.6737137025687002,100
nsw,cps,real,100,balanced_x_ghat,omega_only,omega_used,0.3043533684002861,0.03601013128646732,100
nsw,cps,real,100,balanced_x_ghat,omega_only,ratio_balance_residual,4.404406169479514e-08,4.044369440095773e-09,100
nsw,cps,real,100,balanced_x_ghat,omega_only,ratio_normalization_error,-3.7747582837255325e-17,3.599159992986695e-17,100
nsw,cps,real,100,balanced_x_ghat,omega_only,ratio_ess,183.20737401305774,4.048341783707095,100
nsw,cps,real,100,balanced_x_ghat,rct_only,rmse,4.107046183306807,0.37914978228224905,100
nsw,cps,real,100,balanced_x_ghat,rct_only,bias,-0.0786217308290253,0.4126980329693031,100
nsw,cps,real,100,balanced_x_ghat,rct_only,coverage,0.94,0.023868325657594204,100
nsw,cps,real,100,balanced_x_ghat,rct_only,ci_length,14.90338980330168,0.6776347113969272,100
nsw,cps,real,100,balanced_x_ghat,rct_only,omega_used,0.0,0.0,100
nsw,cps,real,100,balanced_x_ghat,rct_only,ratio_balance_residual,4.404406169479514e-08,4.044369440095773e-09,100
nsw,cps,real,100,balanced_x_ghat,rct_only,ratio_normalization_error,-3.7747582837255325e-17,3.599159992986695e-17,100
nsw,cps,real,100,balanced_x_ghat,rct_only,ratio_ess,183.20737401305774,4.048341783707095,100
nsw,cps,real,100,classifier,fixed_half,rmse,3.2328495873628262,0.28160117417745073,100
nsw,cps,real,100,classifier,fixed_half,bias,-0.3884846704352543,0.3225591499330681,100
nsw,cps,real,100,classifier,fixed_half,coverage,0.95,0.021904291355759036,100
nsw,cps,real,100,classifier,fixed_half,ci_length,12.496372636663,0.5556566016284497,100
nsw,cps,real,100,classifier,fixed_half,omega_used,0.5,0.0,100
nsw,cps,real,100,classifier,fixed_half,ratio_normalization_error,0.002735273484115298,0.001256096721577146,100
nsw,cps,real,100,classifier,fixed_half,ratio_ess,193.85092524101657,4.271923904067892,100
nsw,cps,real,100,classifier,joint,rmse,3.2098504127668184,0.29937526154630967,100
nsw,cps,real,100,classifier,joint,bias,-0.4560124439375455,0.31932998548433955,100
nsw,cps,real,100,classifier,joint,coverage,0.94,0.023868325657594204,100
nsw,cps,real,100,classifier,joint,ci_length,12.362764934175866,0.5492426511772578,100
nsw,cps,real,100,classifier,joint,omega_used,0.31694940444337166,0.037019529483646195,100
nsw,cps,real,100,classifier,joint,ratio_normalization_error,0.002735273484115298,0.001256096721577146,100
nsw,cps,real,100,classifier,joint,ratio_ess,193.85092524101657,4.271923904067892,100
nsw,cps,real,100,classifier,lambda_only,rmse,3.190947309233862,0.31101223080969004,100
nsw,cps,real,100,classifier,lambda_only,bias,-0.31974801859392055,0.31908812523467345,100
nsw,cps,real,100,classifier,lambda_only,coverage,0.96,0.019694638556693237,100
nsw,cps,real,100,classifier,lambda_only,ci_length,12.279353494063788,0.552658155878048,100
nsw,cps,real,100,classifier,lambda_only,omega_used,0.0,0.0,100
nsw,cps,real,100,classifier,lambda_only,ratio_normalization_error,0.002735273484115298,0.001256096721577146,100
nsw,cps,real,100,classifier,lambda_only,ratio_ess,193.85092524101657,4.271923904067892,100
nsw,cps,real,100,classifier,omega_only,rmse,4.095539076284249,0.37699875463818017,100
nsw,cps,real,100,classifier,omega_only,bias,-0.21488615617265022,0.4110501980362278,100
nsw,cps,real,100,classifier,omega_only,coverage,0.92,0.027265992434429072,100
nsw,cps,real,100,classifier,omega_only,ci_length,14.929906701784741,0.6737417049900312,100
nsw,cps,real,100,classifier,omega_only,omega_used,0.31694940444337166,0.037019529483646195,100
nsw,cps,real,100,classifier,omega_only,ratio_normalization_error,0.002735273484115298,0.001256096721577146,100
nsw,cps,real,100,classifier,omega_only,ratio_ess,193.85092524101657,4.271923904067892,100
nsw,cps,real,100,classifier,rct_only,rmse,4.107046183306807,0.37914978228224905,100
nsw,cps,real,100,classifier,rct_only,bias,-0.0786217308290253,0.4126980329693031,100
nsw,cps,real,100,classifier,rct_only,coverage,0.94,0.023868325657594204,100
nsw,cps,real,100,classifier,rct_only,ci_length,14.90338980330168,0.6776347113969272,100
nsw,cps,real,100,classifier,rct_only,omega_used,0.0,0.0,100
nsw,cps,real,100,classifier,rct_only,ratio_normalization_error,0.002735273484115298,0.001256096721577146,100
nsw,cps,real,100,classifier,rct_only,ratio_ess,193.85092524101657,4.271923904067892,100
nsw,cps,real,100,unit,fixed_half,rmse,3.623003823607292,0.2662344313827324,100
nsw,cps,real,100,unit,fixed_half,bias,-1.5009583222546055,0.3314077841591683,100
nsw,cps,real,100,unit,fixed_half,coverage,0.89,0.031446603773522014,100
nsw,cps,real,100,unit,fixed_half,ci_length,12.45281631960295,0.5570549145493138,100
nsw,cps,real,100,unit,fixed_half,omega_used,0.5,0.0,100
nsw,cps,real,100,unit,joint,rmse,3.5292318696470164,0.28171943127602594,100
nsw,cps,real,100,unit,joint,bias,-1.1643693296609743,0.3348408585346365,100
nsw,cps,real,100,unit,joint,coverage,0.91,0.028762349126466143,100
nsw,cps,real,100,unit,joint,ci_length,12.339392361471475,0.5499652579202022,100
nsw,cps,real,100,unit,joint,omega_used,0.36307548200477596,0.03971299207519639,100
nsw,cps,real,100,unit,lambda_only,rmse,3.190947309233862,0.31101223080969004,100
nsw,cps,real,100,unit,lambda_only,bias,-0.31974801859392055,0.31908812523467345,100
nsw,cps,real,100,unit,lambda_only,coverage,0.96,0.019694638556693237,100
nsw,cps,real,100,unit,lambda_only,ci_length,12.279353494063788,0.552658155878048,100
nsw,cps,real,100,unit,lambda_only,omega_used,0.0,0.0,100
nsw,cps,real,100,unit,omega_only,rmse,4.278916054004399,0.36664413068167245,100
nsw,cps,real,100,unit,omega_only,bias,-0.923243041896079,0.4199175590422368,100
nsw,cps,real,100,unit,omega_only,coverage,0.9,0.03015113445777636,100
nsw,cps,real,100,unit,omega_only,ci_length,14.908151380417266,0.6738439195334459,100
nsw,cps,real,100,unit,omega_only,omega_used,0.36307548200477596,0.03971299207519639,100
nsw,cps,real,100,unit,rct_only,rmse,4.107046183306807,0.37914978228224905,100
nsw,cps,real,100,unit,rct_only,bias,-0.0786217308290253,0.4126980329693031,100
nsw,cps,real,100,unit,rct_only,coverage,0.94,0.023868325657594204,100
nsw,cps,real,100,unit,rct_only,ci_length,14.90338980330168,0.6776347113969272,100
nsw,cps,real,100,unit,rct_only,omega_used,0.0,0.0,100
nsw,cps,real,200,balanced_x,fixed_half,rmse,2.3348324584964546,0.16947634799322506,100
nsw,cps,real,200,balanced_x,fixed_half,bias,-0.47429950349474587,0.22976673701103772,100
nsw,cps,real,200,balanced_x,fixed_half,coverage,0.92,0.027265992434429072,100
nsw,cps,real,200,balanced_x,fixed_half,ci_length,9.106120314472678,0.27453731008442855,100
nsw,cps,real,200,balanced_x,fixed_half,omega_used,0.5,0.0,100
nsw,cps,real,200,balanced_x,fixed_half,ratio_balance_residual,4.1774863738623657e-08,3.8563826861965976e-09,100
nsw,cps,real,200,balanced_x,fixed_half,ratio_normalization_error,6.661338147750939e-18,1.270463357426711e-17,100
nsw,cps,real,200,balanced_x,fixed_half,ratio_ess,176.815476331769,3.027672567187526,100
nsw,cps,real,200,balanced_x,joint,rmse,2.186280426351286,0.16724237846506387,100
nsw,cps,real,200,balanced_x,joint,bias,-0.5233338988685879,0.21334147079512672,100
nsw,cps,real,200,balanced_x,joint,coverage,0.95,0.021904291355759036,100
nsw,cps,real,200,balanced_x,joint,ci_length,8.884683894088512,0.26449731021039175,100
nsw,cps,real,200,balanced_x,joint,omega_used,0.22080842065536171,0.02671012391871268,100
nsw,cps,real,200,balanced_x,joint,ratio_balance_residual,4.1774863738623657e-08,3.8563826861965976e-09,100
nsw,cps,real,200,balanced_x,joint,ratio_normalization_error,6.661338147750939e-18,1.270463357426711e-17,100
nsw,cps,real,200,balanced_x,joint,ratio_ess,176.815476331769,3.027672567187526,100
nsw,cps,real,200,balanced_x,lambda_only,rmse,2.1415538267283964,0.1606119121704332,100
nsw,cps,real,200,balanced_x,lambda_only,bias,-0.4932563992026291,0.2094473468083507,100
nsw,cps,real,200,balanced_x,lambda_only,coverage,0.95,0.021904291355759036,100
nsw,cps,real,200,balanced_x,lambda_only,ci_length,8.831986045545122,0.2657356788397231,100
nsw,cps,real,200,balanced_x,lambda_only,omega_used,0.0,0.0,100
nsw,cps,real,200,balanced_x,lambda_only,ratio_balance_residual,4.1774863738623657e-08,3.8563826861965976e-09,100
nsw,cps,real,200,balanced_x,lambda_only,ratio_normalization_error,6.661338147750939e-18,1.270463357426711e-17,100
nsw,cps,real,200,balanced_x,lambda_only,ratio_ess,176.815476331769,3.027672567187526,100
nsw,cps,real,200,balanced_x,omega_only,rmse,2.830419109627631,0.2037823103176683,100
nsw,cps,real,200,balanced_x,omega_only,bias,-0.41684603053974195,0.28136592736237664,100
nsw,cps,real,200,balanced_x,omega_only,coverage,0.92,0.027265992434429075,100
nsw,cps,real,200,balanced_x,omega_only,ci_length,10.454546273666313,0.3344239982900193,100
nsw,cps,real,200,balanced_x,omega_only,omega_used,0.22080842065536171,0.02671012391871268,100
nsw,cps,real,200,balanced_x,omega_only,ratio_balance_residual,4.1774863738623657e-08,3.8563826861965976e-09,100
nsw,cps,real,200,balanced_x,omega_only,ratio_normalization_error,6.661338147750939e-18,1.270463357426711e-17,100
nsw,cps,real,200,balanced_x,omega_only,ratio_ess,176.815476331769,3.027672567187526,100
nsw,cps,real,200,balanced_x,rct_only,rmse,2.789312158497142,0.19967101186972488,100
nsw,cps,real,200,balanced_x,rct_only,bias,-0.3867685308737832,0.27762834726065716,100
nsw,cps,real,200,balanced_x,rct_only,coverage,0.95,0.02190429135575904,100
nsw,cps,real,200,balanced_x,rct_only,ci_length,10.41942932526668,0.33528779737385306,100
nsw,cps,real,200,balanced_x,rct_only,omega_used,0.0,0.0,100
nsw,cps,real,200,balanced_x,rct_only,ratio_balance_residual,4.1774863738623657e-08,3.8563826861965976e-09,100
nsw,cps,real,200,balanced_x,rct_only,ratio_normalization_error,6.661338147750939e-18,1.270463357426711e-17,100
nsw,cps,real,200,balanced_x,rct_only,ratio_ess,176.815476331769,3.027672567187526,100
nsw,cps,real,200,balanced_x_ghat,fixed_half,rmse,2.311058145637663,0.1688977061195945,100
nsw,cps,real,200,balanced_x_ghat,fixed_half,bias,-0.4456257362216689,0.22791118808406444,100
nsw,cps,real,200,balanced_x_ghat,fixed_half,coverage,0.92,0.027265992434429072,100
nsw,cps,real,200,balanced_x_ghat,fixed_half,ci_length,9.10999882504535,0.2741840384658418,100
nsw,cps,real,200,balanced_x_ghat,fixed_half,omega_used,0.5,0.0,100
nsw,cps,real,200,balanced_x_ghat,fixed_half,ratio_balance_residual,4.117040886080642e-08,2.8025457065948375e-09,100
nsw,cps,real,200,balanced_x_ghat,fixed_half,ratio_normalization_error,-5.551115123125783e-18,1.3790602544805069e-17,100
nsw,cps,real,200,balanced_x_ghat,fixed_half,ratio_ess,174.6738152933181,2.994691953631998,100
nsw,cps,real,200,balanced_x_ghat,joint,rmse,2.16962146776692,0.16325721729433554,100
nsw,cps,real,200,balanced_x_ghat,joint,bias,-0.5132354276528358,0.21186632695390828,100
nsw,cps,real,200,balanced_x_ghat,joint,coverage,0.95,0.021904291355759036,100
nsw,cps,real,200,balanced_x_ghat,joint,ci_length,8.8832404234221,0.26439160918539234,100
nsw,cps,real,200,balanced_x_ghat,joint,omega_used,0.2140685671086635,0.026215816010946226,100
nsw,cps,real,200,balanced_x_ghat,joint,ratio_balance_residual,4.117040886080642e-08,2.8025457065948375e-09,100
nsw,cps,real,200,balanced_x_ghat,joint,ratio_normalization_error,-5.551115123125783e-18,1.3790602544805069e-17,100
nsw,cps,real,200,balanced_x_ghat,joint,ratio_ess,174.6738152933181,2.994691953631998,100
nsw,cps,real,200,balanced_x_ghat,lambda_only,rmse,2.1415538267283964,0.1606119121704332,100
nsw,cps,real,200,balanced_x_ghat,lambda_only,bias,-0.4932563992026291,0.2094473468083507,100
nsw,cps,real,200,balanced_x_ghat,lambda_only,coverage,0.95,0.021904291355759036,100
nsw,cps,real,200,balanced_x_ghat,lambda_only,ci_length,8.831986045545122,0.2657356788397231,100
nsw,cps,real,200,balanced_x_ghat,lambda_only,omega_used,0.0,0.0,100
nsw,cps,real,200,balanced_x_ghat,lambda_only,ratio_balance_residual,4.117040886080642e-08,2.8025457065948375e-09,100
nsw,cps,real,200,balanced_x_ghat,lambda_only,ratio_normalization_error,-5.551115123125783e-18,1.3790602544805069e-17,100
nsw,cps,real,200,balanced_x_ghat,lambda_only,ratio_ess,174.6738152933181,2.994691953631998,100
nsw,cps,real,200,balanced_x_ghat,omega_only,rmse,2.813709926343233,0.2021020604770556,100
nsw,cps,real,200,balanced_x_ghat,omega_only,bias,-0.4067475593239898,0.27981812225314673,100
nsw,cps,real,200,balanced_x_ghat,omega_only,coverage,0.93,0.025643239997624283,100
nsw,cps,real,200,balanced_x_ghat,omega_only,ci_length,10.454779336860224,0.33427937294813037,100
nsw,cps,real,200,balanced_x_ghat,omega_only,omega_used,0.2140685671086635,0.026215816010946226,100
nsw,cps,real,200,balanced_x_ghat,omega_only,ratio_balance_residual,4.117040886080642e-08,2.8025457065948375e-09,100
nsw,cps,real,200,balanced_x_ghat,omega_only,ratio_normalization_error,-5.551115123125783e-18,1.3790602544805069e-17,100
nsw,cps,real,200,balanced_x_ghat,omega_only,ratio_ess,174.6738152933181,2.994691953631998,100
nsw,cps,real,200,balanced_x_ghat,rct_only,rmse,2.789312158497142,0.19967101186972488,100
nsw,cps,real,200,balanced_x_ghat,rct_only,bias,-0.3867685308737832,0.27762834726065716,100
nsw,cps,real,200,balanced_x_ghat,rct_only,coverage,0.95,0.02190429135575904,100
nsw,cps,real,200,balanced_x_ghat,rct_only,ci_length,10.41942932526668,0.33528779737385306,100
nsw,cps,real,200,balanced_x_ghat,rct_only,omega_used,0.0,0.0,100
nsw,cps,real,200,balanced_x_ghat,rct_only,ratio_balance_residual,4.117040886080642e-08,2.8025457065948375e-09,100
nsw,cps,real,200,balanced_x_ghat,rct_only,ratio_normalization_error,-5.551115123125783e-18,1.3790602544805069e-17,100
nsw,cps,real,200,balanced_x_ghat,rct_only,ratio_ess,174.6738152933181,2.994691953631998,100
nsw,cps,real,200,classifier,fixed_half,rmse,2.352133064241355,0.16896413489709117,100
nsw,cps,real,200,classifier,fixed_half,bias,-0.49949627048329104,0.23100643717627412,100
nsw,cps,real,200,classifier,fixed_half,coverage,0.92,0.027265992434429072,100
nsw,cps,real,200,classifier,fixed_half,ci_length,9.096940472230038,0.2745936786174436,100
nsw,cps,real,200,classifier,fixed_half,omega_used,0.5,0.0,100
nsw,cps,real,200,classifier,fixed_half,ratio_normalization_error,0.008921624518447174,0.0017814952789314497,100
nsw,cps,real,200,classifier,fixed_half,ratio_ess,177.20111977789264,2.9928944532037636,100
nsw,cps,real,200,classifier,joint,rmse,2.185125769764775,0.16477809814726546,100
nsw,cps,real,200,classifier,joint,bias,-0.5276430098938113,0.21311464842126687,100
nsw,cps,real,200,classifier,joint,coverage,0.95,0.021904291355759036,100
nsw,cps,real,200,classifier,joint,ci_length,8.886078203857904,0.26448021537673105,100
nsw,cps,real,200,classifier,joint,omega_used,0.22875989385658227,0.02746512427128838,100
nsw,cps,real,200,classifier,joint,ratio_normalization_error,0.008921624518447174,0.0017814952789314497,100
nsw,cps,real,200,classifier,joint,ratio_ess,177.20111977789264,2.9928944532037636,100
nsw,cps,real,200,classifier,lambda_only,rmse,2.1415538267283964,0.1606119121704332,100
nsw,cps,real,200,classifier,lambda_only,bias,-0.4932563992026291,0.2094473468083507,100
nsw,cps,real,200,classifier,lambda_only,coverage,0.95,0.021904291355759036,100
nsw,cps,real,200,classifier,lambda_only,ci_length,8.831986045545122,0.2657356788397231,100
nsw,cps,real,200,classifier,lambda_only,omega_used,0.0,0.0,100
nsw,cps,real,200,classifier,lambda_only,ratio_normalization_error,0.008921624518447174,0.0017814952789314497,100
nsw,cps,real,200,classifier,lambda_only,ratio_ess,177.20111977789264,2.9928944532037636,100
nsw,cps,real,200,classifier,omega_only,rmse,2.8301663636536456,0.2027023394875674,100
nsw,cps,real,200,classifier,omega_only,bias,-0.42115514156496553,0.28127541398426403,100
nsw,cps,real,200,classifier,omega_only,coverage,0.92,0.027265992434429075,100
nsw,cps,real,200,classifier,omega_only,ci_length,10.455715959099054,0.33440781752339366,100
nsw,cps,real,200,classifier,omega_only,omega_used,0.22875989385658227,0.02746512427128838,100
nsw,cps,real,200,classifier,omega_only,ratio_normalization_error,0.008921624518447174,0.0017814952789314497,100
nsw,cps,real,200,classifier,omega_only,ratio_ess,177.20111977789264,2.9928944532037636,100
nsw,cps,real,200,classifier,rct_only,rmse,2.789312158497142,0.19967101186972488,100
nsw,cps,real,200,classifier,rct_only,bias,-0.3867685308737832,0.27762834726065716,100
nsw,cps,real,200,classifier,rct_only,coverage,0.95,0.02190429135575904,100
nsw,cps,real,200,classifier,rct_only,ci_length,10.41942932526668,0.33528779737385306,100
nsw,cps,real,200,classifier,rct_only,omega_used,0.0,0.0,100
nsw,cps,real,200,classifier,rct_only,ratio_normalization_error,0.008921624518447174,0.0017814952789314497,100
nsw,cps,real,200,classifier,rct_only,ratio_ess,177.20111977789264,2.9928944532037636,100
nsw,cps,real,200,unit,fixed_half,rmse,2.896736445469818,0.2008131125256589,100
nsw,cps,real,200,unit,fixed_half,bias,-1.564094939163969,0.24504563697390586,100
nsw,cps,real,200,unit,fixed_half,coverage,0.84,0.036845294917747066,100
nsw,cps,real,200,unit,fixed_half,ci_length,9.032123048876974,0.27561587834611695,100
nsw,cps,real,200,unit,fixed_half,omega_used,0.5,0.0,100
nsw,cps,real,200,unit,joint,rmse,2.6502259833418638,0.20167396069822896,100
nsw,cps,real,200,unit,joint,bias,-1.2181759209160123,0.23655236651926867,100
nsw,cps,real,200,unit,joint,coverage,0.87,0.03379976689896311,100
nsw,cps,real,200,unit,joint,ci_length,8.892662558505402,0.26524461773231567,100
nsw,cps,real,200,unit,joint,omega_used,0.3292531198849211,0.03529241348682143,100
nsw,cps,real,200,unit,lambda_only,rmse,2.1415538267283964,0.1606119121704332,100
nsw,cps,real,200,unit,lambda_only,bias,-0.4932563992026291,0.2094473468083507,100
nsw,cps,real,200,unit,lambda_only,coverage,0.95,0.021904291355759036,100
nsw,cps,real,200,unit,lambda_only,ci_length,8.831986045545122,0.2657356788397231,100
nsw,cps,real,200,unit,lambda_only,omega_used,0.0,0.0,100
nsw,cps,real,200,unit,omega_only,rmse,3.0702592979922976,0.2212114250150835,100
nsw,cps,real,200,unit,omega_only,bias,-1.1116880525871664,0.28763476122520715,100
nsw,cps,real,200,unit,omega_only,coverage,0.89,0.03144660377352201,100
nsw,cps,real,200,unit,omega_only,ci_length,10.45562842906559,0.33607477826285764,100
nsw,cps,real,200,unit,omega_only,omega_used,0.3292531198849211,0.03529241348682143,100
nsw,cps,real,200,unit,rct_only,rmse,2.789312158497142,0.19967101186972488,100
nsw,cps,real,200,unit,rct_only,bias,-0.3867685308737832,0.27762834726065716,100
nsw,cps,real,200,unit,rct_only,coverage,0.95,0.02190429135575904,100
nsw,cps,real,200,unit,rct_only,ci_length,10.41942932526668,0.33528779737385306,100
nsw,cps,real,200,unit,rct_only,omega_used,0.0,0.0,100
nsw,cps,real,352,balanced_x,fixed_half,rmse,1.6516573869290883,0.11876676470638983,100
nsw,cps,real,352,balanced_x,fixed_half,bias,-0.7241540093601887,0.1491922051787927,100
nsw,cps,real,352,balanced_x,fixed_half,coverage,0.92,0.027265992434429072,100
nsw,cps,real,352,balanced_x,fixed_half,ci_length,6.3266660682949745,0.13355615027074283,100
nsw,cps,real,352,balanced_x,fixed_half,omega_used,0.5,0.0,100
nsw,cps,real,352,balanced_x,fixed_half,ratio_balance_residual,4.2927276993412476e-08,3.5217533009262727e-09,100
nsw,cps,real,352,balanced_x,fixed_half,ratio_normalization_error,5.551115123125783e-18,1.2660948765951494e-17,100
nsw,cps,real,352,balanced_x,fixed_half,ratio_ess,184.63218540657834,2.462909750754489,100
nsw,cps,real,352,balanced_x,joint,rmse,1.608057238282691,0.10354744281069474,100
nsw,cps,real,352,balanced_x,joint,bias,-0.7655637272530879,0.1421252918978449,100
nsw,cps,real,352,balanced_x,joint,coverage,0.92,0.027265992434429075,100
nsw,cps,real,352,balanced_x,joint,ci_length,6.190254472497958,0.13682358286323937,100
nsw,cps,real,352,balanced_x,joint,omega_used,0.12580890580485385,0.018419267675384647,100
nsw,cps,real,352,balanced_x,joint,ratio_balance_residual,4.2927276993412476e-08,3.5217533009262727e-09,100
nsw,cps,real,352,balanced_x,joint,ratio_normalization_error,5.551115123125783e-18,1.2660948765951494e-17,100
nsw,cps,real,352,balanced_x,joint,ratio_ess,184.63218540657834,2.462909750754489,100
nsw,cps,real,352,balanced_x,lambda_only,rmse,1.5849239204594006,0.10354151314537491,100
nsw,cps,real,352,balanced_x,lambda_only,bias,-0.7251929218438252,0.1416382880578543,100
nsw,cps,real,352,balanced_x,lambda_only,coverage,0.92,0.027265992434429075,100
nsw,cps,real,352,balanced_x,lambda_only,ci_length,6.173268516369112,0.13666272685344655,100
nsw,cps,real,352,balanced_x,lambda_only,omega_used,0.0,0.0,100
nsw,cps,real,352,balanced_x,lambda_only,ratio_balance_residual,4.2927276993412476e-08,3.5217533009262727e-09,100
nsw,cps,real,352,balanced_x,lambda_only,ratio_normalization_error,5.551115123125783e-18,1.2660948765951494e-17,100
nsw,cps,real,352,balanced_x,lambda_only,ratio_ess,184.63218540657834,2.462909750754489,100
nsw,cps,real,352,balanced_x,omega_only,rmse,1.784475084309348,0.13267400127901371,100
nsw,cps,real,352,balanced_x,omega_only,bias,-0.8108395008658635,0.1597627859715093,100
nsw,cps,real,352,balanced_x,omega_only,coverage,0.94,0.023868325657594204,100
nsw,cps,real,352,balanced_x,omega_only,ci_length,6.842783165610381,0.13913248341589757,100
nsw,cps,real,352,balanced_x,omega_only,omega_used,0.12580890580485385,0.018419267675384647,100
nsw,cps,real,352,balanced_x,omega_only,ratio_balance_residual,4.2927276993412476e-08,3.5217533009262727e-09,100
nsw,cps,real,352,balanced_x,omega_only,ratio_normalization_error,5.551115123125783e-18,1.2660948765951494e-17,100
nsw,cps,real,352,balanced_x,omega_only,ratio_ess,184.63218540657834,2.462909750754489,100
nsw,cps,real,352,balanced_x,rct_only,rmse,1.7540014907186992,0.1304486625440063,100
nsw,cps,real,352,balanced_x,rct_only,bias,-0.7704686954566011,0.1583660004184407,100
nsw,cps,real,352,balanced_x,rct_only,coverage,0.94,0.023868325657594204,100
nsw,cps,real,352,balanced_x,rct_only,ci_length,6.829581089032766,0.13905947013744385,100
nsw,cps,real,352,balanced_x,rct_only,omega_used,0.0,0.0,100
nsw,cps,real,352,balanced_x,rct_only,ratio_balance_residual,4.2927276993412476e-08,3.5217533009262727e-09,100
nsw,cps,real,352,balanced_x,rct_only,ratio_normalization_error,5.551115123125783e-18,1.2660948765951494e-17,100
nsw,cps,real,352,balanced_x,rct_only,ratio_ess,184.63218540657834,2.462909750754489,100
nsw,cps,real,352,balanced_x_ghat,fixed_half,rmse,1.646611153192511,0.11684181472191497,100
nsw,cps,real,352,balanced_x_ghat,fixed_half,bias,-0.6635764869216316,0.1514573826054181,100
nsw,cps,real,352,balanced_x_ghat,fixed_half,coverage,0.93,0.02564323999762428,100
nsw,cps,real,352,balanced_x_ghat,fixed_half,ci_length,6.336879373925565,0.13338226257888633,100
nsw,cps,real,352,balanced_x_ghat,fixed_half,omega_used,0.5,0.0,100
nsw,cps,real,352,balanced_x_ghat,fixed_half,ratio_balance_residual,3.901835069888837e-08,2.266673158316087e-09,100
nsw,cps,real,352,balanced_x_ghat,fixed_half,ratio_normalization_error,-6.661338147750939e-18,1.3090763126010146e-17,100
nsw,cps,real,352,balanced_x_ghat,fixed_half,ratio_ess,183.88481598099852,2.473064628997791,100
nsw,cps,real,352,balanced_x_ghat,joint,rmse,1.593436297839334,0.10367169286882323,100
nsw,cps,real,352,balanced_x_ghat,joint,bias,-0.7527920440082048,0.1411476543939282,100
nsw,cps,real,352,balanced_x_ghat,joint,coverage,0.93,0.025643239997624283,100
nsw,cps,real,352,balanced_x_ghat,joint,ci_length,6.189765559502653,0.1368719617634911,100
nsw,cps,real,352,balanced_x_ghat,joint,omega_used,0.12296165946168364,0.018221264970900583,100
nsw,cps,real,352,balanced_x_ghat,joint,ratio_balance_residual,3.901835069888837e-08,2.266673158316087e-09,100
nsw,cps,real,352,balanced_x_ghat,joint,ratio_normalization_error,-6.661338147750939e-18,1.3090763126010146e-17,100
nsw,cps,real,352,balanced_x_ghat,joint,ratio_ess,183.88481598099852,2.473064628997791,100
nsw,cps,real,352,balanced_x_ghat,lambda_only,rmse,1.5849239204594006,0.10354151314537491,100
nsw,cps,real,352,balanced_x_ghat,lambda_only,bias,-0.7251929218438252,0.1416382880578543,100
nsw,cps,real,352,balanced_x_ghat,lambda_only,coverage,0.92,0.027265992434429075,100
nsw,cps,real,352,balanced_x_ghat,lambda_only,ci_length,6.173268516369112,0.13666272685344655,100
nsw,cps,real,352,balanced_x_ghat,lambda_only,omega_used,0.0,0.0,100
nsw,cps,real,352,balanced_x_ghat,lambda_only,ratio_balance_residual,3.901835069888837e-08,2.266673158316087e-09,100
nsw,cps,real,352,balanced_x_ghat,lambda_only,ratio_normalization_error,-6.661338147750939e-18,1.3090763126010146e-17,100
nsw,cps,real,352,balanced_x_ghat,lambda_only,ratio_ess,183.88481598099852,2.473064628997791,100
nsw,cps,real,352,balanced_x_ghat,omega_only,rmse,1.7734976309943127,0.13266785651219704,100
nsw,cps,real,352,balanced_x_ghat,omega_only,bias,-0.7980678176209807,0.15917659355431882,100
nsw,cps,real,352,balanced_x_ghat,omega_only,coverage,0.94,0.023868325657594204,100
nsw,cps,real,352,balanced_x_ghat,omega_only,ci_length,6.842403704866899,0.13922837567724217,100
nsw,cps,real,352,balanced_x_ghat,omega_only,omega_used,0.12296165946168364,0.018221264970900583,100
nsw,cps,real,352,balanced_x_ghat,omega_only,ratio_balance_residual,3.901835069888837e-08,2.266673158316087e-09,100
nsw,cps,real,352,balanced_x_ghat,omega_only,ratio_normalization_error,-6.661338147750939e-18,1.3090763126010146e-17,100
nsw,cps,real,352,balanced_x_ghat,omega_only,ratio_ess,183.88481598099852,2.473064628997791,100
nsw,cps,real,352,balanced_x_ghat,rct_only,rmse,1.7540014907186992,0.1304486625440063,100
nsw,cps,real,352,balanced_x_ghat,rct_only,bias,-0.7704686954566011,0.1583660004184407,100
nsw,cps,real,352,balanced_x_ghat,rct_only,coverage,0.94,0.023868325657594204,100
nsw,cps,real,352,balanced_x_ghat,rct_only,ci_length,6.829581089032766,0.13905947013744385,100
nsw,cps,real,352,balanced_x_ghat,rct_only,omega_used,0.0,0.0,100
nsw,cps,real,352,balanced_x_ghat,rct_only,ratio_balance_residual,3.901835069888837e-08,2.266673158316087e-09,100
nsw,cps,real,352,balanced_x_ghat,rct_only,ratio_normalization_error,-6.661338147750939e-18,1.3090763126010146e-17,100
nsw,cps,real,352,balanced_x_ghat,rct_only,ratio_ess,183.88481598099852,2.473064628997791,100
nsw,cps,real,352,classifier,fixed_half,rmse,1.65259462378359,0.11675128984135398,100
nsw,cps,real,352,classifier,fixed_half,bias,-0.7460447360204444,0.14820427625118476,100
nsw,cps,real,352,classifier,fixed_half,coverage,0.92,0.027265992434429072,100
nsw,cps,real,352,classifier,fixed_half,ci_length,6.318121772708298,0.13386716806220292,100
nsw,cps,real,352,classifier,fixed_half,omega_used,0.5,0.0,100
nsw,cps,real,352,classifier,fixed_half,ratio_normalization_error,0.02183354895650813,0.0018131987082881165,100
nsw,cps,real,352,classifier,fixed_half,ratio_ess,179.21867604912117,2.4496421982468664,100
nsw,cps,real,352,classifier,joint,rmse,1.6063108657242158,0.10328957663874999,100
nsw,cps,real,352,classifier,joint,bias,-0.7700875231667861,0.14167824565894083,100
nsw,cps,real,352,classifier,joint,coverage,0.92,0.027265992434429075,100
nsw,cps,real,352,classifier,joint,ci_length,6.190141351415926,0.1369282530834017,100
nsw,cps,real,352,classifier,joint,omega_used,0.12878500868782175,0.01878903406297923,100
nsw,cps,real,352,classifier,joint,ratio_normalization_error,0.02183354895650813,0.0018131987082881165,100
nsw,cps,real,352,classifier,joint,ratio_ess,179.21867604912117,2.4496421982468664,100
nsw,cps,real,352,classifier,lambda_only,rmse,1.5849239204594006,0.10354151314537491,100
nsw,cps,real,352,classifier,lambda_only,bias,-0.7251929218438252,0.1416382880578543,100
nsw,cps,real,352,classifier,lambda_only,coverage,0.92,0.027265992434429075,100
nsw,cps,real,352,classifier,lambda_only,ci_length,6.173268516369112,0.13666272685344655,100
nsw,cps,real,352,classifier,lambda_only,omega_used,0.0,0.0,100
nsw,cps,real,352,classifier,lambda_only,ratio_normalization_error,0.02183354895650813,0.0018131987082881165,100
nsw,cps,real,352,classifier,lambda_only,ratio_ess,179.21867604912117,2.4496421982468664,100
nsw,cps,real,352,classifier,omega_only,rmse,1.7836400484571198,0.13201064047471855,100
nsw,cps,real,352,classifier,omega_only,bias,-0.8153632967795619,0.15943570049766337,100
nsw,cps,real,352,classifier,omega_only,coverage,0.94,0.023868325657594204,100
nsw,cps,real,352,classifier,omega_only,ci_length,6.8427084963668054,0.13926369160460148,100
nsw,cps,real,352,classifier,omega_only,omega_used,0.12878500868782175,0.01878903406297923,100
nsw,cps,real,352,classifier,omega_only,ratio_normalization_error,0.02183354895650813,0.0018131987082881165,100
nsw,cps,real,352,classifier,omega_only,ratio_ess,179.21867604912117,2.4496421982468664,100
nsw,cps,real,352,classifier,rct_only,rmse,1.7540014907186992,0.1304486625440063,100
nsw,cps,real,352,classifier,rct_only,bias,-0.7704686954566011,0.1583660004184407,100
nsw,cps,real,352,classifier,rct_only,coverage,0.94,0.023868325657594204,100
nsw,cps,real,352,classifier,rct_only,ci_length,6.829581089032766,0.13905947013744385,100
nsw,cps,real,352,classifier,rct_only,omega_used,0.0,0.0,100
nsw,cps,real,352,classifier,rct_only,ratio_normalization_error,0.02183354895650813,0.0018131987082881165,100
nsw,cps,real,352,classifier,rct_only,ratio_ess,179.21867604912117,2.4496421982468664,100
nsw,cps,real,352,unit,fixed_half,rmse,2.436438708546774,0.12281068281187343,100
nsw,cps,real,352,unit,fixed_half,bias,-1.9072990585250733,0.15236996051458623,100
nsw,cps,real,352,unit,fixed_half,coverage,0.71,0.045604802157206865,100
nsw,cps,real,352,unit,fixed_half,ci_length,6.214971543136625,0.13598873148571627,100
nsw,cps,real,352,unit,fixed_half,omega_used,0.5,0.0,100
nsw,cps,real,352,unit,joint,rmse,2.1875716025020115,0.1509679196728983,100
nsw,cps,real,352,unit,joint,bias,-1.3250359730583359,0.17493863819372907,100
nsw,cps,real,352,unit,joint,coverage,0.79,0.040936018074033236,100
nsw,cps,real,352,unit,joint,ci_length,6.201652411320354,0.13739359412422267,100
nsw,cps,real,352,unit,joint,omega_used,0.24859490988982066,0.030812054028967133,100
nsw,cps,real,352,unit,lambda_only,rmse,1.5849239204594006,0.10354151314537491,100
nsw,cps,real,352,unit,lambda_only,bias,-0.7251929218438252,0.1416382880578543,100
nsw,cps,real,352,unit,lambda_only,coverage,0.92,0.027265992434429075,100
nsw,cps,real,352,unit,lambda_only,ci_length,6.173268516369112,0.13666272685344655,100
nsw,cps,real,352,unit,lambda_only,omega_used,0.0,0.0,100
nsw,cps,real,352,unit,omega_only,rmse,2.2808118843144003,0.1489319709562944,100
nsw,cps,real,352,unit,omega_only,bias,-1.3703117466711114,0.18324649647497562,100
nsw,cps,real,352,unit,omega_only,coverage,0.87,0.033799766898963114,100
nsw,cps,real,352,unit,omega_only,ci_length,6.851260847286046,0.13941422936501546,100
nsw,cps,real,352,unit,omega_only,omega_used,0.24859490988982066,0.030812054028967133,100
nsw,cps,real,352,unit,rct_only,rmse,1.7540014907186992,0.1304486625440063,100
nsw,cps,real,352,unit,rct_only,bias,-0.7704686954566011,0.1583660004184407,100
nsw,cps,real,352,unit,rct_only,coverage,0.94,0.023868325657594204,100
nsw,cps,real,352,unit,rct_only,ci_length,6.829581089032766,0.13905947013744385,100
nsw,cps,real,352,unit,rct_only,omega_used,0.0,0.0,100
nsw,psid,real,100,balanced_x,fixed_half,rmse,1173529731831.5652,586764865915.7825,100
nsw,psid,real,100,balanced_x,fixed_half,bias,117352973183.15265,117352973183.15657,100
nsw,psid,real,100,balanced_x,fixed_half,coverage,0.95,0.021904291355759033,100
nsw,psid,real,100,balanced_x,fixed_half,ci_length,340644577973.215,340644577959.5509,100
nsw,psid,real,100,balanced_x,fixed_half,omega_used,0.5,0.0,100
nsw,psid,real,100,balanced_x,fixed_half,ratio_balance_residual,4.221600155798755e-08,4.247985746748091e-09,100
nsw,psid,real,100,balanced_x,fixed_half,ratio_normalization_error,2.7755575615628914e-17,2.9283530716050483e-17,100
nsw,psid,real,100,balanced_x,fixed_half,ratio_ess,59.388740150530815,1.257666876332382,100
nsw,psid,real,100,balanced_x,joint,rmse,3.1203757813535864,0.2254766685261253,100
nsw,psid,real,100,balanced_x,joint,bias,-0.19999983491230672,0.3129647264936143,100
nsw,psid,real,100,balanced_x,joint,coverage,0.94,0.023868325657594204,100
nsw,psid,real,100,balanced_x,joint,ci_length,12.811045433998915,0.5096372821145445,100
nsw,psid,real,100,balanced_x,joint,omega_used,0.17985258316183342,0.029049759238620642,100
nsw,psid,real,100,balanced_x,joint,ratio_balance_residual,4.221600155798755e-08,4.247985746748091e-09,100
nsw,psid,real,100,balanced_x,joint,ratio_normalization_error,2.7755575615628914e-17,2.9283530716050483e-17,100
nsw,psid,real,100,balanced_x,joint,ratio_ess,59.388740150530815,1.257666876332382,100
nsw,psid,real,100,balanced_x,lambda_only,rmse,3.064387185070533,0.21887535797978452,100
nsw,psid,real,100,balanced_x,lambda_only,bias,-0.27306678016176017,0.30675728821775866,100
nsw,psid,real,100,balanced_x,lambda_only,coverage,0.93,0.02564323999762428,100
nsw,psid,real,100,balanced_x,lambda_only,ci_length,12.689930164460309,0.5089108168098939,100
nsw,psid,real,100,balanced_x,lambda_only,omega_used,0.0,0.0,100
nsw,psid,real,100,balanced_x,lambda_only,ratio_balance_residual,4.221600155798755e-08,4.247985746748091e-09,100
nsw,psid,real,100,balanced_x,lambda_only,ratio_normalization_error,2.7755575615628914e-17,2.9283530716050483e-17,100
nsw,psid,real,100,balanced_x,lambda_only,ratio_ess,59.388740150530815,1.257666876332382,100
nsw,psid,real,100,balanced_x,omega_only,rmse,4.271568621300903,0.3629733840834596,100
nsw,psid,real,100,balanced_x,omega_only,bias,-0.2850259011985809,0.4283520066926977,100
nsw,psid,real,100,balanced_x,omega_only,coverage,0.93,0.02564323999762428,100
nsw,psid,real,100,balanced_x,omega_only,ci_length,15.372440113156495,0.7383386400542289,100
nsw,psid,real,100,balanced_x,omega_only,omega_used,0.17985258316183342,0.029049759238620642,100
nsw,psid,real,100,balanced_x,omega_only,ratio_balance_residual,4.221600155798755e-08,4.247985746748091e-09,100
nsw,psid,real,100,balanced_x,omega_only,ratio_normalization_error,2.7755575615628914e-17,2.9283530716050483e-17,100
nsw,psid,real,100,balanced_x,omega_only,ratio_ess,59.388740150530815,1.257666876332382,100
nsw,psid,real,100,balanced_x,rct_only,rmse,4.204758047333464,0.36192473629637434,100
nsw,psid,real,100,balanced_x,rct_only,bias,-0.3580928464480344,0.42105878749247,100
nsw,psid,real,100,balanced_x,rct_only,coverage,0.93,0.02564323999762428,100
nsw,psid,real,100,balanced_x,rct_only,ci_length,15.255152324181518,0.7362560462311888,100
nsw,psid,real,100,balanced_x,rct_only,omega_used,0.0,0.0,100
nsw,psid,real,100,balanced_x,rct_only,ratio_balance_residual,4.221600155798755e-08,4.247985746748091e-09,100
nsw,psid,real,100,balanced_x,rct_only,ratio_normalization_error,2.7755575615628914e-17,2.9283530716050483e-17,100
nsw,psid,real,100,balanced_x,rct_only,ratio_ess,59.388740150530815,1.257666876332382,100
nsw,psid,real,100,balanced_x_ghat,fixed_half,rmse,1956124.3768306563,978062.1884122271,100
nsw,psid,real,100,balanced_x_ghat,fixed_half,bias,195612.4877404011,195612.43717743596,100
nsw,psid,real,100,balanced_x_ghat,fixed_half,coverage,0.96,0.019694638556693237,100
nsw,psid,real,100,balanced_x_ghat,fixed_half,ci_length,564534.0457861653,564520.1689270914,100
nsw,psid,real,100,balanced_x_ghat,fixed_half,omega_used,0.5,0.0,100
nsw,psid,real,100,balanced_x_ghat,fixed_half,ratio_balance_residual,4.847441162164623e-08,3.805692389284527e-09,100
nsw,psid,real,100,balanced_x_ghat,fixed_half,ratio_normalization_error,-2.7755575615628914e-17,2.6469783206526495e-17,100
nsw,psid,real,100,balanced_x_ghat,fixed_half,ratio_ess,58.18033563842858,1.2621278747508007,100
nsw,psid,real,100,balanced_x_ghat,joint,rmse,3.1817492832289513,0.2375217249730379,100
nsw,psid,real,100,balanced_x_ghat,joint,bias,-0.169888579605011,0.3193216669572564,100
nsw,psid,real,100,balanced_x_ghat,joint,coverage,0.93,0.02564323999762428,100
nsw,psid,real,100,balanced_x_ghat,joint,ci_length,12.949479731351945,0.5330268555270645,100
nsw,psid,real,100,balanced_x_ghat,joint,omega_used,0.1704399678781874,0.02755763185605763,100
nsw,psid,real,100,balanced_x_ghat,joint,ratio_balance_residual,4.847441162164623e-08,3.805692389284527e-09,100
nsw,psid,real,100,balanced_x_ghat,joint,ratio_normalization_error,-2.7755575615628914e-17,2.6469783206526495e-17,100
nsw,psid,real,100,balanced_x_ghat,joint,ratio_ess,58.18033563842858,1.2621278747508007,100
nsw,psid,real,100,balanced_x_ghat,lambda_only,rmse,3.064387185070533,0.21887535797978452,100
nsw,psid,real,100,balanced_x_ghat,lambda_only,bias,-0.27306678016176017,0.30675728821775866,100
nsw,psid,real,100,balanced_x_ghat,lambda_only,coverage,0.93,0.02564323999762428,100
nsw,psid,real,100,balanced_x_ghat,lambda_only,ci_length,12.689930164460309,0.5089108168098939,100
nsw,psid,real,100,balanced_x_ghat,lambda_only,omega_used,0.0,0.0,100
nsw,psid,real,100,balanced_x_ghat,lambda_only,ratio_balance_residual,4.847441162164623e-08,3.805692389284527e-09,100
nsw,psid,real,100,balanced_x_ghat,lambda_only,ratio_normalization_error,-2.7755575615628914e-17,2.6469783206526495e-17,100
nsw,psid,real,100,balanced_x_ghat,lambda_only,ratio_ess,58.18033563842858,1.2621278747508007,100
nsw,psid,real,100,balanced_x_ghat,omega_only,rmse,4.309996464405092,0.3660561194295266,100
nsw,psid,real,100,balanced_x_ghat,omega_only,bias,-0.2549146458912852,0.4324126354980026,100
nsw,psid,real,100,balanced_x_ghat,omega_only,coverage,0.93,0.02564323999762428,100
nsw,psid,real,100,balanced_x_ghat,omega_only,ci_length,15.492655688988437,0.7528206502810615,100
nsw,psid,real,100,balanced_x_ghat,omega_only,omega_used,0.1704399678781874,0.02755763185605763,100
nsw,psid,real,100,balanced_x_ghat,omega_only,ratio_balance_residual,4.847441162164623e-08,3.805692389284527e-09,100
nsw,psid,real,100,balanced_x_ghat,omega_only,ratio_normalization_error,-2.7755575615628914e-17,2.6469783206526495e-17,100
nsw,psid,real,100,balanced_x_ghat,omega_only,ratio_ess,58.18033563842858,1.2621278747508007,100
nsw,psid,real,100,balanced_x_ghat,rct_only,rmse,4.204758047333464,0.36192473629637434,100
nsw,psid,real,100,balanced_x_ghat,rct_only,bias,-0.3580928464480344,0.42105878749247,100
nsw,psid,real,100,balanced_x_ghat,rct_only,coverage,0.93,0.02564323999762428,100
nsw,psid,real,100,balanced_x_ghat,rct_only,ci_length,15.255152324181518,0.7362560462311888,100
nsw,psid,real,100,balanced_x_ghat,rct_only,omega_used,0.0,0.0,100
nsw,psid,real,100,balanced_x_ghat,rct_only,ratio_balance_residual,4.847441162164623e-08,3.805692389284527e-09,100
nsw,psid,real,100,balanced_x_ghat,rct_only,ratio_normalization_error,-2.7755575615628914e-17,2.6469783206526495e-17,100
nsw,psid,real,100,balanced_x_ghat,rct_only,ratio_ess,58.18033563842858,1.2621278747508007,100
nsw,psid,real,100,classifier,fixed_half,rmse,3.303705363833079,0.22088044315224,100
nsw,psid,real,100,classifier,fixed_half,bias,-0.039308328018455956,0.3320113784463676,100
nsw,psid,real,100,classifier,fixed_half,coverage,0.96,0.019694638556693237,100
nsw,psid,real,100,classifier,fixed_half,ci_length,13.4574672913176,0.5317409253140084,100
nsw,psid,real,100,classifier,fixed_half,omega_used,0.5,0.0,100
nsw,psid,real,100,classifier,fixed_half,ratio_normalization_error,0.03319956500112526,0.0033757478389672808,100
nsw,psid,real,100,classifier,fixed_half,ratio_ess,59.94183405902485,1.3500850703897025,100
nsw,psid,real,100,classifier,joint,rmse,3.1369893960830377,0.22268578371332345,100
nsw,psid,real,100,classifier,joint,bias,-0.15869581864661117,0.3148756064835747,100
nsw,psid,real,100,classifier,joint,coverage,0.94,0.023868325657594204,100
nsw,psid,real,100,classifier,joint,ci_length,12.836703565239196,0.5101120397602431,100
nsw,psid,real,100,classifier,joint,omega_used,0.19740548220502738,0.030326942971945697,100
nsw,psid,real,100,classifier,joint,ratio_normalization_error,0.03319956500112526,0.0033757478389672808,100
nsw,psid,real,100,classifier,joint,ratio_ess,59.94183405902485,1.3500850703897025,100
nsw,psid,real,100,classifier,lambda_only,rmse,3.064387185070533,0.21887535797978452,100
nsw,psid,real,100,classifier,lambda_only,bias,-0.27306678016176017,0.30675728821775866,100
nsw,psid,real,100,classifier,lambda_only,coverage,0.93,0.02564323999762428,100
nsw,psid,real,100,classifier,lambda_only,ci_length,12.689930164460309,0.5089108168098939,100
nsw,psid,real,100,classifier,lambda_only,omega_used,0.0,0.0,100
nsw,psid,real,100,classifier,lambda_only,ratio_normalization_error,0.03319956500112526,0.0033757478389672808,100
nsw,psid,real,100,classifier,lambda_only,ratio_ess,59.94183405902485,1.3500850703897025,100
nsw,psid,real,100,classifier,omega_only,rmse,4.277465329622871,0.3612154146647992,100
nsw,psid,real,100,classifier,omega_only,bias,-0.24372188493288519,0.429203035104287,100
nsw,psid,real,100,classifier,omega_only,coverage,0.93,0.02564323999762428,100
nsw,psid,real,100,classifier,omega_only,ci_length,15.392893063765815,0.7390753275869038,100
nsw,psid,real,100,classifier,omega_only,omega_used,0.19740548220502738,0.030326942971945697,100
nsw,psid,real,100,classifier,omega_only,ratio_normalization_error,0.03319956500112526,0.0033757478389672808,100
nsw,psid,real,100,classifier,omega_only,ratio_ess,59.94183405902485,1.3500850703897025,100
nsw,psid,real,100,classifier,rct_only,rmse,4.204758047333464,0.36192473629637434,100
nsw,psid,real,100,classifier,rct_only,bias,-0.3580928464480344,0.42105878749247,100
nsw,psid,real,100,classifier,rct_only,coverage,0.93,0.02564323999762428,100
nsw,psid,real,100,classifier,rct_only,ci_length,15.255152324181518,0.7362560462311888,100
nsw,psid,real,100,classifier,rct_only,omega_used,0.0,0.0,100
nsw,psid,real,100,classifier,rct_only,ratio_normalization_error,0.03319956500112526,0.0033757478389672808,100
nsw,psid,real,100,classifier,rct_only,ratio_ess,59.94183405902485,1.3500850703897025,100
nsw,psid,real,100,unit,fixed_half,rmse,3.7813191813089846,0.28185039648188687,100
nsw,psid,real,100,unit,fixed_half,bias,-1.6691311256064834,0.34100825009225016,100
nsw,psid,real,100,unit,fixed_half,coverage,0.92,0.027265992434429072,100
nsw,psid,real,100,unit,fixed_half,ci_length,13.105839875693267,0.5420656729878441,100
nsw,psid,real,100,unit,fixed_half,omega_used,0.5,0.0,100
nsw,psid,real,100,unit,joint,rmse,3.482098386211471,0.3259440070475111,100
nsw,psid,real,100,unit,joint,bias,-1.171156300916937,0.32957582303942135,100
nsw,psid,real,100,unit,joint,coverage,0.88,0.03265986323710904,100
nsw,psid,real,100,unit,joint,ci_length,12.67809323261795,0.5094432794468704,100
nsw,psid,real,100,unit,joint,omega_used,0.35785233468027644,0.04187701735335026,100
nsw,psid,real,100,unit,lambda_only,rmse,3.064387185070533,0.21887535797978452,100
nsw,psid,real,100,unit,lambda_only,bias,-0.27306678016176017,0.30675728821775866,100
nsw,psid,real,100,unit,lambda_only,coverage,0.93,0.02564323999762428,100
nsw,psid,real,100,unit,lambda_only,ci_length,12.689930164460309,0.5089108168098939,100
nsw,psid,real,100,unit,lambda_only,omega_used,0.0,0.0,100
nsw,psid,real,100,unit,omega_only,rmse,4.506917817398175,0.3651553545119026,100
nsw,psid,real,100,unit,omega_only,bias,-1.256182367203211,0.435012063841876,100
nsw,psid,real,100,unit,omega_only,coverage,0.9,0.03015113445777636,100
nsw,psid,real,100,unit,omega_only,ci_length,15.288105891597302,0.7356833751133823,100
nsw,psid,real,100,unit,omega_only,omega_used,0.35785233468027644,0.04187701735335026,100
nsw,psid,real,100,unit,rct_only,rmse,4.204758047333464,0.36192473629637434,100
nsw,psid,real,100,unit,rct_only,bias,-0.3580928464480344,0.42105878749247,100
nsw,psid,real,100,unit,rct_only,coverage,0.93,0.02564323999762428,100
nsw,psid,real,100,unit,rct_only,ci_length,15.255152324181518,0.7362560462311888,100
nsw,psid,real,100,unit,rct_only,omega_used,0.0,0.0,100
nsw,psid,real,200,balanced_x,fixed_half,rmse,3.1567338556452307,0.39841880909184935,100
nsw,psid,real,200,balanced_x,fixed_half,bias,-0.6665156326719972,0.3101111815413567,100
nsw,psid,real,200,balanced_x,fixed_half,coverage,0.91,0.028762349126466143,100
nsw,psid,real,200,balanced_x,fixed_half,ci_length,9.864483152051275,0.44079172052323423,100
nsw,psid,real,200,balanced_x,fixed_half,omega_used,0.5,0.0,100
nsw,psid,real,200,balanced_x,fixed_half,ratio_balance_residual,3.989063209664315e-08,3.9057925736616234e-09,100
nsw,psid,real,200,balanced_x,fixed_half,ratio_normalization_error,1.4432899320127036e-17,1.7688765217405568e-17,100
nsw,psid,real,200,balanced_x,fixed_half,ratio_ess,61.97697130831307,1.1003097846064958,100
nsw,psid,real,200,balanced_x,joint,rmse,2.20050161966269,0.1526142702698839,100
nsw,psid,real,200,balanced_x,joint,bias,-0.637770343210573,0.21166622208159444,100
nsw,psid,real,200,balanced_x,joint,coverage,0.92,0.027265992434429072,100
nsw,psid,real,200,balanced_x,joint,ci_length,8.50865157916424,0.24634051569012594,100
nsw,psid,real,200,balanced_x,joint,omega_used,0.07508560112378082,0.014636825293584687,100
nsw,psid,real,200,balanced_x,joint,ratio_balance_residual,3.989063209664315e-08,3.9057925736616234e-09,100
nsw,psid,real,200,balanced_x,joint,ratio_normalization_error,1.4432899320127036e-17,1.7688765217405568e-17,100
nsw,psid,real,200,balanced_x,joint,ratio_ess,61.97697130831307,1.1003097846064958,100
nsw,psid,real,200,balanced_x,lambda_only,rmse,2.1927389373333996,0.1520712866583816,100
nsw,psid,real,200,balanced_x,lambda_only,bias,-0.6588789220639248,0.21019429716138965,100
nsw,psid,real,200,balanced_x,lambda_only,coverage,0.92,0.027265992434429072,100
nsw,psid,real,200,balanced_x,lambda_only,ci_length,8.480290517230154,0.24639414551230648,100
nsw,psid,real,200,balanced_x,lambda_only,omega_used,0.0,0.0,100
nsw,psid,real,200,balanced_x,lambda_only,ratio_balance_residual,3.989063209664315e-08,3.9057925736616234e-09,100
nsw,psid,real,200,balanced_x,lambda_only,ratio_normalization_error,1.4432899320127036e-17,1.7688765217405568e-17,100
nsw,psid,real,200,balanced_x,lambda_only,ratio_ess,61.97697130831307,1.1003097846064958,100
nsw,psid,real,200,balanced_x,omega_only,rmse,3.059571812598433,0.3743140715917335,100
nsw,psid,real,200,balanced_x,omega_only,bias,-0.8556497736329048,0.29522877862870034,100
nsw,psid,real,200,balanced_x,omega_only,coverage,0.91,0.028762349126466143,100
nsw,psid,real,200,balanced_x,omega_only,ci_length,10.408715219660968,0.3431530624998114,100
nsw,psid,real,200,balanced_x,omega_only,omega_used,0.07508560112378082,0.014636825293584687,100
nsw,psid,real,200,balanced_x,omega_only,ratio_balance_residual,3.989063209664315e-08,3.9057925736616234e-09,100
nsw,psid,real,200,balanced_x,omega_only,ratio_normalization_error,1.4432899320127036e-17,1.7688765217405568e-17,100
nsw,psid,real,200,balanced_x,omega_only,ratio_ess,61.97697130831307,1.1003097846064958,100
nsw,psid,real,200,balanced_x,rct_only,rmse,3.0670837519939433,0.3733249790231362,100
nsw,psid,real,200,balanced_x,rct_only,bias,-0.8767583524862562,0.295390471473406,100
nsw,psid,real,200,balanced_x,rct_only,coverage,0.9,0.03015113445777636,100
nsw,psid,real,200,balanced_x,rct_only,ci_length,10.388302708428535,0.3436188671812824,100
nsw,psid,real,200,balanced_x,rct_only,omega_used,0.0,0.0,100
nsw,psid,real,200,balanced_x,rct_only,ratio_balance_residual,3.989063209664315e-08,3.9057925736616234e-09,100
nsw,psid,real,200,balanced_x,rct_only,ratio_normalization_error,1.4432899320127036e-17,1.7688765217405568e-17,100
nsw,psid,real,200,balanced_x,rct_only,ratio_ess,61.97697130831307,1.1003097846064958,100
nsw,psid,real,200,balanced_x_ghat,fixed_half,rmse,3.2060461100812554,0.36669684720979034,100
nsw,psid,real,200,balanced_x_ghat,fixed_half,bias,-0.6072464320200427,0.3163871722036323,100
nsw,psid,real,200,balanced_x_ghat,fixed_half,coverage,0.92,0.027265992434429072,100
nsw,psid,real,200,balanced_x_ghat,fixed_half,ci_length,10.215838827645564,0.5010577959257071,100
nsw,psid,real,200,balanced_x_ghat,fixed_half,omega_used,0.5,0.0,100
nsw,psid,real,200,balanced_x_ghat,fixed_half,ratio_balance_residual,5.0444488402185195e-08,4.356292267567826e-09,100
nsw,psid,real,200,balanced_x_ghat,fixed_half,ratio_normalization_error,9.992007221626408e-18,2.2432899709934086e-17,100
nsw,psid,real,200,balanced_x_ghat,fixed_half,ratio_ess,61.17903489194835,1.1037221607061334,100
nsw,psid,real,200,balanced_x_ghat,joint,rmse,2.2033919577732277,0.15227264611040087,100
nsw,psid,real,200,balanced_x_ghat,joint,bias,-0.6567284618597644,0.21138417911812818,100
nsw,psid,real,200,balanced_x_ghat,joint,coverage,0.92,0.027265992434429072,100
nsw,psid,real,200,balanced_x_ghat,joint,ci_length,8.512979286135284,0.24640914516403517,100
nsw,psid,real,200,balanced_x_ghat,joint,omega_used,0.0709025783779189,0.014388548797929227,100
nsw,psid,real,200,balanced_x_ghat,joint,ratio_balance_residual,5.0444488402185195e-08,4.356292267567826e-09,100
nsw,psid,real,200,balanced_x_ghat,joint,ratio_normalization_error,9.992007221626408e-18,2.2432899709934086e-17,100
nsw,psid,real,200,balanced_x_ghat,joint,ratio_ess,61.17903489194835,1.1037221607061334,100
nsw,psid,real,200,balanced_x_ghat,lambda_only,rmse,2.1927389373333996,0.1520712866583816,100
nsw,psid,real,200,balanced_x_ghat,lambda_only,bias,-0.6588789220639248,0.21019429716138965,100
nsw,psid,real,200,balanced_x_ghat,lambda_only,coverage,0.92,0.027265992434429072,100
nsw,psid,real,200,balanced_x_ghat,lambda_only,ci_length,8.480290517230154,0.24639414551230648,100
nsw,psid,real,200,balanced_x_ghat,lambda_only,omega_used,0.0,0.0,100
nsw,psid,real,200,balanced_x_ghat,lambda_only,ratio_balance_residual,5.0444488402185195e-08,4.356292267567826e-09,100
nsw,psid,real,200,balanced_x_ghat,lambda_only,ratio_normalization_error,9.992007221626408e-18,2.2432899709934086e-17,100
nsw,psid,real,200,balanced_x_ghat,lambda_only,ratio_ess,61.17903489194835,1.1037221607061334,100
nsw,psid,real,200,balanced_x_ghat,omega_only,rmse,3.0608352037961173,0.37381077471887375,100
nsw,psid,real,200,balanced_x_ghat,omega_only,bias,-0.8746078922820959,0.2947995925938328,100
nsw,psid,real,200,balanced_x_ghat,omega_only,coverage,0.91,0.028762349126466143,100
nsw,psid,real,200,balanced_x_ghat,omega_only,ci_length,10.411604164844608,0.3431879788779706,100
nsw,psid,real,200,balanced_x_ghat,omega_only,omega_used,0.0709025783779189,0.014388548797929227,100
nsw,psid,real,200,balanced_x_ghat,omega_only,ratio_balance_residual,5.0444488402185195e-08,4.356292267567826e-09,100
nsw,psid,real,200,balanced_x_ghat,omega_only,ratio_normalization_error,9.992007221626408e-18,2.2432899709934086e-17,100
nsw,psid,real,200,balanced_x_ghat,omega_only,ratio_ess,61.17903489194835,1.1037221607061334,100
nsw,psid,real,200,balanced_x_ghat,rct_only,rmse,3.0670837519939433,0.3733249790231362,100
nsw,psid,real,200,balanced_x_ghat,rct_only,bias,-0.8767583524862562,0.295390471473406,100
nsw,psid,real,200,balanced_x_ghat,rct_only,coverage,0.9,0.03015113445777636,100
nsw,psid,real,200,balanced_x_ghat,rct_only,ci_length,10.388302708428535,0.3436188671812824,100
nsw,psid,real,200,balanced_x_ghat,rct_only,omega_used,0.0,0.0,100
nsw,psid,real,200,balanced_x_ghat,rct_only,ratio_balance_residual,5.0444488402185195e-08,4.356292267567826e-09,100
nsw,psid,real,200,balanced_x_ghat,rct_only,ratio_normalization_error,9.992007221626408e-18,2.2432899709934086e-17,100
nsw,psid,real,200,balanced_x_ghat,rct_only,ratio_ess,61.17903489194835,1.1037221607061334,100
nsw,psid,real,200,classifier,fixed_half,rmse,3.3007503188692064,0.6484365693658722,100
nsw,psid,real,200,classifier,fixed_half,bias,-0.467882435487385,0.3283881463872472,100
nsw,psid,real,200,classifier,fixed_half,coverage,0.91,0.028762349126466143,100
nsw,psid,real,200,classifier,fixed_half,ci_length,9.536835090851296,0.3919712986976142,100
nsw,psid,real,200,classifier,fixed_half,omega_used,0.5,0.0,100
nsw,psid,real,200,classifier,fixed_half,ratio_normalization_error,0.07464057326324443,0.003838423508445675,100
nsw,psid,real,200,classifier,fixed_half,ratio_ess,57.38655320044516,1.0062109837534183,100
nsw,psid,real,200,classifier,joint,rmse,2.2018691982898826,0.1526752886390103,100
nsw,psid,real,200,classifier,joint,bias,-0.6356393014971154,0.21187452558917097,100
nsw,psid,real,200,classifier,joint,coverage,0.92,0.027265992434429072,100
nsw,psid,real,200,classifier,joint,ci_length,8.504460624594161,0.24630241324798674,100
nsw,psid,real,200,classifier,joint,omega_used,0.07913537152360214,0.01536351748560193,100
nsw,psid,real,200,classifier,joint,ratio_normalization_error,0.07464057326324443,0.003838423508445675,100
nsw,psid,real,200,classifier,joint,ratio_ess,57.38655320044516,1.0062109837534183,100
nsw,psid,real,200,classifier,lambda_only,rmse,2.1927389373333996,0.1520712866583816,100
nsw,psid,real,200,classifier,lambda_only,bias,-0.6588789220639248,0.21019429716138965,100
nsw,psid,real,200,classifier,lambda_only,coverage,0.92,0.027265992434429072,100
nsw,psid,real,200,classifier,lambda_only,ci_length,8.480290517230154,0.24639414551230648,100
nsw,psid,real,200,classifier,lambda_only,omega_used,0.0,0.0,100
nsw,psid,real,200,classifier,lambda_only,ratio_normalization_error,0.07464057326324443,0.003838423508445675,100
nsw,psid,real,200,classifier,lambda_only,ratio_ess,57.38655320044516,1.0062109837534183,100
nsw,psid,real,200,classifier,omega_only,rmse,3.056252158564768,0.37468229469366754,100
nsw,psid,real,200,classifier,omega_only,bias,-0.853518731919447,0.2949436349335623,100
nsw,psid,real,200,classifier,omega_only,coverage,0.9,0.03015113445777636,100
nsw,psid,real,200,classifier,omega_only,ci_length,10.404523724983223,0.3434376592856933,100
nsw,psid,real,200,classifier,omega_only,omega_used,0.07913537152360214,0.01536351748560193,100
nsw,psid,real,200,classifier,omega_only,ratio_normalization_error,0.07464057326324443,0.003838423508445675,100
nsw,psid,real,200,classifier,omega_only,ratio_ess,57.38655320044516,1.0062109837534183,100
nsw,psid,real,200,classifier,rct_only,rmse,3.0670837519939433,0.3733249790231362,100
nsw,psid,real,200,classifier,rct_only,bias,-0.8767583524862562,0.295390471473406,100
nsw,psid,real,200,classifier,rct_only,coverage,0.9,0.03015113445777636,100
nsw,psid,real,200,classifier,rct_only,ci_length,10.388302708428535,0.3436188671812824,100
nsw,psid,real,200,classifier,rct_only,omega_used,0.0,0.0,100
nsw,psid,real,200,classifier,rct_only,ratio_normalization_error,0.07464057326324443,0.003838423508445675,100
nsw,psid,real,200,classifier,rct_only,ratio_ess,57.38655320044516,1.0062109837534183,100
nsw,psid,real,200,unit,fixed_half,rmse,3.2404922180742664,0.24445583292388007,100
nsw,psid,real,200,unit,fixed_half,bias,-2.0010314338295547,0.2561695898223611,100
nsw,psid,real,200,unit,fixed_half,coverage,0.77,0.04229525846816507,100
nsw,psid,real,200,unit,fixed_half,ci_length,8.784067461838173,0.24943030612337336,100
nsw,psid,real,200,unit,fixed_half,omega_used,0.5,0.0,100
nsw,psid,real,200,unit,joint,rmse,2.647177514912059,0.16966515598444837,100
nsw,psid,real,200,unit,joint,bias,-1.273594340135957,0.2332360457837181,100
nsw,psid,real,200,unit,joint,coverage,0.83,0.03775251680686369,100
nsw,psid,real,200,unit,joint,ci_length,8.533009410589331,0.24536695411263393,100
nsw,psid,real,200,unit,joint,omega_used,0.25564044666636415,0.03351832092611676,100
nsw,psid,real,200,unit,lambda_only,rmse,2.1927389373333996,0.1520712866583816,100
nsw,psid,real,200,unit,lambda_only,bias,-0.6588789220639248,0.21019429716138965,100
nsw,psid,real,200,unit,lambda_only,coverage,0.92,0.027265992434429072,100
nsw,psid,real,200,unit,lambda_only,ci_length,8.480290517230154,0.24639414551230648,100
nsw,psid,real,200,unit,lambda_only,omega_used,0.0,0.0,100
nsw,psid,real,200,unit,omega_only,rmse,3.4517006767103946,0.3547380404380166,100
nsw,psid,real,200,unit,omega_only,bias,-1.4914737705582892,0.3128517180845922,100
nsw,psid,real,200,unit,omega_only,coverage,0.86,0.034873508801977704,100
nsw,psid,real,200,unit,omega_only,ci_length,10.428146379063506,0.34366567340175136,100
nsw,psid,real,200,unit,omega_only,omega_used,0.25564044666636415,0.03351832092611676,100
nsw,psid,real,200,unit,rct_only,rmse,3.0670837519939433,0.3733249790231362,100
nsw,psid,real,200,unit,rct_only,bias,-0.8767583524862562,0.295390471473406,100
nsw,psid,real,200,unit,rct_only,coverage,0.9,0.03015113445777636,100
nsw,psid,real,200,unit,rct_only,ci_length,10.388302708428535,0.3436188671812824,100
nsw,psid,real,200,unit,rct_only,omega_used,0.0,0.0,100
nsw,psid,real,352,balanced_x,fixed_half,rmse,1.9677269679407488,0.17225749340658705,100
nsw,psid,real,352,balanced_x,fixed_half,bias,-0.3649605988372968,0.19433266234245652,100
nsw,psid,real,352,balanced_x,fixed_half,coverage,0.96,0.019694638556693237,100
nsw,psid,real,352,balanced_x,fixed_half,ci_length,7.48940762533113,0.17325878468045824,100
nsw,psid,real,352,balanced_x,fixed_half,omega_used,0.5,0.0,100
nsw,psid,real,352,balanced_x,fixed_half,ratio_balance_residual,3.5544134619480696e-08,2.5890087278325575e-09,100
nsw,psid,real,352,balanced_x,fixed_half,ratio_normalization_error,1.9984014443252817e-17,1.5809976558947226e-17,100
nsw,psid,real,352,balanced_x,fixed_half,ratio_ess,63.591505823399366,1.158722118527797,100
nsw,psid,real,352,balanced_x,joint,rmse,1.870239173890434,0.16678577696018976,100
nsw,psid,real,352,balanced_x,joint,bias,-0.49845334589239537,0.18116733794648712,100
nsw,psid,real,352,balanced_x,joint,coverage,0.92,0.027265992434429075,100
nsw,psid,real,352,balanced_x,joint,ci_length,6.924847128841901,0.18202948137942881,100
nsw,psid,real,352,balanced_x,joint,omega_used,0.05898032907135582,0.010145608372669045,100
nsw,psid,real,352,balanced_x,joint,ratio_balance_residual,3.5544134619480696e-08,2.5890087278325575e-09,100
nsw,psid,real,352,balanced_x,joint,ratio_normalization_error,1.9984014443252817e-17,1.5809976558947226e-17,100
nsw,psid,real,352,balanced_x,joint,ratio_ess,63.591505823399366,1.158722118527797,100
nsw,psid,real,352,balanced_x,lambda_only,rmse,1.8549032263374283,0.16804717981433095,100
nsw,psid,real,352,balanced_x,lambda_only,bias,-0.488770210605049,0.17983633581626146,100
nsw,psid,real,352,balanced_x,lambda_only,coverage,0.93,0.025643239997624283,100
nsw,psid,real,352,balanced_x,lambda_only,ci_length,6.913843499908337,0.18237603982529024,100
nsw,psid,real,352,balanced_x,lambda_only,omega_used,0.0,0.0,100
nsw,psid,real,352,balanced_x,lambda_only,ratio_balance_residual,3.5544134619480696e-08,2.5890087278325575e-09,100
nsw,psid,real,352,balanced_x,lambda_only,ratio_normalization_error,1.9984014443252817e-17,1.5809976558947226e-17,100
nsw,psid,real,352,balanced_x,lambda_only,ratio_ess,63.591505823399366,1.158722118527797,100
nsw,psid,real,352,balanced_x,omega_only,rmse,2.0678010277691254,0.17458042009680974,100
nsw,psid,real,352,balanced_x,omega_only,bias,-0.3103413606193175,0.20546791463084327,100
nsw,psid,real,352,balanced_x,omega_only,coverage,0.95,0.021904291355759033,100
nsw,psid,real,352,balanced_x,omega_only,ci_length,7.6953243449184265,0.18632539045188562,100
nsw,psid,real,352,balanced_x,omega_only,omega_used,0.05898032907135582,0.010145608372669045,100
nsw,psid,real,352,balanced_x,omega_only,ratio_balance_residual,3.5544134619480696e-08,2.5890087278325575e-09,100
nsw,psid,real,352,balanced_x,omega_only,ratio_normalization_error,1.9984014443252817e-17,1.5809976558947226e-17,100
nsw,psid,real,352,balanced_x,omega_only,ratio_ess,63.591505823399366,1.158722118527797,100
nsw,psid,real,352,balanced_x,rct_only,rmse,2.064221006928259,0.17506588041705123,100
nsw,psid,real,352,balanced_x,rct_only,bias,-0.30065822533197106,0.20524961390935884,100
nsw,psid,real,352,balanced_x,rct_only,coverage,0.95,0.021904291355759033,100
nsw,psid,real,352,balanced_x,rct_only,ci_length,7.687344663453656,0.18648729610511133,100
nsw,psid,real,352,balanced_x,rct_only,omega_used,0.0,0.0,100
nsw,psid,real,352,balanced_x,rct_only,ratio_balance_residual,3.5544134619480696e-08,2.5890087278325575e-09,100
nsw,psid,real,352,balanced_x,rct_only,ratio_normalization_error,1.9984014443252817e-17,1.5809976558947226e-17,100
nsw,psid,real,352,balanced_x,rct_only,ratio_ess,63.591505823399366,1.158722118527797,100
nsw,psid,real,352,balanced_x_ghat,fixed_half,rmse,1.956375373087632,0.16237126637247,100
nsw,psid,real,352,balanced_x_ghat,fixed_half,bias,-0.3945152089102686,0.19258377031701757,100
nsw,psid,real,352,balanced_x_ghat,fixed_half,coverage,0.97,0.01714466079977653,100
nsw,psid,real,352,balanced_x_ghat,fixed_half,ci_length,7.520277110588373,0.17349549174481188,100
nsw,psid,real,352,balanced_x_ghat,fixed_half,omega_used,0.5,0.0,100
nsw,psid,real,352,balanced_x_ghat,fixed_half,ratio_balance_residual,4.4338123392842485e-08,3.334697586283161e-09,100
nsw,psid,real,352,balanced_x_ghat,fixed_half,ratio_normalization_error,2.3314683517128286e-17,1.3324078018510177e-17,100
nsw,psid,real,352,balanced_x_ghat,fixed_half,ratio_ess,63.05247341118966,1.1427612940720826,100
nsw,psid,real,352,balanced_x_ghat,joint,rmse,1.873631867137563,0.16668700065284472,100
nsw,psid,real,352,balanced_x_ghat,joint,bias,-0.5025898209493814,0.18140584126974085,100
nsw,psid,real,352,balanced_x_ghat,joint,coverage,0.92,0.027265992434429075,100
nsw,psid,real,352,balanced_x_ghat,joint,ci_length,6.9252686571856215,0.18203798921592654,100
nsw,psid,real,352,balanced_x_ghat,joint,omega_used,0.05893888404128354,0.010075085403993825,100
nsw,psid,real,352,balanced_x_ghat,joint,ratio_balance_residual,4.4338123392842485e-08,3.334697586283161e-09,100
nsw,psid,real,352,balanced_x_ghat,joint,ratio_normalization_error,2.3314683517128286e-17,1.3324078018510177e-17,100
nsw,psid,real,352,balanced_x_ghat,joint,ratio_ess,63.05247341118966,1.1427612940720826,100
nsw,psid,real,352,balanced_x_ghat,lambda_only,rmse,1.8549032263374283,0.16804717981433095,100
nsw,psid,real,352,balanced_x_ghat,lambda_only,bias,-0.488770210605049,0.17983633581626146,100
nsw,psid,real,352,balanced_x_ghat,lambda_only,coverage,0.93,0.025643239997624283,100
nsw,psid,real,352,balanced_x_ghat,lambda_only,ci_length,6.913843499908337,0.18237603982529024,100
nsw,psid,real,352,balanced_x_ghat,lambda_only,omega_used,0.0,0.0,100
nsw,psid,real,352,balanced_x_ghat,lambda_only,ratio_balance_residual,4.4338123392842485e-08,3.334697586283161e-09,100
nsw,psid,real,352,balanced_x_ghat,lambda_only,ratio_normalization_error,2.3314683517128286e-17,1.3324078018510177e-17,100
nsw,psid,real,352,balanced_x_ghat,lambda_only,ratio_ess,63.05247341118966,1.1427612940720826,100
nsw,psid,real,352,balanced_x_ghat,omega_only,rmse,2.071150598292984,0.17442301880941316,100
nsw,psid,real,352,balanced_x_ghat,omega_only,bias,-0.3144778356763036,0.2057449753102895,100
nsw,psid,real,352,balanced_x_ghat,omega_only,coverage,0.95,0.021904291355759033,100
nsw,psid,real,352,balanced_x_ghat,omega_only,ci_length,7.695807062826703,0.18632780116732978,100
nsw,psid,real,352,balanced_x_ghat,omega_only,omega_used,0.05893888404128354,0.010075085403993825,100
nsw,psid,real,352,balanced_x_ghat,omega_only,ratio_balance_residual,4.4338123392842485e-08,3.334697586283161e-09,100
nsw,psid,real,352,balanced_x_ghat,omega_only,ratio_normalization_error,2.3314683517128286e-17,1.3324078018510177e-17,100
nsw,psid,real,352,balanced_x_ghat,omega_only,ratio_ess,63.05247341118966,1.1427612940720826,100
nsw,psid,real,352,balanced_x_ghat,rct_only,rmse,2.064221006928259,0.17506588041705123,100
nsw,psid,real,352,balanced_x_ghat,rct_only,bias,-0.30065822533197106,0.20524961390935884,100
nsw,psid,real,352,balanced_x_ghat,rct_only,coverage,0.95,0.021904291355759033,100
nsw,psid,real,352,balanced_x_ghat,rct_only,ci_length,7.687344663453656,0.18648729610511133,100
nsw,psid,real,352,balanced_x_ghat,rct_only,omega_used,0.0,0.0,100
nsw,psid,real,352,balanced_x_ghat,rct_only,ratio_balance_residual,4.4338123392842485e-08,3.334697586283161e-09,100
nsw,psid,real,352,balanced_x_ghat,rct_only,ratio_normalization_error,2.3314683517128286e-17,1.3324078018510177e-17,100
nsw,psid,real,352,balanced_x_ghat,rct_only,ratio_ess,63.05247341118966,1.1427612940720826,100
nsw,psid,real,352,classifier,fixed_half,rmse,1.9860845715792814,0.16525976093547856,100
nsw,psid,real,352,classifier,fixed_half,bias,-0.1566247313851588,0.1989873509756865,100
nsw,psid,real,352,classifier,fixed_half,coverage,0.96,0.019694638556693237,100
nsw,psid,real,352,classifier,fixed_half,ci_length,7.606785644491444,0.18374065910398513,100
nsw,psid,real,352,classifier,fixed_half,omega_used,0.5,0.0,100
nsw,psid,real,352,classifier,fixed_half,ratio_normalization_error,0.13778304408543934,0.004463287114722224,100
nsw,psid,real,352,classifier,fixed_half,ratio_ess,53.19379032556255,0.9635907412443503,100
nsw,psid,real,352,classifier,joint,rmse,1.8652076956962609,0.16735012121757706,100
nsw,psid,real,352,classifier,joint,bias,-0.4836110542791815,0.1810496917184584,100
nsw,psid,real,352,classifier,joint,coverage,0.91,0.028762349126466143,100
nsw,psid,real,352,classifier,joint,ci_length,6.92245381302327,0.18213344507984958,100
nsw,psid,real,352,classifier,joint,omega_used,0.05151072120727876,0.008402817283477474,100
nsw,psid,real,352,classifier,joint,ratio_normalization_error,0.13778304408543934,0.004463287114722224,100
nsw,psid,real,352,classifier,joint,ratio_ess,53.19379032556255,0.9635907412443503,100
nsw,psid,real,352,classifier,lambda_only,rmse,1.8549032263374283,0.16804717981433095,100
nsw,psid,real,352,classifier,lambda_only,bias,-0.488770210605049,0.17983633581626146,100
nsw,psid,real,352,classifier,lambda_only,coverage,0.93,0.025643239997624283,100
nsw,psid,real,352,classifier,lambda_only,ci_length,6.913843499908337,0.18237603982529024,100
nsw,psid,real,352,classifier,lambda_only,omega_used,0.0,0.0,100
nsw,psid,real,352,classifier,lambda_only,ratio_normalization_error,0.13778304408543934,0.004463287114722224,100
nsw,psid,real,352,classifier,lambda_only,ratio_ess,53.19379032556255,0.9635907412443503,100
nsw,psid,real,352,classifier,omega_only,rmse,2.066475779372912,0.17481017464947696,100
nsw,psid,real,352,classifier,omega_only,bias,-0.2954990690061037,0.2055542506717051,100
nsw,psid,real,352,classifier,omega_only,coverage,0.95,0.021904291355759033,100
nsw,psid,real,352,classifier,omega_only,ci_length,7.693507952260822,0.18645708391531501,100
nsw,psid,real,352,classifier,omega_only,omega_used,0.05151072120727876,0.008402817283477474,100
nsw,psid,real,352,classifier,omega_only,ratio_normalization_error,0.13778304408543934,0.004463287114722224,100
nsw,psid,real,352,classifier,omega_only,ratio_ess,53.19379032556255,0.9635907412443503,100
nsw,psid,real,352,classifier,rct_only,rmse,2.064221006928259,0.17506588041705123,100
nsw,psid,real,352,classifier,rct_only,bias,-0.30065822533197106,0.20524961390935884,100
nsw,psid,real,352,classifier,rct_only,coverage,0.95,0.021904291355759033,100
nsw,psid,real,352,classifier,rct_only,ci_length,7.687344663453656,0.18648729610511133,100
nsw,psid,real,352,classifier,rct_only,omega_used,0.0,0.0,100
nsw,psid,real,352,classifier,rct_only,ratio_normalization_error,0.13778304408543934,0.004463287114722224,100
nsw,psid,real,352,classifier,rct_only,ratio_ess,53.19379032556255,0.9635907412443503,100
nsw,psid,real,352,unit,fixed_half,rmse,2.6139819363170753,0.1955901915329448,100
nsw,psid,real,352,unit,fixed_half,bias,-1.7657083585254814,0.1937189351055713,100
nsw,psid,real,352,unit,fixed_half,coverage,0.73,0.04461960433384737,100
nsw,psid,real,352,unit,fixed_half,ci_length,7.039720340246609,0.17603551396280337,100
nsw,psid,real,352,unit,fixed_half,omega_used,0.5,0.0,100
nsw,psid,real,352,unit,joint,rmse,2.220113248361106,0.16920079937202384,100
nsw,psid,real,352,unit,joint,bias,-0.9905710083819304,0.1996884419982639,100
nsw,psid,real,352,unit,joint,coverage,0.86,0.0348735088019777,100
nsw,psid,real,352,unit,joint,ci_length,6.939653960604254,0.1814866333547232,100
nsw,psid,real,352,unit,joint,omega_used,0.2101536988664762,0.0281350960954882,100
nsw,psid,real,352,unit,lambda_only,rmse,1.8549032263374283,0.16804717981433095,100
nsw,psid,real,352,unit,lambda_only,bias,-0.488770210605049,0.17983633581626146,100
nsw,psid,real,352,unit,lambda_only,coverage,0.93,0.025643239997624283,100
nsw,psid,real,352,unit,lambda_only,ci_length,6.913843499908337,0.18237603982529024,100
nsw,psid,real,352,unit,lambda_only,omega_used,0.0,0.0,100
nsw,psid,real,352,unit,omega_only,rmse,2.31373691542997,0.17316423308863593,100
nsw,psid,real,352,unit,omega_only,bias,-0.8024590231088524,0.2181056650150619,100
nsw,psid,real,352,unit,omega_only,coverage,0.91,0.028762349126466143,100
nsw,psid,real,352,unit,omega_only,ci_length,7.701636077856123,0.1865682840228992,100
nsw,psid,real,352,unit,omega_only,omega_used,0.2101536988664762,0.0281350960954882,100
nsw,psid,real,352,unit,rct_only,rmse,2.064221006928259,0.17506588041705123,100
nsw,psid,real,352,unit,rct_only,bias,-0.30065822533197106,0.20524961390935884,100
nsw,psid,real,352,unit,rct_only,coverage,0.95,0.021904291355759033,100
nsw,psid,real,352,unit,rct_only,ci_length,7.687344663453656,0.18648729610511133,100
nsw,psid,real,352,unit,rct_only,omega_used,0.0,0.0,100
synthetic,scm1,mild,100,balanced_x,fixed_half,rmse,0.4104697996453552,0.02277183293897793,100
synthetic,scm1,mild,100,balanced_x,fixed_half,bias,0.033248589832951626,0.0411182069941568,100
synthetic,scm1,mild,100,balanced_x,fixed_half,coverage,0.94,0.023868325657594204,100
synthetic,scm1,mild,100,balanced_x,fixed_half,ci_length,1.6100989745368588,0.022604459507590508,100
synthetic,scm1,mild,100,balanced_x,fixed_half,omega_used,0.5,0.0,100
synthetic,scm1,mild,100,balanced_x,fixed_half,ratio_balance_residual,1.8193375360826522e-09,2.659989396692238e-10,100
synthetic,scm1,mild,100,balanced_x,fixed_half,ratio_normalization_error,5.10702591327572e-17,1.0866467993742447e-17,100
synthetic,scm1,mild,100,balanced_x,fixed_half,ratio_ess,2560.6457352755206,27.20943266880646,100
synthetic,scm1,mild,100,balanced_x,joint,rmse,0.407363643759858,0.026106003370838512,100
synthetic,scm1,mild,100,balanced_x,joint,bias,0.015523701821130059,0.0409118481936094,100
synthetic,scm1,mild,100,balanced_x,joint,coverage,0.93,0.025643239997624283,100
synthetic,scm1,mild,100,balanced_x,joint,ci_length,1.5357229634123601,0.02097724829752542,100
synthetic,scm1,mild,100,balanced_x,joint,omega_used,0.727980559147349,0.03774487376097575,100
synthetic,scm1,mild,100,balanced_x,joint,ratio_balance_residual,1.8193375360826522e-09,2.659989396692238e-10,100
synthetic,scm1,mild,100,balanced_x,joint,ratio_normalization_error,5.10702591327572e-17,1.0866467993742447e-17,100
synthetic,scm1,mild,100,balanced_x,joint,ratio_ess,2560.6457352755206,27.20943266880646,100
synthetic,scm1,mild,100,balanced_x,lambda_only,rmse,0.395850060114116,0.02488570041250083,100
synthetic,scm1,mild,100,balanced_x,lambda_only,bias,0.009501044261566102,0.03977296684202803,100
synthetic,scm1,mild,100,balanced_x,lambda_only,coverage,0.94,0.023868325657594204,100
synthetic,scm1,mild,100,balanced_x,lambda_only,ci_length,1.5678568017969101,0.021747800924985468,100
synthetic,scm1,mild,100,balanced_x,lambda_only,omega_used,0.0,0.0,100
synthetic,scm1,mild,100,balanced_x,lambda_only,ratio_balance_residual,1.8193375360826522e-09,2.659989396692238e-10,100
synthetic,scm1,mild,100,balanced_x,lambda_only,ratio_normalization_error,5.10702591327572e-17,1.0866467993742447e-17,100
synthetic,scm1,mild,100,balanced_x,lambda_only,ratio_ess,2560.6457352755206,27.20943266880646,100
synthetic,scm1,mild,100,balanced_x,omega_only,rmse,0.47923783287309035,0.027003667692403845,100
synthetic,scm1,mild,100,balanced_x,omega_only,bias,0.06370068054968718,0.04773782818628705,100
synthetic,scm1,mild,100,balanced_x,omega_only,coverage,0.93,0.025643239997624283,100
synthetic,scm1,mild,100,balanced_x,omega_only,ci_length,1.877154674173936,0.03068456052617303,100
synthetic,scm1,mild,100,balanced_x,omega_only,omega_used,0.727980559147349,0.03774487376097575,100
synthetic,scm1,mild,100,balanced_x,omega_only,ratio_balance_residual,1.8193375360826522e-09,2.659989396692238e-10,100
synthetic,scm1,mild,100,balanced_x,omega_only,ratio_normalization_error,5.10702591327572e-17,1.0866467993742447e-17,100
synthetic,scm1,mild,100,balanced_x,omega_only,ratio_ess,2560.6457352755206,27.20943266880646,100
synthetic,scm1,mild,100,balanced_x,rct_only,rmse,0.4727637088278047,0.025583140755744707,100
synthetic,scm1,mild,100,balanced_x,rct_only,bias,0.057678022990123194,0.04715960114641141,100
synthetic,scm1,mild,100,balanced_x,rct_only,coverage,0.94,0.023868325657594208,100
synthetic,scm1,mild,100,balanced_x,rct_only,ci_length,1.89683170248179,0.030751236112949176,100
synthetic,scm1,mild,100,balanced_x,rct_only,omega_used,0.0,0.0,100
synthetic,scm1,mild,100,balanced_x,rct_only,ratio_balance_residual,1.8193375360826522e-09,2.659989396692238e-10,100
synthetic,scm1,mild,100,balanced_x,rct_only,ratio_normalization_error,5.10702591327572e-17,1.0866467993742447e-17,100
synthetic,scm1,mild,100,balanced_x,rct_only,ratio_ess,2560.6457352755206,27.20943266880646,100
synthetic,scm1,mild,100,balanced_x_ghat,fixed_half,rmse,0.41408131289140954,0.022602353484513834,100
synthetic,scm1,mild,100,balanced_x_ghat,fixed_half,bias,0.032774798965577695,0.04148617224159134,100
synthetic,scm1,mild,100,balanced_x_ghat,fixed_half,coverage,0.92,0.027265992434429072,100
synthetic,scm1,mild,100,balanced_x_ghat,fixed_half,ci_length,1.6102865614996669,0.02258664107457592,100
synthetic,scm1,mild,100,balanced_x_ghat,fixed_half,omega_used,0.5,0.0,100
synthetic,scm1,mild,100,balanced_x_ghat,fixed_half,ratio_balance_residual,3.592114220431902e-09,1.1670254914774463e-09,100
synthetic,scm1,mild,100,balanced_x_ghat,fixed_half,ratio_normalization_error,2.2204460492503132e-17,1.2223153213212886e-17,100
synthetic,scm1,mild,100,balanced_x_ghat,fixed_half,ratio_ess,2481.3262464071113,29.46645729703497,100
synthetic,scm1,mild,100,balanced_x_ghat,joint,rmse,0.4139651166444854,0.025908204881427734,100
synthetic,scm1,mild,100,balanced_x_ghat,joint,bias,0.014523986639694487,0.04157944466065666,100
synthetic,scm1,mild,100,balanced_x_ghat,joint,coverage,0.94,0.023868325657594204,100
synthetic,scm1,mild,100,balanced_x_ghat,joint,ci_length,1.5362352013027356,0.020973428027345854,100
synthetic,scm1,mild,100,balanced_x_ghat,joint,omega_used,0.7263107891891682,0.03778092211414184,100
synthetic,scm1,mild,100,balanced_x_ghat,joint,ratio_balance_residual,3.592114220431902e-09,1.1670254914774463e-09,100
synthetic,scm1,mild,100,balanced_x_ghat,joint,ratio_normalization_error,2.2204460492503132e-17,1.2223153213212886e-17,100
synthetic,scm1,mild,100,balanced_x_ghat,joint,ratio_ess,2481.3262464071113,29.46645729703497,100
synthetic,scm1,mild,100,balanced_x_ghat,lambda_only,rmse,0.395850060114116,0.02488570041250083,100
synthetic,scm1,mild,100,balanced_x_ghat,lambda_only,bias,0.009501044261566102,0.03977296684202803,100
synthetic,scm1,mild,100,balanced_x_ghat,lambda_only,coverage,0.94,0.023868325657594204,100
synthetic,scm1,mild,100,balanced_x_ghat,lambda_only,ci_length,1.5678568017969101,0.021747800924985468,100
synthetic,scm1,mild,100,balanced_x_ghat,lambda_only,omega_used,0.0,0.0,100
synthetic,scm1,mild,100,balanced_x_ghat,lambda_only,ratio_balance_residual,3.592114220431902e-09,1.1670254914774463e-09,100
synthetic,scm1,mild,100,balanced_x_ghat,lambda_only,ratio_normalization_error,2.2204460492503132e-17,1.2223153213212886e-17,100
synthetic,scm1,mild,100,balanced_x_ghat,lambda_only,ratio_ess,2481.3262464071113,29.46645729703497,100
synthetic,scm1,mild,100,balanced_x_ghat,omega_only,rmse,0.4868717288438023,0.02742539138115448,100
synthetic,scm1,mild,100,balanced_x_ghat,omega_only,bias,0.0627009653682516,0.04852497735356569,100
synthetic,scm1,mild,100,balanced_x_ghat,omega_only,coverage,0.93,0.025643239997624283,100
synthetic,scm1,mild,100,balanced_x_ghat,omega_only,ci_length,1.8775457134308455,0.030665033515008773,100
synthetic,scm1,mild,100,balanced_x_ghat,omega_only,omega_used,0.7263107891891682,0.03778092211414184,100
synthetic,scm1,mild,100,balanced_x_ghat,omega_only,ratio_balance_residual,3.592114220431902e-09,1.1670254914774463e-09,100
synthetic,scm1,mild,100,balanced_x_ghat,omega_only,ratio_normalization_error,2.2204460492503132e-17,1.2223153213212886e-17,100
synthetic,scm1,mild,100,balanced_x_ghat,omega_only,ratio_ess,2481.3262464071113,29.46645729703497,100
synthetic,scm1,mild,100,balanced_x_ghat,rct_only,rmse,0.4727637088278047,0.025583140755744707,100
synthetic,scm1,mild,100,balanced_x_ghat,rct_only,bias,0.057678022990123194,0.04715960114641141,100
synthetic,scm1,mild,100,balanced_x_ghat,rct_only,coverage,0.94,0.023868325657594208,100
synthetic,scm1,mild,100,balanced_x_ghat,rct_only,ci_length,1.89683170248179,0.030751236112949176,100
synthetic,scm1,mild,100,balanced_x_ghat,rct_only,omega_used,0.0,0.0,100
synthetic,scm1,mild,100,balanced_x_ghat,rct_only,ratio_balance_residual,3.592114220431902e-09,1.1670254914774463e-09,100
synthetic,scm1,mild,100,balanced_x_ghat,rct_only,ratio_normalization_error,2.2204460492503132e-17,1.2223153213212886e-17,100
synthetic,scm1,mild,100,balanced_x_ghat,rct_only,ratio_ess,2481.3262464071113,29.46645729703497,100
synthetic,scm1,mild,100,classifier,fixed_half,rmse,0.41058118654172676,0.022689044157763488,100
synthetic,scm1,mild,100,classifier,fixed_half,bias,0.03766366482519236,0.04109097557464706,100
synthetic,scm1,mild,100,classifier,fixed_half,coverage,0.93,0.025643239997624283,100
synthetic,scm1,mild,100,classifier,fixed_half,ci_length,1.6100904760983041,0.022604389346634498,100
synthetic,scm1,mild,100,classifier,fixed_half,omega_used,0.5,0.0,100
synthetic,scm1,mild,100,classifier,fixed_half,ratio_normalization_error,0.00504542914956583,0.0001480228873875664,100
synthetic,scm1,mild,100,classifier,fixed_half,ratio_ess,2587.216207265224,26.120704121719477,100
synthetic,scm1,mild,100,classifier,joint,rmse,0.4071536123587974,0.025944721687121926,100
synthetic,scm1,mild,100,classifier,joint,bias,0.02213849960851252,0.040859941966355715,100
synthetic,scm1,mild,100,classifier,joint,coverage,0.93,0.025643239997624283,100
synthetic,scm1,mild,100,classifier,joint,ci_length,1.5356983852517039,0.020976616299080465,100
synthetic,scm1,mild,100,classifier,joint,omega_used,0.7280455272474016,0.0377449356450095,100
synthetic,scm1,mild,100,classifier,joint,ratio_normalization_error,0.00504542914956583,0.0001480228873875664,100
synthetic,scm1,mild,100,classifier,joint,ratio_ess,2587.216207265224,26.120704121719477,100
synthetic,scm1,mild,100,classifier,lambda_only,rmse,0.395850060114116,0.02488570041250083,100
synthetic,scm1,mild,100,classifier,lambda_only,bias,0.009501044261566102,0.03977296684202803,100
synthetic,scm1,mild,100,classifier,lambda_only,coverage,0.94,0.023868325657594204,100
synthetic,scm1,mild,100,classifier,lambda_only,ci_length,1.5678568017969101,0.021747800924985468,100
synthetic,scm1,mild,100,classifier,lambda_only,omega_used,0.0,0.0,100
synthetic,scm1,mild,100,classifier,lambda_only,ratio_normalization_error,0.00504542914956583,0.0001480228873875664,100
synthetic,scm1,mild,100,classifier,lambda_only,ratio_ess,2587.216207265224,26.120704121719477,100
synthetic,scm1,mild,100,classifier,omega_only,rmse,0.47951115379637244,0.02684096901177488,100
synthetic,scm1,mild,100,classifier,omega_only,bias,0.07031547833706962,0.04767171832961929,100
synthetic,scm1,mild,100,classifier,omega_only,coverage,0.93,0.025643239997624283,100
synthetic,scm1,mild,100,classifier,omega_only,ci_length,1.8771358474753936,0.0306848444559225,100
synthetic,scm1,mild,100,classifier,omega_only,omega_used,0.7280455272474016,0.0377449356450095,100
synthetic,scm1,mild,100,classifier,omega_only,ratio_normalization_error,0.00504542914956583,0.0001480228873875664,100
synthetic,scm1,mild,100,classifier,omega_only,ratio_ess,2587.216207265224,26.120704121719477,100
synthetic,scm1,mild,100,classifier,rct_only,rmse,0.4727637088278047,0.025583140755744707,100
synthetic,scm1,mild,100,classifier,rct_only,bias,0.057678022990123194,0.04715960114641141,100
synthetic,scm1,mild,100,classifier,rct_only,coverage,0.94,0.023868325657594208,100
synthetic,scm1,mild,100,classifier,rct_only,ci_length,1.89683170248179,0.030751236112949176,100
synthetic,scm1,mild,100,classifier,rct_only,omega_used,0.0,0.0,100
synthetic,scm1,mild,100,classifier,rct_only,ratio_normalization_error,0.00504542914956583,0.0001480228873875664,100
synthetic,scm1,mild,100,classifier,rct_only,ratio_ess,2587.216207265224,26.120704121719477,100
synthetic,scm1,mild,100,oracle,fixed_half,rmse,0.4047961654339095,0.022402182649347957,100
synthetic,scm1,mild,100,oracle,fixed_half,bias,0.03329434712700121,0.0405456996186961,100
synthetic,scm1,mild,100,oracle,fixed_half,coverage,0.93,0.025643239997624283,100
synthetic,scm1,mild,100,oracle,fixed_half,ci_length,1.609912057068863,0.022604197062655325,100
synthetic,scm1,mild,100,oracle,fixed_half,omega_used,0.5,0.0,100
synthetic,scm1,mild,100,oracle,joint,rmse,0.3942308282592492,0.025179456823725247,100
synthetic,scm1,mild,100,oracle,joint,bias,0.013855387400055784,0.03959721117998084,100
synthetic,scm1,mild,100,oracle,joint,coverage,0.92,0.027265992434429072,100
synthetic,scm1,mild,100,oracle,joint,ci_length,1.5351913764292149,0.020970292597373062,100
synthetic,scm1,mild,100,oracle,joint,omega_used,0.7298712347894221,0.037766580958390736,100
synthetic,scm1,mild,100,oracle,lambda_only,rmse,0.395850060114116,0.02488570041250083,100
synthetic,scm1,mild,100,oracle,lambda_only,bias,0.009501044261566102,0.03977296684202803,100
synthetic,scm1,mild,100,oracle,lambda_only,coverage,0.94,0.023868325657594204,100
synthetic,scm1,mild,100,oracle,lambda_only,ci_length,1.5678568017969101,0.021747800924985468,100
synthetic,scm1,mild,100,oracle,lambda_only,omega_used,0.0,0.0,100
synthetic,scm1,mild,100,oracle,omega_only,rmse,0.476254564115284,0.027040050620382613,100
synthetic,scm1,mild,100,oracle,omega_only,bias,0.06203236612861289,0.047457625478864514,100
synthetic,scm1,mild,100,oracle,omega_only,coverage,0.92,0.027265992434429072,100
synthetic,scm1,mild,100,oracle,omega_only,ci_length,1.8767606233686018,0.03069229320478555,100
synthetic,scm1,mild,100,oracle,omega_only,omega_used,0.7298712347894221,0.037766580958390736,100
synthetic,scm1,mild,100,oracle,rct_only,rmse,0.4727637088278047,0.025583140755744707,100
synthetic,scm1,mild,100,oracle,rct_only,bias,0.057678022990123194,0.04715960114641141,100
synthetic,scm1,mild,100,oracle,rct_only,coverage,0.94,0.023868325657594208,100
synthetic,scm1,mild,100,oracle,rct_only,ci_length,1.89683170248179,0.030751236112949176,100
synthetic,scm1,mild,100,oracle,rct_only,omega_used,0.0,0.0,100
synthetic,scm1,mild,100,unit,fixed_half,rmse,0.41194739012838505,0.022125968029583127,100
synthetic,scm1,mild,100,unit,fixed_half,bias,0.08275017029768622,0.0405583581976615,100
synthetic,scm1,mild,100,unit,fixed_half,coverage,0.93,0.025643239997624283,100
synthetic,scm1,mild,100,unit,fixed_half,ci_length,1.6100441326929285,0.02260124341056042,100
synthetic,scm1,mild,100,unit,fixed_half,omega_used,0.5,0.0,100
synthetic,scm1,mild,100,unit,joint,rmse,0.4062742199477271,0.02491749367241308,100
synthetic,scm1,mild,100,unit,joint,bias,0.08580533715116695,0.03991103565146882,100
synthetic,scm1,mild,100,unit,joint,coverage,0.93,0.025643239997624283,100
synthetic,scm1,mild,100,unit,joint,ci_length,1.535545559620233,0.02095898337368602,100
synthetic,scm1,mild,100,unit,joint,omega_used,0.7280945264579075,0.03777994347680684,100
synthetic,scm1,mild,100,unit,lambda_only,rmse,0.395850060114116,0.02488570041250083,100
synthetic,scm1,mild,100,unit,lambda_only,bias,0.009501044261566102,0.03977296684202803,100
synthetic,scm1,mild,100,unit,lambda_only,coverage,0.94,0.023868325657594204,100
synthetic,scm1,mild,100,unit,lambda_only,ci_length,1.5678568017969101,0.021747800924985468,100
synthetic,scm1,mild,100,unit,lambda_only,omega_used,0.0,0.0,100
synthetic,scm1,mild,100,unit,omega_only,rmse,0.49131775522370597,0.027255546474649388,100
synthetic,scm1,mild,100,unit,omega_only,bias,0.1339823158797241,0.0475077745503081,100
synthetic,scm1,mild,100,unit,omega_only,coverage,0.92,0.027265992434429072,100
synthetic,scm1,mild,100,unit,omega_only,ci_length,1.8770084695266405,0.030686960467527485,100
synthetic,scm1,mild,100,unit,omega_only,omega_used,0.7280945264579075,0.03777994347680684,100
synthetic,scm1,mild,100,unit,rct_only,rmse,0.4727637088278047,0.025583140755744707,100
synthetic,scm1,mild,100,unit,rct_only,bias,0.057678022990123194,0.04715960114641141,100
synthetic,scm1,mild,100,unit,rct_only,coverage,0.94,0.023868325657594208,100
synthetic,scm1,mild,100,unit,rct_only,ci_length,1.89683170248179,0.030751236112949176,100
synthetic,scm1,mild,100,unit,rct_only,omega_used,0.0,0.0,100
synthetic,scm1,mild,400,balanced_x,fixed_half,rmse,0.19394180113054024,0.016240590133572735,100
synthetic,scm1,mild,400,balanced_x,fixed_half,bias,-0.006099471551491216,0.01948224228288925,100
synthetic,scm1,mild,400,balanced_x,fixed_half,coverage,0.93,0.02564323999762428,100
synthetic,scm1,mild,400,balanced_x,fixed_half,ci_length,0.7544657071830888,0.005461047268715548,100
synthetic,scm1,mild,400,balanced_x,fixed_half,omega_used,0.5,0.0,100
synthetic,scm1,mild,400,balanced_x,fixed_half,ratio_balance_residual,1.9230883722639625e-09,3.0748120198140686e-10,100
synthetic,scm1,mild,400,balanced_x,fixed_half,ratio_normalization_error,4.9960036108132046e-17,1.027217680664785e-17,100
synthetic,scm1,mild,400,balanced_x,fixed_half,ratio_ess,2725.5857190172846,13.858472600013801,100
synthetic,scm1,mild,400,balanced_x,joint,rmse,0.19392650890754987,0.014797644390430353,100
synthetic,scm1,mild,400,balanced_x,joint,bias,-0.0026529291263481126,0.019488523642877516,100
synthetic,scm1,mild,400,balanced_x,joint,coverage,0.94,0.023868325657594204,100
synthetic,scm1,mild,400,balanced_x,joint,ci_length,0.7440762652752017,0.005356719602286093,100
synthetic,scm1,mild,400,balanced_x,joint,omega_used,0.8225154180806562,0.021510953123393347,100
synthetic,scm1,mild,400,balanced_x,joint,ratio_balance_residual,1.9230883722639625e-09,3.0748120198140686e-10,100
synthetic,scm1,mild,400,balanced_x,joint,ratio_normalization_error,4.9960036108132046e-17,1.027217680664785e-17,100
synthetic,scm1,mild,400,balanced_x,joint,ratio_ess,2725.5857190172846,13.858472600013801,100
synthetic,scm1,mild,400,balanced_x,lambda_only,rmse,0.19279395745285388,0.01625675301359812,100
synthetic,scm1,mild,400,balanced_x,lambda_only,bias,-0.00018878122139731558,0.019376512490194394,100
synthetic,scm1,mild,400,balanced_x,lambda_only,coverage,0.93,0.02564323999762428,100
synthetic,scm1,mild,400,balanced_x,lambda_only,ci_length,0.7665843523444749,0.005282857205161183,100
synthetic,scm1,mild,400,balanced_x,lambda_only,omega_used,0.0,0.0,100
synthetic,scm1,mild,400,balanced_x,lambda_only,ratio_balance_residual,1.9230883722639625e-09,3.0748120198140686e-10,100
synthetic,scm1,mild,400,balanced_x,lambda_only,ratio_normalization_error,4.9960036108132046e-17,1.027217680664785e-17,100
synthetic,scm1,mild,400,balanced_x,lambda_only,ratio_ess,2725.5857190172846,13.858472600013801,100
synthetic,scm1,mild,400,balanced_x,omega_only,rmse,0.2056215387264925,0.01632292382028837,100
synthetic,scm1,mild,400,balanced_x,omega_only,bias,-0.014711128342932516,0.020612784081417868,100
synthetic,scm1,mild,400,balanced_x,omega_only,coverage,0.95,0.021904291355759036,100
synthetic,scm1,mild,400,balanced_x,omega_only,ci_length,0.7909801010829487,0.00653110832576959,100
synthetic,scm1,mild,400,balanced_x,omega_only,omega_used,0.8225154180806562,0.021510953123393347,100
synthetic,scm1,mild,400,balanced_x,omega_only,ratio_balance_residual,1.9230883722639625e-09,3.0748120198140686e-10,100
synthetic,scm1,mild,400,balanced_x,omega_only,ratio_normalization_error,4.9960036108132046e-17,1.027217680664785e-17,100
synthetic,scm1,mild,400,balanced_x,omega_only,ratio_ess,2725.5857190172846,13.858472600013801,100
synthetic,scm1,mild,400,balanced_x,rct_only,rmse,0.20290448133330008,0.017821991003538543,100
synthetic,scm1,mild,400,balanced_x,rct_only,bias,-0.012246980437981727,0.020355487189951383,100
synthetic,scm1,mild,400,balanced_x,rct_only,coverage,0.93,0.02564323999762428,100
synthetic,scm1,mild,400,balanced_x,rct_only,ci_length,0.8114781815472795,0.0063272236387974055,100
synthetic,scm1,mild,400,balanced_x,rct_only,omega_used,0.0,0.0,100
synthetic,scm1,mild,400,balanced_x,rct_only,ratio_balance_residual,1.9230883722639625e-09,3.0748120198140686e-10,100
synthetic,scm1,mild,400,balanced_x,rct_only,ratio_normalization_error,4.9960036108132046e-17,1.027217680664785e-17,100
synthetic,scm1,mild,400,balanced_x,rct_only,ratio_ess,2725.5857190172846,13.858472600013801,100
synthetic,scm1,mild,400,balanced_x_ghat,fixed_half,rmse,0.19478278165171867,0.01651031156369142,100
synthetic,scm1,mild,400,balanced_x_ghat,fixed_half,bias,-0.0056431087569969295,0.01956818881889423,100
synthetic,scm1,mild,400,balanced_x_ghat,fixed_half,coverage,0.93,0.02564323999762428,100
synthetic,scm1,mild,400,balanced_x_ghat,fixed_half,ci_length,0.7545008953376563,0.005460211756444611,100
synthetic,scm1,mild,400,balanced_x_ghat,fixed_half,omega_used,0.5,0.0,100
synthetic,scm1,mild,400,balanced_x_ghat,fixed_half,ratio_balance_residual,4.0389970594851234e-09,8.555933761776243e-10,100
synthetic,scm1,mild,400,balanced_x_ghat,fixed_half,ratio_normalization_error,2.4424906541753444e-17,1.176432196037872e-17,100
synthetic,scm1,mild,400,balanced_x_ghat,fixed_half,ratio_ess,2706.899954924804,13.781046410572335,100
synthetic,scm1,mild,400,balanced_x_ghat,joint,rmse,0.19567595213980457,0.01517191303526511,100
synthetic,scm1,mild,400,balanced_x_ghat,joint,bias,-0.002166018342069953,0.01966496823954291,100
synthetic,scm1,mild,400,balanced_x_ghat,joint,coverage,0.94,0.023868325657594204,100
synthetic,scm1,mild,400,balanced_x_ghat,joint,ci_length,0.7441855624343074,0.005355808142484883,100
synthetic,scm1,mild,400,balanced_x_ghat,joint,omega_used,0.8210575049017856,0.021532367763300635,100
synthetic,scm1,mild,400,balanced_x_ghat,joint,ratio_balance_residual,4.0389970594851234e-09,8.555933761776243e-10,100
synthetic,scm1,mild,400,balanced_x_ghat,joint,ratio_normalization_error,2.4424906541753444e-17,1.176432196037872e-17,100
synthetic,scm1,mild,400,balanced_x_ghat,joint,ratio_ess,2706.899954924804,13.781046410572335,100
synthetic,scm1,mild,400,balanced_x_ghat,lambda_only,rmse,0.19279395745285388,0.01625675301359812,100
synthetic,scm1,mild,400,balanced_x_ghat,lambda_only,bias,-0.00018878122139731558,0.019376512490194394,100
synthetic,scm1,mild,400,balanced_x_ghat,lambda_only,coverage,0.93,0.02564323999762428,100
synthetic,scm1,mild,400,balanced_x_ghat,lambda_only,ci_length,0.7665843523444749,0.005282857205161183,100
synthetic,scm1,mild,400,balanced_x_ghat,lambda_only,omega_used,0.0,0.0,100
synthetic,scm1,mild,400,balanced_x_ghat,lambda_only,ratio_balance_residual,4.0389970594851234e-09,8.555933761776243e-10,100
synthetic,scm1,mild,400,balanced_x_ghat,lambda_only,ratio_normalization_error,2.4424906541753444e-17,1.176432196037872e-17,100
synthetic,scm1,mild,400,balanced_x_ghat,lambda_only,ratio_ess,2706.899954924804,13.781046410572335,100
synthetic,scm1,mild,400,balanced_x_ghat,omega_only,rmse,0.20754357076054525,0.01671802327902439,100
synthetic,scm1,mild,400,balanced_x_ghat,omega_only,bias,-0.014224217558654363,0.020809866880512763,100
synthetic,scm1,mild,400,balanced_x_ghat,omega_only,coverage,0.95,0.021904291355759036,100
synthetic,scm1,mild,400,balanced_x_ghat,omega_only,ci_length,0.7910806542038729,0.006529179334525291,100
synthetic,scm1,mild,400,balanced_x_ghat,omega_only,omega_used,0.8210575049017856,0.021532367763300635,100
synthetic,scm1,mild,400,balanced_x_ghat,omega_only,ratio_balance_residual,4.0389970594851234e-09,8.555933761776243e-10,100
synthetic,scm1,mild,400,balanced_x_ghat,omega_only,ratio_normalization_error,2.4424906541753444e-17,1.176432196037872e-17,100
synthetic,scm1,mild,400,balanced_x_ghat,omega_only,ratio_ess,2706.899954924804,13.781046410572335,100
synthetic,scm1,mild,400,balanced_x_ghat,rct_only,rmse,0.20290448133330008,0.017821991003538543,100
synthetic,scm1,mild,400,balanced_x_ghat,rct_only,bias,-0.012246980437981727,0.020355487189951383,100
synthetic,scm1,mild,400,balanced_x_ghat,rct_only,coverage,0.93,0.02564323999762428,100
synthetic,scm1,mild,400,balanced_x_ghat,rct_only,ci_length,0.8114781815472795,0.0063272236387974055,100
synthetic,scm1,mild,400,balanced_x_ghat,rct_only,omega_used,0.0,0.0,100
synthetic,scm1,mild,400,balanced_x_ghat,rct_only,ratio_balance_residual,4.0389970594851234e-09,8.555933761776243e-10,100
synthetic,scm1,mild,400,balanced_x_ghat,rct_only,ratio_normalization_error,2.4424906541753444e-17,1.176432196037872e-17,100
synthetic,scm1,mild,400,balanced_x_ghat,rct_only,ratio_ess,2706.899954924804,13.781046410572335,100
synthetic,scm1,mild,400,classifier,fixed_half,rmse,0.19385225652266377,0.01624378584010188,100
synthetic,scm1,mild,400,classifier,fixed_half,bias,-0.0057541083473620965,0.01947429997602265,100
synthetic,scm1,mild,400,classifier,fixed_half,coverage,0.93,0.02564323999762428,100
synthetic,scm1,mild,400,classifier,fixed_half,ci_length,0.7544643416340016,0.005461015132623683,100
synthetic,scm1,mild,400,classifier,fixed_half,omega_used,0.5,0.0,100
synthetic,scm1,mild,400,classifier,fixed_half,ratio_normalization_error,6.634635096027242e-05,3.359672969287475e-05,100
synthetic,scm1,mild,400,classifier,fixed_half,ratio_ess,2729.0106876963023,13.654408186167496,100
synthetic,scm1,mild,400,classifier,joint,rmse,0.1937997036962866,0.014803641105818187,100
synthetic,scm1,mild,400,classifier,joint,bias,-0.002081283569783794,0.019476479835497267,100
synthetic,scm1,mild,400,classifier,joint,coverage,0.94,0.023868325657594204,100
synthetic,scm1,mild,400,classifier,joint,ci_length,0.7440732771159643,0.005356518253731801,100
synthetic,scm1,mild,400,classifier,joint,omega_used,0.8226120578395266,0.021512038676635398,100
synthetic,scm1,mild,400,classifier,joint,ratio_normalization_error,6.634635096027242e-05,3.359672969287475e-05,100
synthetic,scm1,mild,400,classifier,joint,ratio_ess,2729.0106876963023,13.654408186167496,100
synthetic,scm1,mild,400,classifier,lambda_only,rmse,0.19279395745285388,0.01625675301359812,100
synthetic,scm1,mild,400,classifier,lambda_only,bias,-0.00018878122139731558,0.019376512490194394,100
synthetic,scm1,mild,400,classifier,lambda_only,coverage,0.93,0.02564323999762428,100
synthetic,scm1,mild,400,classifier,lambda_only,ci_length,0.7665843523444749,0.005282857205161183,100
synthetic,scm1,mild,400,classifier,lambda_only,omega_used,0.0,0.0,100
synthetic,scm1,mild,400,classifier,lambda_only,ratio_normalization_error,6.634635096027242e-05,3.359672969287475e-05,100
synthetic,scm1,mild,400,classifier,lambda_only,ratio_ess,2729.0106876963023,13.654408186167496,100
synthetic,scm1,mild,400,classifier,omega_only,rmse,0.20542819725456857,0.016326804282830645,100
synthetic,scm1,mild,400,classifier,omega_only,bias,-0.014139482786368195,0.0205973469052034,100
synthetic,scm1,mild,400,classifier,omega_only,coverage,0.95,0.021904291355759036,100
synthetic,scm1,mild,400,classifier,omega_only,ci_length,0.7909771083963102,0.006530985316408396,100
synthetic,scm1,mild,400,classifier,omega_only,omega_used,0.8226120578395266,0.021512038676635398,100
synthetic,scm1,mild,400,classifier,omega_only,ratio_normalization_error,6.634635096027242e-05,3.359672969287475e-05,100
synthetic,scm1,mild,400,classifier,omega_only,ratio_ess,2729.0106876963023,13.654408186167496,100
synthetic,scm1,mild,400,classifier,rct_only,rmse,0.20290448133330008,0.017821991003538543,100
synthetic,scm1,mild,400,classifier,rct_only,bias,-0.012246980437981727,0.020355487189951383,100
synthetic,scm1,mild,400,classifier,rct_only,coverage,0.93,0.02564323999762428,100
synthetic,scm1,mild,400,classifier,rct_only,ci_length,0.8114781815472795,0.0063272236387974055,100
synthetic,scm1,mild,400,classifier,rct_only,omega_used,0.0,0.0,100
synthetic,scm1,mild,400,classifier,rct_only,ratio_normalization_error,6.634635096027242e-05,3.359672969287475e-05,100
synthetic,scm1,mild,400,classifier,rct_only,ratio_ess,2729.0106876963023,13.654408186167496,100
synthetic,scm1,mild,400,oracle,fixed_half,rmse,0.18965563921282777,0.015920709753102905,100
synthetic,scm1,mild,400,oracle,fixed_half,bias,-0.0060020907605954806,0.01905156118943608,100
synthetic,scm1,mild,400,oracle,fixed_half,coverage,0.93,0.02564323999762428,100
synthetic,scm1,mild,400,oracle,fixed_half,ci_length,0.75437009688473,0.005459313893881825,100
synthetic,scm1,mild,400,oracle,fixed_half,omega_used,0.5,0.0,100
synthetic,scm1,mild,400,oracle,joint,rmse,0.18729137281300431,0.014216324668929801,100
synthetic,scm1,mild,400,oracle,joint,bias,-0.0026203480247197685,0.01882164885766665,100
synthetic,scm1,mild,400,oracle,joint,coverage,0.94,0.023868325657594204,100
synthetic,scm1,mild,400,oracle,joint,ci_length,0.7438176159734485,0.005350697129062093,100
synthetic,scm1,mild,400,oracle,joint,omega_used,0.827569563103843,0.021436730872485488,100
synthetic,scm1,mild,400,oracle,lambda_only,rmse,0.19279395745285388,0.01625675301359812,100
synthetic,scm1,mild,400,oracle,lambda_only,bias,-0.00018878122139731558,0.019376512490194394,100
synthetic,scm1,mild,400,oracle,lambda_only,coverage,0.93,0.02564323999762428,100
synthetic,scm1,mild,400,oracle,lambda_only,ci_length,0.7665843523444749,0.005282857205161183,100
synthetic,scm1,mild,400,oracle,lambda_only,omega_used,0.0,0.0,100
synthetic,scm1,mild,400,oracle,omega_only,rmse,0.19978632072224212,0.01576760259196781,100
synthetic,scm1,mild,400,oracle,omega_only,bias,-0.014678547241304178,0.02002501319653417,100
synthetic,scm1,mild,400,oracle,omega_only,coverage,0.94,0.023868325657594204,100
synthetic,scm1,mild,400,oracle,omega_only,ci_length,0.7907386679645678,0.006529827055508662,100
synthetic,scm1,mild,400,oracle,omega_only,omega_used,0.827569563103843,0.021436730872485488,100
synthetic,scm1,mild,400,oracle,rct_only,rmse,0.20290448133330008,0.017821991003538543,100
synthetic,scm1,mild,400,oracle,rct_only,bias,-0.012246980437981727,0.020355487189951383,100
synthetic,scm1,mild,400,oracle,rct_only,coverage,0.93,0.02564323999762428,100
synthetic,scm1,mild,400,oracle,rct_only,ci_length,0.8114781815472795,0.0063272236387974055,100
synthetic,scm1,mild,400,oracle,rct_only,omega_used,0.0,0.0,100
synthetic,scm1,mild,400,unit,fixed_half,rmse,0.1959379130906562,0.016511907715041057,100
synthetic,scm1,mild,400,unit,fixed_half,bias,0.0442458982526115,0.01918384375861523,100
synthetic,scm1,mild,400,unit,fixed_half,coverage,0.94,0.023868325657594204,100
synthetic,scm1,mild,400,unit,fixed_half,ci_length,0.754644036691826,0.005457943208347319,100
synthetic,scm1,mild,400,unit,fixed_half,omega_used,0.5,0.0,100
synthetic,scm1,mild,400,unit,joint,rmse,0.2070314137814801,0.01620834472294184,100
synthetic,scm1,mild,400,unit,joint,bias,0.07931497041599242,0.019219923837672875,100
synthetic,scm1,mild,400,unit,joint,coverage,0.93,0.02564323999762428,100
synthetic,scm1,mild,400,unit,joint,ci_length,0.7446927255136129,0.005346587411028183,100
synthetic,scm1,mild,400,unit,joint,omega_used,0.8147402799372807,0.02182830004988985,100
synthetic,scm1,mild,400,unit,lambda_only,rmse,0.19279395745285388,0.01625675301359812,100
synthetic,scm1,mild,400,unit,lambda_only,bias,-0.00018878122139731558,0.019376512490194394,100
synthetic,scm1,mild,400,unit,lambda_only,coverage,0.93,0.02564323999762428,100
synthetic,scm1,mild,400,unit,lambda_only,ci_length,0.7665843523444749,0.005282857205161183,100
synthetic,scm1,mild,400,unit,lambda_only,omega_used,0.0,0.0,100
synthetic,scm1,mild,400,unit,omega_only,rmse,0.21317426491733346,0.016976698513476853,100
synthetic,scm1,mild,400,unit,omega_only,bias,0.06725677119940801,0.02033054972274606,100
synthetic,scm1,mild,400,unit,omega_only,coverage,0.93,0.025643239997624283,100
synthetic,scm1,mild,400,unit,omega_only,ci_length,0.7915565732838842,0.006523157973826493,100
synthetic,scm1,mild,400,unit,omega_only,omega_used,0.8147402799372807,0.02182830004988985,100
synthetic,scm1,mild,400,unit,rct_only,rmse,0.20290448133330008,0.017821991003538543,100
synthetic,scm1,mild,400,unit,rct_only,bias,-0.012246980437981727,0.020355487189951383,100
synthetic,scm1,mild,400,unit,rct_only,coverage,0.93,0.02564323999762428,100
synthetic,scm1,mild,400,unit,rct_only,ci_length,0.8114781815472795,0.0063272236387974055,100
synthetic,scm1,mild,400,unit,rct_only,omega_used,0.0,0.0,100
synthetic,scm1,strong,100,balanced_x,fixed_half,rmse,0.4266687809086488,0.02379156057462998,100
synthetic,scm1,strong,100,balanced_x,fixed_half,bias,0.029316537010610308,0.04278048139610642,100
synthetic,scm1,strong,100,balanced_x,fixed_half,coverage,0.97,0.017144660799776532,100
synthetic,scm1,strong,100,balanced_x,fixed_half,ci_length,1.5671907729209624,0.023727039335075157,100
synthetic,scm1,strong,100,balanced_x,fixed_half,omega_used,0.5,0.0,100
synthetic,scm1,strong,100,balanced_x,fixed_half,ratio_balance_residual,2.4176676932563167e-09,3.8564524305724486e-10,100
synthetic,scm1,strong,100,balanced_x,fixed_half,ratio_normalization_error,3.663735981263017e-17,1.1164296533130273e-17,100
synthetic,scm1,strong,100,balanced_x,fixed_half,ratio_ess,2100.8393614251904,36.77798143208181,100
synthetic,scm1,strong,100,balanced_x,joint,rmse,0.3951438931037954,0.02329695278461951,100
synthetic,scm1,strong,100,balanced_x,joint,bias,0.0372613449837271,0.03953649233983271,100
synthetic,scm1,strong,100,balanced_x,joint,coverage,0.94,0.023868325657594204,100
synthetic,scm1,strong,100,balanced_x,joint,ci_length,1.4972903553650423,0.02270126421605967,100
synthetic,scm1,strong,100,balanced_x,joint,omega_used,0.7040469043186467,0.03724285700520171,100
synthetic,scm1,strong,100,balanced_x,joint,ratio_balance_residual,2.4176676932563167e-09,3.8564524305724486e-10,100
synthetic,scm1,strong,100,balanced_x,joint,ratio_normalization_error,3.663735981263017e-17,1.1164296533130273e-17,100
synthetic,scm1,strong,100,balanced_x,joint,ratio_ess,2100.8393614251904,36.77798143208181,100
synthetic,scm1,strong,100,balanced_x,lambda_only,rmse,0.4196429242397877,0.026185939755293926,100
synthetic,scm1,strong,100,balanced_x,lambda_only,bias,0.015539375387338138,0.042146774763923804,100
synthetic,scm1,strong,100,balanced_x,lambda_only,coverage,0.92,0.027265992434429072,100
synthetic,scm1,strong,100,balanced_x,lambda_only,ci_length,1.533370757893873,0.02264230646708497,100
synthetic,scm1,strong,100,balanced_x,lambda_only,omega_used,0.0,0.0,100
synthetic,scm1,strong,100,balanced_x,lambda_only,ratio_balance_residual,2.4176676932563167e-09,3.8564524305724486e-10,100
synthetic,scm1,strong,100,balanced_x,lambda_only,ratio_normalization_error,3.663735981263017e-17,1.1164296533130273e-17,100
synthetic,scm1,strong,100,balanced_x,lambda_only,ratio_ess,2100.8393614251904,36.77798143208181,100
synthetic,scm1,strong,100,balanced_x,omega_only,rmse,0.5034778942961919,0.02819418886326187,100
synthetic,scm1,strong,100,balanced_x,omega_only,bias,0.037204352103450654,0.05046309044507258,100
synthetic,scm1,strong,100,balanced_x,omega_only,coverage,0.96,0.019694638556693237,100
synthetic,scm1,strong,100,balanced_x,omega_only,ci_length,1.822849815238508,0.032563745579406424,100
synthetic,scm1,strong,100,balanced_x,omega_only,omega_used,0.7040469043186467,0.03724285700520171,100
synthetic,scm1,strong,100,balanced_x,omega_only,ratio_balance_residual,2.4176676932563167e-09,3.8564524305724486e-10,100
synthetic,scm1,strong,100,balanced_x,omega_only,ratio_normalization_error,3.663735981263017e-17,1.1164296533130273e-17,100
synthetic,scm1,strong,100,balanced_x,omega_only,ratio_ess,2100.8393614251904,36.77798143208181,100
synthetic,scm1,strong,100,balanced_x,rct_only,rmse,0.5305183593011118,0.032072708379835745,100
synthetic,scm1,strong,100,balanced_x,rct_only,bias,0.015482382507061687,0.05329639112495258,100
synthetic,scm1,strong,100,balanced_x,rct_only,coverage,0.93,0.02564323999762428,100
synthetic,scm1,strong,100,balanced_x,rct_only,ci_length,1.8481346512997734,0.03361203522045072,100
synthetic,scm1,strong,100,balanced_x,rct_only,omega_used,0.0,0.0,100
synthetic,scm1,strong,100,balanced_x,rct_only,ratio_balance_residual,2.4176676932563167e-09,3.8564524305724486e-10,100
synthetic,scm1,strong,100,balanced_x,rct_only,ratio_normalization_error,3.663735981263017e-17,1.1164296533130273e-17,100
synthetic,scm1,strong,100,balanced_x,rct_only,ratio_ess,2100.8393614251904,36.77798143208181,100
synthetic,scm1,strong,100,balanced_x_ghat,fixed_half,rmse,0.42922581321739345,0.024393676771093414,100
synthetic,scm1,strong,100,balanced_x_ghat,fixed_half,bias,0.03197285649758575,0.043018968705444055,100
synthetic,scm1,strong,100,balanced_x_ghat,fixed_half,coverage,0.96,0.01969463855669324,100
synthetic,scm1,strong,100,balanced_x_ghat,fixed_half,ci_length,1.567344317054217,0.02372810667931139,100
synthetic,scm1,strong,100,balanced_x_ghat,fixed_half,omega_used,0.5,0.0,100
synthetic,scm1,strong,100,balanced_x_ghat,fixed_half,ratio_balance_residual,2.53069715476853e-09,4.779311616807572e-10,100
synthetic,scm1,strong,100,balanced_x_ghat,fixed_half,ratio_normalization_error,3.7747582837255325e-17,1.3223244948159511e-17,100
synthetic,scm1,strong,100,balanced_x_ghat,fixed_half,ratio_ess,2036.9979727734922,37.44635724504321,100
synthetic,scm1,strong,100,balanced_x_ghat,joint,rmse,0.39956171829260284,0.02378053676037698,100
synthetic,scm1,strong,100,balanced_x_ghat,joint,bias,0.04131880886365501,0.039942170666676595,100
synthetic,scm1,strong,100,balanced_x_ghat,joint,coverage,0.94,0.023868325657594204,100
synthetic,scm1,strong,100,balanced_x_ghat,joint,ci_length,1.4977376670475493,0.022693534534083463,100
synthetic,scm1,strong,100,balanced_x_ghat,joint,omega_used,0.7016379396032295,0.03725274726258608,100
synthetic,scm1,strong,100,balanced_x_ghat,joint,ratio_balance_residual,2.53069715476853e-09,4.779311616807572e-10,100
synthetic,scm1,strong,100,balanced_x_ghat,joint,ratio_normalization_error,3.7747582837255325e-17,1.3223244948159511e-17,100
synthetic,scm1,strong,100,balanced_x_ghat,joint,ratio_ess,2036.9979727734922,37.44635724504321,100
synthetic,scm1,strong,100,balanced_x_ghat,lambda_only,rmse,0.4196429242397877,0.026185939755293926,100
synthetic,scm1,strong,100,balanced_x_ghat,lambda_only,bias,0.015539375387338138,0.042146774763923804,100
synthetic,scm1,strong,100,balanced_x_ghat,lambda_only,coverage,0.92,0.027265992434429072,100
synthetic,scm1,strong,100,balanced_x_ghat,lambda_only,ci_length,1.533370757893873,0.02264230646708497,100
synthetic,scm1,strong,100,balanced_x_ghat,lambda_only,omega_used,0.0,0.0,100
synthetic,scm1,strong,100,balanced_x_ghat,lambda_only,ratio_balance_residual,2.53069715476853e-09,4.779311616807572e-10,100
synthetic,scm1,strong,100,balanced_x_ghat,lambda_only,ratio_normalization_error,3.7747582837255325e-17,1.3223244948159511e-17,100
synthetic,scm1,strong,100,balanced_x_ghat,lambda_only,ratio_ess,2036.9979727734922,37.44635724504321,100
synthetic,scm1,strong,100,balanced_x_ghat,omega_only,rmse,0.5082473513983993,0.02828641675782376,100
synthetic,scm1,strong,100,balanced_x_ghat,omega_only,bias,0.04126181598337858,0.05091216765772699,100
synthetic,scm1,strong,100,balanced_x_ghat,omega_only,coverage,0.96,0.019694638556693237,100
synthetic,scm1,strong,100,balanced_x_ghat,omega_only,ci_length,1.8231810187923279,0.03255943822443573,100
synthetic,scm1,strong,100,balanced_x_ghat,omega_only,omega_used,0.7016379396032295,0.03725274726258608,100
synthetic,scm1,strong,100,balanced_x_ghat,omega_only,ratio_balance_residual,2.53069715476853e-09,4.779311616807572e-10,100
synthetic,scm1,strong,100,balanced_x_ghat,omega_only,ratio_normalization_error,3.7747582837255325e-17,1.3223244948159511e-17,100
synthetic,scm1,strong,100,balanced_x_ghat,omega_only,ratio_ess,2036.9979727734922,37.44635724504321,100
synthetic,scm1,strong,100,balanced_x_ghat,rct_only,rmse,0.5305183593011118,0.032072708379835745,100
synthetic,scm1,strong,100,balanced_x_ghat,rct_only,bias,0.015482382507061687,0.05329639112495258,100
synthetic,scm1,strong,100,balanced_x_ghat,rct_only,coverage,0.93,0.02564323999762428,100
synthetic,scm1,strong,100,balanced_x_ghat,rct_only,ci_length,1.8481346512997734,0.03361203522045072,100
synthetic,scm1,strong,100,balanced_x_ghat,rct_only,omega_used,0.0,0.0,100
synthetic,scm1,strong,100,balanced_x_ghat,rct_only,ratio_balance_residual,2.53069715476853e-09,4.779311616807572e-10,100
synthetic,scm1,strong,100,balanced_x_ghat,rct_only,ratio_normalization_error,3.7747582837255325e-17,1.3223244948159511e-17,100
synthetic,scm1,strong,100,balanced_x_ghat,rct_only,ratio_ess,2036.9979727734922,37.44635724504321,100
synthetic,scm1,strong,100,classifier,fixed_half,rmse,0.426956949512259,0.02384511652710199,100
synthetic,scm1,strong,100,classifier,fixed_half,bias,0.033344669744374625,0.04277972352426613,100
synthetic,scm1,strong,100,classifier,fixed_half,coverage,0.97,0.017144660799776532,100
synthetic,scm1,strong,100,classifier,fixed_half,ci_length,1.5671637279465274,0.02372731754143986,100
synthetic,scm1,strong,100,classifier,fixed_half,omega_used,0.5,0.0,100
synthetic,scm1,strong,100,classifier,fixed_half,ratio_normalization_error,0.0027769667453312395,0.0003328287558902826,100
synthetic,scm1,strong,100,classifier,fixed_half,ratio_ess,2142.679626639137,35.975399169478656,100
synthetic,scm1,strong,100,classifier,joint,rmse,0.3949452228740426,0.023380936051566086,100
synthetic,scm1,strong,100,classifier,joint,bias,0.043096710881344535,0.03945645887931814,100
synthetic,scm1,strong,100,classifier,joint,coverage,0.94,0.023868325657594204,100
synthetic,scm1,strong,100,classifier,joint,ci_length,1.4972091916040537,0.02270513049904777,100
synthetic,scm1,strong,100,classifier,joint,omega_used,0.7043869580035756,0.03723901532021349,100
synthetic,scm1,strong,100,classifier,joint,ratio_normalization_error,0.0027769667453312395,0.0003328287558902826,100
synthetic,scm1,strong,100,classifier,joint,ratio_ess,2142.679626639137,35.975399169478656,100
synthetic,scm1,strong,100,classifier,lambda_only,rmse,0.4196429242397877,0.026185939755293926,100
synthetic,scm1,strong,100,classifier,lambda_only,bias,0.015539375387338138,0.042146774763923804,100
synthetic,scm1,strong,100,classifier,lambda_only,coverage,0.92,0.027265992434429072,100
synthetic,scm1,strong,100,classifier,lambda_only,ci_length,1.533370757893873,0.02264230646708497,100
synthetic,scm1,strong,100,classifier,lambda_only,omega_used,0.0,0.0,100
synthetic,scm1,strong,100,classifier,lambda_only,ratio_normalization_error,0.0027769667453312395,0.0003328287558902826,100
synthetic,scm1,strong,100,classifier,lambda_only,ratio_ess,2142.679626639137,35.975399169478656,100
synthetic,scm1,strong,100,classifier,omega_only,rmse,0.503383311338675,0.028295286987246714,100
synthetic,scm1,strong,100,classifier,omega_only,bias,0.0430397180010681,0.05040666350136837,100
synthetic,scm1,strong,100,classifier,omega_only,coverage,0.96,0.019694638556693237,100
synthetic,scm1,strong,100,classifier,omega_only,ci_length,1.8227932876253972,0.03256622324415136,100
synthetic,scm1,strong,100,classifier,omega_only,omega_used,0.7043869580035756,0.03723901532021349,100
synthetic,scm1,strong,100,classifier,omega_only,ratio_normalization_error,0.0027769667453312395,0.0003328287558902826,100
synthetic,scm1,strong,100,classifier,omega_only,ratio_ess,2142.679626639137,35.975399169478656,100
synthetic,scm1,strong,100,classifier,rct_only,rmse,0.5305183593011118,0.032072708379835745,100
synthetic,scm1,strong,100,classifier,rct_only,bias,0.015482382507061687,0.05329639112495258,100
synthetic,scm1,strong,100,classifier,rct_only,coverage,0.93,0.02564323999762428,100
synthetic,scm1,strong,100,classifier,rct_only,ci_length,1.8481346512997734,0.03361203522045072,100
synthetic,scm1,strong,100,classifier,rct_only,omega_used,0.0,0.0,100
synthetic,scm1,strong,100,classifier,rct_only,ratio_normalization_error,0.0027769667453312395,0.0003328287558902826,100
synthetic,scm1,strong,100,classifier,rct_only,ratio_ess,2142.679626639137,35.975399169478656,100
synthetic,scm1,strong,100,oracle,fixed_half,rmse,0.43032445690771987,0.024576992589541047,100
synthetic,scm1,strong,100,oracle,fixed_half,bias,0.017200711968772014,0.04321467129761049,100
synthetic,scm1,strong,100,oracle,fixed_half,coverage,0.95,0.021904291355759043,100
synthetic,scm1,strong,100,oracle,fixed_half,ci_length,1.5669370754648626,0.023731932984380838,100
synthetic,scm1,strong,100,oracle,fixed_half,omega_used,0.5,0.0,100
synthetic,scm1,strong,100,oracle,joint,rmse,0.39988899885395535,0.023862462309516306,100
synthetic,scm1,strong,100,oracle,joint,bias,0.020774755318026878,0.04013608428932431,100
synthetic,scm1,strong,100,oracle,joint,coverage,0.94,0.023868325657594204,100
synthetic,scm1,strong,100,oracle,joint,ci_length,1.4965625781652199,0.022740132473516535,100
synthetic,scm1,strong,100,oracle,joint,omega_used,0.7078068065741001,0.03721754950668206,100
synthetic,scm1,strong,100,oracle,lambda_only,rmse,0.4196429242397877,0.026185939755293926,100
synthetic,scm1,strong,100,oracle,lambda_only,bias,0.015539375387338138,0.042146774763923804,100
synthetic,scm1,strong,100,oracle,lambda_only,coverage,0.92,0.027265992434429072,100
synthetic,scm1,strong,100,oracle,lambda_only,ci_length,1.533370757893873,0.02264230646708497,100
synthetic,scm1,strong,100,oracle,lambda_only,omega_used,0.0,0.0,100
synthetic,scm1,strong,100,oracle,omega_only,rmse,0.5130070383175925,0.02949603025512673,100
synthetic,scm1,strong,100,oracle,omega_only,bias,0.020717762437750448,0.05151708510197024,100
synthetic,scm1,strong,100,oracle,omega_only,coverage,0.94,0.023868325657594204,100
synthetic,scm1,strong,100,oracle,omega_only,ci_length,1.822339367604609,0.0325878407498359,100
synthetic,scm1,strong,100,oracle,omega_only,omega_used,0.7078068065741001,0.03721754950668206,100
synthetic,scm1,strong,100,oracle,rct_only,rmse,0.5305183593011118,0.032072708379835745,100
synthetic,scm1,strong,100,oracle,rct_only,bias,0.015482382507061687,0.05329639112495258,100
synthetic,scm1,strong,100,oracle,rct_only,coverage,0.93,0.02564323999762428,100
synthetic,scm1,strong,100,oracle,rct_only,ci_length,1.8481346512997734,0.03361203522045072,100
synthetic,scm1,strong,100,oracle,rct_only,omega_used,0.0,0.0,100
synthetic,scm1,strong,100,unit,fixed_half,rmse,0.44642688195456437,0.02727168610305009,100
synthetic,scm1,strong,100,unit,fixed_half,bias,0.1181720811087299,0.043267119596324996,100
synthetic,scm1,strong,100,unit,fixed_half,coverage,0.93,0.02564323999762428,100
synthetic,scm1,strong,100,unit,fixed_half,ci_length,1.5669642700331212,0.023732848072715064,100
synthetic,scm1,strong,100,unit,fixed_half,omega_used,0.5,0.0,100
synthetic,scm1,strong,100,unit,joint,rmse,0.42145373412131537,0.027069659551503557,100
synthetic,scm1,strong,100,unit,joint,bias,0.1638437853916717,0.0390258220645177,100
synthetic,scm1,strong,100,unit,joint,coverage,0.92,0.027265992434429072,100
synthetic,scm1,strong,100,unit,joint,ci_length,1.4966185138816792,0.02274266602448761,100
synthetic,scm1,strong,100,unit,joint,omega_used,0.7071734043444157,0.037228240556320805,100
synthetic,scm1,strong,100,unit,lambda_only,rmse,0.4196429242397877,0.026185939755293926,100
synthetic,scm1,strong,100,unit,lambda_only,bias,0.015539375387338138,0.042146774763923804,100
synthetic,scm1,strong,100,unit,lambda_only,coverage,0.92,0.027265992434429072,100
synthetic,scm1,strong,100,unit,lambda_only,ci_length,1.533370757893873,0.02264230646708497,100
synthetic,scm1,strong,100,unit,lambda_only,omega_used,0.0,0.0,100
synthetic,scm1,strong,100,unit,omega_only,rmse,0.5272101107754654,0.03254804285441847,100
synthetic,scm1,strong,100,unit,omega_only,bias,0.16378679251139527,0.050364769182185534,100
synthetic,scm1,strong,100,unit,omega_only,coverage,0.91,0.028762349126466143,100
synthetic,scm1,strong,100,unit,omega_only,ci_length,1.8223697136936738,0.032591117440369126,100
synthetic,scm1,strong,100,unit,omega_only,omega_used,0.7071734043444157,0.037228240556320805,100
synthetic,scm1,strong,100,unit,rct_only,rmse,0.5305183593011118,0.032072708379835745,100
synthetic,scm1,strong,100,unit,rct_only,bias,0.015482382507061687,0.05329639112495258,100
synthetic,scm1,strong,100,unit,rct_only,coverage,0.93,0.02564323999762428,100
synthetic,scm1,strong,100,unit,rct_only,ci_length,1.8481346512997734,0.03361203522045072,100
synthetic,scm1,strong,100,unit,rct_only,omega_used,0.0,0.0,100
synthetic,scm1,strong,400,balanced_x,fixed_half,rmse,0.1735683161578533,0.01230843729595198,100
synthetic,scm1,strong,400,balanced_x,fixed_half,bias,0.0040282221813704245,0.01743957353984949,100
synthetic,scm1,strong,400,balanced_x,fixed_half,coverage,0.96,0.019694638556693237,100
synthetic,scm1,strong,400,balanced_x,fixed_half,ci_length,0.748207660790966,0.00544084329924647,100
synthetic,scm1,strong,400,balanced_x,fixed_half,omega_used,0.5,0.0,100
synthetic,scm1,strong,400,balanced_x,fixed_half,ratio_balance_residual,2.0400324543252794e-09,2.637486133610215e-10,100
synthetic,scm1,strong,400,balanced_x,fixed_half,ratio_normalization_error,4.107825191113079e-17,9.68320121077932e-18,100
synthetic,scm1,strong,400,balanced_x,fixed_half,ratio_ess,2195.02254004689,18.26062389867329,100
synthetic,scm1,strong,400,balanced_x,joint,rmse,0.17834764995095692,0.012950797290984419,100
synthetic,scm1,strong,400,balanced_x,joint,bias,0.006998843436158511,0.01791080606998519,100
synthetic,scm1,strong,400,balanced_x,joint,coverage,0.95,0.02190429135575904,100
synthetic,scm1,strong,400,balanced_x,joint,ci_length,0.7378969808726948,0.0054933894390198105,100
synthetic,scm1,strong,400,balanced_x,joint,omega_used,0.7745783149295287,0.024917742773095587,100
synthetic,scm1,strong,400,balanced_x,joint,ratio_balance_residual,2.0400324543252794e-09,2.637486133610215e-10,100
synthetic,scm1,strong,400,balanced_x,joint,ratio_normalization_error,4.107825191113079e-17,9.68320121077932e-18,100
synthetic,scm1,strong,400,balanced_x,joint,ratio_ess,2195.02254004689,18.26062389867329,100
synthetic,scm1,strong,400,balanced_x,lambda_only,rmse,0.17766756513909923,0.01155110340186857,100
synthetic,scm1,strong,400,balanced_x,lambda_only,bias,0.010698275462497598,0.017823860583692723,100
synthetic,scm1,strong,400,balanced_x,lambda_only,coverage,0.95,0.021904291355759033,100
synthetic,scm1,strong,400,balanced_x,lambda_only,ci_length,0.761197681876853,0.005538137276733022,100
synthetic,scm1,strong,400,balanced_x,lambda_only,omega_used,0.0,0.0,100
synthetic,scm1,strong,400,balanced_x,lambda_only,ratio_balance_residual,2.0400324543252794e-09,2.637486133610215e-10,100
synthetic,scm1,strong,400,balanced_x,lambda_only,ratio_normalization_error,4.107825191113079e-17,9.68320121077932e-18,100
synthetic,scm1,strong,400,balanced_x,lambda_only,ratio_ess,2195.02254004689,18.26062389867329,100
synthetic,scm1,strong,400,balanced_x,omega_only,rmse,0.18334663504428622,0.013509199433058831,100
synthetic,scm1,strong,400,balanced_x,omega_only,bias,0.0010034615800328572,0.01842675416780744,100
synthetic,scm1,strong,400,balanced_x,omega_only,coverage,0.94,0.023868325657594204,100
synthetic,scm1,strong,400,balanced_x,omega_only,ci_length,0.7846032312003922,0.006097305883428048,100
synthetic,scm1,strong,400,balanced_x,omega_only,omega_used,0.7745783149295287,0.024917742773095587,100
synthetic,scm1,strong,400,balanced_x,omega_only,ratio_balance_residual,2.0400324543252794e-09,2.637486133610215e-10,100
synthetic,scm1,strong,400,balanced_x,omega_only,ratio_normalization_error,4.107825191113079e-17,9.68320121077932e-18,100
synthetic,scm1,strong,400,balanced_x,omega_only,ratio_ess,2195.02254004689,18.26062389867329,100
synthetic,scm1,strong,400,balanced_x,rct_only,rmse,0.1809154400623419,0.012726699482973143,100
synthetic,scm1,strong,400,balanced_x,rct_only,bias,0.0047028936063719315,0.018176541448723164,100
synthetic,scm1,strong,400,balanced_x,rct_only,coverage,0.96,0.019694638556693237,100
synthetic,scm1,strong,400,balanced_x,rct_only,ci_length,0.8065135212504263,0.006149725586106143,100
synthetic,scm1,strong,400,balanced_x,rct_only,omega_used,0.0,0.0,100
synthetic,scm1,strong,400,balanced_x,rct_only,ratio_balance_residual,2.0400324543252794e-09,2.637486133610215e-10,100
synthetic,scm1,strong,400,balanced_x,rct_only,ratio_normalization_error,4.107825191113079e-17,9.68320121077932e-18,100
synthetic,scm1,strong,400,balanced_x,rct_only,ratio_ess,2195.02254004689,18.26062389867329,100
synthetic,scm1,strong,400,balanced_x_ghat,fixed_half,rmse,0.1718648795234389,0.012223403268901081,100
synthetic,scm1,strong,400,balanced_x_ghat,fixed_half,bias,0.004080966457904504,0.017268200039079137,100
synthetic,scm1,strong,400,balanced_x_ghat,fixed_half,coverage,0.96,0.019694638556693237,100
synthetic,scm1,strong,400,balanced_x_ghat,fixed_half,ci_length,0.7483165691895712,0.005442024833407121,100
synthetic,scm1,strong,400,balanced_x_ghat,fixed_half,omega_used,0.5,0.0,100
synthetic,scm1,strong,400,balanced_x_ghat,fixed_half,ratio_balance_residual,2.3699894029227676e-09,3.5917272212351106e-10,100
synthetic,scm1,strong,400,balanced_x_ghat,fixed_half,ratio_normalization_error,3.663735981263017e-17,1.149398933370605e-17,100
synthetic,scm1,strong,400,balanced_x_ghat,fixed_half,ratio_ess,2177.083672022066,18.60422189597572,100
synthetic,scm1,strong,400,balanced_x_ghat,joint,rmse,0.17589257664329105,0.012792416739439793,100
synthetic,scm1,strong,400,balanced_x_ghat,joint,bias,0.007413734310569837,0.017662159248262733,100
synthetic,scm1,strong,400,balanced_x_ghat,joint,coverage,0.95,0.021904291355759036,100
synthetic,scm1,strong,400,balanced_x_ghat,joint,ci_length,0.738276852489073,0.005489321617322206,100
synthetic,scm1,strong,400,balanced_x_ghat,joint,omega_used,0.769101759741107,0.02535964023588026,100
synthetic,scm1,strong,400,balanced_x_ghat,joint,ratio_balance_residual,2.3699894029227676e-09,3.5917272212351106e-10,100
synthetic,scm1,strong,400,balanced_x_ghat,joint,ratio_normalization_error,3.663735981263017e-17,1.149398933370605e-17,100
synthetic,scm1,strong,400,balanced_x_ghat,joint,ratio_ess,2177.083672022066,18.60422189597572,100
synthetic,scm1,strong,400,balanced_x_ghat,lambda_only,rmse,0.17766756513909923,0.01155110340186857,100
synthetic,scm1,strong,400,balanced_x_ghat,lambda_only,bias,0.010698275462497598,0.017823860583692723,100
synthetic,scm1,strong,400,balanced_x_ghat,lambda_only,coverage,0.95,0.021904291355759033,100
synthetic,scm1,strong,400,balanced_x_ghat,lambda_only,ci_length,0.761197681876853,0.005538137276733022,100
synthetic,scm1,strong,400,balanced_x_ghat,lambda_only,omega_used,0.0,0.0,100
synthetic,scm1,strong,400,balanced_x_ghat,lambda_only,ratio_balance_residual,2.3699894029227676e-09,3.5917272212351106e-10,100
synthetic,scm1,strong,400,balanced_x_ghat,lambda_only,ratio_normalization_error,3.663735981263017e-17,1.149398933370605e-17,100
synthetic,scm1,strong,400,balanced_x_ghat,lambda_only,ratio_ess,2177.083672022066,18.60422189597572,100
synthetic,scm1,strong,400,balanced_x_ghat,omega_only,rmse,0.18049268003999763,0.013357156672654932,100
synthetic,scm1,strong,400,balanced_x_ghat,omega_only,bias,0.0014183524544441762,0.01813963677883435,100
synthetic,scm1,strong,400,balanced_x_ghat,omega_only,coverage,0.95,0.02190429135575904,100
synthetic,scm1,strong,400,balanced_x_ghat,omega_only,ci_length,0.7849589084183094,0.0060914041317893354,100
synthetic,scm1,strong,400,balanced_x_ghat,omega_only,omega_used,0.769101759741107,0.02535964023588026,100
synthetic,scm1,strong,400,balanced_x_ghat,omega_only,ratio_balance_residual,2.3699894029227676e-09,3.5917272212351106e-10,100
synthetic,scm1,strong,400,balanced_x_ghat,omega_only,ratio_normalization_error,3.663735981263017e-17,1.149398933370605e-17,100
synthetic,scm1,strong,400,balanced_x_ghat,omega_only,ratio_ess,2177.083672022066,18.60422189597572,100
synthetic,scm1,strong,400,balanced_x_ghat,rct_only,rmse,0.1809154400623419,0.012726699482973143,100
synthetic,scm1,strong,400,balanced_x_ghat,rct_only,bias,0.0047028936063719315,0.018176541448723164,100
synthetic,scm1,strong,400,balanced_x_ghat,rct_only,coverage,0.96,0.019694638556693237,100
synthetic,scm1,strong,400,balanced_x_ghat,rct_only,ci_length,0.8065135212504263,0.006149725586106143,100
synthetic,scm1,strong,400,balanced_x_ghat,rct_only,omega_used,0.0,0.0,100
synthetic,scm1,strong,400,balanced_x_ghat,rct_only,ratio_balance_residual,2.3699894029227676e-09,3.5917272212351106e-10,100
synthetic,scm1,strong,400,balanced_x_ghat,rct_only,ratio_normalization_error,3.663735981263017e-17,1.149398933370605e-17,100
synthetic,scm1,strong,400,balanced_x_ghat,rct_only,ratio_ess,2177.083672022066,18.60422189597572,100
synthetic,scm1,strong,400,classifier,fixed_half,rmse,0.17352091126390767,0.012329103149647094,100
synthetic,scm1,strong,400,classifier,fixed_half,bias,0.004709115185638866,0.017433084441129995,100
synthetic,scm1,strong,400,classifier,fixed_half,coverage,0.96,0.019694638556693237,100
synthetic,scm1,strong,400,classifier,fixed_half,ci_length,0.7481979096485517,0.005440948150589112,100
synthetic,scm1,strong,400,classifier,fixed_half,omega_used,0.5,0.0,100
synthetic,scm1,strong,400,classifier,fixed_half,ratio_normalization_error,-0.00038851838727096077,0.00014881436889056034,100
synthetic,scm1,strong,400,classifier,fixed_half,ratio_ess,2204.7269746297484,18.168885465089026,100
synthetic,scm1,strong,400,classifier,joint,rmse,0.17826840211235925,0.012990436771654812,100
synthetic,scm1,strong,400,classifier,joint,bias,0.008074409564301499,0.017898261046924525,100
synthetic,scm1,strong,400,classifier,joint,coverage,0.95,0.02190429135575904,100
synthetic,scm1,strong,400,classifier,joint,ci_length,0.7378639709570733,0.00549401653792778,100
synthetic,scm1,strong,400,classifier,joint,omega_used,0.7750318402360148,0.024916519002954374,100
synthetic,scm1,strong,400,classifier,joint,ratio_normalization_error,-0.00038851838727096077,0.00014881436889056034,100
synthetic,scm1,strong,400,classifier,joint,ratio_ess,2204.7269746297484,18.168885465089026,100
synthetic,scm1,strong,400,classifier,lambda_only,rmse,0.17766756513909923,0.01155110340186857,100
synthetic,scm1,strong,400,classifier,lambda_only,bias,0.010698275462497598,0.017823860583692723,100
synthetic,scm1,strong,400,classifier,lambda_only,coverage,0.95,0.021904291355759033,100
synthetic,scm1,strong,400,classifier,lambda_only,ci_length,0.761197681876853,0.005538137276733022,100
synthetic,scm1,strong,400,classifier,lambda_only,omega_used,0.0,0.0,100
synthetic,scm1,strong,400,classifier,lambda_only,ratio_normalization_error,-0.00038851838727096077,0.00014881436889056034,100
synthetic,scm1,strong,400,classifier,lambda_only,ratio_ess,2204.7269746297484,18.168885465089026,100
synthetic,scm1,strong,400,classifier,omega_only,rmse,0.18324197315808566,0.013536965572782418,100
synthetic,scm1,strong,400,classifier,omega_only,bias,0.0020790277081758346,0.01841532584469345,100
synthetic,scm1,strong,400,classifier,omega_only,coverage,0.94,0.023868325657594204,100
synthetic,scm1,strong,400,classifier,omega_only,ci_length,0.7845702387758169,0.006098044752283126,100
synthetic,scm1,strong,400,classifier,omega_only,omega_used,0.7750318402360148,0.024916519002954374,100
synthetic,scm1,strong,400,classifier,omega_only,ratio_normalization_error,-0.00038851838727096077,0.00014881436889056034,100
synthetic,scm1,strong,400,classifier,omega_only,ratio_ess,2204.7269746297484,18.168885465089026,100
synthetic,scm1,strong,400,classifier,rct_only,rmse,0.1809154400623419,0.012726699482973143,100
synthetic,scm1,strong,400,classifier,rct_only,bias,0.0047028936063719315,0.018176541448723164,100
synthetic,scm1,strong,400,classifier,rct_only,coverage,0.96,0.019694638556693237,100
synthetic,scm1,strong,400,classifier,rct_only,ci_length,0.8065135212504263,0.006149725586106143,100
synthetic,scm1,strong,400,classifier,rct_only,omega_used,0.0,0.0,100
synthetic,scm1,strong,400,classifier,rct_only,ratio_normalization_error,-0.00038851838727096077,0.00014881436889056034,100
synthetic,scm1,strong,400,classifier,rct_only,ratio_ess,2204.7269746297484,18.168885465089026,100
synthetic,scm1,strong,400,oracle,fixed_half,rmse,0.17427044656814902,0.012106737493767693,100
synthetic,scm1,strong,400,oracle,fixed_half,bias,0.00302728478437344,0.01751219606586959,100
synthetic,scm1,strong,400,oracle,fixed_half,coverage,0.95,0.021904291355759033,100
synthetic,scm1,strong,400,oracle,fixed_half,ci_length,0.7480679078304362,0.0054406164341460625,100
synthetic,scm1,strong,400,oracle,fixed_half,omega_used,0.5,0.0,100
synthetic,scm1,strong,400,oracle,joint,rmse,0.17737530718327954,0.012850700822385977,100
synthetic,scm1,strong,400,oracle,joint,bias,0.00607456423671934,0.017816431885432336,100
synthetic,scm1,strong,400,oracle,joint,coverage,0.96,0.019694638556693237,100
synthetic,scm1,strong,400,oracle,joint,ci_length,0.7374597114763054,0.005486878854362131,100
synthetic,scm1,strong,400,oracle,joint,omega_used,0.7807425176918469,0.024957979511203703,100
synthetic,scm1,strong,400,oracle,lambda_only,rmse,0.17766756513909923,0.01155110340186857,100
synthetic,scm1,strong,400,oracle,lambda_only,bias,0.010698275462497598,0.017823860583692723,100
synthetic,scm1,strong,400,oracle,lambda_only,coverage,0.95,0.021904291355759033,100
synthetic,scm1,strong,400,oracle,lambda_only,ci_length,0.761197681876853,0.005538137276733022,100
synthetic,scm1,strong,400,oracle,lambda_only,omega_used,0.0,0.0,100
synthetic,scm1,strong,400,oracle,omega_only,rmse,0.18131956277046038,0.012767097113763852,100
synthetic,scm1,strong,400,oracle,omega_only,bias,7.918238059367755e-05,0.01822329998539763,100
synthetic,scm1,strong,400,oracle,omega_only,coverage,0.94,0.023868325657594204,100
synthetic,scm1,strong,400,oracle,omega_only,ci_length,0.7841883767051476,0.006097616532461264,100
synthetic,scm1,strong,400,oracle,omega_only,omega_used,0.7807425176918469,0.024957979511203703,100
synthetic,scm1,strong,400,oracle,rct_only,rmse,0.1809154400623419,0.012726699482973143,100
synthetic,scm1,strong,400,oracle,rct_only,bias,0.0047028936063719315,0.018176541448723164,100
synthetic,scm1,strong,400,oracle,rct_only,coverage,0.96,0.019694638556693237,100
synthetic,scm1,strong,400,oracle,rct_only,ci_length,0.8065135212504263,0.006149725586106143,100
synthetic,scm1,strong,400,oracle,rct_only,omega_used,0.0,0.0,100
synthetic,scm1,strong,400,unit,fixed_half,rmse,0.20429251028051965,0.01423337360403155,100
synthetic,scm1,strong,400,unit,fixed_half,bias,0.10614729788164183,0.01754307279591146,100
synthetic,scm1,strong,400,unit,fixed_half,coverage,0.92,0.027265992434429072,100
synthetic,scm1,strong,400,unit,fixed_half,ci_length,0.7481333544530189,0.005438460838971737,100
synthetic,scm1,strong,400,unit,fixed_half,omega_used,0.5,0.0,100
synthetic,scm1,strong,400,unit,joint,rmse,0.2498994370190624,0.017225274172531058,100
synthetic,scm1,strong,400,unit,joint,bias,0.16711380845301935,0.018673890281626405,100
synthetic,scm1,strong,400,unit,joint,coverage,0.89,0.031446603773522014,100
synthetic,scm1,strong,400,unit,joint,ci_length,0.7376050929120206,0.005484855188097379,100
synthetic,scm1,strong,400,unit,joint,omega_used,0.778290990668228,0.02498230905705976,100
synthetic,scm1,strong,400,unit,lambda_only,rmse,0.17766756513909923,0.01155110340186857,100
synthetic,scm1,strong,400,unit,lambda_only,bias,0.010698275462497598,0.017823860583692723,100
synthetic,scm1,strong,400,unit,lambda_only,coverage,0.95,0.021904291355759033,100
synthetic,scm1,strong,400,unit,lambda_only,ci_length,0.761197681876853,0.005538137276733022,100
synthetic,scm1,strong,400,unit,lambda_only,omega_used,0.0,0.0,100
synthetic,scm1,strong,400,unit,omega_only,rmse,0.24916234385700295,0.01761491476566328,100
synthetic,scm1,strong,400,unit,omega_only,bias,0.16111842659689374,0.019101728254153412,100
synthetic,scm1,strong,400,unit,omega_only,coverage,0.9,0.03015113445777636,100
synthetic,scm1,strong,400,unit,omega_only,ci_length,0.7843197770732574,0.006095706346433311,100
synthetic,scm1,strong,400,unit,omega_only,omega_used,0.778290990668228,0.02498230905705976,100
synthetic,scm1,strong,400,unit,rct_only,rmse,0.1809154400623419,0.012726699482973143,100
synthetic,scm1,strong,400,unit,rct_only,bias,0.0047028936063719315,0.018176541448723164,100
synthetic,scm1,strong,400,unit,rct_only,coverage,0.96,0.019694638556693237,100
synthetic,scm1,strong,400,unit,rct_only,ci_length,0.8065135212504263,0.006149725586106143,100
synthetic,scm1,strong,400,unit,rct_only,omega_used,0.0,0.0,100
synthetic,scm2,mild,100,balanced_x,fixed_half,rmse,0.4237015489452493,0.030081971037682464,100
synthetic,scm2,mild,100,balanced_x,fixed_half,bias,0.028565478189231275,0.042486719973246836,100
synthetic,scm2,mild,100,balanced_x,fixed_half,coverage,0.97,0.01714466079977653,100
synthetic,scm2,mild,100,balanced_x,fixed_half,ci_length,1.8002677602943775,0.03339978090625384,100
synthetic,scm2,mild,100,balanced_x,fixed_half,omega_used,0.5,0.0,100
synthetic,scm2,mild,100,balanced_x,fixed_half,ratio_balance_residual,1.8448158376087306e-09,2.2978598994166207e-10,100
synthetic,scm2,mild,100,balanced_x,fixed_half,ratio_normalization_error,2.55351295663786e-17,9.181614181165093e-18,100
synthetic,scm2,mild,100,balanced_x,fixed_half,ratio_ess,2580.5105566836164,26.692355128791622,100
synthetic,scm2,mild,100,balanced_x,joint,rmse,0.43081732670851036,0.029503510282269954,100
synthetic,scm2,mild,100,balanced_x,joint,bias,0.010546935368815947,0.04328579340351347,100
synthetic,scm2,mild,100,balanced_x,joint,coverage,0.96,0.019694638556693237,100
synthetic,scm2,mild,100,balanced_x,joint,ci_length,1.7111619426844715,0.031221825409566507,100
synthetic,scm2,mild,100,balanced_x,joint,omega_used,0.6585391290779015,0.03912619083901419,100
synthetic,scm2,mild,100,balanced_x,joint,ratio_balance_residual,1.8448158376087306e-09,2.2978598994166207e-10,100
synthetic,scm2,mild,100,balanced_x,joint,ratio_normalization_error,2.55351295663786e-17,9.181614181165093e-18,100
synthetic,scm2,mild,100,balanced_x,joint,ratio_ess,2580.5105566836164,26.692355128791622,100
synthetic,scm2,mild,100,balanced_x,lambda_only,rmse,0.44276794750445453,0.03140242982156643,100
synthetic,scm2,mild,100,balanced_x,lambda_only,bias,0.020792411935355283,0.044450759380773835,100
synthetic,scm2,mild,100,balanced_x,lambda_only,coverage,0.95,0.021904291355759033,100
synthetic,scm2,mild,100,balanced_x,lambda_only,ci_length,1.7769212099030725,0.030157071805152463,100
synthetic,scm2,mild,100,balanced_x,lambda_only,omega_used,0.0,0.0,100
synthetic,scm2,mild,100,balanced_x,lambda_only,ratio_balance_residual,1.8448158376087306e-09,2.2978598994166207e-10,100
synthetic,scm2,mild,100,balanced_x,lambda_only,ratio_normalization_error,2.55351295663786e-17,9.181614181165093e-18,100
synthetic,scm2,mild,100,balanced_x,lambda_only,ratio_ess,2580.5105566836164,26.692355128791622,100
synthetic,scm2,mild,100,balanced_x,omega_only,rmse,0.4941326166283768,0.03752498612975669,100
synthetic,scm2,mild,100,balanced_x,omega_only,bias,0.04785896109542637,0.04942871233013134,100
synthetic,scm2,mild,100,balanced_x,omega_only,coverage,0.98,0.014070529413628966,100
synthetic,scm2,mild,100,balanced_x,omega_only,ci_length,2.076886626280757,0.046769344305919336,100
synthetic,scm2,mild,100,balanced_x,omega_only,omega_used,0.6585391290779015,0.03912619083901419,100
synthetic,scm2,mild,100,balanced_x,omega_only,ratio_balance_residual,1.8448158376087306e-09,2.2978598994166207e-10,100
synthetic,scm2,mild,100,balanced_x,omega_only,ratio_normalization_error,2.55351295663786e-17,9.181614181165093e-18,100
synthetic,scm2,mild,100,balanced_x,omega_only,ratio_ess,2580.5105566836164,26.692355128791622,100
synthetic,scm2,mild,100,balanced_x,rct_only,rmse,0.5037764229127447,0.0412593345929606,100
synthetic,scm2,mild,100,balanced_x,rct_only,bias,0.05810443766196571,0.050293538212445754,100
synthetic,scm2,mild,100,balanced_x,rct_only,coverage,0.96,0.01969463855669324,100
synthetic,scm2,mild,100,balanced_x,rct_only,ci_length,2.1199633601524814,0.04807432308592828,100
synthetic,scm2,mild,100,balanced_x,rct_only,omega_used,0.0,0.0,100
synthetic,scm2,mild,100,balanced_x,rct_only,ratio_balance_residual,1.8448158376087306e-09,2.2978598994166207e-10,100
synthetic,scm2,mild,100,balanced_x,rct_only,ratio_normalization_error,2.55351295663786e-17,9.181614181165093e-18,100
synthetic,scm2,mild,100,balanced_x,rct_only,ratio_ess,2580.5105566836164,26.692355128791622,100
synthetic,scm2,mild,100,balanced_x_ghat,fixed_half,rmse,0.4256223786745484,0.030151890891371786,100
synthetic,scm2,mild,100,balanced_x_ghat,fixed_half,bias,0.027668767228643164,0.04268617552907815,100
synthetic,scm2,mild,100,balanced_x_ghat,fixed_half,coverage,0.97,0.01714466079977653,100
synthetic,scm2,mild,100,balanced_x_ghat,fixed_half,ci_length,1.8006186467645793,0.033394040488820796,100
synthetic,scm2,mild,100,balanced_x_ghat,fixed_half,omega_used,0.5,0.0,100
synthetic,scm2,mild,100,balanced_x_ghat,fixed_half,ratio_balance_residual,4.871451194540773e-09,7.606216727978585e-10,100
synthetic,scm2,mild,100,balanced_x_ghat,fixed_half,ratio_normalization_error,2.7755575615628914e-17,1.1199926172830674e-17,100
synthetic,scm2,mild,100,balanced_x_ghat,fixed_half,ratio_ess,2513.8587573809664,27.733712777379168,100
synthetic,scm2,mild,100,balanced_x_ghat,joint,rmse,0.4362202883430912,0.030253729520537176,100
synthetic,scm2,mild,100,balanced_x_ghat,joint,bias,0.017456812584891623,0.04380666888676428,100
synthetic,scm2,mild,100,balanced_x_ghat,joint,coverage,0.95,0.021904291355759033,100
synthetic,scm2,mild,100,balanced_x_ghat,joint,ci_length,1.71187937912607,0.031197466811424834,100
synthetic,scm2,mild,100,balanced_x_ghat,joint,omega_used,0.6563979396495512,0.0390801880301188,100
synthetic,scm2,mild,100,balanced_x_ghat,joint,ratio_balance_residual,4.871451194540773e-09,7.606216727978585e-10,100
synthetic,scm2,mild,100,balanced_x_ghat,joint,ratio_normalization_error,2.7755575615628914e-17,1.1199926172830674e-17,100
synthetic,scm2,mild,100,balanced_x_ghat,joint,ratio_ess,2513.8587573809664,27.733712777379168,100
synthetic,scm2,mild,100,balanced_x_ghat,lambda_only,rmse,0.44276794750445453,0.03140242982156643,100
synthetic,scm2,mild,100,balanced_x_ghat,lambda_only,bias,0.020792411935355283,0.044450759380773835,100
synthetic,scm2,mild,100,balanced_x_ghat,lambda_only,coverage,0.95,0.021904291355759033,100
synthetic,scm2,mild,100,balanced_x_ghat,lambda_only,ci_length,1.7769212099030725,0.030157071805152463,100
synthetic,scm2,mild,100,balanced_x_ghat,lambda_only,omega_used,0.0,0.0,100
synthetic,scm2,mild,100,balanced_x_ghat,lambda_only,ratio_balance_residual,4.871451194540773e-09,7.606216727978585e-10,100
synthetic,scm2,mild,100,balanced_x_ghat,lambda_only,ratio_normalization_error,2.7755575615628914e-17,1.1199926172830674e-17,100
synthetic,scm2,mild,100,balanced_x_ghat,lambda_only,ratio_ess,2513.8587573809664,27.733712777379168,100
synthetic,scm2,mild,100,balanced_x_ghat,omega_only,rmse,0.4991803083147454,0.03827043945268036,100
synthetic,scm2,mild,100,balanced_x_ghat,omega_only,bias,0.054768838311502054,0.04986662560353325,100
synthetic,scm2,mild,100,balanced_x_ghat,omega_only,coverage,0.97,0.01714466079977653,100
synthetic,scm2,mild,100,balanced_x_ghat,omega_only,ci_length,2.077469516318029,0.04674212749278286,100
synthetic,scm2,mild,100,balanced_x_ghat,omega_only,omega_used,0.6563979396495512,0.0390801880301188,100
synthetic,scm2,mild,100,balanced_x_ghat,omega_only,ratio_balance_residual,4.871451194540773e-09,7.606216727978585e-10,100
synthetic,scm2,mild,100,balanced_x_ghat,omega_only,ratio_normalization_error,2.7755575615628914e-17,1.1199926172830674e-17,100
synthetic,scm2,mild,100,balanced_x_ghat,omega_only,ratio_ess,2513.8587573809664,27.733712777379168,100
synthetic,scm2,mild,100,balanced_x_ghat,rct_only,rmse,0.5037764229127447,0.0412593345929606,100
synthetic,scm2,mild,100,balanced_x_ghat,rct_only,bias,0.05810443766196571,0.050293538212445754,100
synthetic,scm2,mild,100,balanced_x_ghat,rct_only,coverage,0.96,0.01969463855669324,100
synthetic,scm2,mild,100,balanced_x_ghat,rct_only,ci_length,2.1199633601524814,0.04807432308592828,100
synthetic,scm2,mild,100,balanced_x_ghat,rct_only,omega_used,0.0,0.0,100
synthetic,scm2,mild,100,balanced_x_ghat,rct_only,ratio_balance_residual,4.871451194540773e-09,7.606216727978585e-10,100
synthetic,scm2,mild,100,balanced_x_ghat,rct_only,ratio_normalization_error,2.7755575615628914e-17,1.1199926172830674e-17,100
synthetic,scm2,mild,100,balanced_x_ghat,rct_only,ratio_ess,2513.8587573809664,27.733712777379168,100
synthetic,scm2,mild,100,classifier,fixed_half,rmse,0.4237117498523359,0.030145535149974492,100
synthetic,scm2,mild,100,classifier,fixed_half,bias,0.030071129167889236,0.04247725168418244,100
synthetic,scm2,mild,100,classifier,fixed_half,coverage,0.97,0.01714466079977653,100
synthetic,scm2,mild,100,classifier,fixed_half,ci_length,1.800255054305436,0.03339967306419407,100
synthetic,scm2,mild,100,classifier,fixed_half,omega_used,0.5,0.0,100
synthetic,scm2,mild,100,classifier,fixed_half,ratio_normalization_error,0.004624711065081,0.00021106546280932862,100
synthetic,scm2,mild,100,classifier,fixed_half,ratio_ess,2607.988659200944,25.2755972493893,100
synthetic,scm2,mild,100,classifier,joint,rmse,0.4306078265459403,0.029528025797406317,100
synthetic,scm2,mild,100,classifier,joint,bias,0.0125533615185455,0.04325932063953354,100
synthetic,scm2,mild,100,classifier,joint,coverage,0.96,0.019694638556693237,100
synthetic,scm2,mild,100,classifier,joint,ci_length,1.7111318340989385,0.03122307771130962,100
synthetic,scm2,mild,100,classifier,joint,omega_used,0.6587611464792631,0.03913594571618296,100
synthetic,scm2,mild,100,classifier,joint,ratio_normalization_error,0.004624711065081,0.00021106546280932862,100
synthetic,scm2,mild,100,classifier,joint,ratio_ess,2607.988659200944,25.2755972493893,100
synthetic,scm2,mild,100,classifier,lambda_only,rmse,0.44276794750445453,0.03140242982156643,100
synthetic,scm2,mild,100,classifier,lambda_only,bias,0.020792411935355283,0.044450759380773835,100
synthetic,scm2,mild,100,classifier,lambda_only,coverage,0.95,0.021904291355759033,100
synthetic,scm2,mild,100,classifier,lambda_only,ci_length,1.7769212099030725,0.030157071805152463,100
synthetic,scm2,mild,100,classifier,lambda_only,omega_used,0.0,0.0,100
synthetic,scm2,mild,100,classifier,lambda_only,ratio_normalization_error,0.004624711065081,0.00021106546280932862,100
synthetic,scm2,mild,100,classifier,lambda_only,ratio_ess,2607.988659200944,25.2755972493893,100
synthetic,scm2,mild,100,classifier,omega_only,rmse,0.49412764645736945,0.03759254702373564,100
synthetic,scm2,mild,100,classifier,omega_only,bias,0.04986538724515592,0.049408171547227896,100
synthetic,scm2,mild,100,classifier,omega_only,coverage,0.98,0.014070529413628966,100
synthetic,scm2,mild,100,classifier,omega_only,ci_length,2.076867939104465,0.04676844053050739,100
synthetic,scm2,mild,100,classifier,omega_only,omega_used,0.6587611464792631,0.03913594571618296,100
synthetic,scm2,mild,100,classifier,omega_only,ratio_normalization_error,0.004624711065081,0.00021106546280932862,100
synthetic,scm2,mild,100,classifier,omega_only,ratio_ess,2607.988659200944,25.2755972493893,100
synthetic,scm2,mild,100,classifier,rct_only,rmse,0.5037764229127447,0.0412593345929606,100
synthetic,scm2,mild,100,classifier,rct_only,bias,0.05810443766196571,0.050293538212445754,100
synthetic,scm2,mild,100,classifier,rct_only,coverage,0.96,0.01969463855669324,100
synthetic,scm2,mild,100,classifier,rct_only,ci_length,2.1199633601524814,0.04807432308592828,100
synthetic,scm2,mild,100,classifier,rct_only,omega_used,0.0,0.0,100
synthetic,scm2,mild,100,classifier,rct_only,ratio_normalization_error,0.004624711065081,0.00021106546280932862,100
synthetic,scm2,mild,100,classifier,rct_only,ratio_ess,2607.988659200944,25.2755972493893,100
synthetic,scm2,mild,100,oracle,fixed_half,rmse,0.4234738410324326,0.030536395686634916,100
synthetic,scm2,mild,100,oracle,fixed_half,bias,0.034828352704949356,0.042416534784175716,100
synthetic,scm2,mild,100,oracle,fixed_half,coverage,0.97,0.01714466079977653,100
synthetic,scm2,mild,100,oracle,fixed_half,ci_length,1.8000913185059193,0.03339918517643246,100
synthetic,scm2,mild,100,oracle,fixed_half,omega_used,0.5,0.0,100
synthetic,scm2,mild,100,oracle,joint,rmse,0.42771354422150243,0.02953551083645072,100
synthetic,scm2,mild,100,oracle,joint,bias,0.018560419330080978,0.042946335639924824,100
synthetic,scm2,mild,100,oracle,joint,coverage,0.95,0.021904291355759033,100
synthetic,scm2,mild,100,oracle,joint,ci_length,1.7106226766411297,0.03123358404652483,100
synthetic,scm2,mild,100,oracle,joint,omega_used,0.6612179380317587,0.03918632675187191,100
synthetic,scm2,mild,100,oracle,lambda_only,rmse,0.44276794750445453,0.03140242982156643,100
synthetic,scm2,mild,100,oracle,lambda_only,bias,0.020792411935355283,0.044450759380773835,100
synthetic,scm2,mild,100,oracle,lambda_only,coverage,0.95,0.021904291355759033,100
synthetic,scm2,mild,100,oracle,lambda_only,ci_length,1.7769212099030725,0.030157071805152463,100
synthetic,scm2,mild,100,oracle,lambda_only,omega_used,0.0,0.0,100
synthetic,scm2,mild,100,oracle,omega_only,rmse,0.4917448523768853,0.038133877437132487,100
synthetic,scm2,mild,100,oracle,omega_only,bias,0.05587244505669142,0.04910216824632514,100
synthetic,scm2,mild,100,oracle,omega_only,coverage,0.97,0.01714466079977653,100
synthetic,scm2,mild,100,oracle,omega_only,ci_length,2.076518036951984,0.046758624409818726,100
synthetic,scm2,mild,100,oracle,omega_only,omega_used,0.6612179380317587,0.03918632675187191,100
synthetic,scm2,mild,100,oracle,rct_only,rmse,0.5037764229127447,0.0412593345929606,100
synthetic,scm2,mild,100,oracle,rct_only,bias,0.05810443766196571,0.050293538212445754,100
synthetic,scm2,mild,100,oracle,rct_only,coverage,0.96,0.01969463855669324,100
synthetic,scm2,mild,100,oracle,rct_only,ci_length,2.1199633601524814,0.04807432308592828,100
synthetic,scm2,mild,100,oracle,rct_only,omega_used,0.0,0.0,100
synthetic,scm2,mild,100,unit,fixed_half,rmse,0.4254965887622592,0.0312740648518302,100
synthetic,scm2,mild,100,unit,fixed_half,bias,0.05302131177540453,0.04243070257096864,100
synthetic,scm2,mild,100,unit,fixed_half,coverage,0.97,0.01714466079977653,100
synthetic,scm2,mild,100,unit,fixed_half,ci_length,1.8000572016931904,0.033400687676548406,100
synthetic,scm2,mild,100,unit,fixed_half,omega_used,0.5,0.0,100
synthetic,scm2,mild,100,unit,joint,rmse,0.4298306597277579,0.03007292437367985,100
synthetic,scm2,mild,100,unit,joint,bias,0.04351478636549025,0.042977661499614045,100
synthetic,scm2,mild,100,unit,joint,coverage,0.95,0.021904291355759033,100
synthetic,scm2,mild,100,unit,joint,ci_length,1.710518707610139,0.03123954637204592,100
synthetic,scm2,mild,100,unit,joint,omega_used,0.661778154381315,0.03920041820264573,100
synthetic,scm2,mild,100,unit,lambda_only,rmse,0.44276794750445453,0.03140242982156643,100
synthetic,scm2,mild,100,unit,lambda_only,bias,0.020792411935355283,0.044450759380773835,100
synthetic,scm2,mild,100,unit,lambda_only,coverage,0.95,0.021904291355759033,100
synthetic,scm2,mild,100,unit,lambda_only,ci_length,1.7769212099030725,0.030157071805152463,100
synthetic,scm2,mild,100,unit,lambda_only,omega_used,0.0,0.0,100
synthetic,scm2,mild,100,unit,omega_only,rmse,0.4957634929884859,0.03877161595743161,100
synthetic,scm2,mild,100,unit,omega_only,bias,0.08082681209210063,0.04915944656048375,100
synthetic,scm2,mild,100,unit,omega_only,coverage,0.97,0.01714466079977653,100
synthetic,scm2,mild,100,unit,omega_only,ci_length,2.0764444436994816,0.046762713989537595,100
synthetic,scm2,mild,100,unit,omega_only,omega_used,0.661778154381315,0.03920041820264573,100
synthetic,scm2,mild,100,unit,rct_only,rmse,0.5037764229127447,0.0412593345929606,100
synthetic,scm2,mild,100,unit,rct_only,bias,0.05810443766196571,0.050293538212445754,100
synthetic,scm2,mild,100,unit,rct_only,coverage,0.96,0.01969463855669324,100
synthetic,scm2,mild,100,unit,rct_only,ci_length,2.1199633601524814,0.04807432308592828,100
synthetic,scm2,mild,100,unit,rct_only,omega_used,0.0,0.0,100
synthetic,scm2,mild,400,balanced_x,fixed_half,rmse,0.2319810213937096,0.014090108166845453,100
synthetic,scm2,mild,400,balanced_x,fixed_half,bias,0.01411765039852444,0.02327175559396389,100
synthetic,scm2,mild,400,balanced_x,fixed_half,coverage,0.96,0.019694638556693237,100
synthetic,scm2,mild,400,balanced_x,fixed_half,ci_length,0.8831112189343852,0.008147125074752716,100
synthetic,scm2,mild,400,balanced_x,fixed_half,omega_used,0.5,0.0,100
synthetic,scm2,mild,400,balanced_x,fixed_half,ratio_balance_residual,1.6090278052326894e-09,2.067406322618128e-10,100
synthetic,scm2,mild,400,balanced_x,fixed_half,ratio_normalization_error,4.107825191113079e-17,1.0061543589933004e-17,100
synthetic,scm2,mild,400,balanced_x,fixed_half,ratio_ess,2802.66435487542,9.90335396704165,100
synthetic,scm2,mild,400,balanced_x,joint,rmse,0.22764214153807016,0.014244051975817433,100
synthetic,scm2,mild,400,balanced_x,joint,bias,0.012831524888089512,0.022842521171392315,100
synthetic,scm2,mild,400,balanced_x,joint,coverage,0.97,0.01714466079977653,100
synthetic,scm2,mild,400,balanced_x,joint,ci_length,0.8691803366378685,0.00739135321758551,100
synthetic,scm2,mild,400,balanced_x,joint,omega_used,0.7642677969285423,0.02154432117903965,100
synthetic,scm2,mild,400,balanced_x,joint,ratio_balance_residual,1.6090278052326894e-09,2.067406322618128e-10,100
synthetic,scm2,mild,400,balanced_x,joint,ratio_normalization_error,4.107825191113079e-17,1.0061543589933004e-17,100
synthetic,scm2,mild,400,balanced_x,joint,ratio_ess,2802.66435487542,9.90335396704165,100
synthetic,scm2,mild,400,balanced_x,lambda_only,rmse,0.23754649531049363,0.014799513720408759,100
synthetic,scm2,mild,400,balanced_x,lambda_only,bias,0.012953501027976828,0.023838798747237214,100
synthetic,scm2,mild,400,balanced_x,lambda_only,coverage,0.95,0.021904291355759036,100
synthetic,scm2,mild,400,balanced_x,lambda_only,ci_length,0.8957548369157626,0.007467925229160508,100
synthetic,scm2,mild,400,balanced_x,lambda_only,omega_used,0.0,0.0,100
synthetic,scm2,mild,400,balanced_x,lambda_only,ratio_balance_residual,1.6090278052326894e-09,2.067406322618128e-10,100
synthetic,scm2,mild,400,balanced_x,lambda_only,ratio_normalization_error,4.107825191113079e-17,1.0061543589933004e-17,100
synthetic,scm2,mild,400,balanced_x,lambda_only,ratio_ess,2802.66435487542,9.90335396704165,100
synthetic,scm2,mild,400,balanced_x,omega_only,rmse,0.24335321696935253,0.014816869935835078,100
synthetic,scm2,mild,400,balanced_x,omega_only,bias,0.0195050500802422,0.024379230527606523,100
synthetic,scm2,mild,400,balanced_x,omega_only,coverage,0.96,0.019694638556693237,100
synthetic,scm2,mild,400,balanced_x,omega_only,ci_length,0.9399535045983738,0.010531332123840437,100
synthetic,scm2,mild,400,balanced_x,omega_only,omega_used,0.7642677969285423,0.02154432117903965,100
synthetic,scm2,mild,400,balanced_x,omega_only,ratio_balance_residual,1.6090278052326894e-09,2.067406322618128e-10,100
synthetic,scm2,mild,400,balanced_x,omega_only,ratio_normalization_error,4.107825191113079e-17,1.0061543589933004e-17,100
synthetic,scm2,mild,400,balanced_x,omega_only,ratio_ess,2802.66435487542,9.90335396704165,100
synthetic,scm2,mild,400,balanced_x,rct_only,rmse,0.2520742898574439,0.014146015305457102,100
synthetic,scm2,mild,400,balanced_x,rct_only,bias,0.019627026220129514,0.025257507624524618,100
synthetic,scm2,mild,400,balanced_x,rct_only,coverage,0.94,0.023868325657594204,100
synthetic,scm2,mild,400,balanced_x,rct_only,ci_length,0.9630550436081904,0.011075788041852632,100
synthetic,scm2,mild,400,balanced_x,rct_only,omega_used,0.0,0.0,100
synthetic,scm2,mild,400,balanced_x,rct_only,ratio_balance_residual,1.6090278052326894e-09,2.067406322618128e-10,100
synthetic,scm2,mild,400,balanced_x,rct_only,ratio_normalization_error,4.107825191113079e-17,1.0061543589933004e-17,100
synthetic,scm2,mild,400,balanced_x,rct_only,ratio_ess,2802.66435487542,9.90335396704165,100
synthetic,scm2,mild,400,balanced_x_ghat,fixed_half,rmse,0.23044822657480737,0.013370804809034284,100
synthetic,scm2,mild,400,balanced_x_ghat,fixed_half,bias,0.0179391385099522,0.023090636617555286,100
synthetic,scm2,mild,400,balanced_x_ghat,fixed_half,coverage,0.96,0.019694638556693237,100
synthetic,scm2,mild,400,balanced_x_ghat,fixed_half,ci_length,0.8831494104497126,0.008149728329790076,100
synthetic,scm2,mild,400,balanced_x_ghat,fixed_half,omega_used,0.5,0.0,100
synthetic,scm2,mild,400,balanced_x_ghat,fixed_half,ratio_balance_residual,3.0455760591306497e-09,4.272216585687311e-10,100
synthetic,scm2,mild,400,balanced_x_ghat,fixed_half,ratio_normalization_error,4.218847493575595e-17,1.1021190985873485e-17,100
synthetic,scm2,mild,400,balanced_x_ghat,fixed_half,ratio_ess,2786.605609924473,10.161218242635275,100
synthetic,scm2,mild,400,balanced_x_ghat,joint,rmse,0.2263020216210544,0.013150981930217132,100
synthetic,scm2,mild,400,balanced_x_ghat,joint,bias,0.01949499387871455,0.0226596580526958,100
synthetic,scm2,mild,400,balanced_x_ghat,joint,coverage,0.96,0.019694638556693237,100
synthetic,scm2,mild,400,balanced_x_ghat,joint,ci_length,0.8693332265990052,0.0074051392040963265,100
synthetic,scm2,mild,400,balanced_x_ghat,joint,omega_used,0.7593881207235256,0.02168341420034154,100
synthetic,scm2,mild,400,balanced_x_ghat,joint,ratio_balance_residual,3.0455760591306497e-09,4.272216585687311e-10,100
synthetic,scm2,mild,400,balanced_x_ghat,joint,ratio_normalization_error,4.218847493575595e-17,1.1021190985873485e-17,100
synthetic,scm2,mild,400,balanced_x_ghat,joint,ratio_ess,2786.605609924473,10.161218242635275,100
synthetic,scm2,mild,400,balanced_x_ghat,lambda_only,rmse,0.23754649531049363,0.014799513720408759,100
synthetic,scm2,mild,400,balanced_x_ghat,lambda_only,bias,0.012953501027976828,0.023838798747237214,100
synthetic,scm2,mild,400,balanced_x_ghat,lambda_only,coverage,0.95,0.021904291355759036,100
synthetic,scm2,mild,400,balanced_x_ghat,lambda_only,ci_length,0.8957548369157626,0.007467925229160508,100
synthetic,scm2,mild,400,balanced_x_ghat,lambda_only,omega_used,0.0,0.0,100
synthetic,scm2,mild,400,balanced_x_ghat,lambda_only,ratio_balance_residual,3.0455760591306497e-09,4.272216585687311e-10,100
synthetic,scm2,mild,400,balanced_x_ghat,lambda_only,ratio_normalization_error,4.218847493575595e-17,1.1021190985873485e-17,100
synthetic,scm2,mild,400,balanced_x_ghat,lambda_only,ratio_ess,2786.605609924473,10.161218242635275,100
synthetic,scm2,mild,400,balanced_x_ghat,omega_only,rmse,0.24104853681583424,0.013184508813631628,100
synthetic,scm2,mild,400,balanced_x_ghat,omega_only,bias,0.026168519070867237,0.024083106470713447,100
synthetic,scm2,mild,400,balanced_x_ghat,omega_only,coverage,0.96,0.019694638556693237,100
synthetic,scm2,mild,400,balanced_x_ghat,omega_only,ci_length,0.9402021455857806,0.01058358723980213,100
synthetic,scm2,mild,400,balanced_x_ghat,omega_only,omega_used,0.7593881207235256,0.02168341420034154,100
synthetic,scm2,mild,400,balanced_x_ghat,omega_only,ratio_balance_residual,3.0455760591306497e-09,4.272216585687311e-10,100
synthetic,scm2,mild,400,balanced_x_ghat,omega_only,ratio_normalization_error,4.218847493575595e-17,1.1021190985873485e-17,100
synthetic,scm2,mild,400,balanced_x_ghat,omega_only,ratio_ess,2786.605609924473,10.161218242635275,100
synthetic,scm2,mild,400,balanced_x_ghat,rct_only,rmse,0.2520742898574439,0.014146015305457102,100
synthetic,scm2,mild,400,balanced_x_ghat,rct_only,bias,0.019627026220129514,0.025257507624524618,100
synthetic,scm2,mild,400,balanced_x_ghat,rct_only,coverage,0.94,0.023868325657594204,100
synthetic,scm2,mild,400,balanced_x_ghat,rct_only,ci_length,0.9630550436081904,0.011075788041852632,100
synthetic,scm2,mild,400,balanced_x_ghat,rct_only,omega_used,0.0,0.0,100
synthetic,scm2,mild,400,balanced_x_ghat,rct_only,ratio_balance_residual,3.0455760591306497e-09,4.272216585687311e-10,100
synthetic,scm2,mild,400,balanced_x_ghat,rct_only,ratio_normalization_error,4.218847493575595e-17,1.1021190985873485e-17,100
synthetic,scm2,mild,400,balanced_x_ghat,rct_only,ratio_ess,2786.605609924473,10.161218242635275,100
synthetic,scm2,mild,400,classifier,fixed_half,rmse,0.23198163848141606,0.014084164417688191,100
synthetic,scm2,mild,400,classifier,fixed_half,bias,0.014261152313772332,0.02327093390737189,100
synthetic,scm2,mild,400,classifier,fixed_half,coverage,0.96,0.019694638556693237,100
synthetic,scm2,mild,400,classifier,fixed_half,ci_length,0.8831096465735897,0.008147180685827265,100
synthetic,scm2,mild,400,classifier,fixed_half,omega_used,0.5,0.0,100
synthetic,scm2,mild,400,classifier,fixed_half,ratio_normalization_error,0.00013103854202534238,2.9017479239602335e-05,100
synthetic,scm2,mild,400,classifier,fixed_half,ratio_ess,2805.1175625332835,9.71238878091331,100
synthetic,scm2,mild,400,classifier,joint,rmse,0.227628934631094,0.014228689444272793,100
synthetic,scm2,mild,400,classifier,joint,bias,0.013055658192848691,0.022839908734811728,100
synthetic,scm2,mild,400,classifier,joint,coverage,0.97,0.01714466079977653,100
synthetic,scm2,mild,400,classifier,joint,ci_length,0.8691748371310846,0.007391535820461967,100
synthetic,scm2,mild,400,classifier,joint,omega_used,0.7643166973339729,0.021544890864126538,100
synthetic,scm2,mild,400,classifier,joint,ratio_normalization_error,0.00013103854202534238,2.9017479239602335e-05,100
synthetic,scm2,mild,400,classifier,joint,ratio_ess,2805.1175625332835,9.71238878091331,100
synthetic,scm2,mild,400,classifier,lambda_only,rmse,0.23754649531049363,0.014799513720408759,100
synthetic,scm2,mild,400,classifier,lambda_only,bias,0.012953501027976828,0.023838798747237214,100
synthetic,scm2,mild,400,classifier,lambda_only,coverage,0.95,0.021904291355759036,100
synthetic,scm2,mild,400,classifier,lambda_only,ci_length,0.8957548369157626,0.007467925229160508,100
synthetic,scm2,mild,400,classifier,lambda_only,omega_used,0.0,0.0,100
synthetic,scm2,mild,400,classifier,lambda_only,ratio_normalization_error,0.00013103854202534238,2.9017479239602335e-05,100
synthetic,scm2,mild,400,classifier,lambda_only,ratio_ess,2805.1175625332835,9.71238878091331,100
synthetic,scm2,mild,400,classifier,omega_only,rmse,0.24333864619029216,0.014805268373418418,100
synthetic,scm2,mild,400,classifier,omega_only,bias,0.01972918338500138,0.02437593946445137,100
synthetic,scm2,mild,400,classifier,omega_only,coverage,0.96,0.019694638556693237,100
synthetic,scm2,mild,400,classifier,omega_only,ci_length,0.9399482160263986,0.010531303326565116,100
synthetic,scm2,mild,400,classifier,omega_only,omega_used,0.7643166973339729,0.021544890864126538,100
synthetic,scm2,mild,400,classifier,omega_only,ratio_normalization_error,0.00013103854202534238,2.9017479239602335e-05,100
synthetic,scm2,mild,400,classifier,omega_only,ratio_ess,2805.1175625332835,9.71238878091331,100
synthetic,scm2,mild,400,classifier,rct_only,rmse,0.2520742898574439,0.014146015305457102,100
synthetic,scm2,mild,400,classifier,rct_only,bias,0.019627026220129514,0.025257507624524618,100
synthetic,scm2,mild,400,classifier,rct_only,coverage,0.94,0.023868325657594204,100
synthetic,scm2,mild,400,classifier,rct_only,ci_length,0.9630550436081904,0.011075788041852632,100
synthetic,scm2,mild,400,classifier,rct_only,omega_used,0.0,0.0,100
synthetic,scm2,mild,400,classifier,rct_only,ratio_normalization_error,0.00013103854202534238,2.9017479239602335e-05,100
synthetic,scm2,mild,400,classifier,rct_only,ratio_ess,2805.1175625332835,9.71238878091331,100
synthetic,scm2,mild,400,oracle,fixed_half,rmse,0.23113409949120567,0.013646216295934177,100
synthetic,scm2,mild,400,oracle,fixed_half,bias,0.015027020939579123,0.023180704399510706,100
synthetic,scm2,mild,400,oracle,fixed_half,coverage,0.95,0.021904291355759036,100
synthetic,scm2,mild,400,oracle,fixed_half,ci_length,0.8830297875828717,0.008148679841841684,100
synthetic,scm2,mild,400,oracle,fixed_half,omega_used,0.5,0.0,100
synthetic,scm2,mild,400,oracle,joint,rmse,0.2257554778193284,0.013695046841183963,100
synthetic,scm2,mild,400,oracle,joint,bias,0.013728042599603963,0.022647290428563956,100
synthetic,scm2,mild,400,oracle,joint,coverage,0.96,0.019694638556693237,100
synthetic,scm2,mild,400,oracle,joint,ci_length,0.8689175442115737,0.007396423019810161,100
synthetic,scm2,mild,400,oracle,joint,omega_used,0.7676794510500328,0.021460657611554353,100
synthetic,scm2,mild,400,oracle,lambda_only,rmse,0.23754649531049363,0.014799513720408759,100
synthetic,scm2,mild,400,oracle,lambda_only,bias,0.012953501027976828,0.023838798747237214,100
synthetic,scm2,mild,400,oracle,lambda_only,coverage,0.95,0.021904291355759036,100
synthetic,scm2,mild,400,oracle,lambda_only,ci_length,0.8957548369157626,0.007467925229160508,100
synthetic,scm2,mild,400,oracle,lambda_only,omega_used,0.0,0.0,100
synthetic,scm2,mild,400,oracle,omega_only,rmse,0.24165681271535294,0.014168850817765349,100
synthetic,scm2,mild,400,oracle,omega_only,bias,0.02040156779175665,0.02420071606824837,100
synthetic,scm2,mild,400,oracle,omega_only,coverage,0.96,0.019694638556693237,100
synthetic,scm2,mild,400,oracle,omega_only,ci_length,0.9396793776201798,0.010527184015064946,100
synthetic,scm2,mild,400,oracle,omega_only,omega_used,0.7676794510500328,0.021460657611554353,100
synthetic,scm2,mild,400,oracle,rct_only,rmse,0.2520742898574439,0.014146015305457102,100
synthetic,scm2,mild,400,oracle,rct_only,bias,0.019627026220129514,0.025257507624524618,100
synthetic,scm2,mild,400,oracle,rct_only,coverage,0.94,0.023868325657594204,100
synthetic,scm2,mild,400,oracle,rct_only,ci_length,0.9630550436081904,0.011075788041852632,100
synthetic,scm2,mild,400,oracle,rct_only,omega_used,0.0,0.0,100
synthetic,scm2,mild,400,unit,fixed_half,rmse,0.2333050842356046,0.013605980074710188,100
synthetic,scm2,mild,400,unit,fixed_half,bias,0.03324170862682009,0.023208813011255786,100
synthetic,scm2,mild,400,unit,fixed_half,coverage,0.94,0.023868325657594204,100
synthetic,scm2,mild,400,unit,fixed_half,ci_length,0.882959013213842,0.00814847711588305,100
synthetic,scm2,mild,400,unit,fixed_half,omega_used,0.5,0.0,100
synthetic,scm2,mild,400,unit,joint,rmse,0.22964162219023046,0.01325603484577742,100
synthetic,scm2,mild,400,unit,joint,bias,0.04178578963346182,0.02269455112524702,100
synthetic,scm2,mild,400,unit,joint,coverage,0.95,0.021904291355759036,100
synthetic,scm2,mild,400,unit,joint,ci_length,0.8687701049957274,0.007398369874369756,100
synthetic,scm2,mild,400,unit,joint,omega_used,0.7699172181051918,0.0214711766325436,100
synthetic,scm2,mild,400,unit,lambda_only,rmse,0.23754649531049363,0.014799513720408759,100
synthetic,scm2,mild,400,unit,lambda_only,bias,0.012953501027976828,0.023838798747237214,100
synthetic,scm2,mild,400,unit,lambda_only,coverage,0.95,0.021904291355759036,100
synthetic,scm2,mild,400,unit,lambda_only,ci_length,0.8957548369157626,0.007467925229160508,100
synthetic,scm2,mild,400,unit,lambda_only,omega_used,0.0,0.0,100
synthetic,scm2,mild,400,unit,omega_only,rmse,0.2461169979244874,0.014032365414598062,100
synthetic,scm2,mild,400,unit,omega_only,bias,0.048459314825614504,0.024251475321985457,100
synthetic,scm2,mild,400,unit,omega_only,coverage,0.95,0.02190429135575904,100
synthetic,scm2,mild,400,unit,omega_only,ci_length,0.9395437450881852,0.010526190503009542,100
synthetic,scm2,mild,400,unit,omega_only,omega_used,0.7699172181051918,0.0214711766325436,100
synthetic,scm2,mild,400,unit,rct_only,rmse,0.2520742898574439,0.014146015305457102,100
synthetic,scm2,mild,400,unit,rct_only,bias,0.019627026220129514,0.025257507624524618,100
synthetic,scm2,mild,400,unit,rct_only,coverage,0.94,0.023868325657594204,100
synthetic,scm2,mild,400,unit,rct_only,ci_length,0.9630550436081904,0.011075788041852632,100
synthetic,scm2,mild,400,unit,rct_only,omega_used,0.0,0.0,100
synthetic,scm2,strong,100,balanced_x,fixed_half,rmse,0.49443315041435487,0.03395554749379109,100
synthetic,scm2,strong,100,balanced_x,fixed_half,bias,0.03903079223364059,0.049537327777098975,100
synthetic,scm2,strong,100,balanced_x,fixed_half,coverage,0.95,0.02190429135575904,100
synthetic,scm2,strong,100,balanced_x,fixed_half,ci_length,1.7810499884885735,0.036597126696440156,100
synthetic,scm2,strong,100,balanced_x,fixed_half,omega_used,0.5,0.0,100
synthetic,scm2,strong,100,balanced_x,fixed_half,ratio_balance_residual,1.7728205730445542e-09,3.022926503792766e-10,100
synthetic,scm2,strong,100,balanced_x,fixed_half,ratio_normalization_error,2.7755575615628914e-17,1.015024753913943e-17,100
synthetic,scm2,strong,100,balanced_x,fixed_half,ratio_ess,2379.6739380218964,28.843456555677097,100
synthetic,scm2,strong,100,balanced_x,joint,rmse,0.4844941224038217,0.03431994745762284,100
synthetic,scm2,strong,100,balanced_x,joint,bias,0.043160351024728386,0.048499894693551364,100
synthetic,scm2,strong,100,balanced_x,joint,coverage,0.92,0.027265992434429072,100
synthetic,scm2,strong,100,balanced_x,joint,ci_length,1.7335123004112294,0.03284951925800802,100
synthetic,scm2,strong,100,balanced_x,joint,omega_used,0.5996697626372912,0.039474897249246764,100
synthetic,scm2,strong,100,balanced_x,joint,ratio_balance_residual,1.7728205730445542e-09,3.022926503792766e-10,100
synthetic,scm2,strong,100,balanced_x,joint,ratio_normalization_error,2.7755575615628914e-17,1.015024753913943e-17,100
synthetic,scm2,strong,100,balanced_x,joint,ratio_ess,2379.6739380218964,28.843456555677097,100
synthetic,scm2,strong,100,balanced_x,lambda_only,rmse,0.4806271475760133,0.034852079998172844,100
synthetic,scm2,strong,100,balanced_x,lambda_only,bias,0.053892522467004975,0.04800021580435476,100
synthetic,scm2,strong,100,balanced_x,lambda_only,coverage,0.92,0.027265992434429072,100
synthetic,scm2,strong,100,balanced_x,lambda_only,ci_length,1.7785313318410516,0.0324896050781668,100
synthetic,scm2,strong,100,balanced_x,lambda_only,omega_used,0.0,0.0,100
synthetic,scm2,strong,100,balanced_x,lambda_only,ratio_balance_residual,1.7728205730445542e-09,3.022926503792766e-10,100
synthetic,scm2,strong,100,balanced_x,lambda_only,ratio_normalization_error,2.7755575615628914e-17,1.015024753913943e-17,100
synthetic,scm2,strong,100,balanced_x,lambda_only,ratio_ess,2379.6739380218964,28.843456555677097,100
synthetic,scm2,strong,100,balanced_x,omega_only,rmse,0.5888255979918091,0.04420787415058747,100
synthetic,scm2,strong,100,balanced_x,omega_only,bias,0.030253374270154426,0.05910103642938155,100
synthetic,scm2,strong,100,balanced_x,omega_only,coverage,0.95,0.021904291355759036,100
synthetic,scm2,strong,100,balanced_x,omega_only,ci_length,2.105550501436761,0.048317693186753226,100
synthetic,scm2,strong,100,balanced_x,omega_only,omega_used,0.5996697626372912,0.039474897249246764,100
synthetic,scm2,strong,100,balanced_x,omega_only,ratio_balance_residual,1.7728205730445542e-09,3.022926503792766e-10,100
synthetic,scm2,strong,100,balanced_x,omega_only,ratio_normalization_error,2.7755575615628914e-17,1.015024753913943e-17,100
synthetic,scm2,strong,100,balanced_x,omega_only,ratio_ess,2379.6739380218964,28.843456555677097,100
synthetic,scm2,strong,100,balanced_x,rct_only,rmse,0.5843962341642899,0.04411292026474463,100
synthetic,scm2,strong,100,balanced_x,rct_only,bias,0.040985545712431015,0.058589407077538805,100
synthetic,scm2,strong,100,balanced_x,rct_only,coverage,0.94,0.023868325657594204,100
synthetic,scm2,strong,100,balanced_x,rct_only,ci_length,2.142890540753163,0.04897133248251276,100
synthetic,scm2,strong,100,balanced_x,rct_only,omega_used,0.0,0.0,100
synthetic,scm2,strong,100,balanced_x,rct_only,ratio_balance_residual,1.7728205730445542e-09,3.022926503792766e-10,100
synthetic,scm2,strong,100,balanced_x,rct_only,ratio_normalization_error,2.7755575615628914e-17,1.015024753913943e-17,100
synthetic,scm2,strong,100,balanced_x,rct_only,ratio_ess,2379.6739380218964,28.843456555677097,100
synthetic,scm2,strong,100,balanced_x_ghat,fixed_half,rmse,0.5007983963685082,0.03454734853305526,100
synthetic,scm2,strong,100,balanced_x_ghat,fixed_half,bias,0.05269848463290112,0.05005268976542815,100
synthetic,scm2,strong,100,balanced_x_ghat,fixed_half,coverage,0.94,0.023868325657594204,100
synthetic,scm2,strong,100,balanced_x_ghat,fixed_half,ci_length,1.781195529984592,0.0366006152331385,100
synthetic,scm2,strong,100,balanced_x_ghat,fixed_half,omega_used,0.5,0.0,100
synthetic,scm2,strong,100,balanced_x_ghat,fixed_half,ratio_balance_residual,2.891371952483228e-09,3.852569878574075e-10,100
synthetic,scm2,strong,100,balanced_x_ghat,fixed_half,ratio_normalization_error,2.2204460492503132e-17,1.1595901302887535e-17,100
synthetic,scm2,strong,100,balanced_x_ghat,fixed_half,ratio_ess,2318.9660650370743,29.242778633516348,100
synthetic,scm2,strong,100,balanced_x_ghat,joint,rmse,0.4890566581614361,0.03428920459412015,100
synthetic,scm2,strong,100,balanced_x_ghat,joint,bias,0.05948734215484975,0.04878707303277052,100
synthetic,scm2,strong,100,balanced_x_ghat,joint,coverage,0.91,0.028762349126466143,100
synthetic,scm2,strong,100,balanced_x_ghat,joint,ci_length,1.733824237906183,0.03285237936400044,100
synthetic,scm2,strong,100,balanced_x_ghat,joint,omega_used,0.5994557695655659,0.03944060081163956,100
synthetic,scm2,strong,100,balanced_x_ghat,joint,ratio_balance_residual,2.891371952483228e-09,3.852569878574075e-10,100
synthetic,scm2,strong,100,balanced_x_ghat,joint,ratio_normalization_error,2.2204460492503132e-17,1.1595901302887535e-17,100
synthetic,scm2,strong,100,balanced_x_ghat,joint,ratio_ess,2318.9660650370743,29.242778633516348,100
synthetic,scm2,strong,100,balanced_x_ghat,lambda_only,rmse,0.4806271475760133,0.034852079998172844,100
synthetic,scm2,strong,100,balanced_x_ghat,lambda_only,bias,0.053892522467004975,0.04800021580435476,100
synthetic,scm2,strong,100,balanced_x_ghat,lambda_only,coverage,0.92,0.027265992434429072,100
synthetic,scm2,strong,100,balanced_x_ghat,lambda_only,ci_length,1.7785313318410516,0.0324896050781668,100
synthetic,scm2,strong,100,balanced_x_ghat,lambda_only,omega_used,0.0,0.0,100
synthetic,scm2,strong,100,balanced_x_ghat,lambda_only,ratio_balance_residual,2.891371952483228e-09,3.852569878574075e-10,100
synthetic,scm2,strong,100,balanced_x_ghat,lambda_only,ratio_normalization_error,2.2204460492503132e-17,1.1595901302887535e-17,100
synthetic,scm2,strong,100,balanced_x_ghat,lambda_only,ratio_ess,2318.9660650370743,29.242778633516348,100
synthetic,scm2,strong,100,balanced_x_ghat,omega_only,rmse,0.5923349579991694,0.04502519339835999,100
synthetic,scm2,strong,100,balanced_x_ghat,omega_only,bias,0.04658036540027579,0.05934754443594366,100
synthetic,scm2,strong,100,balanced_x_ghat,omega_only,coverage,0.95,0.021904291355759033,100
synthetic,scm2,strong,100,balanced_x_ghat,omega_only,ci_length,2.105845675202118,0.04834649658559082,100
synthetic,scm2,strong,100,balanced_x_ghat,omega_only,omega_used,0.5994557695655659,0.03944060081163956,100
synthetic,scm2,strong,100,balanced_x_ghat,omega_only,ratio_balance_residual,2.891371952483228e-09,3.852569878574075e-10,100
synthetic,scm2,strong,100,balanced_x_ghat,omega_only,ratio_normalization_error,2.2204460492503132e-17,1.1595901302887535e-17,100
synthetic,scm2,strong,100,balanced_x_ghat,omega_only,ratio_ess,2318.9660650370743,29.242778633516348,100
synthetic,scm2,strong,100,balanced_x_ghat,rct_only,rmse,0.5843962341642899,0.04411292026474463,100
synthetic,scm2,strong,100,balanced_x_ghat,rct_only,bias,0.040985545712431015,0.058589407077538805,100
synthetic,scm2,strong,100,balanced_x_ghat,rct_only,coverage,0.94,0.023868325657594204,100
synthetic,scm2,strong,100,balanced_x_ghat,rct_only,ci_length,2.142890540753163,0.04897133248251276,100
synthetic,scm2,strong,100,balanced_x_ghat,rct_only,omega_used,0.0,0.0,100
synthetic,scm2,strong,100,balanced_x_ghat,rct_only,ratio_balance_residual,2.891371952483228e-09,3.852569878574075e-10,100
synthetic,scm2,strong,100,balanced_x_ghat,rct_only,ratio_normalization_error,2.2204460492503132e-17,1.1595901302887535e-17,100
synthetic,scm2,strong,100,balanced_x_ghat,rct_only,ratio_ess,2318.9660650370743,29.242778633516348,100
synthetic,scm2,strong,100,classifier,fixed_half,rmse,0.4943401551505221,0.03401740586031245,100
synthetic,scm2,strong,100,classifier,fixed_half,bias,0.041013177857553734,0.0495117686485725,100
synthetic,scm2,strong,100,classifier,fixed_half,coverage,0.95,0.02190429135575904,100
synthetic,scm2,strong,100,classifier,fixed_half,ci_length,1.7810169938785618,0.03659868156828767,100
synthetic,scm2,strong,100,classifier,fixed_half,omega_used,0.5,0.0,100
synthetic,scm2,strong,100,classifier,fixed_half,ratio_normalization_error,0.003778349621047329,0.0003047730332048102,100
synthetic,scm2,strong,100,classifier,fixed_half,ratio_ess,2416.627234255079,27.567221353400658,100
synthetic,scm2,strong,100,classifier,joint,rmse,0.48436280921751174,0.03440470042616602,100
synthetic,scm2,strong,100,classifier,joint,bias,0.04542084513979081,0.04846578276254839,100
synthetic,scm2,strong,100,classifier,joint,coverage,0.92,0.027265992434429072,100
synthetic,scm2,strong,100,classifier,joint,ci_length,1.73342838599449,0.03285423031858942,100
synthetic,scm2,strong,100,classifier,joint,omega_used,0.5999923352259666,0.03947974778661507,100
synthetic,scm2,strong,100,classifier,joint,ratio_normalization_error,0.003778349621047329,0.0003047730332048102,100
synthetic,scm2,strong,100,classifier,joint,ratio_ess,2416.627234255079,27.567221353400658,100
synthetic,scm2,strong,100,classifier,lambda_only,rmse,0.4806271475760133,0.034852079998172844,100
synthetic,scm2,strong,100,classifier,lambda_only,bias,0.053892522467004975,0.04800021580435476,100
synthetic,scm2,strong,100,classifier,lambda_only,coverage,0.92,0.027265992434429072,100
synthetic,scm2,strong,100,classifier,lambda_only,ci_length,1.7785313318410516,0.0324896050781668,100
synthetic,scm2,strong,100,classifier,lambda_only,omega_used,0.0,0.0,100
synthetic,scm2,strong,100,classifier,lambda_only,ratio_normalization_error,0.003778349621047329,0.0003047730332048102,100
synthetic,scm2,strong,100,classifier,lambda_only,ratio_ess,2416.627234255079,27.567221353400658,100
synthetic,scm2,strong,100,classifier,omega_only,rmse,0.5886486702551175,0.044270485641611686,100
synthetic,scm2,strong,100,classifier,omega_only,bias,0.03251386838521685,0.05907110125597289,100
synthetic,scm2,strong,100,classifier,omega_only,coverage,0.95,0.021904291355759036,100
synthetic,scm2,strong,100,classifier,omega_only,ci_length,2.105475886258884,0.048320998846735415,100
synthetic,scm2,strong,100,classifier,omega_only,omega_used,0.5999923352259666,0.03947974778661507,100
synthetic,scm2,strong,100,classifier,omega_only,ratio_normalization_error,0.003778349621047329,0.0003047730332048102,100
synthetic,scm2,strong,100,classifier,omega_only,ratio_ess,2416.627234255079,27.567221353400658,100
synthetic,scm2,strong,100,classifier,rct_only,rmse,0.5843962341642899,0.04411292026474463,100
synthetic,scm2,strong,100,classifier,rct_only,bias,0.040985545712431015,0.058589407077538805,100
synthetic,scm2,strong,100,classifier,rct_only,coverage,0.94,0.023868325657594204,100
synthetic,scm2,strong,100,classifier,rct_only,ci_length,2.142890540753163,0.04897133248251276,100
synthetic,scm2,strong,100,classifier,rct_only,omega_used,0.0,0.0,100
synthetic,scm2,strong,100,classifier,rct_only,ratio_normalization_error,0.003778349621047329,0.0003047730332048102,100
synthetic,scm2,strong,100,classifier,rct_only,ratio_ess,2416.627234255079,27.567221353400658,100
synthetic,scm2,strong,100,oracle,fixed_half,rmse,0.4900669867655569,0.03395778917959371,100
synthetic,scm2,strong,100,oracle,fixed_half,bias,0.04268961791623702,0.0490663586987657,100
synthetic,scm2,strong,100,oracle,fixed_half,coverage,0.95,0.02190429135575904,100
synthetic,scm2,strong,100,oracle,fixed_half,ci_length,1.7808072612577148,0.03661369311217679,100
synthetic,scm2,strong,100,oracle,fixed_half,omega_used,0.5,0.0,100
synthetic,scm2,strong,100,oracle,joint,rmse,0.48022806443577587,0.03484623610273237,100
synthetic,scm2,strong,100,oracle,joint,bias,0.04370135581307982,0.04806447536002707,100
synthetic,scm2,strong,100,oracle,joint,coverage,0.91,0.028762349126466143,100
synthetic,scm2,strong,100,oracle,joint,ci_length,1.732898495185922,0.032897979311566496,100
synthetic,scm2,strong,100,oracle,joint,omega_used,0.6012183710683571,0.03952019916904573,100
synthetic,scm2,strong,100,oracle,lambda_only,rmse,0.4806271475760133,0.034852079998172844,100
synthetic,scm2,strong,100,oracle,lambda_only,bias,0.053892522467004975,0.04800021580435476,100
synthetic,scm2,strong,100,oracle,lambda_only,coverage,0.92,0.027265992434429072,100
synthetic,scm2,strong,100,oracle,lambda_only,ci_length,1.7785313318410516,0.0324896050781668,100
synthetic,scm2,strong,100,oracle,lambda_only,omega_used,0.0,0.0,100
synthetic,scm2,strong,100,oracle,omega_only,rmse,0.584443371485552,0.043902384280725675,100
synthetic,scm2,strong,100,oracle,omega_only,bias,0.03079437905850583,0.05865717560036556,100
synthetic,scm2,strong,100,oracle,omega_only,coverage,0.94,0.023868325657594204,100
synthetic,scm2,strong,100,oracle,omega_only,ci_length,2.104995455085556,0.0483563428328863,100
synthetic,scm2,strong,100,oracle,omega_only,omega_used,0.6012183710683571,0.03952019916904573,100
synthetic,scm2,strong,100,oracle,rct_only,rmse,0.5843962341642899,0.04411292026474463,100
synthetic,scm2,strong,100,oracle,rct_only,bias,0.040985545712431015,0.058589407077538805,100
synthetic,scm2,strong,100,oracle,rct_only,coverage,0.94,0.023868325657594204,100
synthetic,scm2,strong,100,oracle,rct_only,ci_length,2.142890540753163,0.04897133248251276,100
synthetic,scm2,strong,100,oracle,rct_only,omega_used,0.0,0.0,100
synthetic,scm2,strong,100,unit,fixed_half,rmse,0.4925195043674447,0.035417547148716935,100
synthetic,scm2,strong,100,unit,fixed_half,bias,0.08090183542185313,0.04882770731969984,100
synthetic,scm2,strong,100,unit,fixed_half,coverage,0.94,0.023868325657594204,100
synthetic,scm2,strong,100,unit,fixed_half,ci_length,1.7806018808487776,0.036618875928611475,100
synthetic,scm2,strong,100,unit,fixed_half,omega_used,0.5,0.0,100
synthetic,scm2,strong,100,unit,joint,rmse,0.483544499130098,0.03684235605846199,100
synthetic,scm2,strong,100,unit,joint,bias,0.08911193117872486,0.04776566815346801,100
synthetic,scm2,strong,100,unit,joint,coverage,0.91,0.028762349126466143,100
synthetic,scm2,strong,100,unit,joint,ci_length,1.7322758728533165,0.032919765161286675,100
synthetic,scm2,strong,100,unit,joint,omega_used,0.6038067524192713,0.03954559289904316,100
synthetic,scm2,strong,100,unit,lambda_only,rmse,0.4806271475760133,0.034852079998172844,100
synthetic,scm2,strong,100,unit,lambda_only,bias,0.053892522467004975,0.04800021580435476,100
synthetic,scm2,strong,100,unit,lambda_only,coverage,0.92,0.027265992434429072,100
synthetic,scm2,strong,100,unit,lambda_only,ci_length,1.7785313318410516,0.0324896050781668,100
synthetic,scm2,strong,100,unit,lambda_only,omega_used,0.0,0.0,100
synthetic,scm2,strong,100,unit,omega_only,rmse,0.5861129053758078,0.0457619958720686,100
synthetic,scm2,strong,100,unit,omega_only,bias,0.07620495442415089,0.05840654650325773,100
synthetic,scm2,strong,100,unit,omega_only,coverage,0.93,0.025643239997624283,100
synthetic,scm2,strong,100,unit,omega_only,ci_length,2.104484898689472,0.04836681623302154,100
synthetic,scm2,strong,100,unit,omega_only,omega_used,0.6038067524192713,0.03954559289904316,100
synthetic,scm2,strong,100,unit,rct_only,rmse,0.5843962341642899,0.04411292026474463,100
synthetic,scm2,strong,100,unit,rct_only,bias,0.040985545712431015,0.058589407077538805,100
synthetic,scm2,strong,100,unit,rct_only,coverage,0.94,0.023868325657594204,100
synthetic,scm2,strong,100,unit,rct_only,ci_length,2.142890540753163,0.04897133248251276,100
synthetic,scm2,strong,100,unit,rct_only,omega_used,0.0,0.0,100
synthetic,scm2,strong,400,balanced_x,fixed_half,rmse,0.19123971862287054,0.013911498511730706,100
synthetic,scm2,strong,400,balanced_x,fixed_half,bias,0.0034664562182962467,0.019217157122769887,100
synthetic,scm2,strong,400,balanced_x,fixed_half,coverage,0.97,0.01714466079977653,100
synthetic,scm2,strong,400,balanced_x,fixed_half,ci_length,0.8773771315989723,0.009256285156653965,100
synthetic,scm2,strong,400,balanced_x,fixed_half,omega_used,0.5,0.0,100
synthetic,scm2,strong,400,balanced_x,fixed_half,ratio_balance_residual,1.9697970239825056e-09,2.6923339346973483e-10,100
synthetic,scm2,strong,400,balanced_x,fixed_half,ratio_normalization_error,3.663735981263017e-17,8.505856865353298e-18,100
synthetic,scm2,strong,400,balanced_x,fixed_half,ratio_ess,2455.3205205396785,17.624136248266193,100
synthetic,scm2,strong,400,balanced_x,joint,rmse,0.19040974758120283,0.013771769810245155,100
synthetic,scm2,strong,400,balanced_x,joint,bias,0.004351483652574435,0.019131901689644175,100
synthetic,scm2,strong,400,balanced_x,joint,coverage,0.96,0.019694638556693237,100
synthetic,scm2,strong,400,balanced_x,joint,ci_length,0.8599108693488208,0.00879226013841668,100
synthetic,scm2,strong,400,balanced_x,joint,omega_used,0.7272534742379348,0.02619204528256211,100
synthetic,scm2,strong,400,balanced_x,joint,ratio_balance_residual,1.9697970239825056e-09,2.6923339346973483e-10,100
synthetic,scm2,strong,400,balanced_x,joint,ratio_normalization_error,3.663735981263017e-17,8.505856865353298e-18,100
synthetic,scm2,strong,400,balanced_x,joint,ratio_ess,2455.3205205396785,17.624136248266193,100
synthetic,scm2,strong,400,balanced_x,lambda_only,rmse,0.20332798365037244,0.01441248304828066,100
synthetic,scm2,strong,400,balanced_x,lambda_only,bias,0.004014505757538747,0.020431247775036583,100
synthetic,scm2,strong,400,balanced_x,lambda_only,coverage,0.96,0.019694638556693237,100
synthetic,scm2,strong,400,balanced_x,lambda_only,ci_length,0.8906036542595045,0.008464590850630045,100
synthetic,scm2,strong,400,balanced_x,lambda_only,omega_used,0.0,0.0,100
synthetic,scm2,strong,400,balanced_x,lambda_only,ratio_balance_residual,1.9697970239825056e-09,2.6923339346973483e-10,100
synthetic,scm2,strong,400,balanced_x,lambda_only,ratio_normalization_error,3.663735981263017e-17,8.505856865353298e-18,100
synthetic,scm2,strong,400,balanced_x,lambda_only,ratio_ess,2455.3205205396785,17.624136248266193,100
synthetic,scm2,strong,400,balanced_x,omega_only,rmse,0.20746347790207134,0.014033715667767748,100
synthetic,scm2,strong,400,balanced_x,omega_only,bias,0.0008872687488789727,0.020850673369789317,100
synthetic,scm2,strong,400,balanced_x,omega_only,coverage,0.97,0.01714466079977653,100
synthetic,scm2,strong,400,balanced_x,omega_only,ci_length,0.9353286161726885,0.0119004053402321,100
synthetic,scm2,strong,400,balanced_x,omega_only,omega_used,0.7272534742379348,0.02619204528256211,100
synthetic,scm2,strong,400,balanced_x,omega_only,ratio_balance_residual,1.9697970239825056e-09,2.6923339346973483e-10,100
synthetic,scm2,strong,400,balanced_x,omega_only,ratio_normalization_error,3.663735981263017e-17,8.505856865353298e-18,100
synthetic,scm2,strong,400,balanced_x,omega_only,ratio_ess,2455.3205205396785,17.624136248266193,100
synthetic,scm2,strong,400,balanced_x,rct_only,rmse,0.21147084417897213,0.014591125178799607,100
synthetic,scm2,strong,400,balanced_x,rct_only,bias,0.0005502908538432932,0.02125354756311541,100
synthetic,scm2,strong,400,balanced_x,rct_only,coverage,0.97,0.01714466079977653,100
synthetic,scm2,strong,400,balanced_x,rct_only,ci_length,0.9658763946634129,0.011909543673965142,100
synthetic,scm2,strong,400,balanced_x,rct_only,omega_used,0.0,0.0,100
synthetic,scm2,strong,400,balanced_x,rct_only,ratio_balance_residual,1.9697970239825056e-09,2.6923339346973483e-10,100
synthetic,scm2,strong,400,balanced_x,rct_only,ratio_normalization_error,3.663735981263017e-17,8.505856865353298e-18,100
synthetic,scm2,strong,400,balanced_x,rct_only,ratio_ess,2455.3205205396785,17.624136248266193,100
synthetic,scm2,strong,400,balanced_x_ghat,fixed_half,rmse,0.1974358764355449,0.014739813609078545,100
synthetic,scm2,strong,400,balanced_x_ghat,fixed_half,bias,0.0032905062023952853,0.01984029617345827,100
synthetic,scm2,strong,400,balanced_x_ghat,fixed_half,coverage,0.97,0.01714466079977653,100
synthetic,scm2,strong,400,balanced_x_ghat,fixed_half,ci_length,0.8783076851218614,0.009371490032928389,100
synthetic,scm2,strong,400,balanced_x_ghat,fixed_half,omega_used,0.5,0.0,100
synthetic,scm2,strong,400,balanced_x_ghat,fixed_half,ratio_balance_residual,3.1154717076035194e-09,4.569594669051386e-10,100
synthetic,scm2,strong,400,balanced_x_ghat,fixed_half,ratio_normalization_error,3.3306690738754695e-18,1.1097182630511576e-17,100
synthetic,scm2,strong,400,balanced_x_ghat,fixed_half,ratio_ess,2435.762686761653,18.58344867306591,100
synthetic,scm2,strong,400,balanced_x_ghat,joint,rmse,0.19926387856012473,0.014879662635577905,100
synthetic,scm2,strong,400,balanced_x_ghat,joint,bias,0.0038872380065350176,0.020022962242502825,100
synthetic,scm2,strong,400,balanced_x_ghat,joint,coverage,0.96,0.019694638556693237,100
synthetic,scm2,strong,400,balanced_x_ghat,joint,ci_length,0.8606955317678663,0.008867356380551616,100
synthetic,scm2,strong,400,balanced_x_ghat,joint,omega_used,0.7206628040407249,0.026079348339738954,100
synthetic,scm2,strong,400,balanced_x_ghat,joint,ratio_balance_residual,3.1154717076035194e-09,4.569594669051386e-10,100
synthetic,scm2,strong,400,balanced_x_ghat,joint,ratio_normalization_error,3.3306690738754695e-18,1.1097182630511576e-17,100
synthetic,scm2,strong,400,balanced_x_ghat,joint,ratio_ess,2435.762686761653,18.58344867306591,100
synthetic,scm2,strong,400,balanced_x_ghat,lambda_only,rmse,0.20332798365037244,0.01441248304828066,100
synthetic,scm2,strong,400,balanced_x_ghat,lambda_only,bias,0.004014505757538747,0.020431247775036583,100
synthetic,scm2,strong,400,balanced_x_ghat,lambda_only,coverage,0.96,0.019694638556693237,100
synthetic,scm2,strong,400,balanced_x_ghat,lambda_only,ci_length,0.8906036542595045,0.008464590850630045,100
synthetic,scm2,strong,400,balanced_x_ghat,lambda_only,omega_used,0.0,0.0,100
synthetic,scm2,strong,400,balanced_x_ghat,lambda_only,ratio_balance_residual,3.1154717076035194e-09,4.569594669051386e-10,100
synthetic,scm2,strong,400,balanced_x_ghat,lambda_only,ratio_normalization_error,3.3306690738754695e-18,1.1097182630511576e-17,100
synthetic,scm2,strong,400,balanced_x_ghat,lambda_only,ratio_ess,2435.762686761653,18.58344867306591,100
synthetic,scm2,strong,400,balanced_x_ghat,omega_only,rmse,0.21507988899847977,0.015594297238895936,100
synthetic,scm2,strong,400,balanced_x_ghat,omega_only,bias,0.00042302310283956924,0.02161630036442356,100
synthetic,scm2,strong,400,balanced_x_ghat,omega_only,coverage,0.96,0.01969463855669324,100
synthetic,scm2,strong,400,balanced_x_ghat,omega_only,ci_length,0.9361474690840111,0.01196828091544129,100
synthetic,scm2,strong,400,balanced_x_ghat,omega_only,omega_used,0.7206628040407249,0.026079348339738954,100
synthetic,scm2,strong,400,balanced_x_ghat,omega_only,ratio_balance_residual,3.1154717076035194e-09,4.569594669051386e-10,100
synthetic,scm2,strong,400,balanced_x_ghat,omega_only,ratio_normalization_error,3.3306690738754695e-18,1.1097182630511576e-17,100
synthetic,scm2,strong,400,balanced_x_ghat,omega_only,ratio_ess,2435.762686761653,18.58344867306591,100
synthetic,scm2,strong,400,balanced_x_ghat,rct_only,rmse,0.21147084417897213,0.014591125178799607,100
synthetic,scm2,strong,400,balanced_x_ghat,rct_only,bias,0.0005502908538432932,0.02125354756311541,100
synthetic,scm2,strong,400,balanced_x_ghat,rct_only,coverage,0.97,0.01714466079977653,100
synthetic,scm2,strong,400,balanced_x_ghat,rct_only,ci_length,0.9658763946634129,0.011909543673965142,100
synthetic,scm2,strong,400,balanced_x_ghat,rct_only,omega_used,0.0,0.0,100
synthetic,scm2,strong,400,balanced_x_ghat,rct_only,ratio_balance_residual,3.1154717076035194e-09,4.569594669051386e-10,100
synthetic,scm2,strong,400,balanced_x_ghat,rct_only,ratio_normalization_error,3.3306690738754695e-18,1.1097182630511576e-17,100
synthetic,scm2,strong,400,balanced_x_ghat,rct_only,ratio_ess,2435.762686761653,18.58344867306591,100
synthetic,scm2,strong,400,classifier,fixed_half,rmse,0.19119676503283872,0.013907234964050072,100
synthetic,scm2,strong,400,classifier,fixed_half,bias,0.0037449266609374436,0.019212311520819075,100
synthetic,scm2,strong,400,classifier,fixed_half,coverage,0.97,0.01714466079977653,100
synthetic,scm2,strong,400,classifier,fixed_half,ci_length,0.8773642998328661,0.009255883453695603,100
synthetic,scm2,strong,400,classifier,fixed_half,omega_used,0.5,0.0,100
synthetic,scm2,strong,400,classifier,fixed_half,ratio_normalization_error,-0.0001646785402075379,7.634783540830757e-05,100
synthetic,scm2,strong,400,classifier,fixed_half,ratio_ess,2461.58268628314,17.367261018207323,100
synthetic,scm2,strong,400,classifier,joint,rmse,0.19033082008925853,0.01377017521442358,100
synthetic,scm2,strong,400,classifier,joint,bias,0.004778253438908276,0.019122938093095322,100
synthetic,scm2,strong,400,classifier,joint,coverage,0.96,0.019694638556693237,100
synthetic,scm2,strong,400,classifier,joint,ci_length,0.8598738450424186,0.008791192177359193,100
synthetic,scm2,strong,400,classifier,joint,omega_used,0.7277399361735156,0.026185550611090364,100
synthetic,scm2,strong,400,classifier,joint,ratio_normalization_error,-0.0001646785402075379,7.634783540830757e-05,100
synthetic,scm2,strong,400,classifier,joint,ratio_ess,2461.58268628314,17.367261018207323,100
synthetic,scm2,strong,400,classifier,lambda_only,rmse,0.20332798365037244,0.01441248304828066,100
synthetic,scm2,strong,400,classifier,lambda_only,bias,0.004014505757538747,0.020431247775036583,100
synthetic,scm2,strong,400,classifier,lambda_only,coverage,0.96,0.019694638556693237,100
synthetic,scm2,strong,400,classifier,lambda_only,ci_length,0.8906036542595045,0.008464590850630045,100
synthetic,scm2,strong,400,classifier,lambda_only,omega_used,0.0,0.0,100
synthetic,scm2,strong,400,classifier,lambda_only,ratio_normalization_error,-0.0001646785402075379,7.634783540830757e-05,100
synthetic,scm2,strong,400,classifier,lambda_only,ratio_ess,2461.58268628314,17.367261018207323,100
synthetic,scm2,strong,400,classifier,omega_only,rmse,0.20735251911280192,0.01401441058475197,100
synthetic,scm2,strong,400,classifier,omega_only,bias,0.001314038535212828,0.02083929381041247,100
synthetic,scm2,strong,400,classifier,omega_only,coverage,0.97,0.01714466079977653,100
synthetic,scm2,strong,400,classifier,omega_only,ci_length,0.9352900758606261,0.011899948795242452,100
synthetic,scm2,strong,400,classifier,omega_only,omega_used,0.7277399361735156,0.026185550611090364,100
synthetic,scm2,strong,400,classifier,omega_only,ratio_normalization_error,-0.0001646785402075379,7.634783540830757e-05,100
synthetic,scm2,strong,400,classifier,omega_only,ratio_ess,2461.58268628314,17.367261018207323,100
synthetic,scm2,strong,400,classifier,rct_only,rmse,0.21147084417897213,0.014591125178799607,100
synthetic,scm2,strong,400,classifier,rct_only,bias,0.0005502908538432932,0.02125354756311541,100
synthetic,scm2,strong,400,classifier,rct_only,coverage,0.97,0.01714466079977653,100
synthetic,scm2,strong,400,classifier,rct_only,ci_length,0.9658763946634129,0.011909543673965142,100
synthetic,scm2,strong,400,classifier,rct_only,omega_used,0.0,0.0,100
synthetic,scm2,strong,400,classifier,rct_only,ratio_normalization_error,-0.0001646785402075379,7.634783540830757e-05,100
synthetic,scm2,strong,400,classifier,rct_only,ratio_ess,2461.58268628314,17.367261018207323,100
synthetic,scm2,strong,400,oracle,fixed_half,rmse,0.1896591176530039,0.013668846816096751,100
synthetic,scm2,strong,400,oracle,fixed_half,bias,0.004961922496464953,0.01905493393886994,100
synthetic,scm2,strong,400,oracle,fixed_half,coverage,0.96,0.019694638556693237,100
synthetic,scm2,strong,400,oracle,fixed_half,ci_length,0.8771485606543692,0.009263734823768617,100
synthetic,scm2,strong,400,oracle,fixed_half,omega_used,0.5,0.0,100
synthetic,scm2,strong,400,oracle,joint,rmse,0.18696307923109756,0.01339208809928633,100
synthetic,scm2,strong,400,oracle,joint,bias,0.006435877930315321,0.01877936016993978,100
synthetic,scm2,strong,400,oracle,joint,coverage,0.97,0.01714466079977653,100
synthetic,scm2,strong,400,oracle,joint,ci_length,0.8591503775513126,0.008821984759571484,100
synthetic,scm2,strong,400,oracle,joint,omega_used,0.7323955369375922,0.026072143084683697,100
synthetic,scm2,strong,400,oracle,lambda_only,rmse,0.20332798365037244,0.01441248304828066,100
synthetic,scm2,strong,400,oracle,lambda_only,bias,0.004014505757538747,0.020431247775036583,100
synthetic,scm2,strong,400,oracle,lambda_only,coverage,0.96,0.019694638556693237,100
synthetic,scm2,strong,400,oracle,lambda_only,ci_length,0.8906036542595045,0.008464590850630045,100
synthetic,scm2,strong,400,oracle,lambda_only,omega_used,0.0,0.0,100
synthetic,scm2,strong,400,oracle,omega_only,rmse,0.2034941697434016,0.014013837883102554,100
synthetic,scm2,strong,400,oracle,omega_only,bias,0.0029716630266198745,0.02044975274316764,100
synthetic,scm2,strong,400,oracle,omega_only,coverage,0.98,0.014070529413628968,100
synthetic,scm2,strong,400,oracle,omega_only,ci_length,0.9345710459252523,0.01193379826072269,100
synthetic,scm2,strong,400,oracle,omega_only,omega_used,0.7323955369375922,0.026072143084683697,100
synthetic,scm2,strong,400,oracle,rct_only,rmse,0.21147084417897213,0.014591125178799607,100
synthetic,scm2,strong,400,oracle,rct_only,bias,0.0005502908538432932,0.02125354756311541,100
synthetic,scm2,strong,400,oracle,rct_only,coverage,0.97,0.01714466079977653,100
synthetic,scm2,strong,400,oracle,rct_only,ci_length,0.9658763946634129,0.011909543673965142,100
synthetic,scm2,strong,400,oracle,rct_only,omega_used,0.0,0.0,100
synthetic,scm2,strong,400,unit,fixed_half,rmse,0.1950647188257942,0.01441543850191956,100
synthetic,scm2,strong,400,unit,fixed_half,bias,0.04528971203978662,0.01906900984593689,100
synthetic,scm2,strong,400,unit,fixed_half,coverage,0.95,0.021904291355759033,100
synthetic,scm2,strong,400,unit,fixed_half,ci_length,0.8766799817083587,0.009274496418422096,100
synthetic,scm2,strong,400,unit,fixed_half,omega_used,0.5,0.0,100
synthetic,scm2,strong,400,unit,joint,rmse,0.1961451494472797,0.014746201265173984,100
synthetic,scm2,strong,400,unit,joint,bias,0.06730502003307247,0.018516428394954813,100
synthetic,scm2,strong,400,unit,joint,coverage,0.96,0.019694638556693237,100
synthetic,scm2,strong,400,unit,joint,ci_length,0.8577236993476427,0.008845296013580455,100
synthetic,scm2,strong,400,unit,joint,omega_used,0.7493663158656381,0.02599439100647986,100
synthetic,scm2,strong,400,unit,lambda_only,rmse,0.20332798365037244,0.01441248304828066,100
synthetic,scm2,strong,400,unit,lambda_only,bias,0.004014505757538747,0.020431247775036583,100
synthetic,scm2,strong,400,unit,lambda_only,coverage,0.96,0.019694638556693237,100
synthetic,scm2,strong,400,unit,lambda_only,ci_length,0.8906036542595045,0.008464590850630045,100
synthetic,scm2,strong,400,unit,lambda_only,omega_used,0.0,0.0,100
synthetic,scm2,strong,400,unit,omega_only,rmse,0.20872355017524657,0.014378014927295752,100
synthetic,scm2,strong,400,unit,omega_only,bias,0.06384080512937702,0.019972170536557345,100
synthetic,scm2,strong,400,unit,omega_only,coverage,0.97,0.01714466079977653,100
synthetic,scm2,strong,400,unit,omega_only,ci_length,0.9332567805315359,0.011950447218801685,100
synthetic,scm2,strong,400,unit,omega_only,omega_used,0.7493663158656381,0.02599439100647986,100
synthetic,scm2,strong,400,unit,rct_only,rmse,0.21147084417897213,0.014591125178799607,100
synthetic,scm2,strong,400,unit,rct_only,bias,0.0005502908538432932,0.02125354756311541,100
synthetic,scm2,strong,400,unit,rct_only,coverage,0.97,0.01714466079977653,100
synthetic,scm2,strong,400,unit,rct_only,ci_length,0.9658763946634129,0.011909543673965142,100
synthetic,scm2,strong,400,unit,rct_only,omega_used,0.0,0.0,100
synthetic,scm3,mild,100,balanced_x,fixed_half,rmse,0.5107396196614991,0.033080680694061185,100
synthetic,scm3,mild,100,balanced_x,fixed_half,bias,-0.09644695208777287,0.0504077259315015,100
synthetic,scm3,mild,100,balanced_x,fixed_half,coverage,0.96,0.01969463855669324,100
synthetic,scm3,mild,100,balanced_x,fixed_half,ci_length,1.935775847234316,0.031091987344928185,100
synthetic,scm3,mild,100,balanced_x,fixed_half,omega_used,0.5,0.0,100
synthetic,scm3,mild,100,balanced_x,fixed_half,ratio_balance_residual,2.00470182340739e-09,3.042055311475257e-10,100
synthetic,scm3,mild,100,balanced_x,fixed_half,ratio_normalization_error,5.773159728050814e-17,1.0163118846404139e-17,100
synthetic,scm3,mild,100,balanced_x,fixed_half,ratio_ess,2690.754222428995,21.09891735740422,100
synthetic,scm3,mild,100,balanced_x,joint,rmse,0.4920414413962497,0.03224246796016386,100
synthetic,scm3,mild,100,balanced_x,joint,bias,-0.09154053289964235,0.04858867878361023,100
synthetic,scm3,mild,100,balanced_x,joint,coverage,0.95,0.021904291355759033,100
synthetic,scm3,mild,100,balanced_x,joint,ci_length,1.8207556066013106,0.028911963459589712,100
synthetic,scm3,mild,100,balanced_x,joint,omega_used,0.5609805921015417,0.04429526610929761,100
synthetic,scm3,mild,100,balanced_x,joint,ratio_balance_residual,2.00470182340739e-09,3.042055311475257e-10,100
synthetic,scm3,mild,100,balanced_x,joint,ratio_normalization_error,5.773159728050814e-17,1.0163118846404139e-17,100
synthetic,scm3,mild,100,balanced_x,joint,ratio_ess,2690.754222428995,21.09891735740422,100
synthetic,scm3,mild,100,balanced_x,lambda_only,rmse,0.4971017557240514,0.03292028887746278,100
synthetic,scm3,mild,100,balanced_x,lambda_only,bias,-0.09571516068957406,0.04902573675349783,100
synthetic,scm3,mild,100,balanced_x,lambda_only,coverage,0.96,0.01969463855669324,100
synthetic,scm3,mild,100,balanced_x,lambda_only,ci_length,1.8372911539018109,0.028217171979039817,100
synthetic,scm3,mild,100,balanced_x,lambda_only,omega_used,0.0,0.0,100
synthetic,scm3,mild,100,balanced_x,lambda_only,ratio_balance_residual,2.00470182340739e-09,3.042055311475257e-10,100
synthetic,scm3,mild,100,balanced_x,lambda_only,ratio_normalization_error,5.773159728050814e-17,1.0163118846404139e-17,100
synthetic,scm3,mild,100,balanced_x,lambda_only,ratio_ess,2690.754222428995,21.09891735740422,100
synthetic,scm3,mild,100,balanced_x,omega_only,rmse,0.6044847850931098,0.03527995673206469,100
synthetic,scm3,mild,100,balanced_x,omega_only,bias,-0.10327701078185184,0.059859744694402715,100
synthetic,scm3,mild,100,balanced_x,omega_only,coverage,0.97,0.017144660799776532,100
synthetic,scm3,mild,100,balanced_x,omega_only,ci_length,2.301840601677302,0.047974699194792,100
synthetic,scm3,mild,100,balanced_x,omega_only,omega_used,0.5609805921015417,0.04429526610929761,100
synthetic,scm3,mild,100,balanced_x,omega_only,ratio_balance_residual,2.00470182340739e-09,3.042055311475257e-10,100
synthetic,scm3,mild,100,balanced_x,omega_only,ratio_normalization_error,5.773159728050814e-17,1.0163118846404139e-17,100
synthetic,scm3,mild,100,balanced_x,omega_only,ratio_ess,2690.754222428995,21.09891735740422,100
synthetic,scm3,mild,100,balanced_x,rct_only,rmse,0.6075841295274215,0.03538854097448675,100
synthetic,scm3,mild,100,balanced_x,rct_only,bias,-0.10745163857178355,0.060101985699883696,100
synthetic,scm3,mild,100,balanced_x,rct_only,coverage,0.97,0.017144660799776532,100
synthetic,scm3,mild,100,balanced_x,rct_only,ci_length,2.3192461208352766,0.04866256610247208,100
synthetic,scm3,mild,100,balanced_x,rct_only,omega_used,0.0,0.0,100
synthetic,scm3,mild,100,balanced_x,rct_only,ratio_balance_residual,2.00470182340739e-09,3.042055311475257e-10,100
synthetic,scm3,mild,100,balanced_x,rct_only,ratio_normalization_error,5.773159728050814e-17,1.0163118846404139e-17,100
synthetic,scm3,mild,100,balanced_x,rct_only,ratio_ess,2690.754222428995,21.09891735740422,100
synthetic,scm3,mild,100,balanced_x_ghat,fixed_half,rmse,0.5143470425118424,0.03283632656196837,100
synthetic,scm3,mild,100,balanced_x_ghat,fixed_half,bias,-0.0978311512477721,0.05075012524104709,100
synthetic,scm3,mild,100,balanced_x_ghat,fixed_half,coverage,0.95,0.021904291355759036,100
synthetic,scm3,mild,100,balanced_x_ghat,fixed_half,ci_length,1.9359291316609706,0.031091405316377163,100
synthetic,scm3,mild,100,balanced_x_ghat,fixed_half,omega_used,0.5,0.0,100
synthetic,scm3,mild,100,balanced_x_ghat,fixed_half,ratio_balance_residual,2.9627971757883694e-09,3.767077590203278e-10,100
synthetic,scm3,mild,100,balanced_x_ghat,fixed_half,ratio_normalization_error,3.219646771412954e-17,1.1191029397582659e-17,100
synthetic,scm3,mild,100,balanced_x_ghat,fixed_half,ratio_ess,2588.311039834126,25.252902283542507,100
synthetic,scm3,mild,100,balanced_x_ghat,joint,rmse,0.5009907620524501,0.03278039646851537,100
synthetic,scm3,mild,100,balanced_x_ghat,joint,bias,-0.08896087977557678,0.04955129018404601,100
synthetic,scm3,mild,100,balanced_x_ghat,joint,coverage,0.95,0.021904291355759036,100
synthetic,scm3,mild,100,balanced_x_ghat,joint,ci_length,1.8210829115477603,0.02890733535015107,100
synthetic,scm3,mild,100,balanced_x_ghat,joint,omega_used,0.5574315911043638,0.044269241127769726,100
synthetic,scm3,mild,100,balanced_x_ghat,joint,ratio_balance_residual,2.9627971757883694e-09,3.767077590203278e-10,100
synthetic,scm3,mild,100,balanced_x_ghat,joint,ratio_normalization_error,3.219646771412954e-17,1.1191029397582659e-17,100
synthetic,scm3,mild,100,balanced_x_ghat,joint,ratio_ess,2588.311039834126,25.252902283542507,100
synthetic,scm3,mild,100,balanced_x_ghat,lambda_only,rmse,0.4971017557240514,0.03292028887746278,100
synthetic,scm3,mild,100,balanced_x_ghat,lambda_only,bias,-0.09571516068957406,0.04902573675349783,100
synthetic,scm3,mild,100,balanced_x_ghat,lambda_only,coverage,0.96,0.01969463855669324,100
synthetic,scm3,mild,100,balanced_x_ghat,lambda_only,ci_length,1.8372911539018109,0.028217171979039817,100
synthetic,scm3,mild,100,balanced_x_ghat,lambda_only,omega_used,0.0,0.0,100
synthetic,scm3,mild,100,balanced_x_ghat,lambda_only,ratio_balance_residual,2.9627971757883694e-09,3.767077590203278e-10,100
synthetic,scm3,mild,100,balanced_x_ghat,lambda_only,ratio_normalization_error,3.219646771412954e-17,1.1191029397582659e-17,100
synthetic,scm3,mild,100,balanced_x_ghat,lambda_only,ratio_ess,2588.311039834126,25.252902283542507,100
synthetic,scm3,mild,100,balanced_x_ghat,omega_only,rmse,0.6095611249123277,0.035658095220224895,100
synthetic,scm3,mild,100,balanced_x_ghat,omega_only,bias,-0.1006973576577863,0.06042148316559705,100
synthetic,scm3,mild,100,balanced_x_ghat,omega_only,coverage,0.97,0.017144660799776532,100
synthetic,scm3,mild,100,balanced_x_ghat,omega_only,ci_length,2.302111529237259,0.04798362148652391,100
synthetic,scm3,mild,100,balanced_x_ghat,omega_only,omega_used,0.5574315911043638,0.044269241127769726,100
synthetic,scm3,mild,100,balanced_x_ghat,omega_only,ratio_balance_residual,2.9627971757883694e-09,3.767077590203278e-10,100
synthetic,scm3,mild,100,balanced_x_ghat,omega_only,ratio_normalization_error,3.219646771412954e-17,1.1191029397582659e-17,100
synthetic,scm3,mild,100,balanced_x_ghat,omega_only,ratio_ess,2588.311039834126,25.252902283542507,100
synthetic,scm3,mild,100,balanced_x_ghat,rct_only,rmse,0.6075841295274215,0.03538854097448675,100
synthetic,scm3,mild,100,balanced_x_ghat,rct_only,bias,-0.10745163857178355,0.060101985699883696,100
synthetic,scm3,mild,100,balanced_x_ghat,rct_only,coverage,0.97,0.017144660799776532,100
synthetic,scm3,mild,100,balanced_x_ghat,rct_only,ci_length,2.3192461208352766,0.04866256610247208,100
synthetic,scm3,mild,100,balanced_x_ghat,rct_only,omega_used,0.0,0.0,100
synthetic,scm3,mild,100,balanced_x_ghat,rct_only,ratio_balance_residual,2.9627971757883694e-09,3.767077590203278e-10,100
synthetic,scm3,mild,100,balanced_x_ghat,rct_only,ratio_normalization_error,3.219646771412954e-17,1.1191029397582659e-17,100
synthetic,scm3,mild,100,balanced_x_ghat,rct_only,ratio_ess,2588.311039834126,25.252902283542507,100
synthetic,scm3,mild,100,classifier,fixed_half,rmse,0.5100141819863535,0.032927066201622605,100
synthetic,scm3,mild,100,classifier,fixed_half,bias,-0.09306224314315534,0.05039779984859986,100
synthetic,scm3,mild,100,classifier,fixed_half,coverage,0.96,0.01969463855669324,100
synthetic,scm3,mild,100,classifier,fixed_half,ci_length,1.935761059050944,0.031092410301441248,100
synthetic,scm3,mild,100,classifier,fixed_half,omega_used,0.5,0.0,100
synthetic,scm3,mild,100,classifier,fixed_half,ratio_normalization_error,0.0047940988230942535,0.0001387942528920498,100
synthetic,scm3,mild,100,classifier,fixed_half,ratio_ess,2710.836887496199,19.99385778476401,100
synthetic,scm3,mild,100,classifier,joint,rmse,0.49163128652530774,0.03216998023468829,100
synthetic,scm3,mild,100,classifier,joint,bias,-0.08778681472040423,0.048616702979570554,100
synthetic,scm3,mild,100,classifier,joint,coverage,0.95,0.021904291355759033,100
synthetic,scm3,mild,100,classifier,joint,ci_length,1.8207291236487557,0.028912756679120723,100
synthetic,scm3,mild,100,classifier,joint,omega_used,0.5613839958155928,0.04430045429980153,100
synthetic,scm3,mild,100,classifier,joint,ratio_normalization_error,0.0047940988230942535,0.0001387942528920498,100
synthetic,scm3,mild,100,classifier,joint,ratio_ess,2710.836887496199,19.99385778476401,100
synthetic,scm3,mild,100,classifier,lambda_only,rmse,0.4971017557240514,0.03292028887746278,100
synthetic,scm3,mild,100,classifier,lambda_only,bias,-0.09571516068957406,0.04902573675349783,100
synthetic,scm3,mild,100,classifier,lambda_only,coverage,0.96,0.01969463855669324,100
synthetic,scm3,mild,100,classifier,lambda_only,ci_length,1.8372911539018109,0.028217171979039817,100
synthetic,scm3,mild,100,classifier,lambda_only,omega_used,0.0,0.0,100
synthetic,scm3,mild,100,classifier,lambda_only,ratio_normalization_error,0.0047940988230942535,0.0001387942528920498,100
synthetic,scm3,mild,100,classifier,lambda_only,ratio_ess,2710.836887496199,19.99385778476401,100
synthetic,scm3,mild,100,classifier,omega_only,rmse,0.6040992067302309,0.03517577564020773,100
synthetic,scm3,mild,100,classifier,omega_only,bias,-0.09952329260261372,0.05988465055198723,100
synthetic,scm3,mild,100,classifier,omega_only,coverage,0.97,0.017144660799776532,100
synthetic,scm3,mild,100,classifier,omega_only,ci_length,2.301812945671843,0.04797507971062311,100
synthetic,scm3,mild,100,classifier,omega_only,omega_used,0.5613839958155928,0.04430045429980153,100
synthetic,scm3,mild,100,classifier,omega_only,ratio_normalization_error,0.0047940988230942535,0.0001387942528920498,100
synthetic,scm3,mild,100,classifier,omega_only,ratio_ess,2710.836887496199,19.99385778476401,100
synthetic,scm3,mild,100,classifier,rct_only,rmse,0.6075841295274215,0.03538854097448675,100
synthetic,scm3,mild,100,classifier,rct_only,bias,-0.10745163857178355,0.060101985699883696,100
synthetic,scm3,mild,100,classifier,rct_only,coverage,0.97,0.017144660799776532,100
synthetic,scm3,mild,100,classifier,rct_only,ci_length,2.3192461208352766,0.04866256610247208,100
synthetic,scm3,mild,100,classifier,rct_only,omega_used,0.0,0.0,100
synthetic,scm3,mild,100,classifier,rct_only,ratio_normalization_error,0.0047940988230942535,0.0001387942528920498,100
synthetic,scm3,mild,100,classifier,rct_only,ratio_ess,2710.836887496199,19.99385778476401,100
synthetic,scm3,mild,100,oracle,fixed_half,rmse,0.5103644730297289,0.032647170313238306,100
synthetic,scm3,mild,100,oracle,fixed_half,bias,-0.09445786338088048,0.05040739157122161,100
synthetic,scm3,mild,100,oracle,fixed_half,coverage,0.95,0.021904291355759036,100
synthetic,scm3,mild,100,oracle,fixed_half,ci_length,1.935526022978126,0.031098841056536042,100
synthetic,scm3,mild,100,oracle,fixed_half,omega_used,0.5,0.0,100
synthetic,scm3,mild,100,oracle,joint,rmse,0.49418200078872543,0.03217664397633303,100
synthetic,scm3,mild,100,oracle,joint,bias,-0.08906547252314492,0.04885385250027839,100
synthetic,scm3,mild,100,oracle,joint,coverage,0.97,0.017144660799776532,100
synthetic,scm3,mild,100,oracle,joint,ci_length,1.8202948627328843,0.02892284667506621,100
synthetic,scm3,mild,100,oracle,joint,omega_used,0.5680020469257535,0.04450397776208876,100
synthetic,scm3,mild,100,oracle,lambda_only,rmse,0.4971017557240514,0.03292028887746278,100
synthetic,scm3,mild,100,oracle,lambda_only,bias,-0.09571516068957406,0.04902573675349783,100
synthetic,scm3,mild,100,oracle,lambda_only,coverage,0.96,0.01969463855669324,100
synthetic,scm3,mild,100,oracle,lambda_only,ci_length,1.8372911539018109,0.028217171979039817,100
synthetic,scm3,mild,100,oracle,lambda_only,omega_used,0.0,0.0,100
synthetic,scm3,mild,100,oracle,omega_only,rmse,0.6066503771380999,0.035374976451266,100
synthetic,scm3,mild,100,oracle,omega_only,bias,-0.10080195040535439,0.06012307636741128,100
synthetic,scm3,mild,100,oracle,omega_only,coverage,0.97,0.017144660799776532,100
synthetic,scm3,mild,100,oracle,omega_only,ci_length,2.301376194430166,0.04798100709203427,100
synthetic,scm3,mild,100,oracle,omega_only,omega_used,0.5680020469257535,0.04450397776208876,100
synthetic,scm3,mild,100,oracle,rct_only,rmse,0.6075841295274215,0.03538854097448675,100
synthetic,scm3,mild,100,oracle,rct_only,bias,-0.10745163857178355,0.060101985699883696,100
synthetic,scm3,mild,100,oracle,rct_only,coverage,0.97,0.017144660799776532,100
synthetic,scm3,mild,100,oracle,rct_only,ci_length,2.3192461208352766,0.04866256610247208,100
synthetic,scm3,mild,100,oracle,rct_only,omega_used,0.0,0.0,100
synthetic,scm3,mild,100,unit,fixed_half,rmse,0.5105405115586694,0.032643051468467514,100
synthetic,scm3,mild,100,unit,fixed_half,bias,-0.09423908182299064,0.050429529728962565,100
synthetic,scm3,mild,100,unit,fixed_half,coverage,0.95,0.021904291355759036,100
synthetic,scm3,mild,100,unit,fixed_half,ci_length,1.9355148976510395,0.031098983779175842,100
synthetic,scm3,mild,100,unit,fixed_half,omega_used,0.5,0.0,100
synthetic,scm3,mild,100,unit,joint,rmse,0.4947347913087715,0.032226142155731954,100
synthetic,scm3,mild,100,unit,joint,bias,-0.08865133922449588,0.04891793310890025,100
synthetic,scm3,mild,100,unit,joint,coverage,0.97,0.017144660799776532,100
synthetic,scm3,mild,100,unit,joint,ci_length,1.8202740526214694,0.02892361895441643,100
synthetic,scm3,mild,100,unit,joint,omega_used,0.568276130168037,0.04450872438049835,100
synthetic,scm3,mild,100,unit,lambda_only,rmse,0.4971017557240514,0.03292028887746278,100
synthetic,scm3,mild,100,unit,lambda_only,bias,-0.09571516068957406,0.04902573675349783,100
synthetic,scm3,mild,100,unit,lambda_only,coverage,0.96,0.01969463855669324,100
synthetic,scm3,mild,100,unit,lambda_only,ci_length,1.8372911539018109,0.028217171979039817,100
synthetic,scm3,mild,100,unit,lambda_only,omega_used,0.0,0.0,100
synthetic,scm3,mild,100,unit,omega_only,rmse,0.6071062246044481,0.03535594533449426,100
synthetic,scm3,mild,100,unit,omega_only,bias,-0.10038781710670537,0.060176529379667554,100
synthetic,scm3,mild,100,unit,omega_only,coverage,0.97,0.017144660799776532,100
synthetic,scm3,mild,100,unit,omega_only,ci_length,2.3013507946534437,0.0479814208310974,100
synthetic,scm3,mild,100,unit,omega_only,omega_used,0.568276130168037,0.04450872438049835,100
synthetic,scm3,mild,100,unit,rct_only,rmse,0.6075841295274215,0.03538854097448675,100
synthetic,scm3,mild,100,unit,rct_only,bias,-0.10745163857178355,0.060101985699883696,100
synthetic,scm3,mild,100,unit,rct_only,coverage,0.97,0.017144660799776532,100
synthetic,scm3,mild,100,unit,rct_only,ci_length,2.3192461208352766,0.04866256610247208,100
synthetic,scm3,mild,100,unit,rct_only,omega_used,0.0,0.0,100
synthetic,scm3,mild,400,balanced_x,fixed_half,rmse,0.2197306006071104,0.01348282049037426,100
synthetic,scm3,mild,400,balanced_x,fixed_half,bias,0.03626466245851787,0.021780913500783164,100
synthetic,scm3,mild,400,balanced_x,fixed_half,coverage,0.95,0.021904291355759033,100
synthetic,scm3,mild,400,balanced_x,fixed_half,ci_length,0.9098630920767937,0.006049591152722479,100
synthetic,scm3,mild,400,balanced_x,fixed_half,omega_used,0.5,0.0,100
synthetic,scm3,mild,400,balanced_x,fixed_half,ratio_balance_residual,1.9987379700246243e-09,3.072199522018342e-10,100
synthetic,scm3,mild,400,balanced_x,fixed_half,ratio_normalization_error,2.7755575615628914e-17,8.552568632350796e-18,100
synthetic,scm3,mild,400,balanced_x,fixed_half,ratio_ess,2902.4645475106377,6.7795829722361045,100
synthetic,scm3,mild,400,balanced_x,joint,rmse,0.2192017908245124,0.01384296912091766,100
synthetic,scm3,mild,400,balanced_x,joint,bias,0.039644791799703094,0.021667299660644297,100
synthetic,scm3,mild,400,balanced_x,joint,coverage,0.94,0.023868325657594204,100
synthetic,scm3,mild,400,balanced_x,joint,ci_length,0.9002498092420567,0.005978300640875106,100
synthetic,scm3,mild,400,balanced_x,joint,omega_used,0.6959360124658417,0.03234058830686092,100
synthetic,scm3,mild,400,balanced_x,joint,ratio_balance_residual,1.9987379700246243e-09,3.072199522018342e-10,100
synthetic,scm3,mild,400,balanced_x,joint,ratio_normalization_error,2.7755575615628914e-17,8.552568632350796e-18,100
synthetic,scm3,mild,400,balanced_x,joint,ratio_ess,2902.4645475106377,6.7795829722361045,100
synthetic,scm3,mild,400,balanced_x,lambda_only,rmse,0.21891494233008887,0.013800898962770794,100
synthetic,scm3,mild,400,balanced_x,lambda_only,bias,0.0389226760187328,0.021651224629308075,100
synthetic,scm3,mild,400,balanced_x,lambda_only,coverage,0.96,0.019694638556693237,100
synthetic,scm3,mild,400,balanced_x,lambda_only,ci_length,0.9101522124472872,0.005998320702457835,100
synthetic,scm3,mild,400,balanced_x,lambda_only,omega_used,0.0,0.0,100
synthetic,scm3,mild,400,balanced_x,lambda_only,ratio_balance_residual,1.9987379700246243e-09,3.072199522018342e-10,100
synthetic,scm3,mild,400,balanced_x,lambda_only,ratio_normalization_error,2.7755575615628914e-17,8.552568632350796e-18,100
synthetic,scm3,mild,400,balanced_x,lambda_only,ratio_ess,2902.4645475106377,6.7795829722361045,100
synthetic,scm3,mild,400,balanced_x,omega_only,rmse,0.23177848936120565,0.01419631030289639,100
synthetic,scm3,mild,400,balanced_x,omega_only,bias,0.03392992467122367,0.023043662627643256,100
synthetic,scm3,mild,400,balanced_x,omega_only,coverage,0.97,0.01714466079977653,100
synthetic,scm3,mild,400,balanced_x,omega_only,ci_length,0.9573118862131573,0.007416507212732461,100
synthetic,scm3,mild,400,balanced_x,omega_only,omega_used,0.6959360124658417,0.03234058830686092,100
synthetic,scm3,mild,400,balanced_x,omega_only,ratio_balance_residual,1.9987379700246243e-09,3.072199522018342e-10,100
synthetic,scm3,mild,400,balanced_x,omega_only,ratio_normalization_error,2.7755575615628914e-17,8.552568632350796e-18,100
synthetic,scm3,mild,400,balanced_x,omega_only,ratio_ess,2902.4645475106377,6.7795829722361045,100
synthetic,scm3,mild,400,balanced_x,rct_only,rmse,0.2312827050114558,0.014097852152614783,100
synthetic,scm3,mild,400,balanced_x,rct_only,bias,0.0332078088902534,0.023003937095202754,100
synthetic,scm3,mild,400,balanced_x,rct_only,coverage,0.97,0.01714466079977653,100
synthetic,scm3,mild,400,balanced_x,rct_only,ci_length,0.9657219536452227,0.00746302220052508,100
synthetic,scm3,mild,400,balanced_x,rct_only,omega_used,0.0,0.0,100
synthetic,scm3,mild,400,balanced_x,rct_only,ratio_balance_residual,1.9987379700246243e-09,3.072199522018342e-10,100
synthetic,scm3,mild,400,balanced_x,rct_only,ratio_normalization_error,2.7755575615628914e-17,8.552568632350796e-18,100
synthetic,scm3,mild,400,balanced_x,rct_only,ratio_ess,2902.4645475106377,6.7795829722361045,100
synthetic,scm3,mild,400,balanced_x_ghat,fixed_half,rmse,0.2186997365802412,0.013344594182968168,100
synthetic,scm3,mild,400,balanced_x_ghat,fixed_half,bias,0.03686371706811323,0.0216656505925363,100
synthetic,scm3,mild,400,balanced_x_ghat,fixed_half,coverage,0.95,0.021904291355759033,100
synthetic,scm3,mild,400,balanced_x_ghat,fixed_half,ci_length,0.9099099962741783,0.006048382684041309,100
synthetic,scm3,mild,400,balanced_x_ghat,fixed_half,omega_used,0.5,0.0,100
synthetic,scm3,mild,400,balanced_x_ghat,fixed_half,ratio_balance_residual,2.928623564962601e-09,4.524865502647237e-10,100
synthetic,scm3,mild,400,balanced_x_ghat,fixed_half,ratio_normalization_error,4.5519144009631415e-17,1.1389526031041395e-17,100
synthetic,scm3,mild,400,balanced_x_ghat,fixed_half,ratio_ess,2886.390264004732,6.8930332030244275,100
synthetic,scm3,mild,400,balanced_x_ghat,joint,rmse,0.21853747156414438,0.013926087260763912,100
synthetic,scm3,mild,400,balanced_x_ghat,joint,bias,0.03837093670471029,0.02162263537467122,100
synthetic,scm3,mild,400,balanced_x_ghat,joint,coverage,0.94,0.023868325657594204,100
synthetic,scm3,mild,400,balanced_x_ghat,joint,ci_length,0.9003232825810202,0.005973882017919799,100
synthetic,scm3,mild,400,balanced_x_ghat,joint,omega_used,0.6926080585647887,0.032242415876212085,100
synthetic,scm3,mild,400,balanced_x_ghat,joint,ratio_balance_residual,2.928623564962601e-09,4.524865502647237e-10,100
synthetic,scm3,mild,400,balanced_x_ghat,joint,ratio_normalization_error,4.5519144009631415e-17,1.1389526031041395e-17,100
synthetic,scm3,mild,400,balanced_x_ghat,joint,ratio_ess,2886.390264004732,6.8930332030244275,100
synthetic,scm3,mild,400,balanced_x_ghat,lambda_only,rmse,0.21891494233008887,0.013800898962770794,100
synthetic,scm3,mild,400,balanced_x_ghat,lambda_only,bias,0.0389226760187328,0.021651224629308075,100
synthetic,scm3,mild,400,balanced_x_ghat,lambda_only,coverage,0.96,0.019694638556693237,100
synthetic,scm3,mild,400,balanced_x_ghat,lambda_only,ci_length,0.9101522124472872,0.005998320702457835,100
synthetic,scm3,mild,400,balanced_x_ghat,lambda_only,omega_used,0.0,0.0,100
synthetic,scm3,mild,400,balanced_x_ghat,lambda_only,ratio_balance_residual,2.928623564962601e-09,4.524865502647237e-10,100
synthetic,scm3,mild,400,balanced_x_ghat,lambda_only,ratio_normalization_error,4.5519144009631415e-17,1.1389526031041395e-17,100
synthetic,scm3,mild,400,balanced_x_ghat,lambda_only,ratio_ess,2886.390264004732,6.8930332030244275,100
synthetic,scm3,mild,400,balanced_x_ghat,omega_only,rmse,0.2305412786377274,0.013702253107662911,100
synthetic,scm3,mild,400,balanced_x_ghat,omega_only,bias,0.032656069576230885,0.022936641383098682,100
synthetic,scm3,mild,400,balanced_x_ghat,omega_only,coverage,0.97,0.01714466079977653,100
synthetic,scm3,mild,400,balanced_x_ghat,omega_only,ci_length,0.9573827075214905,0.007410532320725763,100
synthetic,scm3,mild,400,balanced_x_ghat,omega_only,omega_used,0.6926080585647887,0.032242415876212085,100
synthetic,scm3,mild,400,balanced_x_ghat,omega_only,ratio_balance_residual,2.928623564962601e-09,4.524865502647237e-10,100
synthetic,scm3,mild,400,balanced_x_ghat,omega_only,ratio_normalization_error,4.5519144009631415e-17,1.1389526031041395e-17,100
synthetic,scm3,mild,400,balanced_x_ghat,omega_only,ratio_ess,2886.390264004732,6.8930332030244275,100
synthetic,scm3,mild,400,balanced_x_ghat,rct_only,rmse,0.2312827050114558,0.014097852152614783,100
synthetic,scm3,mild,400,balanced_x_ghat,rct_only,bias,0.0332078088902534,0.023003937095202754,100
synthetic,scm3,mild,400,balanced_x_ghat,rct_only,coverage,0.97,0.01714466079977653,100
synthetic,scm3,mild,400,balanced_x_ghat,rct_only,ci_length,0.9657219536452227,0.00746302220052508,100
synthetic,scm3,mild,400,balanced_x_ghat,rct_only,omega_used,0.0,0.0,100
synthetic,scm3,mild,400,balanced_x_ghat,rct_only,ratio_balance_residual,2.928623564962601e-09,4.524865502647237e-10,100
synthetic,scm3,mild,400,balanced_x_ghat,rct_only,ratio_normalization_error,4.5519144009631415e-17,1.1389526031041395e-17,100
synthetic,scm3,mild,400,balanced_x_ghat,rct_only,ratio_ess,2886.390264004732,6.8930332030244275,100
synthetic,scm3,mild,400,classifier,fixed_half,rmse,0.21971624025432046,0.013485450324553281,100
synthetic,scm3,mild,400,classifier,fixed_half,bias,0.036291393879569894,0.021779000394869345,100
synthetic,scm3,mild,400,classifier,fixed_half,coverage,0.95,0.021904291355759033,100
synthetic,scm3,mild,400,classifier,fixed_half,ci_length,0.9098608642770004,0.00604958463000009,100
synthetic,scm3,mild,400,classifier,fixed_half,omega_used,0.5,0.0,100
synthetic,scm3,mild,400,classifier,fixed_half,ratio_normalization_error,5.669522462097398e-05,1.559339277320247e-05,100
synthetic,scm3,mild,400,classifier,fixed_half,ratio_ess,2903.7540895804977,6.678540269932888,100
synthetic,scm3,mild,400,classifier,joint,rmse,0.21919362229037792,0.01384981705214922,100
synthetic,scm3,mild,400,classifier,joint,bias,0.039672980998317536,0.02166594372488162,100
synthetic,scm3,mild,400,classifier,joint,coverage,0.94,0.023868325657594204,100
synthetic,scm3,mild,400,classifier,joint,ci_length,0.9002429561452245,0.005978281861584563,100
synthetic,scm3,mild,400,classifier,joint,omega_used,0.6961043284071704,0.032340821617722344,100
synthetic,scm3,mild,400,classifier,joint,ratio_normalization_error,5.669522462097398e-05,1.559339277320247e-05,100
synthetic,scm3,mild,400,classifier,joint,ratio_ess,2903.7540895804977,6.678540269932888,100
synthetic,scm3,mild,400,classifier,lambda_only,rmse,0.21891494233008887,0.013800898962770794,100
synthetic,scm3,mild,400,classifier,lambda_only,bias,0.0389226760187328,0.021651224629308075,100
synthetic,scm3,mild,400,classifier,lambda_only,coverage,0.96,0.019694638556693237,100
synthetic,scm3,mild,400,classifier,lambda_only,ci_length,0.9101522124472872,0.005998320702457835,100
synthetic,scm3,mild,400,classifier,lambda_only,omega_used,0.0,0.0,100
synthetic,scm3,mild,400,classifier,lambda_only,ratio_normalization_error,5.669522462097398e-05,1.559339277320247e-05,100
synthetic,scm3,mild,400,classifier,lambda_only,ratio_ess,2903.7540895804977,6.678540269932888,100
synthetic,scm3,mild,400,classifier,omega_only,rmse,0.23178108997492303,0.014206538655033749,100
synthetic,scm3,mild,400,classifier,omega_only,bias,0.03395811386983814,0.023043507416717356,100
synthetic,scm3,mild,400,classifier,omega_only,coverage,0.97,0.01714466079977653,100
synthetic,scm3,mild,400,classifier,omega_only,ci_length,0.9573051909433385,0.007416440633477685,100
synthetic,scm3,mild,400,classifier,omega_only,omega_used,0.6961043284071704,0.032340821617722344,100
synthetic,scm3,mild,400,classifier,omega_only,ratio_normalization_error,5.669522462097398e-05,1.559339277320247e-05,100
synthetic,scm3,mild,400,classifier,omega_only,ratio_ess,2903.7540895804977,6.678540269932888,100
synthetic,scm3,mild,400,classifier,rct_only,rmse,0.2312827050114558,0.014097852152614783,100
synthetic,scm3,mild,400,classifier,rct_only,bias,0.0332078088902534,0.023003937095202754,100
synthetic,scm3,mild,400,classifier,rct_only,coverage,0.97,0.01714466079977653,100
synthetic,scm3,mild,400,classifier,rct_only,ci_length,0.9657219536452227,0.00746302220052508,100
synthetic,scm3,mild,400,classifier,rct_only,omega_used,0.0,0.0,100
synthetic,scm3,mild,400,classifier,rct_only,ratio_normalization_error,5.669522462097398e-05,1.559339277320247e-05,100
synthetic,scm3,mild,400,classifier,rct_only,ratio_ess,2903.7540895804977,6.678540269932888,100
synthetic,scm3,mild,400,oracle,fixed_half,rmse,0.21986637070363935,0.013747677667143434,100
synthetic,scm3,mild,400,oracle,fixed_half,bias,0.034975498680934844,0.021816020306282772,100
synthetic,scm3,mild,400,oracle,fixed_half,coverage,0.95,0.021904291355759033,100
synthetic,scm3,mild,400,oracle,fixed_half,ci_length,0.9097208196734899,0.006051372227987389,100
synthetic,scm3,mild,400,oracle,fixed_half,omega_used,0.5,0.0,100
synthetic,scm3,mild,400,oracle,joint,rmse,0.21910268231669275,0.014339503421990467,100
synthetic,scm3,mild,400,oracle,joint,bias,0.036158100313038226,0.021718720031328055,100
synthetic,scm3,mild,400,oracle,joint,coverage,0.94,0.023868325657594204,100
synthetic,scm3,mild,400,oracle,joint,ci_length,0.8998013621368406,0.0059857742632258215,100
synthetic,scm3,mild,400,oracle,joint,omega_used,0.7046555368211577,0.032396297573464836,100
synthetic,scm3,mild,400,oracle,lambda_only,rmse,0.21891494233008887,0.013800898962770794,100
synthetic,scm3,mild,400,oracle,lambda_only,bias,0.0389226760187328,0.021651224629308075,100
synthetic,scm3,mild,400,oracle,lambda_only,coverage,0.96,0.019694638556693237,100
synthetic,scm3,mild,400,oracle,lambda_only,ci_length,0.9101522124472872,0.005998320702457835,100
synthetic,scm3,mild,400,oracle,lambda_only,omega_used,0.0,0.0,100
synthetic,scm3,mild,400,oracle,omega_only,rmse,0.23161716413731268,0.014592042059810375,100
synthetic,scm3,mild,400,oracle,omega_only,bias,0.030443233184558806,0.023076447452611625,100
synthetic,scm3,mild,400,oracle,omega_only,coverage,0.97,0.01714466079977653,100
synthetic,scm3,mild,400,oracle,omega_only,ci_length,0.9568938644282307,0.007420653602615239,100
synthetic,scm3,mild,400,oracle,omega_only,omega_used,0.7046555368211577,0.032396297573464836,100
synthetic,scm3,mild,400,oracle,rct_only,rmse,0.2312827050114558,0.014097852152614783,100
synthetic,scm3,mild,400,oracle,rct_only,bias,0.0332078088902534,0.023003937095202754,100
synthetic,scm3,mild,400,oracle,rct_only,coverage,0.97,0.01714466079977653,100
synthetic,scm3,mild,400,oracle,rct_only,ci_length,0.9657219536452227,0.00746302220052508,100
synthetic,scm3,mild,400,oracle,rct_only,omega_used,0.0,0.0,100
synthetic,scm3,mild,400,unit,fixed_half,rmse,0.22020520155753,0.013760412763084406,100
synthetic,scm3,mild,400,unit,fixed_half,bias,0.03536543049530898,0.021844171984435456,100
synthetic,scm3,mild,400,unit,fixed_half,coverage,0.95,0.021904291355759033,100
synthetic,scm3,mild,400,unit,fixed_half,ci_length,0.9097004537218251,0.006051467865065021,100
synthetic,scm3,mild,400,unit,fixed_half,omega_used,0.5,0.0,100
synthetic,scm3,mild,400,unit,joint,rmse,0.21970946765860974,0.014367372818442723,100
synthetic,scm3,mild,400,unit,joint,bias,0.03677295850743011,0.021770149079040353,100
synthetic,scm3,mild,400,unit,joint,coverage,0.94,0.023868325657594204,100
synthetic,scm3,mild,400,unit,joint,ci_length,0.8997461720751195,0.005986044919949152,100
synthetic,scm3,mild,400,unit,joint,omega_used,0.7060916933583402,0.032349238258547124,100
synthetic,scm3,mild,400,unit,lambda_only,rmse,0.21891494233008887,0.013800898962770794,100
synthetic,scm3,mild,400,unit,lambda_only,bias,0.0389226760187328,0.021651224629308075,100
synthetic,scm3,mild,400,unit,lambda_only,coverage,0.96,0.019694638556693237,100
synthetic,scm3,mild,400,unit,lambda_only,ci_length,0.9101522124472872,0.005998320702457835,100
synthetic,scm3,mild,400,unit,lambda_only,omega_used,0.0,0.0,100
synthetic,scm3,mild,400,unit,omega_only,rmse,0.23229728882742606,0.014703040645214575,100
synthetic,scm3,mild,400,unit,omega_only,bias,0.031058091378950693,0.023137146082722167,100
synthetic,scm3,mild,400,unit,omega_only,coverage,0.97,0.01714466079977653,100
synthetic,scm3,mild,400,unit,omega_only,ci_length,0.9568465085007403,0.0074196587899016345,100
synthetic,scm3,mild,400,unit,omega_only,omega_used,0.7060916933583402,0.032349238258547124,100
synthetic,scm3,mild,400,unit,rct_only,rmse,0.2312827050114558,0.014097852152614783,100
synthetic,scm3,mild,400,unit,rct_only,bias,0.0332078088902534,0.023003937095202754,100
synthetic,scm3,mild,400,unit,rct_only,coverage,0.97,0.01714466079977653,100
synthetic,scm3,mild,400,unit,rct_only,ci_length,0.9657219536452227,0.00746302220052508,100
synthetic,scm3,mild,400,unit,rct_only,omega_used,0.0,0.0,100
synthetic,scm3,strong,100,balanced_x,fixed_half,rmse,0.4910041514646843,0.030690120773237097,100
synthetic,scm3,strong,100,balanced_x,fixed_half,bias,0.09217907269182174,0.048470348669404494,100
synthetic,scm3,strong,100,balanced_x,fixed_half,coverage,0.93,0.025643239997624283,100
synthetic,scm3,strong,100,balanced_x,fixed_half,ci_length,1.873714526932325,0.03053194421129869,100
synthetic,scm3,strong,100,balanced_x,fixed_half,omega_used,0.5,0.0,100
synthetic,scm3,strong,100,balanced_x,fixed_half,ratio_balance_residual,2.2092125594885434e-09,2.9087863252728134e-10,100
synthetic,scm3,strong,100,balanced_x,fixed_half,ratio_normalization_error,5.440092820663267e-17,9.790610927366566e-18,100
synthetic,scm3,strong,100,balanced_x,fixed_half,ratio_ess,2668.677513286502,22.31244175788015,100
synthetic,scm3,strong,100,balanced_x,joint,rmse,0.47998565555980355,0.030086193294471007,100
synthetic,scm3,strong,100,balanced_x,joint,bias,0.07543620270400259,0.047640871264028196,100
synthetic,scm3,strong,100,balanced_x,joint,coverage,0.91,0.028762349126466143,100
synthetic,scm3,strong,100,balanced_x,joint,ci_length,1.760056794007744,0.025756744403635214,100
synthetic,scm3,strong,100,balanced_x,joint,omega_used,0.5677563388570155,0.044572447040983995,100
synthetic,scm3,strong,100,balanced_x,joint,ratio_balance_residual,2.2092125594885434e-09,2.9087863252728134e-10,100
synthetic,scm3,strong,100,balanced_x,joint,ratio_normalization_error,5.440092820663267e-17,9.790610927366566e-18,100
synthetic,scm3,strong,100,balanced_x,joint,ratio_ess,2668.677513286502,22.31244175788015,100
synthetic,scm3,strong,100,balanced_x,lambda_only,rmse,0.4719311162679439,0.029437318726360254,100
synthetic,scm3,strong,100,balanced_x,lambda_only,bias,0.08331293730413676,0.04668591951116173,100
synthetic,scm3,strong,100,balanced_x,lambda_only,coverage,0.92,0.027265992434429075,100
synthetic,scm3,strong,100,balanced_x,lambda_only,ci_length,1.7696800381420659,0.025692556351568648,100
synthetic,scm3,strong,100,balanced_x,lambda_only,omega_used,0.0,0.0,100
synthetic,scm3,strong,100,balanced_x,lambda_only,ratio_balance_residual,2.2092125594885434e-09,2.9087863252728134e-10,100
synthetic,scm3,strong,100,balanced_x,lambda_only,ratio_normalization_error,5.440092820663267e-17,9.790610927366566e-18,100
synthetic,scm3,strong,100,balanced_x,lambda_only,ratio_ess,2668.677513286502,22.31244175788015,100
synthetic,scm3,strong,100,balanced_x,omega_only,rmse,0.5726995294376127,0.039100690860127366,100
synthetic,scm3,strong,100,balanced_x,omega_only,bias,0.11042806393708451,0.05647833174500366,100
synthetic,scm3,strong,100,balanced_x,omega_only,coverage,0.94,0.023868325657594204,100
synthetic,scm3,strong,100,balanced_x,omega_only,ci_length,2.2474087001230263,0.04717710783447632,100
synthetic,scm3,strong,100,balanced_x,omega_only,omega_used,0.5677563388570155,0.044572447040983995,100
synthetic,scm3,strong,100,balanced_x,omega_only,ratio_balance_residual,2.2092125594885434e-09,2.9087863252728134e-10,100
synthetic,scm3,strong,100,balanced_x,omega_only,ratio_normalization_error,5.440092820663267e-17,9.790610927366566e-18,100
synthetic,scm3,strong,100,balanced_x,omega_only,ratio_ess,2668.677513286502,22.31244175788015,100
synthetic,scm3,strong,100,balanced_x,rct_only,rmse,0.5580448529379394,0.03615139333052494,100
synthetic,scm3,strong,100,balanced_x,rct_only,bias,0.11830479853721865,0.05481078863549026,100
synthetic,scm3,strong,100,balanced_x,rct_only,coverage,0.93,0.02564323999762428,100
synthetic,scm3,strong,100,balanced_x,rct_only,ci_length,2.254638324112977,0.04588412598136503,100
synthetic,scm3,strong,100,balanced_x,rct_only,omega_used,0.0,0.0,100
synthetic,scm3,strong,100,balanced_x,rct_only,ratio_balance_residual,2.2092125594885434e-09,2.9087863252728134e-10,100
synthetic,scm3,strong,100,balanced_x,rct_only,ratio_normalization_error,5.440092820663267e-17,9.790610927366566e-18,100
synthetic,scm3,strong,100,balanced_x,rct_only,ratio_ess,2668.677513286502,22.31244175788015,100
synthetic,scm3,strong,100,balanced_x_ghat,fixed_half,rmse,0.4957358465256222,0.03104124929686177,100
synthetic,scm3,strong,100,balanced_x_ghat,fixed_half,bias,0.09205923384353414,0.048956703918171224,100
synthetic,scm3,strong,100,balanced_x_ghat,fixed_half,coverage,0.92,0.027265992434429072,100
synthetic,scm3,strong,100,balanced_x_ghat,fixed_half,ci_length,1.8738893619012305,0.030537193752237478,100
synthetic,scm3,strong,100,balanced_x_ghat,fixed_half,omega_used,0.5,0.0,100
synthetic,scm3,strong,100,balanced_x_ghat,fixed_half,ratio_balance_residual,3.635949538121513e-09,6.61142574298491e-10,100
synthetic,scm3,strong,100,balanced_x_ghat,fixed_half,ratio_normalization_error,2.6645352591003756e-17,1.0599665881724985e-17,100
synthetic,scm3,strong,100,balanced_x_ghat,fixed_half,ratio_ess,2594.3499853203834,24.86244417333168,100
synthetic,scm3,strong,100,balanced_x_ghat,joint,rmse,0.4873054115123443,0.03006975623297567,100
synthetic,scm3,strong,100,balanced_x_ghat,joint,bias,0.07591908592878922,0.04837802077128613,100
synthetic,scm3,strong,100,balanced_x_ghat,joint,coverage,0.92,0.027265992434429075,100
synthetic,scm3,strong,100,balanced_x_ghat,joint,ci_length,1.7603336011259598,0.02575730120275831,100
synthetic,scm3,strong,100,balanced_x_ghat,joint,omega_used,0.566513029949903,0.04461737566052745,100
synthetic,scm3,strong,100,balanced_x_ghat,joint,ratio_balance_residual,3.635949538121513e-09,6.61142574298491e-10,100
synthetic,scm3,strong,100,balanced_x_ghat,joint,ratio_normalization_error,2.6645352591003756e-17,1.0599665881724985e-17,100
synthetic,scm3,strong,100,balanced_x_ghat,joint,ratio_ess,2594.3499853203834,24.86244417333168,100
synthetic,scm3,strong,100,balanced_x_ghat,lambda_only,rmse,0.4719311162679439,0.029437318726360254,100
synthetic,scm3,strong,100,balanced_x_ghat,lambda_only,bias,0.08331293730413676,0.04668591951116173,100
synthetic,scm3,strong,100,balanced_x_ghat,lambda_only,coverage,0.92,0.027265992434429075,100
synthetic,scm3,strong,100,balanced_x_ghat,lambda_only,ci_length,1.7696800381420659,0.025692556351568648,100
synthetic,scm3,strong,100,balanced_x_ghat,lambda_only,omega_used,0.0,0.0,100
synthetic,scm3,strong,100,balanced_x_ghat,lambda_only,ratio_balance_residual,3.635949538121513e-09,6.61142574298491e-10,100
synthetic,scm3,strong,100,balanced_x_ghat,lambda_only,ratio_normalization_error,2.6645352591003756e-17,1.0599665881724985e-17,100
synthetic,scm3,strong,100,balanced_x_ghat,lambda_only,ratio_ess,2594.3499853203834,24.86244417333168,100
synthetic,scm3,strong,100,balanced_x_ghat,omega_only,rmse,0.5772065462778339,0.04003529838790728,100
synthetic,scm3,strong,100,balanced_x_ghat,omega_only,bias,0.11091094716187114,0.05693041640260642,100
synthetic,scm3,strong,100,balanced_x_ghat,omega_only,coverage,0.94,0.023868325657594204,100
synthetic,scm3,strong,100,balanced_x_ghat,omega_only,ci_length,2.2476163251051617,0.04716410307273279,100
synthetic,scm3,strong,100,balanced_x_ghat,omega_only,omega_used,0.566513029949903,0.04461737566052745,100
synthetic,scm3,strong,100,balanced_x_ghat,omega_only,ratio_balance_residual,3.635949538121513e-09,6.61142574298491e-10,100
synthetic,scm3,strong,100,balanced_x_ghat,omega_only,ratio_normalization_error,2.6645352591003756e-17,1.0599665881724985e-17,100
synthetic,scm3,strong,100,balanced_x_ghat,omega_only,ratio_ess,2594.3499853203834,24.86244417333168,100
synthetic,scm3,strong,100,balanced_x_ghat,rct_only,rmse,0.5580448529379394,0.03615139333052494,100
synthetic,scm3,strong,100,balanced_x_ghat,rct_only,bias,0.11830479853721865,0.05481078863549026,100
synthetic,scm3,strong,100,balanced_x_ghat,rct_only,coverage,0.93,0.02564323999762428,100
synthetic,scm3,strong,100,balanced_x_ghat,rct_only,ci_length,2.254638324112977,0.04588412598136503,100
synthetic,scm3,strong,100,balanced_x_ghat,rct_only,omega_used,0.0,0.0,100
synthetic,scm3,strong,100,balanced_x_ghat,rct_only,ratio_balance_residual,3.635949538121513e-09,6.61142574298491e-10,100
synthetic,scm3,strong,100,balanced_x_ghat,rct_only,ratio_normalization_error,2.6645352591003756e-17,1.0599665881724985e-17,100
synthetic,scm3,strong,100,balanced_x_ghat,rct_only,ratio_ess,2594.3499853203834,24.86244417333168,100
synthetic,scm3,strong,100,classifier,fixed_half,rmse,0.4916891301856994,0.030714090236483086,100
synthetic,scm3,strong,100,classifier,fixed_half,bias,0.09566529590907928,0.04847225092890912,100
synthetic,scm3,strong,100,classifier,fixed_half,coverage,0.93,0.025643239997624283,100
synthetic,scm3,strong,100,classifier,fixed_half,ci_length,1.8736964311296123,0.030532466865833073,100
synthetic,scm3,strong,100,classifier,fixed_half,omega_used,0.5,0.0,100
synthetic,scm3,strong,100,classifier,fixed_half,ratio_normalization_error,0.004983696034286467,0.00013226546090961842,100
synthetic,scm3,strong,100,classifier,fixed_half,ratio_ess,2689.7998852160595,21.120967394571416,100
synthetic,scm3,strong,100,classifier,joint,rmse,0.4808009537647993,0.030081945141531907,100
synthetic,scm3,strong,100,classifier,joint,bias,0.07947349087890293,0.04765760894961645,100
synthetic,scm3,strong,100,classifier,joint,coverage,0.91,0.028762349126466143,100
synthetic,scm3,strong,100,classifier,joint,ci_length,1.7600100315317355,0.025758633950351006,100
synthetic,scm3,strong,100,classifier,joint,omega_used,0.5680872759276181,0.04458416734543037,100
synthetic,scm3,strong,100,classifier,joint,ratio_normalization_error,0.004983696034286467,0.00013226546090961842,100
synthetic,scm3,strong,100,classifier,joint,ratio_ess,2689.7998852160595,21.120967394571416,100
synthetic,scm3,strong,100,classifier,lambda_only,rmse,0.4719311162679439,0.029437318726360254,100
synthetic,scm3,strong,100,classifier,lambda_only,bias,0.08331293730413676,0.04668591951116173,100
synthetic,scm3,strong,100,classifier,lambda_only,coverage,0.92,0.027265992434429075,100
synthetic,scm3,strong,100,classifier,lambda_only,ci_length,1.7696800381420659,0.025692556351568648,100
synthetic,scm3,strong,100,classifier,lambda_only,omega_used,0.0,0.0,100
synthetic,scm3,strong,100,classifier,lambda_only,ratio_normalization_error,0.004983696034286467,0.00013226546090961842,100
synthetic,scm3,strong,100,classifier,lambda_only,ratio_ess,2689.7998852160595,21.120967394571416,100
synthetic,scm3,strong,100,classifier,omega_only,rmse,0.5739039107972455,0.039086559874480016,100
synthetic,scm3,strong,100,classifier,omega_only,bias,0.11446535211198483,0.056520612311824404,100
synthetic,scm3,strong,100,classifier,omega_only,coverage,0.94,0.023868325657594204,100
synthetic,scm3,strong,100,classifier,omega_only,ci_length,2.2473563160523238,0.04717964315163898,100
synthetic,scm3,strong,100,classifier,omega_only,omega_used,0.5680872759276181,0.04458416734543037,100
synthetic,scm3,strong,100,classifier,omega_only,ratio_normalization_error,0.004983696034286467,0.00013226546090961842,100
synthetic,scm3,strong,100,classifier,omega_only,ratio_ess,2689.7998852160595,21.120967394571416,100
synthetic,scm3,strong,100,classifier,rct_only,rmse,0.5580448529379394,0.03615139333052494,100
synthetic,scm3,strong,100,classifier,rct_only,bias,0.11830479853721865,0.05481078863549026,100
synthetic,scm3,strong,100,classifier,rct_only,coverage,0.93,0.02564323999762428,100
synthetic,scm3,strong,100,classifier,rct_only,ci_length,2.254638324112977,0.04588412598136503,100
synthetic,scm3,strong,100,classifier,rct_only,omega_used,0.0,0.0,100
synthetic,scm3,strong,100,classifier,rct_only,ratio_normalization_error,0.004983696034286467,0.00013226546090961842,100
synthetic,scm3,strong,100,classifier,rct_only,ratio_ess,2689.7998852160595,21.120967394571416,100
synthetic,scm3,strong,100,oracle,fixed_half,rmse,0.48977581298954964,0.030236977486043724,100
synthetic,scm3,strong,100,oracle,fixed_half,bias,0.0934163775716696,0.048320659507732684,100
synthetic,scm3,strong,100,oracle,fixed_half,coverage,0.92,0.027265992434429072,100
synthetic,scm3,strong,100,oracle,fixed_half,ci_length,1.87345484422239,0.03053909184486741,100
synthetic,scm3,strong,100,oracle,fixed_half,omega_used,0.5,0.0,100
synthetic,scm3,strong,100,oracle,joint,rmse,0.47733791542347326,0.029491088341780856,100
synthetic,scm3,strong,100,oracle,joint,bias,0.07782656975412085,0.04733232078954701,100
synthetic,scm3,strong,100,oracle,joint,coverage,0.91,0.028762349126466143,100
synthetic,scm3,strong,100,oracle,joint,ci_length,1.7594251975565702,0.02578665417526081,100
synthetic,scm3,strong,100,oracle,joint,omega_used,0.5729665203399873,0.04475440284350946,100
synthetic,scm3,strong,100,oracle,lambda_only,rmse,0.4719311162679439,0.029437318726360254,100
synthetic,scm3,strong,100,oracle,lambda_only,bias,0.08331293730413676,0.04668591951116173,100
synthetic,scm3,strong,100,oracle,lambda_only,coverage,0.92,0.027265992434429075,100
synthetic,scm3,strong,100,oracle,lambda_only,ci_length,1.7696800381420659,0.025692556351568648,100
synthetic,scm3,strong,100,oracle,lambda_only,omega_used,0.0,0.0,100
synthetic,scm3,strong,100,oracle,omega_only,rmse,0.5692104479445907,0.03845757572011769,100
synthetic,scm3,strong,100,oracle,omega_only,bias,0.11281843098720273,0.0560728724701996,100
synthetic,scm3,strong,100,oracle,omega_only,coverage,0.94,0.023868325657594204,100
synthetic,scm3,strong,100,oracle,omega_only,ci_length,2.2467231970148087,0.04721450444775487,100
synthetic,scm3,strong,100,oracle,omega_only,omega_used,0.5729665203399873,0.04475440284350946,100
synthetic,scm3,strong,100,oracle,rct_only,rmse,0.5580448529379394,0.03615139333052494,100
synthetic,scm3,strong,100,oracle,rct_only,bias,0.11830479853721865,0.05481078863549026,100
synthetic,scm3,strong,100,oracle,rct_only,coverage,0.93,0.02564323999762428,100
synthetic,scm3,strong,100,oracle,rct_only,ci_length,2.254638324112977,0.04588412598136503,100
synthetic,scm3,strong,100,oracle,rct_only,omega_used,0.0,0.0,100
synthetic,scm3,strong,100,unit,fixed_half,rmse,0.4896568182559871,0.03024534564995212,100
synthetic,scm3,strong,100,unit,fixed_half,bias,0.09462642092895894,0.04828468190151853,100
synthetic,scm3,strong,100,unit,fixed_half,coverage,0.92,0.027265992434429072,100
synthetic,scm3,strong,100,unit,fixed_half,ci_length,1.873418251869982,0.03053935718736455,100
synthetic,scm3,strong,100,unit,fixed_half,omega_used,0.5,0.0,100
synthetic,scm3,strong,100,unit,joint,rmse,0.47722605471267526,0.029467025870812923,100
synthetic,scm3,strong,100,unit,joint,bias,0.07902910066040206,0.04730078998052945,100
synthetic,scm3,strong,100,unit,joint,coverage,0.91,0.028762349126466143,100
synthetic,scm3,strong,100,unit,joint,ci_length,1.7593377040022289,0.025788022965560226,100
synthetic,scm3,strong,100,unit,joint,omega_used,0.5735107084326535,0.04476182376720965,100
synthetic,scm3,strong,100,unit,lambda_only,rmse,0.4719311162679439,0.029437318726360254,100
synthetic,scm3,strong,100,unit,lambda_only,bias,0.08331293730413676,0.04668591951116173,100
synthetic,scm3,strong,100,unit,lambda_only,coverage,0.92,0.027265992434429075,100
synthetic,scm3,strong,100,unit,lambda_only,ci_length,1.7696800381420659,0.025692556351568648,100
synthetic,scm3,strong,100,unit,lambda_only,omega_used,0.0,0.0,100
synthetic,scm3,strong,100,unit,omega_only,rmse,0.569070258578128,0.03847643400616419,100
synthetic,scm3,strong,100,unit,omega_only,bias,0.11402096189348399,0.056033916447046306,100
synthetic,scm3,strong,100,unit,omega_only,coverage,0.94,0.023868325657594204,100
synthetic,scm3,strong,100,unit,omega_only,ci_length,2.246665673600215,0.04721833079262093,100
synthetic,scm3,strong,100,unit,omega_only,omega_used,0.5735107084326535,0.04476182376720965,100
synthetic,scm3,strong,100,unit,rct_only,rmse,0.5580448529379394,0.03615139333052494,100
synthetic,scm3,strong,100,unit,rct_only,bias,0.11830479853721865,0.05481078863549026,100
synthetic,scm3,strong,100,unit,rct_only,coverage,0.93,0.02564323999762428,100
synthetic,scm3,strong,100,unit,rct_only,ci_length,2.254638324112977,0.04588412598136503,100
synthetic,scm3,strong,100,unit,rct_only,omega_used,0.0,0.0,100
synthetic,scm3,strong,400,balanced_x,fixed_half,rmse,0.28587478456085236,0.020240679814570055,100
synthetic,scm3,strong,400,balanced_x,fixed_half,bias,-0.004952006281356047,0.028727185955893353,100
synthetic,scm3,strong,400,balanced_x,fixed_half,coverage,0.89,0.03144660377352201,100
synthetic,scm3,strong,400,balanced_x,fixed_half,ci_length,0.9143147590477515,0.006678765385212776,100
synthetic,scm3,strong,400,balanced_x,fixed_half,omega_used,0.5,0.0,100
synthetic,scm3,strong,400,balanced_x,fixed_half,ratio_balance_residual,1.8007282654136214e-09,2.586087491205298e-10,100
synthetic,scm3,strong,400,balanced_x,fixed_half,ratio_normalization_error,3.9968028886505634e-17,1.1216033590660985e-17,100
synthetic,scm3,strong,400,balanced_x,fixed_half,ratio_ess,2859.14517978847,8.110977052792157,100
synthetic,scm3,strong,400,balanced_x,joint,rmse,0.2808355354986313,0.01997691385038284,100
synthetic,scm3,strong,400,balanced_x,joint,bias,-0.002347067423357928,0.0282240475720014,100
synthetic,scm3,strong,400,balanced_x,joint,coverage,0.9,0.03015113445777636,100
synthetic,scm3,strong,400,balanced_x,joint,ci_length,0.9030882088632168,0.006257181251477478,100
synthetic,scm3,strong,400,balanced_x,joint,omega_used,0.6414773576242275,0.03591468164384952,100
synthetic,scm3,strong,400,balanced_x,joint,ratio_balance_residual,1.8007282654136214e-09,2.586087491205298e-10,100
synthetic,scm3,strong,400,balanced_x,joint,ratio_normalization_error,3.9968028886505634e-17,1.1216033590660985e-17,100
synthetic,scm3,strong,400,balanced_x,joint,ratio_ess,2859.14517978847,8.110977052792157,100
synthetic,scm3,strong,400,balanced_x,lambda_only,rmse,0.2860237561371908,0.021307407807664255,100
synthetic,scm3,strong,400,balanced_x,lambda_only,bias,0.0006557906012061388,0.028746393539897348,100
synthetic,scm3,strong,400,balanced_x,lambda_only,coverage,0.88,0.03265986323710904,100
synthetic,scm3,strong,400,balanced_x,lambda_only,ci_length,0.9108125643263886,0.006420569846752133,100
synthetic,scm3,strong,400,balanced_x,lambda_only,omega_used,0.0,0.0,100
synthetic,scm3,strong,400,balanced_x,lambda_only,ratio_balance_residual,1.8007282654136214e-09,2.586087491205298e-10,100
synthetic,scm3,strong,400,balanced_x,lambda_only,ratio_normalization_error,3.9968028886505634e-17,1.1216033590660985e-17,100
synthetic,scm3,strong,400,balanced_x,lambda_only,ratio_ess,2859.14517978847,8.110977052792157,100
synthetic,scm3,strong,400,balanced_x,omega_only,rmse,0.29839484804026273,0.020379153141014014,100
synthetic,scm3,strong,400,balanced_x,omega_only,bias,-0.0037255525657711687,0.02998747307400464,100
synthetic,scm3,strong,400,balanced_x,omega_only,coverage,0.9,0.03015113445777636,100
synthetic,scm3,strong,400,balanced_x,omega_only,ci_length,0.9628228935355173,0.007624680560322962,100
synthetic,scm3,strong,400,balanced_x,omega_only,omega_used,0.6414773576242275,0.03591468164384952,100
synthetic,scm3,strong,400,balanced_x,omega_only,ratio_balance_residual,1.8007282654136214e-09,2.586087491205298e-10,100
synthetic,scm3,strong,400,balanced_x,omega_only,ratio_normalization_error,3.9968028886505634e-17,1.1216033590660985e-17,100
synthetic,scm3,strong,400,balanced_x,omega_only,ratio_ess,2859.14517978847,8.110977052792157,100
synthetic,scm3,strong,400,balanced_x,rct_only,rmse,0.3017908961560612,0.021364921593148702,100
synthetic,scm3,strong,400,balanced_x,rct_only,bias,-0.000722694541207105,0.030331039326389326,100
synthetic,scm3,strong,400,balanced_x,rct_only,coverage,0.88,0.03265986323710904,100
synthetic,scm3,strong,400,balanced_x,rct_only,ci_length,0.9697056899114134,0.007694980077229715,100
synthetic,scm3,strong,400,balanced_x,rct_only,omega_used,0.0,0.0,100
synthetic,scm3,strong,400,balanced_x,rct_only,ratio_balance_residual,1.8007282654136214e-09,2.586087491205298e-10,100
synthetic,scm3,strong,400,balanced_x,rct_only,ratio_normalization_error,3.9968028886505634e-17,1.1216033590660985e-17,100
synthetic,scm3,strong,400,balanced_x,rct_only,ratio_ess,2859.14517978847,8.110977052792157,100
synthetic,scm3,strong,400,balanced_x_ghat,fixed_half,rmse,0.2855942209841231,0.020422859117108543,100
synthetic,scm3,strong,400,balanced_x_ghat,fixed_half,bias,-0.004902829105048381,0.028699069306398827,100
synthetic,scm3,strong,400,balanced_x_ghat,fixed_half,coverage,0.89,0.03144660377352201,100
synthetic,scm3,strong,400,balanced_x_ghat,fixed_half,ci_length,0.9143592154203252,0.006676292995502255,100
synthetic,scm3,strong,400,balanced_x_ghat,fixed_half,omega_used,0.5,0.0,100
synthetic,scm3,strong,400,balanced_x_ghat,fixed_half,ratio_balance_residual,3.0892592485520525e-09,4.3248083472829525e-10,100
synthetic,scm3,strong,400,balanced_x_ghat,fixed_half,ratio_normalization_error,4.218847493575595e-17,1.199489357677468e-17,100
synthetic,scm3,strong,400,balanced_x_ghat,fixed_half,ratio_ess,2838.7184325511503,8.654339679584634,100
synthetic,scm3,strong,400,balanced_x_ghat,joint,rmse,0.2820370006455632,0.020229048791647976,100
synthetic,scm3,strong,400,balanced_x_ghat,joint,bias,-0.006090080669087866,0.028339175984147796,100
synthetic,scm3,strong,400,balanced_x_ghat,joint,coverage,0.89,0.03144660377352201,100
synthetic,scm3,strong,400,balanced_x_ghat,joint,ci_length,0.9031344243489763,0.006255453876404421,100
synthetic,scm3,strong,400,balanced_x_ghat,joint,omega_used,0.6397273002957649,0.03605968817164655,100
synthetic,scm3,strong,400,balanced_x_ghat,joint,ratio_balance_residual,3.0892592485520525e-09,4.3248083472829525e-10,100
synthetic,scm3,strong,400,balanced_x_ghat,joint,ratio_normalization_error,4.218847493575595e-17,1.199489357677468e-17,100
synthetic,scm3,strong,400,balanced_x_ghat,joint,ratio_ess,2838.7184325511503,8.654339679584634,100
synthetic,scm3,strong,400,balanced_x_ghat,lambda_only,rmse,0.2860237561371908,0.021307407807664255,100
synthetic,scm3,strong,400,balanced_x_ghat,lambda_only,bias,0.0006557906012061388,0.028746393539897348,100
synthetic,scm3,strong,400,balanced_x_ghat,lambda_only,coverage,0.88,0.03265986323710904,100
synthetic,scm3,strong,400,balanced_x_ghat,lambda_only,ci_length,0.9108125643263886,0.006420569846752133,100
synthetic,scm3,strong,400,balanced_x_ghat,lambda_only,omega_used,0.0,0.0,100
synthetic,scm3,strong,400,balanced_x_ghat,lambda_only,ratio_balance_residual,3.0892592485520525e-09,4.3248083472829525e-10,100
synthetic,scm3,strong,400,balanced_x_ghat,lambda_only,ratio_normalization_error,4.218847493575595e-17,1.199489357677468e-17,100
synthetic,scm3,strong,400,balanced_x_ghat,lambda_only,ratio_ess,2838.7184325511503,8.654339679584634,100
synthetic,scm3,strong,400,balanced_x_ghat,omega_only,rmse,0.3006302924245505,0.020690662946986443,100
synthetic,scm3,strong,400,balanced_x_ghat,omega_only,bias,-0.007468565811501109,0.03020515596631466,100
synthetic,scm3,strong,400,balanced_x_ghat,omega_only,coverage,0.89,0.03144660377352201,100
synthetic,scm3,strong,400,balanced_x_ghat,omega_only,ci_length,0.9628662594139544,0.007620494903634649,100
synthetic,scm3,strong,400,balanced_x_ghat,omega_only,omega_used,0.6397273002957649,0.03605968817164655,100
synthetic,scm3,strong,400,balanced_x_ghat,omega_only,ratio_balance_residual,3.0892592485520525e-09,4.3248083472829525e-10,100
synthetic,scm3,strong,400,balanced_x_ghat,omega_only,ratio_normalization_error,4.218847493575595e-17,1.199489357677468e-17,100
synthetic,scm3,strong,400,balanced_x_ghat,omega_only,ratio_ess,2838.7184325511503,8.654339679584634,100
synthetic,scm3,strong,400,balanced_x_ghat,rct_only,rmse,0.3017908961560612,0.021364921593148702,100
synthetic,scm3,strong,400,balanced_x_ghat,rct_only,bias,-0.000722694541207105,0.030331039326389326,100
synthetic,scm3,strong,400,balanced_x_ghat,rct_only,coverage,0.88,0.03265986323710904,100
synthetic,scm3,strong,400,balanced_x_ghat,rct_only,ci_length,0.9697056899114134,0.007694980077229715,100
synthetic,scm3,strong,400,balanced_x_ghat,rct_only,omega_used,0.0,0.0,100
synthetic,scm3,strong,400,balanced_x_ghat,rct_only,ratio_balance_residual,3.0892592485520525e-09,4.3248083472829525e-10,100
synthetic,scm3,strong,400,balanced_x_ghat,rct_only,ratio_normalization_error,4.218847493575595e-17,1.199489357677468e-17,100
synthetic,scm3,strong,400,balanced_x_ghat,rct_only,ratio_ess,2838.7184325511503,8.654339679584634,100
synthetic,scm3,strong,400,classifier,fixed_half,rmse,0.2858701800145195,0.02023785876226092,100
synthetic,scm3,strong,400,classifier,fixed_half,bias,-0.00489612684184509,0.02872681986278876,100
synthetic,scm3,strong,400,classifier,fixed_half,coverage,0.89,0.03144660377352201,100
synthetic,scm3,strong,400,classifier,fixed_half,ci_length,0.914311934258932,0.006678831523642953,100
synthetic,scm3,strong,400,classifier,fixed_half,omega_used,0.5,0.0,100
synthetic,scm3,strong,400,classifier,fixed_half,ratio_normalization_error,6.66203481757377e-05,1.946963672761064e-05,100
synthetic,scm3,strong,400,classifier,fixed_half,ratio_ess,2860.950208723246,7.985974265327002,100
synthetic,scm3,strong,400,classifier,joint,rmse,0.28081685876111,0.019971320223866763,100
synthetic,scm3,strong,400,classifier,joint,bias,-0.0022872795393984536,0.028222220008170058,100
synthetic,scm3,strong,400,classifier,joint,coverage,0.9,0.03015113445777636,100
synthetic,scm3,strong,400,classifier,joint,ci_length,0.9030800677274149,0.0062573153168030676,100
synthetic,scm3,strong,400,classifier,joint,omega_used,0.6416585891648058,0.03591403045519725,100
synthetic,scm3,strong,400,classifier,joint,ratio_normalization_error,6.66203481757377e-05,1.946963672761064e-05,100
synthetic,scm3,strong,400,classifier,joint,ratio_ess,2860.950208723246,7.985974265327002,100
synthetic,scm3,strong,400,classifier,lambda_only,rmse,0.2860237561371908,0.021307407807664255,100
synthetic,scm3,strong,400,classifier,lambda_only,bias,0.0006557906012061388,0.028746393539897348,100
synthetic,scm3,strong,400,classifier,lambda_only,coverage,0.88,0.03265986323710904,100
synthetic,scm3,strong,400,classifier,lambda_only,ci_length,0.9108125643263886,0.006420569846752133,100
synthetic,scm3,strong,400,classifier,lambda_only,omega_used,0.0,0.0,100
synthetic,scm3,strong,400,classifier,lambda_only,ratio_normalization_error,6.66203481757377e-05,1.946963672761064e-05,100
synthetic,scm3,strong,400,classifier,lambda_only,ratio_ess,2860.950208723246,7.985974265327002,100
synthetic,scm3,strong,400,classifier,omega_only,rmse,0.29837727366316646,0.020375803041161312,100
synthetic,scm3,strong,400,classifier,omega_only,bias,-0.0036657646818116963,0.02998578107615487,100
synthetic,scm3,strong,400,classifier,omega_only,coverage,0.9,0.03015113445777636,100
synthetic,scm3,strong,400,classifier,omega_only,ci_length,0.962815043171354,0.007624935010405812,100
synthetic,scm3,strong,400,classifier,omega_only,omega_used,0.6416585891648058,0.03591403045519725,100
synthetic,scm3,strong,400,classifier,omega_only,ratio_normalization_error,6.66203481757377e-05,1.946963672761064e-05,100
synthetic,scm3,strong,400,classifier,omega_only,ratio_ess,2860.950208723246,7.985974265327002,100
synthetic,scm3,strong,400,classifier,rct_only,rmse,0.3017908961560612,0.021364921593148702,100
synthetic,scm3,strong,400,classifier,rct_only,bias,-0.000722694541207105,0.030331039326389326,100
synthetic,scm3,strong,400,classifier,rct_only,coverage,0.88,0.03265986323710904,100
synthetic,scm3,strong,400,classifier,rct_only,ci_length,0.9697056899114134,0.007694980077229715,100
synthetic,scm3,strong,400,classifier,rct_only,omega_used,0.0,0.0,100
synthetic,scm3,strong,400,classifier,rct_only,ratio_normalization_error,6.66203481757377e-05,1.946963672761064e-05,100
synthetic,scm3,strong,400,classifier,rct_only,ratio_ess,2860.950208723246,7.985974265327002,100
synthetic,scm3,strong,400,oracle,fixed_half,rmse,0.28514102733042546,0.020192170226222078,100
synthetic,scm3,strong,400,oracle,fixed_half,bias,-0.004288823235839428,0.028654509660115245,100
synthetic,scm3,strong,400,oracle,fixed_half,coverage,0.89,0.03144660377352201,100
synthetic,scm3,strong,400,oracle,fixed_half,ci_length,0.9141945975742697,0.0066806085245604205,100
synthetic,scm3,strong,400,oracle,fixed_half,omega_used,0.5,0.0,100
synthetic,scm3,strong,400,oracle,joint,rmse,0.27939179798385566,0.019927804754035848,100
synthetic,scm3,strong,400,oracle,joint,bias,-0.0018212855253476113,0.028079335602460825,100
synthetic,scm3,strong,400,oracle,joint,coverage,0.89,0.03144660377352201,100
synthetic,scm3,strong,400,oracle,joint,ci_length,0.9027764757758346,0.006252419809216485,100
synthetic,scm3,strong,400,oracle,joint,omega_used,0.6519065449774061,0.036217177341083255,100
synthetic,scm3,strong,400,oracle,lambda_only,rmse,0.2860237561371908,0.021307407807664255,100
synthetic,scm3,strong,400,oracle,lambda_only,bias,0.0006557906012061388,0.028746393539897348,100
synthetic,scm3,strong,400,oracle,lambda_only,coverage,0.88,0.03265986323710904,100
synthetic,scm3,strong,400,oracle,lambda_only,ci_length,0.9108125643263886,0.006420569846752133,100
synthetic,scm3,strong,400,oracle,lambda_only,omega_used,0.0,0.0,100
synthetic,scm3,strong,400,oracle,omega_only,rmse,0.296385614502157,0.02031448695932901,100
synthetic,scm3,strong,400,oracle,omega_only,bias,-0.0031997706677608486,0.029786139063633792,100
synthetic,scm3,strong,400,oracle,omega_only,coverage,0.9,0.03015113445777636,100
synthetic,scm3,strong,400,oracle,omega_only,ci_length,0.9625302525707382,0.007622007665702595,100
synthetic,scm3,strong,400,oracle,omega_only,omega_used,0.6519065449774061,0.036217177341083255,100
synthetic,scm3,strong,400,oracle,rct_only,rmse,0.3017908961560612,0.021364921593148702,100
synthetic,scm3,strong,400,oracle,rct_only,bias,-0.000722694541207105,0.030331039326389326,100
synthetic,scm3,strong,400,oracle,rct_only,coverage,0.88,0.03265986323710904,100
synthetic,scm3,strong,400,oracle,rct_only,ci_length,0.9697056899114134,0.007694980077229715,100
synthetic,scm3,strong,400,oracle,rct_only,omega_used,0.0,0.0,100
synthetic,scm3,strong,400,unit,fixed_half,rmse,0.2853345664570667,0.020270751709346158,100
synthetic,scm3,strong,400,unit,fixed_half,bias,-0.0033843941017939407,0.02867518560731912,100
synthetic,scm3,strong,400,unit,fixed_half,coverage,0.89,0.03144660377352201,100
synthetic,scm3,strong,400,unit,fixed_half,ci_length,0.9141145768351038,0.006680693751091054,100
synthetic,scm3,strong,400,unit,fixed_half,omega_used,0.5,0.0,100
synthetic,scm3,strong,400,unit,joint,rmse,0.2803320495867301,0.019983943622336537,100
synthetic,scm3,strong,400,unit,joint,bias,-0.0008490242140063486,0.02817430184903639,100
synthetic,scm3,strong,400,unit,joint,coverage,0.88,0.03265986323710904,100
synthetic,scm3,strong,400,unit,joint,ci_length,0.9025646466237007,0.006252751634857152,100
synthetic,scm3,strong,400,unit,joint,omega_used,0.6576124896722919,0.03623077352423078,100
synthetic,scm3,strong,400,unit,lambda_only,rmse,0.2860237561371908,0.021307407807664255,100
synthetic,scm3,strong,400,unit,lambda_only,bias,0.0006557906012061388,0.028746393539897348,100
synthetic,scm3,strong,400,unit,lambda_only,coverage,0.88,0.03265986323710904,100
synthetic,scm3,strong,400,unit,lambda_only,ci_length,0.9108125643263886,0.006420569846752133,100
synthetic,scm3,strong,400,unit,lambda_only,omega_used,0.0,0.0,100
synthetic,scm3,strong,400,unit,omega_only,rmse,0.2971123524220684,0.02042770389036102,100
synthetic,scm3,strong,400,unit,omega_only,bias,-0.0022275093564195947,0.02986007573445009,100
synthetic,scm3,strong,400,unit,omega_only,coverage,0.89,0.03144660377352201,100
synthetic,scm3,strong,400,unit,omega_only,ci_length,0.9623278132632701,0.007624953955953116,100
synthetic,scm3,strong,400,unit,omega_only,omega_used,0.6576124896722919,0.03623077352423078,100
synthetic,scm3,strong,400,unit,rct_only,rmse,0.3017908961560612,0.021364921593148702,100
synthetic,scm3,strong,400,unit,rct_only,bias,-0.000722694541207105,0.030331039326389326,100
synthetic,scm3,strong,400,unit,rct_only,coverage,0.88,0.03265986323710904,100
synthetic,scm3,strong,400,unit,rct_only,ci_length,0.9697056899114134,0.007694980077229715,100
synthetic,scm3,strong,400,unit,rct_only,omega_used,0.0,0.0,100
