family,shift,n_rct,sieve_label,route,learner,metric,value,monte_carlo_se,replications
scm1,mild,100,spline3,balanced_x,DRF,risk_selected,2.638720212942339,0.10360441628309103,100
scm1,mild,100,spline3,balanced_x,DRF,risk_rct_only,12.41939133023641,0.7449650323807363,100
scm1,mild,100,spline3,balanced_x,DRF,risk_grid_oracle,2.20361520088211,0.0799372344315222,100
scm1,mild,100,spline3,balanced_x,DRF,risk_lambda_only,8.535257762740605,0.5752046415485201,100
scm1,mild,100,spline3,balanced_x,DRF,risk_omega_only,3.9585347731521487,0.17948981082960874,100
scm1,mild,100,spline3,balanced_x,DRF,selected_lambda,0.745,0.033139588459006594,100
scm1,mild,100,spline3,balanced_x,DRF,selected_omega,0.565,0.025030284687057626,100
scm1,mild,100,spline3,balanced_x,DRF,risk_selected_minus_rct,-9.780671117294071,0.7357207028228067,100
scm1,mild,100,spline3,balanced_x,DRF,score_selected_minus_rct,-10.127208426895889,0.8511243196970668,100
scm1,mild,100,spline3,balanced_x,RF,risk_selected,2.780361942087527,0.12645140089358703,100
scm1,mild,100,spline3,balanced_x,RF,risk_rct_only,13.574188933532975,0.7485310888216372,100
scm1,mild,100,spline3,balanced_x,RF,risk_grid_oracle,2.213040706992503,0.07702011125304997,100
scm1,mild,100,spline3,balanced_x,RF,risk_lambda_only,9.10097618651932,0.614107678445277,100
scm1,mild,100,spline3,balanced_x,RF,risk_omega_only,4.219019552008304,0.19916323970890115,100
scm1,mild,100,spline3,balanced_x,RF,selected_lambda,0.735,0.03194455423784382,100
scm1,mild,100,spline3,balanced_x,RF,selected_omega,0.6225,0.025498811618179268,100
scm1,mild,100,spline3,balanced_x,RF,risk_selected_minus_rct,-10.793826991445451,0.7258955383368304,100
scm1,mild,100,spline3,balanced_x,RF,score_selected_minus_rct,-11.202035331541643,0.8287400016708864,100
scm1,mild,100,spline3,balanced_x,domain_indicator_pool,risk_selected,0.24936609599089773,0.018124836952668512,100
scm1,mild,100,spline3,balanced_x,domain_indicator_pool,risk_rct_only,12.41939133023641,0.7449650323807363,100
scm1,mild,100,spline3,balanced_x,experimental_grounding,risk_selected,12.328044327586733,0.7412844964595846,100
scm1,mild,100,spline3,balanced_x,experimental_grounding,risk_rct_only,12.41939133023641,0.7449650323807363,100
scm1,mild,100,spline3,balanced_x_ghat,DRF,risk_selected,2.6750798075048023,0.1140596138501589,100
scm1,mild,100,spline3,balanced_x_ghat,DRF,risk_rct_only,12.41939133023641,0.7449650323807363,100
scm1,mild,100,spline3,balanced_x_ghat,DRF,risk_grid_oracle,2.187344351213023,0.07748541585000274,100
scm1,mild,100,spline3,balanced_x_ghat,DRF,risk_lambda_only,8.535257762740605,0.5752046415485201,100
scm1,mild,100,spline3,balanced_x_ghat,DRF,risk_omega_only,3.952564066368569,0.1784370791563445,100
scm1,mild,100,spline3,balanced_x_ghat,DRF,selected_lambda,0.7475,0.03323755178235678,100
scm1,mild,100,spline3,balanced_x_ghat,DRF,selected_omega,0.57,0.0258882602776243,100
scm1,mild,100,spline3,balanced_x_ghat,DRF,risk_selected_minus_rct,-9.744311522731605,0.7281805571646501,100
scm1,mild,100,spline3,balanced_x_ghat,DRF,score_selected_minus_rct,-10.133857675679112,0.8504285573249601,100
scm1,mild,100,spline3,balanced_x_ghat,RF,risk_selected,2.7969870539607298,0.12696488362644315,100
scm1,mild,100,spline3,balanced_x_ghat,RF,risk_rct_only,13.574188933532975,0.7485310888216372,100
scm1,mild,100,spline3,balanced_x_ghat,RF,risk_grid_oracle,2.2054812302857636,0.07546419366036924,100
scm1,mild,100,spline3,balanced_x_ghat,RF,risk_lambda_only,9.10097618651932,0.614107678445277,100
scm1,mild,100,spline3,balanced_x_ghat,RF,risk_omega_only,4.240749090485288,0.19744424589608053,100
scm1,mild,100,spline3,balanced_x_ghat,RF,selected_lambda,0.7375,0.03145764348029479,100
scm1,mild,100,spline3,balanced_x_ghat,RF,selected_omega,0.6125,0.026202156978062517,100
scm1,mild,100,spline3,balanced_x_ghat,RF,risk_selected_minus_rct,-10.777201879572251,0.7261104242912111,100
scm1,mild,100,spline3,balanced_x_ghat,RF,score_selected_minus_rct,-11.20992542365545,0.8279598778398155,100
scm1,mild,100,spline3,balanced_x_ghat,domain_indicator_pool,risk_selected,0.24936609599089773,0.018124836952668512,100
scm1,mild,100,spline3,balanced_x_ghat,domain_indicator_pool,risk_rct_only,12.41939133023641,0.7449650323807363,100
scm1,mild,100,spline3,balanced_x_ghat,experimental_grounding,risk_selected,12.328044327586733,0.7412844964595846,100
scm1,mild,100,spline3,balanced_x_ghat,experimental_grounding,risk_rct_only,12.41939133023641,0.7449650323807363,100
scm1,mild,100,spline3,classifier,DRF,risk_selected,2.617553411484573,0.10279104412113675,100
scm1,mild,100,spline3,classifier,DRF,risk_rct_only,12.41939133023641,0.7449650323807363,100
scm1,mild,100,spline3,classifier,DRF,risk_grid_oracle,2.1894671333595848,0.07946358028920915,100
scm1,mild,100,spline3,classifier,DRF,risk_lambda_only,8.535257762740605,0.5752046415485201,100
scm1,mild,100,spline3,classifier,DRF,risk_omega_only,3.9383017786595995,0.17737324162812818,100
scm1,mild,100,spline3,classifier,DRF,selected_lambda,0.745,0.033139588459006594,100
scm1,mild,100,spline3,classifier,DRF,selected_omega,0.565,0.025030284687057626,100
scm1,mild,100,spline3,classifier,DRF,risk_selected_minus_rct,-9.801837918751836,0.7361770451340353,100
scm1,mild,100,spline3,classifier,DRF,score_selected_minus_rct,-10.130685616912498,0.8508325069941689,100
scm1,mild,100,spline3,classifier,RF,risk_selected,2.751623769842863,0.12396996607092399,100
scm1,mild,100,spline3,classifier,RF,risk_rct_only,13.574188933532975,0.7485310888216372,100
scm1,mild,100,spline3,classifier,RF,risk_grid_oracle,2.19747027876231,0.07653658493168229,100
scm1,mild,100,spline3,classifier,RF,risk_lambda_only,9.10097618651932,0.614107678445277,100
scm1,mild,100,spline3,classifier,RF,risk_omega_only,4.188297894672197,0.19623990069023697,100
scm1,mild,100,spline3,classifier,RF,selected_lambda,0.735,0.03194455423784382,100
scm1,mild,100,spline3,classifier,RF,selected_omega,0.6225,0.025498811618179268,100
scm1,mild,100,spline3,classifier,RF,risk_selected_minus_rct,-10.822565163690117,0.7262604923296714,100
scm1,mild,100,spline3,classifier,RF,score_selected_minus_rct,-11.205596576995944,0.8282751127090829,100
scm1,mild,100,spline3,classifier,domain_indicator_pool,risk_selected,0.24936609599089773,0.018124836952668512,100
scm1,mild,100,spline3,classifier,domain_indicator_pool,risk_rct_only,12.41939133023641,0.7449650323807363,100
scm1,mild,100,spline3,classifier,experimental_grounding,risk_selected,12.328044327586733,0.7412844964595846,100
scm1,mild,100,spline3,classifier,experimental_grounding,risk_rct_only,12.41939133023641,0.7449650323807363,100
scm1,mild,100,spline3,oracle,DRF,risk_selected,2.573450126824878,0.10564432233651906,100
scm1,mild,100,spline3,oracle,DRF,risk_rct_only,12.41939133023641,0.7449650323807363,100
scm1,mild,100,spline3,oracle,DRF,risk_grid_oracle,2.161514097735206,0.07421146587270552,100
scm1,mild,100,spline3,oracle,DRF,risk_lambda_only,8.535257762740605,0.5752046415485201,100
scm1,mild,100,spline3,oracle,DRF,risk_omega_only,3.8792730287068466,0.16709818289079223,100
scm1,mild,100,spline3,oracle,DRF,selected_lambda,0.755,0.033706247360261135,100
scm1,mild,100,spline3,oracle,DRF,selected_omega,0.58,0.025095776134600418,100
scm1,mild,100,spline3,oracle,DRF,risk_selected_minus_rct,-9.845941203411531,0.74161450337255,100
scm1,mild,100,spline3,oracle,DRF,score_selected_minus_rct,-10.110846497640548,0.8479451136791626,100
scm1,mild,100,spline3,oracle,RF,risk_selected,2.606824244615481,0.10674727429203594,100
scm1,mild,100,spline3,oracle,RF,risk_rct_only,13.574188933532975,0.7485310888216372,100
scm1,mild,100,spline3,oracle,RF,risk_grid_oracle,2.170501782718681,0.07309579192187646,100
scm1,mild,100,spline3,oracle,RF,risk_lambda_only,9.10097618651932,0.614107678445277,100
scm1,mild,100,spline3,oracle,RF,risk_omega_only,4.03902271098567,0.17615085816436754,100
scm1,mild,100,spline3,oracle,RF,selected_lambda,0.7475,0.031481716675691065,100
scm1,mild,100,spline3,oracle,RF,selected_omega,0.615,0.024469110603725953,100
scm1,mild,100,spline3,oracle,RF,risk_selected_minus_rct,-10.9673646889175,0.7331034560170895,100
scm1,mild,100,spline3,oracle,RF,score_selected_minus_rct,-11.160360169417402,0.8219255873540557,100
scm1,mild,100,spline3,oracle,domain_indicator_pool,risk_selected,0.24936609599089773,0.018124836952668512,100
scm1,mild,100,spline3,oracle,domain_indicator_pool,risk_rct_only,12.41939133023641,0.7449650323807363,100
scm1,mild,100,spline3,oracle,experimental_grounding,risk_selected,12.328044327586733,0.7412844964595846,100
scm1,mild,100,spline3,oracle,experimental_grounding,risk_rct_only,12.41939133023641,0.7449650323807363,100
scm1,mild,100,spline3,unit,DRF,risk_selected,2.593005415280318,0.10712297753370885,100
scm1,mild,100,spline3,unit,DRF,risk_rct_only,12.41939133023641,0.7449650323807363,100
scm1,mild,100,spline3,unit,DRF,risk_grid_oracle,2.1790707853397517,0.07480712342248715,100
scm1,mild,100,spline3,unit,DRF,risk_lambda_only,8.535257762740605,0.5752046415485201,100
scm1,mild,100,spline3,unit,DRF,risk_omega_only,3.9385637463795597,0.17409687557206718,100
scm1,mild,100,spline3,unit,DRF,selected_lambda,0.755,0.03351842550724673,100
scm1,mild,100,spline3,unit,DRF,selected_omega,0.5775,0.02529996806002695,100
scm1,mild,100,spline3,unit,DRF,risk_selected_minus_rct,-9.826385914956091,0.7443108094573911,100
scm1,mild,100,spline3,unit,DRF,score_selected_minus_rct,-10.096044254877988,0.8468074847892246,100
scm1,mild,100,spline3,unit,RF,risk_selected,2.631315646724859,0.10538649846770695,100
scm1,mild,100,spline3,unit,RF,risk_rct_only,13.574188933532975,0.7485310888216372,100
scm1,mild,100,spline3,unit,RF,risk_grid_oracle,2.191847995285162,0.0741779558024695,100
scm1,mild,100,spline3,unit,RF,risk_lambda_only,9.10097618651932,0.614107678445277,100
scm1,mild,100,spline3,unit,RF,risk_omega_only,4.112856904148132,0.1733667473226324,100
scm1,mild,100,spline3,unit,RF,selected_lambda,0.7475,0.0310780623526622,100
scm1,mild,100,spline3,unit,RF,selected_omega,0.6175,0.02447813908223607,100
scm1,mild,100,spline3,unit,RF,risk_selected_minus_rct,-10.942873286808124,0.7354184579083347,100
scm1,mild,100,spline3,unit,RF,score_selected_minus_rct,-11.143583935123088,0.8201932345217655,100
scm1,mild,100,spline3,unit,domain_indicator_pool,risk_selected,0.24936609599089773,0.018124836952668512,100
scm1,mild,100,spline3,unit,domain_indicator_pool,risk_rct_only,12.41939133023641,0.7449650323807363,100
scm1,mild,100,spline3,unit,experimental_grounding,risk_selected,12.328044327586733,0.7412844964595846,100
scm1,mild,100,spline3,unit,experimental_grounding,risk_rct_only,12.41939133023641,0.7449650323807363,100
scm1,mild,200,spline3,balanced_x,DRF,risk_selected,1.5861501072024182,0.06407021684923907,100
scm1,mild,200,spline3,balanced_x,DRF,risk_rct_only,4.049176928879154,0.18602505547700193,100
scm1,mild,200,spline3,balanced_x,DRF,risk_grid_oracle,1.395279768596137,0.04838412235006921,100
scm1,mild,200,spline3,balanced_x,DRF,risk_lambda_only,2.906966002357243,0.14160189461199804,100
scm1,mild,200,spline3,balanced_x,DRF,risk_omega_only,2.225896458744471,0.1025646481663017,100
scm1,mild,200,spline3,balanced_x,DRF,selected_lambda,0.7675,0.034497657657272675,100
scm1,mild,200,spline3,balanced_x,DRF,selected_omega,0.525,0.029623052721238115,100
scm1,mild,200,spline3,balanced_x,DRF,risk_selected_minus_rct,-2.463026821676736,0.1746068150273463,100
scm1,mild,200,spline3,balanced_x,DRF,score_selected_minus_rct,-2.698510351535607,0.2185111064120398,100
scm1,mild,200,spline3,balanced_x,RF,risk_selected,1.5366622789805018,0.0557309644560133,100
scm1,mild,200,spline3,balanced_x,RF,risk_rct_only,4.410037958804878,0.21497594447381677,100
scm1,mild,200,spline3,balanced_x,RF,risk_grid_oracle,1.354839015121596,0.041987162197650654,100
scm1,mild,200,spline3,balanced_x,RF,risk_lambda_only,3.076549021749116,0.14202913478024043,100
scm1,mild,200,spline3,balanced_x,RF,risk_omega_only,2.1179512513554006,0.08083502894015798,100
scm1,mild,200,spline3,balanced_x,RF,selected_lambda,0.75,0.036062515864884556,100
scm1,mild,200,spline3,balanced_x,RF,selected_omega,0.54,0.028141058827257943,100
scm1,mild,200,spline3,balanced_x,RF,risk_selected_minus_rct,-2.873375679824377,0.20811505966572463,100
scm1,mild,200,spline3,balanced_x,RF,score_selected_minus_rct,-3.1874902651211308,0.23907406604949727,100
scm1,mild,200,spline3,balanced_x,domain_indicator_pool,risk_selected,0.20989390086034182,0.013197425157054571,100
scm1,mild,200,spline3,balanced_x,domain_indicator_pool,risk_rct_only,4.049176928879154,0.18602505547700193,100
scm1,mild,200,spline3,balanced_x,experimental_grounding,risk_selected,4.047808810117374,0.18470693320470638,100
scm1,mild,200,spline3,balanced_x,experimental_grounding,risk_rct_only,4.049176928879154,0.18602505547700193,100
scm1,mild,200,spline3,balanced_x_ghat,DRF,risk_selected,1.6077319449971443,0.06796309207075618,100
scm1,mild,200,spline3,balanced_x_ghat,DRF,risk_rct_only,4.049176928879154,0.18602505547700193,100
scm1,mild,200,spline3,balanced_x_ghat,DRF,risk_grid_oracle,1.3941116459111458,0.04887350166741422,100
scm1,mild,200,spline3,balanced_x_ghat,DRF,risk_lambda_only,2.906966002357243,0.14160189461199804,100
scm1,mild,200,spline3,balanced_x_ghat,DRF,risk_omega_only,2.2377434469349784,0.106786422902023,100
scm1,mild,200,spline3,balanced_x_ghat,DRF,selected_lambda,0.77,0.034208215682815436,100
scm1,mild,200,spline3,balanced_x_ghat,DRF,selected_omega,0.5125,0.029808945508407913,100
scm1,mild,200,spline3,balanced_x_ghat,DRF,risk_selected_minus_rct,-2.44144498388201,0.17503464960079124,100
scm1,mild,200,spline3,balanced_x_ghat,DRF,score_selected_minus_rct,-2.6893421002630014,0.2174045493107501,100
scm1,mild,200,spline3,balanced_x_ghat,RF,risk_selected,1.5374812114426624,0.05647673226132458,100
scm1,mild,200,spline3,balanced_x_ghat,RF,risk_rct_only,4.410037958804878,0.21497594447381677,100
scm1,mild,200,spline3,balanced_x_ghat,RF,risk_grid_oracle,1.3539736134219533,0.041966811143322694,100
scm1,mild,200,spline3,balanced_x_ghat,RF,risk_lambda_only,3.076549021749116,0.14202913478024043,100
scm1,mild,200,spline3,balanced_x_ghat,RF,risk_omega_only,2.1303744708327033,0.084457563563894,100
scm1,mild,200,spline3,balanced_x_ghat,RF,selected_lambda,0.7475,0.03597400155499507,100
scm1,mild,200,spline3,balanced_x_ghat,RF,selected_omega,0.5375,0.028287619092800902,100
scm1,mild,200,spline3,balanced_x_ghat,RF,risk_selected_minus_rct,-2.872556747362216,0.20781910445643148,100
scm1,mild,200,spline3,balanced_x_ghat,RF,score_selected_minus_rct,-3.1800537374766806,0.2397989101530523,100
scm1,mild,200,spline3,balanced_x_ghat,domain_indicator_pool,risk_selected,0.20989390086034182,0.013197425157054571,100
scm1,mild,200,spline3,balanced_x_ghat,domain_indicator_pool,risk_rct_only,4.049176928879154,0.18602505547700193,100
scm1,mild,200,spline3,balanced_x_ghat,experimental_grounding,risk_selected,4.047808810117374,0.18470693320470638,100
scm1,mild,200,spline3,balanced_x_ghat,experimental_grounding,risk_rct_only,4.049176928879154,0.18602505547700193,100
scm1,mild,200,spline3,classifier,DRF,risk_selected,1.5849989602523515,0.06379856293783448,100
scm1,mild,200,spline3,classifier,DRF,risk_rct_only,4.049176928879154,0.18602505547700193,100
scm1,mild,200,spline3,classifier,DRF,risk_grid_oracle,1.3934205743773231,0.048280202607700294,100
scm1,mild,200,spline3,classifier,DRF,risk_lambda_only,2.906966002357243,0.14160189461199804,100
scm1,mild,200,spline3,classifier,DRF,risk_omega_only,2.223016950704896,0.1020985953050956,100
scm1,mild,200,spline3,classifier,DRF,selected_lambda,0.7675,0.03468017656334302,100
scm1,mild,200,spline3,classifier,DRF,selected_omega,0.5275,0.02970711406822659,100
scm1,mild,200,spline3,classifier,DRF,risk_selected_minus_rct,-2.464177968626803,0.1747204814406728,100
scm1,mild,200,spline3,classifier,DRF,score_selected_minus_rct,-2.6992759021887673,0.21865656104646153,100
scm1,mild,200,spline3,classifier,RF,risk_selected,1.5346807839287433,0.055690617807765366,100
scm1,mild,200,spline3,classifier,RF,risk_rct_only,4.410037958804878,0.21497594447381677,100
scm1,mild,200,spline3,classifier,RF,risk_grid_oracle,1.3529485199734355,0.04193327444840731,100
scm1,mild,200,spline3,classifier,RF,risk_lambda_only,3.076549021749116,0.14202913478024043,100
scm1,mild,200,spline3,classifier,RF,risk_omega_only,2.114555459922943,0.08073086504350838,100
scm1,mild,200,spline3,classifier,RF,selected_lambda,0.75,0.036062515864884556,100
scm1,mild,200,spline3,classifier,RF,selected_omega,0.545,0.02783882181415011,100
scm1,mild,200,spline3,classifier,RF,risk_selected_minus_rct,-2.8753571748761355,0.20785188888741146,100
scm1,mild,200,spline3,classifier,RF,score_selected_minus_rct,-3.188234120871077,0.23904351647816457,100
scm1,mild,200,spline3,classifier,domain_indicator_pool,risk_selected,0.20989390086034182,0.013197425157054571,100
scm1,mild,200,spline3,classifier,domain_indicator_pool,risk_rct_only,4.049176928879154,0.18602505547700193,100
scm1,mild,200,spline3,classifier,experimental_grounding,risk_selected,4.047808810117374,0.18470693320470638,100
scm1,mild,200,spline3,classifier,experimental_grounding,risk_rct_only,4.049176928879154,0.18602505547700193,100
scm1,mild,200,spline3,oracle,DRF,risk_selected,1.5478467088904946,0.05283959964327008,100
scm1,mild,200,spline3,oracle,DRF,risk_rct_only,4.049176928879154,0.18602505547700193,100
scm1,mild,200,spline3,oracle,DRF,risk_grid_oracle,1.3952929339632874,0.04883401120013974,100
scm1,mild,200,spline3,oracle,DRF,risk_lambda_only,2.906966002357243,0.14160189461199804,100
scm1,mild,200,spline3,oracle,DRF,risk_omega_only,2.16498017005305,0.09257432164112499,100
scm1,mild,200,spline3,oracle,DRF,selected_lambda,0.765,0.03460089915337782,100
scm1,mild,200,spline3,oracle,DRF,selected_omega,0.53,0.029576130151652273,100
scm1,mild,200,spline3,oracle,DRF,risk_selected_minus_rct,-2.501330219988659,0.17632876742385797,100
scm1,mild,200,spline3,oracle,DRF,score_selected_minus_rct,-2.709811773425256,0.21966599351438892,100
scm1,mild,200,spline3,oracle,RF,risk_selected,1.5066122010523142,0.05356926764193032,100
scm1,mild,200,spline3,oracle,RF,risk_rct_only,4.410037958804878,0.21497594447381677,100
scm1,mild,200,spline3,oracle,RF,risk_grid_oracle,1.3527777246946286,0.043261868556296115,100
scm1,mild,200,spline3,oracle,RF,risk_lambda_only,3.076549021749116,0.14202913478024043,100
scm1,mild,200,spline3,oracle,RF,risk_omega_only,2.065906004988889,0.07875169051153999,100
scm1,mild,200,spline3,oracle,RF,selected_lambda,0.76,0.034067668846078404,100
scm1,mild,200,spline3,oracle,RF,selected_omega,0.5475,0.027683045535146777,100
scm1,mild,200,spline3,oracle,RF,risk_selected_minus_rct,-2.9034257577525637,0.21147884060233824,100
scm1,mild,200,spline3,oracle,RF,score_selected_minus_rct,-3.1931587215576367,0.23821942673393343,100
scm1,mild,200,spline3,oracle,domain_indicator_pool,risk_selected,0.20989390086034182,0.013197425157054571,100
scm1,mild,200,spline3,oracle,domain_indicator_pool,risk_rct_only,4.049176928879154,0.18602505547700193,100
scm1,mild,200,spline3,oracle,experimental_grounding,risk_selected,4.047808810117374,0.18470693320470638,100
scm1,mild,200,spline3,oracle,experimental_grounding,risk_rct_only,4.049176928879154,0.18602505547700193,100
scm1,mild,200,spline3,unit,DRF,risk_selected,1.6041380372902736,0.06541328086419677,100
scm1,mild,200,spline3,unit,DRF,risk_rct_only,4.049176928879154,0.18602505547700193,100
scm1,mild,200,spline3,unit,DRF,risk_grid_oracle,1.3970179210932516,0.04754001564798907,100
scm1,mild,200,spline3,unit,DRF,risk_lambda_only,2.906966002357243,0.14160189461199804,100
scm1,mild,200,spline3,unit,DRF,risk_omega_only,2.257010709867082,0.11316556183009227,100
scm1,mild,200,spline3,unit,DRF,selected_lambda,0.7725,0.03519336915277127,100
scm1,mild,200,spline3,unit,DRF,selected_omega,0.525,0.02875795893348835,100
scm1,mild,200,spline3,unit,DRF,risk_selected_minus_rct,-2.445038891588881,0.18083600102842345,100
scm1,mild,200,spline3,unit,DRF,score_selected_minus_rct,-2.7363887498582464,0.22417961741573986,100
scm1,mild,200,spline3,unit,RF,risk_selected,1.5448723456082223,0.061756399249697766,100
scm1,mild,200,spline3,unit,RF,risk_rct_only,4.410037958804878,0.21497594447381677,100
scm1,mild,200,spline3,unit,RF,risk_grid_oracle,1.357319712983766,0.042843024096782735,100
scm1,mild,200,spline3,unit,RF,risk_lambda_only,3.076549021749116,0.14202913478024043,100
scm1,mild,200,spline3,unit,RF,risk_omega_only,2.117896121446638,0.08825847810386624,100
scm1,mild,200,spline3,unit,RF,selected_lambda,0.765,0.035323183219059875,100
scm1,mild,200,spline3,unit,RF,selected_omega,0.5525,0.0273619122581782,100
scm1,mild,200,spline3,unit,RF,risk_selected_minus_rct,-2.8651656131966563,0.21248655565708768,100
scm1,mild,200,spline3,unit,RF,score_selected_minus_rct,-3.2170833540678636,0.23888265024417898,100
scm1,mild,200,spline3,unit,domain_indicator_pool,risk_selected,0.20989390086034182,0.013197425157054571,100
scm1,mild,200,spline3,unit,domain_indicator_pool,risk_rct_only,4.049176928879154,0.18602505547700193,100
scm1,mild,200,spline3,unit,experimental_grounding,risk_selected,4.047808810117374,0.18470693320470638,100
scm1,mild,200,spline3,unit,experimental_grounding,risk_rct_only,4.049176928879154,0.18602505547700193,100
scm1,strong,100,spline3,balanced_x,DRF,risk_selected,2.6886459801199925,0.11113853738190224,100
scm1,strong,100,spline3,balanced_x,DRF,risk_rct_only,13.566359230210425,0.7198899141559529,100
scm1,strong,100,spline3,balanced_x,DRF,risk_grid_oracle,2.3500058760881206,0.10060397147658313,100
scm1,strong,100,spline3,balanced_x,DRF,risk_lambda_only,9.149720970694586,0.5046861692677248,100
scm1,strong,100,spline3,balanced_x,DRF,risk_omega_only,4.1523775476243365,0.18673342410043678,100
scm1,strong,100,spline3,balanced_x,DRF,selected_lambda,0.765,0.0347828763164935,100
scm1,strong,100,spline3,balanced_x,DRF,selected_omega,0.5425,0.024632398391245834,100
scm1,strong,100,spline3,balanced_x,DRF,risk_selected_minus_rct,-10.877713250090435,0.6989414064943348,100
scm1,strong,100,spline3,balanced_x,DRF,score_selected_minus_rct,-11.747469481824602,1.0297638018969386,100
scm1,strong,100,spline3,balanced_x,RF,risk_selected,2.6253313736095505,0.1030030333110018,100
scm1,strong,100,spline3,balanced_x,RF,risk_rct_only,14.827619241930554,0.8855130959358384,100
scm1,strong,100,spline3,balanced_x,RF,risk_grid_oracle,2.302674775205517,0.09598932858628863,100
scm1,strong,100,spline3,balanced_x,RF,risk_lambda_only,9.58085971566353,0.573480974846217,100
scm1,strong,100,spline3,balanced_x,RF,risk_omega_only,4.187980723524598,0.19158570313985962,100
scm1,strong,100,spline3,balanced_x,RF,selected_lambda,0.76,0.034252479081554425,100
scm1,strong,100,spline3,balanced_x,RF,selected_omega,0.5475,0.02504919402320404,100
scm1,strong,100,spline3,balanced_x,RF,risk_selected_minus_rct,-12.202287868321005,0.8694106101155882,100
scm1,strong,100,spline3,balanced_x,RF,score_selected_minus_rct,-12.71950294563263,1.0700572591181337,100
scm1,strong,100,spline3,balanced_x,domain_indicator_pool,risk_selected,0.2716202240399888,0.01986993089251079,100
scm1,strong,100,spline3,balanced_x,domain_indicator_pool,risk_rct_only,13.566359230210425,0.7198899141559529,100
scm1,strong,100,spline3,balanced_x,experimental_grounding,risk_selected,13.578476874327341,0.7060735865950363,100
scm1,strong,100,spline3,balanced_x,experimental_grounding,risk_rct_only,13.566359230210425,0.7198899141559529,100
scm1,strong,100,spline3,balanced_x_ghat,DRF,risk_selected,2.6920371584480396,0.10886033312826324,100
scm1,strong,100,spline3,balanced_x_ghat,DRF,risk_rct_only,13.566359230210425,0.7198899141559529,100
scm1,strong,100,spline3,balanced_x_ghat,DRF,risk_grid_oracle,2.357139821214425,0.09901959221720094,100
scm1,strong,100,spline3,balanced_x_ghat,DRF,risk_lambda_only,9.149720970694586,0.5046861692677248,100
scm1,strong,100,spline3,balanced_x_ghat,DRF,risk_omega_only,4.162562363580876,0.1893837831591102,100
scm1,strong,100,spline3,balanced_x_ghat,DRF,selected_lambda,0.7625,0.034519610880679626,100
scm1,strong,100,spline3,balanced_x_ghat,DRF,selected_omega,0.55,0.024360507864868985,100
scm1,strong,100,spline3,balanced_x_ghat,DRF,risk_selected_minus_rct,-10.874322071762386,0.6984213917145271,100
scm1,strong,100,spline3,balanced_x_ghat,DRF,score_selected_minus_rct,-11.761814020459068,1.0302477780719543,100
scm1,strong,100,spline3,balanced_x_ghat,RF,risk_selected,2.6208997236770673,0.09661365910450562,100
scm1,strong,100,spline3,balanced_x_ghat,RF,risk_rct_only,14.827619241930554,0.8855130959358384,100
scm1,strong,100,spline3,balanced_x_ghat,RF,risk_grid_oracle,2.3083715987095688,0.09262283132206331,100
scm1,strong,100,spline3,balanced_x_ghat,RF,risk_lambda_only,9.58085971566353,0.573480974846217,100
scm1,strong,100,spline3,balanced_x_ghat,RF,risk_omega_only,4.202638278853152,0.19215158925797832,100
scm1,strong,100,spline3,balanced_x_ghat,RF,selected_lambda,0.755,0.0346300797608441,100
scm1,strong,100,spline3,balanced_x_ghat,RF,selected_omega,0.56,0.024903855528853765,100
scm1,strong,100,spline3,balanced_x_ghat,RF,risk_selected_minus_rct,-12.206719518253488,0.866843015386177,100
scm1,strong,100,spline3,balanced_x_ghat,RF,score_selected_minus_rct,-12.731738396655558,1.0700439370842072,100
scm1,strong,100,spline3,balanced_x_ghat,domain_indicator_pool,risk_selected,0.2716202240399888,0.01986993089251079,100
scm1,strong,100,spline3,balanced_x_ghat,domain_indicator_pool,risk_rct_only,13.566359230210425,0.7198899141559529,100
scm1,strong,100,spline3,balanced_x_ghat,experimental_grounding,risk_selected,13.578476874327341,0.7060735865950363,100
scm1,strong,100,spline3,balanced_x_ghat,experimental_grounding,risk_rct_only,13.566359230210425,0.7198899141559529,100
scm1,strong,100,spline3,classifier,DRF,risk_selected,2.6716717807459465,0.11093058639505608,100
scm1,strong,100,spline3,classifier,DRF,risk_rct_only,13.566359230210425,0.7198899141559529,100
scm1,strong,100,spline3,classifier,DRF,risk_grid_oracle,2.3375302840847865,0.10008179010191884,100
scm1,strong,100,spline3,classifier,DRF,risk_lambda_only,9.149720970694586,0.5046861692677248,100
scm1,strong,100,spline3,classifier,DRF,risk_omega_only,4.128671621876182,0.1860823367793667,100
scm1,strong,100,spline3,classifier,DRF,selected_lambda,0.765,0.0347828763164935,100
scm1,strong,100,spline3,classifier,DRF,selected_omega,0.55,0.02461829819586655,100
scm1,strong,100,spline3,classifier,DRF,risk_selected_minus_rct,-10.894687449464481,0.698878053421657,100
scm1,strong,100,spline3,classifier,DRF,score_selected_minus_rct,-11.752274546065673,1.030121562838223,100
scm1,strong,100,spline3,classifier,RF,risk_selected,2.6116285908473076,0.10249991742670198,100
scm1,strong,100,spline3,classifier,RF,risk_rct_only,14.827619241930554,0.8855130959358384,100
scm1,strong,100,spline3,classifier,RF,risk_grid_oracle,2.290067889268714,0.09542522441346547,100
scm1,strong,100,spline3,classifier,RF,risk_lambda_only,9.58085971566353,0.573480974846217,100
scm1,strong,100,spline3,classifier,RF,risk_omega_only,4.171569786217723,0.19167644198931083,100
scm1,strong,100,spline3,classifier,RF,selected_lambda,0.76,0.034252479081554425,100
scm1,strong,100,spline3,classifier,RF,selected_omega,0.55,0.025125945381480302,100
scm1,strong,100,spline3,classifier,RF,risk_selected_minus_rct,-12.215990651083246,0.8694626016853784,100
scm1,strong,100,spline3,classifier,RF,score_selected_minus_rct,-12.72459031982904,1.0703532095015664,100
scm1,strong,100,spline3,classifier,domain_indicator_pool,risk_selected,0.2716202240399888,0.01986993089251079,100
scm1,strong,100,spline3,classifier,domain_indicator_pool,risk_rct_only,13.566359230210425,0.7198899141559529,100
scm1,strong,100,spline3,classifier,experimental_grounding,risk_selected,13.578476874327341,0.7060735865950363,100
scm1,strong,100,spline3,classifier,experimental_grounding,risk_rct_only,13.566359230210425,0.7198899141559529,100
scm1,strong,100,spline3,oracle,DRF,risk_selected,2.592458047722605,0.10383935216445714,100
scm1,strong,100,spline3,oracle,DRF,risk_rct_only,13.566359230210425,0.7198899141559529,100
scm1,strong,100,spline3,oracle,DRF,risk_grid_oracle,2.284769034859791,0.0936587771939134,100
scm1,strong,100,spline3,oracle,DRF,risk_lambda_only,9.149720970694586,0.5046861692677248,100
scm1,strong,100,spline3,oracle,DRF,risk_omega_only,4.003472794258712,0.18151595910616986,100
scm1,strong,100,spline3,oracle,DRF,selected_lambda,0.775,0.03398974890026448,100
scm1,strong,100,spline3,oracle,DRF,selected_omega,0.5675,0.024322901458369135,100
scm1,strong,100,spline3,oracle,DRF,risk_selected_minus_rct,-10.973901182487824,0.7028192184499404,100
scm1,strong,100,spline3,oracle,DRF,score_selected_minus_rct,-11.731133105670525,1.0289744038468838,100
scm1,strong,100,spline3,oracle,RF,risk_selected,2.5353722382660275,0.09585788648474351,100
scm1,strong,100,spline3,oracle,RF,risk_rct_only,14.827619241930554,0.8855130959358384,100
scm1,strong,100,spline3,oracle,RF,risk_grid_oracle,2.2257854062583733,0.08581619311211774,100
scm1,strong,100,spline3,oracle,RF,risk_lambda_only,9.58085971566353,0.573480974846217,100
scm1,strong,100,spline3,oracle,RF,risk_omega_only,4.001509126453183,0.17729525786984693,100
scm1,strong,100,spline3,oracle,RF,selected_lambda,0.765,0.034417959840698856,100
scm1,strong,100,spline3,oracle,RF,selected_omega,0.55,0.02461829819586655,100
scm1,strong,100,spline3,oracle,RF,risk_selected_minus_rct,-12.29224700366453,0.8702946510489336,100
scm1,strong,100,spline3,oracle,RF,score_selected_minus_rct,-12.707426981822874,1.0668860550280714,100
scm1,strong,100,spline3,oracle,domain_indicator_pool,risk_selected,0.2716202240399888,0.01986993089251079,100
scm1,strong,100,spline3,oracle,domain_indicator_pool,risk_rct_only,13.566359230210425,0.7198899141559529,100
scm1,strong,100,spline3,oracle,experimental_grounding,risk_selected,13.578476874327341,0.7060735865950363,100
scm1,strong,100,spline3,oracle,experimental_grounding,risk_rct_only,13.566359230210425,0.7198899141559529,100
scm1,strong,100,spline3,unit,DRF,risk_selected,2.885624912364291,0.1491342401764708,100
scm1,strong,100,spline3,unit,DRF,risk_rct_only,13.566359230210425,0.7198899141559529,100
scm1,strong,100,spline3,unit,DRF,risk_grid_oracle,2.414456762773403,0.10452965995510873,100
scm1,strong,100,spline3,unit,DRF,risk_lambda_only,9.149720970694586,0.5046861692677248,100
scm1,strong,100,spline3,unit,DRF,risk_omega_only,4.410489033723914,0.2318298533364755,100
scm1,strong,100,spline3,unit,DRF,selected_lambda,0.7775,0.03387719205327002,100
scm1,strong,100,spline3,unit,DRF,selected_omega,0.5875,0.02667968432263687,100
scm1,strong,100,spline3,unit,DRF,risk_selected_minus_rct,-10.680734317846136,0.6875729604245995,100
scm1,strong,100,spline3,unit,DRF,score_selected_minus_rct,-11.779061354436642,1.0384408950197581,100
scm1,strong,100,spline3,unit,RF,risk_selected,2.8083625297490844,0.1421387797131741,100
scm1,strong,100,spline3,unit,RF,risk_rct_only,14.827619241930554,0.8855130959358384,100
scm1,strong,100,spline3,unit,RF,risk_grid_oracle,2.3616829558329693,0.10351964338705526,100
scm1,strong,100,spline3,unit,RF,risk_lambda_only,9.58085971566353,0.573480974846217,100
scm1,strong,100,spline3,unit,RF,risk_omega_only,4.441686975365574,0.24684049026653154,100
scm1,strong,100,spline3,unit,RF,selected_lambda,0.77,0.034208215682815436,100
scm1,strong,100,spline3,unit,RF,selected_omega,0.58,0.026082619314459782,100
scm1,strong,100,spline3,unit,RF,risk_selected_minus_rct,-12.019256712181473,0.865694334926103,100
scm1,strong,100,spline3,unit,RF,score_selected_minus_rct,-12.755961939043727,1.0775771762025872,100
scm1,strong,100,spline3,unit,domain_indicator_pool,risk_selected,0.2716202240399888,0.01986993089251079,100
scm1,strong,100,spline3,unit,domain_indicator_pool,risk_rct_only,13.566359230210425,0.7198899141559529,100
scm1,strong,100,spline3,unit,experimental_grounding,risk_selected,13.578476874327341,0.7060735865950363,100
scm1,strong,100,spline3,unit,experimental_grounding,risk_rct_only,13.566359230210425,0.7198899141559529,100
scm1,strong,200,spline3,balanced_x,DRF,risk_selected,1.4947294184970472,0.04562784125202916,100
scm1,strong,200,spline3,balanced_x,DRF,risk_rct_only,4.264669823403377,0.25422602291382523,100
scm1,strong,200,spline3,balanced_x,DRF,risk_grid_oracle,1.3414453645779698,0.04201145915106254,100
scm1,strong,200,spline3,balanced_x,DRF,risk_lambda_only,3.1324953143386596,0.21543131645038946,100
scm1,strong,200,spline3,balanced_x,DRF,risk_omega_only,2.003811127228657,0.07577889400988982,100
scm1,strong,200,spline3,balanced_x,DRF,selected_lambda,0.695,0.038366257270806295,100
scm1,strong,200,spline3,balanced_x,DRF,selected_omega,0.525,0.02786602145113564,100
scm1,strong,200,spline3,balanced_x,DRF,risk_selected_minus_rct,-2.76994040490633,0.246501180927336,100
scm1,strong,200,spline3,balanced_x,DRF,score_selected_minus_rct,-3.232769660171524,0.30434544398258073,100
scm1,strong,200,spline3,balanced_x,RF,risk_selected,1.4922797606692617,0.04875348743760634,100
scm1,strong,200,spline3,balanced_x,RF,risk_rct_only,4.33768169659987,0.2510064394565198,100
scm1,strong,200,spline3,balanced_x,RF,risk_grid_oracle,1.338731442764173,0.04086596625548233,100
scm1,strong,200,spline3,balanced_x,RF,risk_lambda_only,3.290126407014627,0.2240162057417908,100
scm1,strong,200,spline3,balanced_x,RF,risk_omega_only,2.0238711499433037,0.0847345475953846,100
scm1,strong,200,spline3,balanced_x,RF,selected_lambda,0.7125,0.03716177437566019,100
scm1,strong,200,spline3,balanced_x,RF,selected_omega,0.5475,0.02627914447510486,100
scm1,strong,200,spline3,balanced_x,RF,risk_selected_minus_rct,-2.8454019359306075,0.24280504960322236,100
scm1,strong,200,spline3,balanced_x,RF,score_selected_minus_rct,-3.401886180103444,0.32396301305015707,100
scm1,strong,200,spline3,balanced_x,domain_indicator_pool,risk_selected,0.20155849673743806,0.010510603008150847,100
scm1,strong,200,spline3,balanced_x,domain_indicator_pool,risk_rct_only,4.264669823403377,0.25422602291382523,100
scm1,strong,200,spline3,balanced_x,experimental_grounding,risk_selected,4.2636339930708615,0.25290906334310825,100
scm1,strong,200,spline3,balanced_x,experimental_grounding,risk_rct_only,4.264669823403377,0.25422602291382523,100
scm1,strong,200,spline3,balanced_x_ghat,DRF,risk_selected,1.511992356393293,0.04588657248874941,100
scm1,strong,200,spline3,balanced_x_ghat,DRF,risk_rct_only,4.264669823403377,0.25422602291382523,100
scm1,strong,200,spline3,balanced_x_ghat,DRF,risk_grid_oracle,1.3464658516538162,0.04182065208717951,100
scm1,strong,200,spline3,balanced_x_ghat,DRF,risk_lambda_only,3.1324953143386596,0.21543131645038946,100
scm1,strong,200,spline3,balanced_x_ghat,DRF,risk_omega_only,2.0197847558910436,0.07600815981826545,100
scm1,strong,200,spline3,balanced_x_ghat,DRF,selected_lambda,0.6925,0.03808135231237717,100
scm1,strong,200,spline3,balanced_x_ghat,DRF,selected_omega,0.525,0.028091660935968422,100
scm1,strong,200,spline3,balanced_x_ghat,DRF,risk_selected_minus_rct,-2.7526774670100838,0.24743691223505632,100
scm1,strong,200,spline3,balanced_x_ghat,DRF,score_selected_minus_rct,-3.230416507737221,0.30475682360469347,100
scm1,strong,200,spline3,balanced_x_ghat,RF,risk_selected,1.493459326004664,0.048431038510645605,100
scm1,strong,200,spline3,balanced_x_ghat,RF,risk_rct_only,4.33768169659987,0.2510064394565198,100
scm1,strong,200,spline3,balanced_x_ghat,RF,risk_grid_oracle,1.3439614757114307,0.04061681939513415,100
scm1,strong,200,spline3,balanced_x_ghat,RF,risk_lambda_only,3.290126407014627,0.2240162057417908,100
scm1,strong,200,spline3,balanced_x_ghat,RF,risk_omega_only,1.9864787901211478,0.07001075362004498,100
scm1,strong,200,spline3,balanced_x_ghat,RF,selected_lambda,0.7125,0.03699150189058579,100
scm1,strong,200,spline3,balanced_x_ghat,RF,selected_omega,0.545,0.025961315432579662,100
scm1,strong,200,spline3,balanced_x_ghat,RF,risk_selected_minus_rct,-2.844222370595206,0.24283980392756596,100
scm1,strong,200,spline3,balanced_x_ghat,RF,score_selected_minus_rct,-3.3997386099855618,0.3243961104292383,100
scm1,strong,200,spline3,balanced_x_ghat,domain_indicator_pool,risk_selected,0.20155849673743806,0.010510603008150847,100
scm1,strong,200,spline3,balanced_x_ghat,domain_indicator_pool,risk_rct_only,4.264669823403377,0.25422602291382523,100
scm1,strong,200,spline3,balanced_x_ghat,experimental_grounding,risk_selected,4.2636339930708615,0.25290906334310825,100
scm1,strong,200,spline3,balanced_x_ghat,experimental_grounding,risk_rct_only,4.264669823403377,0.25422602291382523,100
scm1,strong,200,spline3,classifier,DRF,risk_selected,1.4960025160727672,0.04538401281170353,100
scm1,strong,200,spline3,classifier,DRF,risk_rct_only,4.264669823403377,0.25422602291382523,100
scm1,strong,200,spline3,classifier,DRF,risk_grid_oracle,1.3404866667674435,0.04195591150502867,100
scm1,strong,200,spline3,classifier,DRF,risk_lambda_only,3.1324953143386596,0.21543131645038946,100
scm1,strong,200,spline3,classifier,DRF,risk_omega_only,2.002290765467274,0.07571143443051845,100
scm1,strong,200,spline3,classifier,DRF,selected_lambda,0.695,0.038366257270806295,100
scm1,strong,200,spline3,classifier,DRF,selected_omega,0.5225,0.02777411592025055,100
scm1,strong,200,spline3,classifier,DRF,risk_selected_minus_rct,-2.768667307330609,0.24616242237390368,100
scm1,strong,200,spline3,classifier,DRF,score_selected_minus_rct,-3.2329206326320947,0.30443556398151117,100
scm1,strong,200,spline3,classifier,RF,risk_selected,1.4912867840572215,0.04872391089660265,100
scm1,strong,200,spline3,classifier,RF,risk_rct_only,4.33768169659987,0.2510064394565198,100
scm1,strong,200,spline3,classifier,RF,risk_grid_oracle,1.3378178314024354,0.04082401972867879,100
scm1,strong,200,spline3,classifier,RF,risk_lambda_only,3.290126407014627,0.2240162057417908,100
scm1,strong,200,spline3,classifier,RF,risk_omega_only,2.0221416897820434,0.08463989255153206,100
scm1,strong,200,spline3,classifier,RF,selected_lambda,0.7125,0.03716177437566019,100
scm1,strong,200,spline3,classifier,RF,selected_omega,0.5475,0.02627914447510486,100
scm1,strong,200,spline3,classifier,RF,risk_selected_minus_rct,-2.846394912542648,0.24284959638298947,100
scm1,strong,200,spline3,classifier,RF,score_selected_minus_rct,-3.4022537326512894,0.3240570123123693,100
scm1,strong,200,spline3,classifier,domain_indicator_pool,risk_selected,0.20155849673743806,0.010510603008150847,100
scm1,strong,200,spline3,classifier,domain_indicator_pool,risk_rct_only,4.264669823403377,0.25422602291382523,100
scm1,strong,200,spline3,classifier,experimental_grounding,risk_selected,4.2636339930708615,0.25290906334310825,100
scm1,strong,200,spline3,classifier,experimental_grounding,risk_rct_only,4.264669823403377,0.25422602291382523,100
scm1,strong,200,spline3,oracle,DRF,risk_selected,1.4639264112544879,0.04913577653144136,100
scm1,strong,200,spline3,oracle,DRF,risk_rct_only,4.264669823403377,0.25422602291382523,100
scm1,strong,200,spline3,oracle,DRF,risk_grid_oracle,1.3263170506208215,0.04323642038608719,100
scm1,strong,200,spline3,oracle,DRF,risk_lambda_only,3.1324953143386596,0.21543131645038946,100
scm1,strong,200,spline3,oracle,DRF,risk_omega_only,1.9660167550874754,0.07533046233247852,100
scm1,strong,200,spline3,oracle,DRF,selected_lambda,0.725,0.03735240313824561,100
scm1,strong,200,spline3,oracle,DRF,selected_omega,0.5125,0.025715763746202547,100
scm1,strong,200,spline3,oracle,DRF,risk_selected_minus_rct,-2.8007434121488894,0.2438318737569852,100
scm1,strong,200,spline3,oracle,DRF,score_selected_minus_rct,-3.235863748759156,0.30451017148440107,100
scm1,strong,200,spline3,oracle,RF,risk_selected,1.4795108052995267,0.05201508419019239,100
scm1,strong,200,spline3,oracle,RF,risk_rct_only,4.33768169659987,0.2510064394565198,100
scm1,strong,200,spline3,oracle,RF,risk_grid_oracle,1.31931404659961,0.04092932075977339,100
scm1,strong,200,spline3,oracle,RF,risk_lambda_only,3.290126407014627,0.2240162057417908,100
scm1,strong,200,spline3,oracle,RF,risk_omega_only,1.9397997893017047,0.0703561247862767,100
scm1,strong,200,spline3,oracle,RF,selected_lambda,0.73,0.03687269938038114,100
scm1,strong,200,spline3,oracle,RF,selected_omega,0.54,0.026524240866334963,100
scm1,strong,200,spline3,oracle,RF,risk_selected_minus_rct,-2.8581708913003423,0.2450786741611016,100
scm1,strong,200,spline3,oracle,RF,score_selected_minus_rct,-3.4064956198783274,0.32564304016103707,100
scm1,strong,200,spline3,oracle,domain_indicator_pool,risk_selected,0.20155849673743806,0.010510603008150847,100
scm1,strong,200,spline3,oracle,domain_indicator_pool,risk_rct_only,4.264669823403377,0.25422602291382523,100
scm1,strong,200,spline3,oracle,experimental_grounding,risk_selected,4.2636339930708615,0.25290906334310825,100
scm1,strong,200,spline3,oracle,experimental_grounding,risk_rct_only,4.264669823403377,0.25422602291382523,100
scm1,strong,200,spline3,unit,DRF,risk_selected,1.6584976026715106,0.07283085123430226,100
scm1,strong,200,spline3,unit,DRF,risk_rct_only,4.264669823403377,0.25422602291382523,100
scm1,strong,200,spline3,unit,DRF,risk_grid_oracle,1.400756400481846,0.04535534277678533,100
scm1,strong,200,spline3,unit,DRF,risk_lambda_only,3.1324953143386596,0.21543131645038946,100
scm1,strong,200,spline3,unit,DRF,risk_omega_only,2.186933008689435,0.10503543590721723,100
scm1,strong,200,spline3,unit,DRF,selected_lambda,0.7,0.03859920970562726,100
scm1,strong,200,spline3,unit,DRF,selected_omega,0.5575,0.027490815729893307,100
scm1,strong,200,spline3,unit,DRF,risk_selected_minus_rct,-2.6061722207318656,0.2507205027093037,100
scm1,strong,200,spline3,unit,DRF,score_selected_minus_rct,-3.250134941180156,0.3074684909140858,100
scm1,strong,200,spline3,unit,RF,risk_selected,1.6826162479799232,0.06921402520175159,100
scm1,strong,200,spline3,unit,RF,risk_rct_only,4.33768169659987,0.2510064394565198,100
scm1,strong,200,spline3,unit,RF,risk_grid_oracle,1.4021097590845981,0.04453960303752589,100
scm1,strong,200,spline3,unit,RF,risk_lambda_only,3.290126407014627,0.2240162057417908,100
scm1,strong,200,spline3,unit,RF,risk_omega_only,2.1261814989749155,0.09037138088088612,100
scm1,strong,200,spline3,unit,RF,selected_lambda,0.735,0.03672515995523197,100
scm1,strong,200,spline3,unit,RF,selected_omega,0.545,0.028511029232189917,100
scm1,strong,200,spline3,unit,RF,risk_selected_minus_rct,-2.6550654486199465,0.25075398147616623,100
scm1,strong,200,spline3,unit,RF,score_selected_minus_rct,-3.407246602247921,0.3287734255657305,100
scm1,strong,200,spline3,unit,domain_indicator_pool,risk_selected,0.20155849673743806,0.010510603008150847,100
scm1,strong,200,spline3,unit,domain_indicator_pool,risk_rct_only,4.264669823403377,0.25422602291382523,100
scm1,strong,200,spline3,unit,experimental_grounding,risk_selected,4.2636339930708615,0.25290906334310825,100
scm1,strong,200,spline3,unit,experimental_grounding,risk_rct_only,4.264669823403377,0.25422602291382523,100
scm2,mild,100,spline3,balanced_x,DRF,risk_selected,3.8543331757769117,0.1754471938065823,100
scm2,mild,100,spline3,balanced_x,DRF,risk_rct_only,17.848406259002935,1.104535043065962,100
scm2,mild,100,spline3,balanced_x,DRF,risk_grid_oracle,3.139522021192268,0.13516709293960666,100
scm2,mild,100,spline3,balanced_x,DRF,risk_lambda_only,11.742044336341689,0.6478847413194553,100
scm2,mild,100,spline3,balanced_x,DRF,risk_omega_only,5.938871576795302,0.37485215865604193,100
scm2,mild,100,spline3,balanced_x,DRF,selected_lambda,0.7925,0.03296290385119354,100
scm2,mild,100,spline3,balanced_x,DRF,selected_omega,0.5275,0.025349825174222334,100
scm2,mild,100,spline3,balanced_x,DRF,risk_selected_minus_rct,-13.994073083226025,1.0928327718253974,100
scm2,mild,100,spline3,balanced_x,DRF,score_selected_minus_rct,-14.262078028964465,1.0767008720751672,100
scm2,mild,100,spline3,balanced_x,RF,risk_selected,3.4720228904632284,0.13761614481058776,100
scm2,mild,100,spline3,balanced_x,RF,risk_rct_only,21.604291747129732,1.2742851381843094,100
scm2,mild,100,spline3,balanced_x,RF,risk_grid_oracle,2.9321542032720855,0.09651806604221608,100
scm2,mild,100,spline3,balanced_x,RF,risk_lambda_only,13.951321719270206,0.7149545915436676,100
scm2,mild,100,spline3,balanced_x,RF,risk_omega_only,5.574557646185607,0.2751712539751864,100
scm2,mild,100,spline3,balanced_x,RF,selected_lambda,0.805,0.031297690882003654,100
scm2,mild,100,spline3,balanced_x,RF,selected_omega,0.55,0.023300843180651058,100
scm2,mild,100,spline3,balanced_x,RF,risk_selected_minus_rct,-18.132268856666514,1.2547060661525447,100
scm2,mild,100,spline3,balanced_x,RF,score_selected_minus_rct,-18.631924661567247,1.4676349936390614,100
scm2,mild,100,spline3,balanced_x,domain_indicator_pool,risk_selected,0.3943900175648833,0.029254625440992214,100
scm2,mild,100,spline3,balanced_x,domain_indicator_pool,risk_rct_only,17.848406259002935,1.104535043065962,100
scm2,mild,100,spline3,balanced_x,experimental_grounding,risk_selected,17.837619237693797,1.1048961926628407,100
scm2,mild,100,spline3,balanced_x,experimental_grounding,risk_rct_only,17.848406259002935,1.104535043065962,100
scm2,mild,100,spline3,balanced_x_ghat,DRF,risk_selected,3.929765645685397,0.1795902312668582,100
scm2,mild,100,spline3,balanced_x_ghat,DRF,risk_rct_only,17.848406259002935,1.104535043065962,100
scm2,mild,100,spline3,balanced_x_ghat,DRF,risk_grid_oracle,3.1993082923781753,0.1405657093209677,100
scm2,mild,100,spline3,balanced_x_ghat,DRF,risk_lambda_only,11.742044336341689,0.6478847413194553,100
scm2,mild,100,spline3,balanced_x_ghat,DRF,risk_omega_only,6.087033262263888,0.39090170634044397,100
scm2,mild,100,spline3,balanced_x_ghat,DRF,selected_lambda,0.79,0.033280260779864054,100
scm2,mild,100,spline3,balanced_x_ghat,DRF,selected_omega,0.535,0.026116483436150185,100
scm2,mild,100,spline3,balanced_x_ghat,DRF,risk_selected_minus_rct,-13.918640613317539,1.0953647541155243,100
scm2,mild,100,spline3,balanced_x_ghat,DRF,score_selected_minus_rct,-14.258482852156842,1.0745366290545233,100
scm2,mild,100,spline3,balanced_x_ghat,RF,risk_selected,3.4930519029272675,0.12238436360350849,100
scm2,mild,100,spline3,balanced_x_ghat,RF,risk_rct_only,21.604291747129732,1.2742851381843094,100
scm2,mild,100,spline3,balanced_x_ghat,RF,risk_grid_oracle,2.98463855220748,0.10111607955711333,100
scm2,mild,100,spline3,balanced_x_ghat,RF,risk_lambda_only,13.951321719270206,0.7149545915436676,100
scm2,mild,100,spline3,balanced_x_ghat,RF,risk_omega_only,5.797826408596194,0.3683438902388109,100
scm2,mild,100,spline3,balanced_x_ghat,RF,selected_lambda,0.8075,0.03155382606585039,100
scm2,mild,100,spline3,balanced_x_ghat,RF,selected_omega,0.5575,0.022988523706889537,100
scm2,mild,100,spline3,balanced_x_ghat,RF,risk_selected_minus_rct,-18.111239844202473,1.236152563943424,100
scm2,mild,100,spline3,balanced_x_ghat,RF,score_selected_minus_rct,-18.666108680984085,1.4623242258149816,100
scm2,mild,100,spline3,balanced_x_ghat,domain_indicator_pool,risk_selected,0.3943900175648833,0.029254625440992214,100
scm2,mild,100,spline3,balanced_x_ghat,domain_indicator_pool,risk_rct_only,17.848406259002935,1.104535043065962,100
scm2,mild,100,spline3,balanced_x_ghat,experimental_grounding,risk_selected,17.837619237693797,1.1048961926628407,100
scm2,mild,100,spline3,balanced_x_ghat,experimental_grounding,risk_rct_only,17.848406259002935,1.104535043065962,100
scm2,mild,100,spline3,classifier,DRF,risk_selected,3.810428593321577,0.174868023366626,100
scm2,mild,100,spline3,classifier,DRF,risk_rct_only,17.848406259002935,1.104535043065962,100
scm2,mild,100,spline3,classifier,DRF,risk_grid_oracle,3.1188794297590396,0.13460288594066136,100
scm2,mild,100,spline3,classifier,DRF,risk_lambda_only,11.742044336341689,0.6478847413194553,100
scm2,mild,100,spline3,classifier,DRF,risk_omega_only,5.892405288856591,0.37304303613603845,100
scm2,mild,100,spline3,classifier,DRF,selected_lambda,0.7975,0.032507769079176296,100
scm2,mild,100,spline3,classifier,DRF,selected_omega,0.5275,0.025349825174222334,100
scm2,mild,100,spline3,classifier,DRF,risk_selected_minus_rct,-14.03797766568136,1.092058240804373,100
scm2,mild,100,spline3,classifier,DRF,score_selected_minus_rct,-14.267320031487518,1.076800185204919,100
scm2,mild,100,spline3,classifier,RF,risk_selected,3.452044941664617,0.1361238078772425,100
scm2,mild,100,spline3,classifier,RF,risk_rct_only,21.604291747129732,1.2742851381843094,100
scm2,mild,100,spline3,classifier,RF,risk_grid_oracle,2.9111106047610367,0.09589467811996714,100
scm2,mild,100,spline3,classifier,RF,risk_lambda_only,13.951321719270206,0.7149545915436676,100
scm2,mild,100,spline3,classifier,RF,risk_omega_only,5.5312808155948066,0.2725032146039216,100
scm2,mild,100,spline3,classifier,RF,selected_lambda,0.8025,0.03164173659819409,100
scm2,mild,100,spline3,classifier,RF,selected_omega,0.545,0.02340357393064727,100
scm2,mild,100,spline3,classifier,RF,risk_selected_minus_rct,-18.15224680546512,1.2557805468797931,100
scm2,mild,100,spline3,classifier,RF,score_selected_minus_rct,-18.637858969511896,1.467762547514623,100
scm2,mild,100,spline3,classifier,domain_indicator_pool,risk_selected,0.3943900175648833,0.029254625440992214,100
scm2,mild,100,spline3,classifier,domain_indicator_pool,risk_rct_only,17.848406259002935,1.104535043065962,100
scm2,mild,100,spline3,classifier,experimental_grounding,risk_selected,17.837619237693797,1.1048961926628407,100
scm2,mild,100,spline3,classifier,experimental_grounding,risk_rct_only,17.848406259002935,1.104535043065962,100
scm2,mild,100,spline3,oracle,DRF,risk_selected,3.7328040303245933,0.1731609141885138,100
scm2,mild,100,spline3,oracle,DRF,risk_rct_only,17.848406259002935,1.104535043065962,100
scm2,mild,100,spline3,oracle,DRF,risk_grid_oracle,3.0630020789651202,0.13116234360201923,100
scm2,mild,100,spline3,oracle,DRF,risk_lambda_only,11.742044336341689,0.6478847413194553,100
scm2,mild,100,spline3,oracle,DRF,risk_omega_only,5.7153457762048605,0.36750424986335545,100
scm2,mild,100,spline3,oracle,DRF,selected_lambda,0.785,0.03218083374628539,100
scm2,mild,100,spline3,oracle,DRF,selected_omega,0.5175,0.025686287266464835,100
scm2,mild,100,spline3,oracle,DRF,risk_selected_minus_rct,-14.115602228678345,1.0903963947983493,100
scm2,mild,100,spline3,oracle,DRF,score_selected_minus_rct,-14.330822634460555,1.076737471130788,100
scm2,mild,100,spline3,oracle,RF,risk_selected,3.30865186236398,0.10832740595604298,100
scm2,mild,100,spline3,oracle,RF,risk_rct_only,21.604291747129732,1.2742851381843094,100
scm2,mild,100,spline3,oracle,RF,risk_grid_oracle,2.8317342450233434,0.08981858327284391,100
scm2,mild,100,spline3,oracle,RF,risk_lambda_only,13.951321719270206,0.7149545915436676,100
scm2,mild,100,spline3,oracle,RF,risk_omega_only,5.128063707425311,0.22800739020820265,100
scm2,mild,100,spline3,oracle,RF,selected_lambda,0.7925,0.033153872970277436,100
scm2,mild,100,spline3,oracle,RF,selected_omega,0.5475,0.022944542274842186,100
scm2,mild,100,spline3,oracle,RF,risk_selected_minus_rct,-18.295639884765755,1.2564684876761008,100
scm2,mild,100,spline3,oracle,RF,score_selected_minus_rct,-18.702862751763394,1.4662869567519725,100
scm2,mild,100,spline3,oracle,domain_indicator_pool,risk_selected,0.3943900175648833,0.029254625440992214,100
scm2,mild,100,spline3,oracle,domain_indicator_pool,risk_rct_only,17.848406259002935,1.104535043065962,100
scm2,mild,100,spline3,oracle,experimental_grounding,risk_selected,17.837619237693797,1.1048961926628407,100
scm2,mild,100,spline3,oracle,experimental_grounding,risk_rct_only,17.848406259002935,1.104535043065962,100
scm2,mild,100,spline3,unit,DRF,risk_selected,3.874759040213573,0.18708032933989,100
scm2,mild,100,spline3,unit,DRF,risk_rct_only,17.848406259002935,1.104535043065962,100
scm2,mild,100,spline3,unit,DRF,risk_grid_oracle,3.1213534102921856,0.1372139905097089,100
scm2,mild,100,spline3,unit,DRF,risk_lambda_only,11.742044336341689,0.6478847413194553,100
scm2,mild,100,spline3,unit,DRF,risk_omega_only,5.86202064647465,0.3804792447241553,100
scm2,mild,100,spline3,unit,DRF,selected_lambda,0.79,0.03192478534292626,100
scm2,mild,100,spline3,unit,DRF,selected_omega,0.505,0.02561860908232786,100
scm2,mild,100,spline3,unit,DRF,risk_selected_minus_rct,-13.973647218789363,1.0923614677521778,100
scm2,mild,100,spline3,unit,DRF,score_selected_minus_rct,-14.255719437657309,1.073682292252838,100
scm2,mild,100,spline3,unit,RF,risk_selected,3.440845804562059,0.13903589942057312,100
scm2,mild,100,spline3,unit,RF,risk_rct_only,21.604291747129732,1.2742851381843094,100
scm2,mild,100,spline3,unit,RF,risk_grid_oracle,2.8966172816586195,0.09193245520592949,100
scm2,mild,100,spline3,unit,RF,risk_lambda_only,13.951321719270206,0.7149545915436676,100
scm2,mild,100,spline3,unit,RF,risk_omega_only,5.346475097504912,0.2490318691704747,100
scm2,mild,100,spline3,unit,RF,selected_lambda,0.8,0.032952368440805374,100
scm2,mild,100,spline3,unit,RF,selected_omega,0.55,0.023570226039551587,100
scm2,mild,100,spline3,unit,RF,risk_selected_minus_rct,-18.163445942567677,1.2568294300323262,100
scm2,mild,100,spline3,unit,RF,score_selected_minus_rct,-18.638873993113666,1.4649283632780732,100
scm2,mild,100,spline3,unit,domain_indicator_pool,risk_selected,0.3943900175648833,0.029254625440992214,100
scm2,mild,100,spline3,unit,domain_indicator_pool,risk_rct_only,17.848406259002935,1.104535043065962,100
scm2,mild,100,spline3,unit,experimental_grounding,risk_selected,17.837619237693797,1.1048961926628407,100
scm2,mild,100,spline3,unit,experimental_grounding,risk_rct_only,17.848406259002935,1.104535043065962,100
scm2,mild,200,spline3,balanced_x,DRF,risk_selected,2.023840201722027,0.08947676152411359,100
scm2,mild,200,spline3,balanced_x,DRF,risk_rct_only,5.693526364132534,0.3131657313039774,100
scm2,mild,200,spline3,balanced_x,DRF,risk_grid_oracle,1.7075371688042942,0.06135429495141348,100
scm2,mild,200,spline3,balanced_x,DRF,risk_lambda_only,3.8883747814668546,0.1618586088487534,100
scm2,mild,200,spline3,balanced_x,DRF,risk_omega_only,3.0182501539971813,0.17420804629475267,100
scm2,mild,200,spline3,balanced_x,DRF,selected_lambda,0.7025,0.035833333333333335,100
scm2,mild,200,spline3,balanced_x,DRF,selected_omega,0.5625,0.029166666666666667,100
scm2,mild,200,spline3,balanced_x,DRF,risk_selected_minus_rct,-3.6696861624105077,0.28351955067690854,100
scm2,mild,200,spline3,balanced_x,DRF,score_selected_minus_rct,-4.125617992528686,0.4107222515712049,100
scm2,mild,200,spline3,balanced_x,RF,risk_selected,1.8482361851338351,0.060090453730157534,100
scm2,mild,200,spline3,balanced_x,RF,risk_rct_only,6.629187013832958,0.321949523528951,100
scm2,mild,200,spline3,balanced_x,RF,risk_grid_oracle,1.6381928236515595,0.051770032747404104,100
scm2,mild,200,spline3,balanced_x,RF,risk_lambda_only,4.642892697225151,0.20290312115054832,100
scm2,mild,200,spline3,balanced_x,RF,risk_omega_only,2.6285095809641468,0.10281396719874658,100
scm2,mild,200,spline3,balanced_x,RF,selected_lambda,0.73,0.035476553645835705,100
scm2,mild,200,spline3,balanced_x,RF,selected_omega,0.61,0.02594672085702398,100
scm2,mild,200,spline3,balanced_x,RF,risk_selected_minus_rct,-4.780950828699124,0.3230561350896576,100
scm2,mild,200,spline3,balanced_x,RF,score_selected_minus_rct,-5.0576907221553435,0.39759637683962756,100
scm2,mild,200,spline3,balanced_x,domain_indicator_pool,risk_selected,0.2648383913197219,0.017252111000488894,100
scm2,mild,200,spline3,balanced_x,domain_indicator_pool,risk_rct_only,5.693526364132534,0.3131657313039774,100
scm2,mild,200,spline3,balanced_x,experimental_grounding,risk_selected,5.694841357583506,0.314878645471875,100
scm2,mild,200,spline3,balanced_x,experimental_grounding,risk_rct_only,5.693526364132534,0.3131657313039774,100
scm2,mild,200,spline3,balanced_x_ghat,DRF,risk_selected,2.0130287782836582,0.08938698100063994,100
scm2,mild,200,spline3,balanced_x_ghat,DRF,risk_rct_only,5.693526364132534,0.3131657313039774,100
scm2,mild,200,spline3,balanced_x_ghat,DRF,risk_grid_oracle,1.711615459275577,0.06011674351826365,100
scm2,mild,200,spline3,balanced_x_ghat,DRF,risk_lambda_only,3.8883747814668546,0.1618586088487534,100
scm2,mild,200,spline3,balanced_x_ghat,DRF,risk_omega_only,3.010041526041,0.17483200635725757,100
scm2,mild,200,spline3,balanced_x_ghat,DRF,selected_lambda,0.71,0.03494584555010969,100
scm2,mild,200,spline3,balanced_x_ghat,DRF,selected_omega,0.57,0.02953340857778225,100
scm2,mild,200,spline3,balanced_x_ghat,DRF,risk_selected_minus_rct,-3.6804975858488764,0.2813157585650287,100
scm2,mild,200,spline3,balanced_x_ghat,DRF,score_selected_minus_rct,-4.122884492466467,0.4104845623192162,100
scm2,mild,200,spline3,balanced_x_ghat,RF,risk_selected,1.8561054756972128,0.06429024512748019,100
scm2,mild,200,spline3,balanced_x_ghat,RF,risk_rct_only,6.629187013832958,0.321949523528951,100
scm2,mild,200,spline3,balanced_x_ghat,RF,risk_grid_oracle,1.6502766337964148,0.05193361854477441,100
scm2,mild,200,spline3,balanced_x_ghat,RF,risk_lambda_only,4.642892697225151,0.20290312115054832,100
scm2,mild,200,spline3,balanced_x_ghat,RF,risk_omega_only,2.6589206409132107,0.10987735135171262,100
scm2,mild,200,spline3,balanced_x_ghat,RF,selected_lambda,0.735,0.03550145821446685,100
scm2,mild,200,spline3,balanced_x_ghat,RF,selected_omega,0.6175,0.025240009524722468,100
scm2,mild,200,spline3,balanced_x_ghat,RF,risk_selected_minus_rct,-4.773081538135745,0.3227031603198214,100
scm2,mild,200,spline3,balanced_x_ghat,RF,score_selected_minus_rct,-5.063094112023682,0.397562302664105,100
scm2,mild,200,spline3,balanced_x_ghat,domain_indicator_pool,risk_selected,0.2648383913197219,0.017252111000488894,100
scm2,mild,200,spline3,balanced_x_ghat,domain_indicator_pool,risk_rct_only,5.693526364132534,0.3131657313039774,100
scm2,mild,200,spline3,balanced_x_ghat,experimental_grounding,risk_selected,5.694841357583506,0.314878645471875,100
scm2,mild,200,spline3,balanced_x_ghat,experimental_grounding,risk_rct_only,5.693526364132534,0.3131657313039774,100
scm2,mild,200,spline3,classifier,DRF,risk_selected,2.021579174273817,0.08930087329614451,100
scm2,mild,200,spline3,classifier,DRF,risk_rct_only,5.693526364132534,0.3131657313039774,100
scm2,mild,200,spline3,classifier,DRF,risk_grid_oracle,1.7046820532215363,0.061226249483354686,100
scm2,mild,200,spline3,classifier,DRF,risk_lambda_only,3.8883747814668546,0.1618586088487534,100
scm2,mild,200,spline3,classifier,DRF,risk_omega_only,3.0132134803008963,0.17389273185908782,100
scm2,mild,200,spline3,classifier,DRF,selected_lambda,0.7025,0.035833333333333335,100
scm2,mild,200,spline3,classifier,DRF,selected_omega,0.565,0.02943491364713241,100
scm2,mild,200,spline3,classifier,DRF,risk_selected_minus_rct,-3.6719471898587184,0.28353052740821294,100
scm2,mild,200,spline3,classifier,DRF,score_selected_minus_rct,-4.126691973237539,0.410770460490362,100
scm2,mild,200,spline3,classifier,RF,risk_selected,1.8453836979659741,0.060079930671336435,100
scm2,mild,200,spline3,classifier,RF,risk_rct_only,6.629187013832958,0.321949523528951,100
scm2,mild,200,spline3,classifier,RF,risk_grid_oracle,1.6353517997702431,0.051691504623784225,100
scm2,mild,200,spline3,classifier,RF,risk_lambda_only,4.642892697225151,0.20290312115054832,100
scm2,mild,200,spline3,classifier,RF,risk_omega_only,2.62360303396745,0.10272297667678931,100
scm2,mild,200,spline3,classifier,RF,selected_lambda,0.73,0.035476553645835705,100
scm2,mild,200,spline3,classifier,RF,selected_omega,0.6125,0.025960099531334,100
scm2,mild,200,spline3,classifier,RF,risk_selected_minus_rct,-4.783803315866985,0.3230864034541774,100
scm2,mild,200,spline3,classifier,RF,score_selected_minus_rct,-5.059047588645603,0.3976769532417477,100
scm2,mild,200,spline3,classifier,domain_indicator_pool,risk_selected,0.2648383913197219,0.017252111000488894,100
scm2,mild,200,spline3,classifier,domain_indicator_pool,risk_rct_only,5.693526364132534,0.3131657313039774,100
scm2,mild,200,spline3,classifier,experimental_grounding,risk_selected,5.694841357583506,0.314878645471875,100
scm2,mild,200,spline3,classifier,experimental_grounding,risk_rct_only,5.693526364132534,0.3131657313039774,100
scm2,mild,200,spline3,oracle,DRF,risk_selected,1.970318082240703,0.0891821047211748,100
scm2,mild,200,spline3,oracle,DRF,risk_rct_only,5.693526364132534,0.3131657313039774,100
scm2,mild,200,spline3,oracle,DRF,risk_grid_oracle,1.68384442795277,0.06175901692218244,100
scm2,mild,200,spline3,oracle,DRF,risk_lambda_only,3.8883747814668546,0.1618586088487534,100
scm2,mild,200,spline3,oracle,DRF,risk_omega_only,2.9538686651244155,0.17760679771500146,100
scm2,mild,200,spline3,oracle,DRF,selected_lambda,0.7225,0.035336585041911485,100
scm2,mild,200,spline3,oracle,DRF,selected_omega,0.5625,0.02850992207224805,100
scm2,mild,200,spline3,oracle,DRF,risk_selected_minus_rct,-3.723208281891833,0.2839988017754985,100
scm2,mild,200,spline3,oracle,DRF,score_selected_minus_rct,-4.144969540183005,0.4133659525439503,100
scm2,mild,200,spline3,oracle,RF,risk_selected,1.7974542344555329,0.055108305450571805,100
scm2,mild,200,spline3,oracle,RF,risk_rct_only,6.629187013832958,0.321949523528951,100
scm2,mild,200,spline3,oracle,RF,risk_grid_oracle,1.6089673616430482,0.05057420951210724,100
scm2,mild,200,spline3,oracle,RF,risk_lambda_only,4.642892697225151,0.20290312115054832,100
scm2,mild,200,spline3,oracle,RF,risk_omega_only,2.566409889748167,0.09973584140666863,100
scm2,mild,200,spline3,oracle,RF,selected_lambda,0.7425,0.034534238609872904,100
scm2,mild,200,spline3,oracle,RF,selected_omega,0.615,0.02597104059322517,100
scm2,mild,200,spline3,oracle,RF,risk_selected_minus_rct,-4.831732779377427,0.3186915288871345,100
scm2,mild,200,spline3,oracle,RF,score_selected_minus_rct,-5.080521814479426,0.3998470938651318,100
scm2,mild,200,spline3,oracle,domain_indicator_pool,risk_selected,0.2648383913197219,0.017252111000488894,100
scm2,mild,200,spline3,oracle,domain_indicator_pool,risk_rct_only,5.693526364132534,0.3131657313039774,100
scm2,mild,200,spline3,oracle,experimental_grounding,risk_selected,5.694841357583506,0.314878645471875,100
scm2,mild,200,spline3,oracle,experimental_grounding,risk_rct_only,5.693526364132534,0.3131657313039774,100
scm2,mild,200,spline3,unit,DRF,risk_selected,2.000760375084199,0.0904070906437472,100
scm2,mild,200,spline3,unit,DRF,risk_rct_only,5.693526364132534,0.3131657313039774,100
scm2,mild,200,spline3,unit,DRF,risk_grid_oracle,1.7009585570996464,0.060541532541089696,100
scm2,mild,200,spline3,unit,DRF,risk_lambda_only,3.8883747814668546,0.1618586088487534,100
scm2,mild,200,spline3,unit,DRF,risk_omega_only,3.005806262579645,0.17482045816554867,100
scm2,mild,200,spline3,unit,DRF,selected_lambda,0.725,0.035444507773604805,100
scm2,mild,200,spline3,unit,DRF,selected_omega,0.5575,0.028394541729001365,100
scm2,mild,200,spline3,unit,DRF,risk_selected_minus_rct,-3.692765989048337,0.28622455149992276,100
scm2,mild,200,spline3,unit,DRF,score_selected_minus_rct,-4.15241307740321,0.41259091240876,100
scm2,mild,200,spline3,unit,RF,risk_selected,1.8472540066439869,0.05773508640172949,100
scm2,mild,200,spline3,unit,RF,risk_rct_only,6.629187013832958,0.321949523528951,100
scm2,mild,200,spline3,unit,RF,risk_grid_oracle,1.6371727144320432,0.05255483724570063,100
scm2,mild,200,spline3,unit,RF,risk_lambda_only,4.642892697225151,0.20290312115054832,100
scm2,mild,200,spline3,unit,RF,risk_omega_only,2.6429422312151147,0.10592867528438357,100
scm2,mild,200,spline3,unit,RF,selected_lambda,0.7375,0.035776911182176886,100
scm2,mild,200,spline3,unit,RF,selected_omega,0.61,0.026188901959772685,100
scm2,mild,200,spline3,unit,RF,risk_selected_minus_rct,-4.7819330071889725,0.31894724025863935,100
scm2,mild,200,spline3,unit,RF,score_selected_minus_rct,-5.0797177807328096,0.40043795820823647,100
scm2,mild,200,spline3,unit,domain_indicator_pool,risk_selected,0.2648383913197219,0.017252111000488894,100
scm2,mild,200,spline3,unit,domain_indicator_pool,risk_rct_only,5.693526364132534,0.3131657313039774,100
scm2,mild,200,spline3,unit,experimental_grounding,risk_selected,5.694841357583506,0.314878645471875,100
scm2,mild,200,spline3,unit,experimental_grounding,risk_rct_only,5.693526364132534,0.3131657313039774,100
scm2,strong,100,spline3,balanced_x,DRF,risk_selected,3.7849768928254384,0.20591199362619697,100
scm2,strong,100,spline3,balanced_x,DRF,risk_rct_only,17.209802731051713,1.0316562414191341,100
scm2,strong,100,spline3,balanced_x,DRF,risk_grid_oracle,3.2188543624068773,0.1596804579020102,100
scm2,strong,100,spline3,balanced_x,DRF,risk_lambda_only,11.538473829658717,0.7326701908580271,100
scm2,strong,100,spline3,balanced_x,DRF,risk_omega_only,5.849693338668336,0.31372815666009013,100
scm2,strong,100,spline3,balanced_x,DRF,selected_lambda,0.75,0.03658392868984738,100
scm2,strong,100,spline3,balanced_x,DRF,selected_omega,0.5125,0.025715763746202547,100
scm2,strong,100,spline3,balanced_x,DRF,risk_selected_minus_rct,-13.424825838226267,1.00359424112017,100
scm2,strong,100,spline3,balanced_x,DRF,score_selected_minus_rct,-14.763548503677132,1.276956280513404,100
scm2,strong,100,spline3,balanced_x,RF,risk_selected,3.675440697107988,0.19527989159653109,100
scm2,strong,100,spline3,balanced_x,RF,risk_rct_only,19.85166934893094,1.0683390265891677,100
scm2,strong,100,spline3,balanced_x,RF,risk_grid_oracle,2.9803586457057496,0.11588149202424436,100
scm2,strong,100,spline3,balanced_x,RF,risk_lambda_only,13.380814734579582,0.6647215692229038,100
scm2,strong,100,spline3,balanced_x,RF,risk_omega_only,5.698635847343982,0.34670165058310987,100
scm2,strong,100,spline3,balanced_x,RF,selected_lambda,0.765,0.034417959840698856,100
scm2,strong,100,spline3,balanced_x,RF,selected_omega,0.5375,0.027380364194698793,100
scm2,strong,100,spline3,balanced_x,RF,risk_selected_minus_rct,-16.176228651822957,1.0918392420297585,100
scm2,strong,100,spline3,balanced_x,RF,score_selected_minus_rct,-17.521259510682242,1.3815172182597828,100
scm2,strong,100,spline3,balanced_x,domain_indicator_pool,risk_selected,0.36784980568787984,0.02931676347950534,100
scm2,strong,100,spline3,balanced_x,domain_indicator_pool,risk_rct_only,17.209802731051713,1.0316562414191341,100
scm2,strong,100,spline3,balanced_x,experimental_grounding,risk_selected,17.205931139541676,1.0365241205490716,100
scm2,strong,100,spline3,balanced_x,experimental_grounding,risk_rct_only,17.209802731051713,1.0316562414191341,100
scm2,strong,100,spline3,balanced_x_ghat,DRF,risk_selected,3.90442104300846,0.2159387998627126,100
scm2,strong,100,spline3,balanced_x_ghat,DRF,risk_rct_only,17.209802731051713,1.0316562414191341,100
scm2,strong,100,spline3,balanced_x_ghat,DRF,risk_grid_oracle,3.254769550758788,0.16578634830310496,100
scm2,strong,100,spline3,balanced_x_ghat,DRF,risk_lambda_only,11.538473829658717,0.7326701908580271,100
scm2,strong,100,spline3,balanced_x_ghat,DRF,risk_omega_only,6.018788019356253,0.32078204454560505,100
scm2,strong,100,spline3,balanced_x_ghat,DRF,selected_lambda,0.755,0.03570714214271425,100
scm2,strong,100,spline3,balanced_x_ghat,DRF,selected_omega,0.5225,0.02661334631383664,100
scm2,strong,100,spline3,balanced_x_ghat,DRF,risk_selected_minus_rct,-13.305381688043251,1.005075471770134,100
scm2,strong,100,spline3,balanced_x_ghat,DRF,score_selected_minus_rct,-14.76296496612905,1.2740895681087197,100
scm2,strong,100,spline3,balanced_x_ghat,RF,risk_selected,3.7636116519643847,0.21064590614871165,100
scm2,strong,100,spline3,balanced_x_ghat,RF,risk_rct_only,19.85166934893094,1.0683390265891677,100
scm2,strong,100,spline3,balanced_x_ghat,RF,risk_grid_oracle,3.0031076695056464,0.11595429661021495,100
scm2,strong,100,spline3,balanced_x_ghat,RF,risk_lambda_only,13.380814734579582,0.6647215692229038,100
scm2,strong,100,spline3,balanced_x_ghat,RF,risk_omega_only,5.860281144482224,0.3632742697364294,100
scm2,strong,100,spline3,balanced_x_ghat,RF,selected_lambda,0.77,0.033461873373990425,100
scm2,strong,100,spline3,balanced_x_ghat,RF,selected_omega,0.56,0.02755160447398498,100
scm2,strong,100,spline3,balanced_x_ghat,RF,risk_selected_minus_rct,-16.08805769696656,1.0928079539835205,100
scm2,strong,100,spline3,balanced_x_ghat,RF,score_selected_minus_rct,-17.54829153537595,1.3786954698395608,100
scm2,strong,100,spline3,balanced_x_ghat,domain_indicator_pool,risk_selected,0.36784980568787984,0.02931676347950534,100
scm2,strong,100,spline3,balanced_x_ghat,domain_indicator_pool,risk_rct_only,17.209802731051713,1.0316562414191341,100
scm2,strong,100,spline3,balanced_x_ghat,experimental_grounding,risk_selected,17.205931139541676,1.0365241205490716,100
scm2,strong,100,spline3,balanced_x_ghat,experimental_grounding,risk_rct_only,17.209802731051713,1.0316562414191341,100
scm2,strong,100,spline3,classifier,DRF,risk_selected,3.764030035657975,0.2043089774024668,100
scm2,strong,100,spline3,classifier,DRF,risk_rct_only,17.209802731051713,1.0316562414191341,100
scm2,strong,100,spline3,classifier,DRF,risk_grid_oracle,3.2032759815574368,0.1589206959379224,100
scm2,strong,100,spline3,classifier,DRF,risk_lambda_only,11.538473829658717,0.7326701908580271,100
scm2,strong,100,spline3,classifier,DRF,risk_omega_only,5.815135568692417,0.3117639150925017,100
scm2,strong,100,spline3,classifier,DRF,selected_lambda,0.75,0.03658392868984738,100
scm2,strong,100,spline3,classifier,DRF,selected_omega,0.5125,0.025715763746202547,100
scm2,strong,100,spline3,classifier,DRF,risk_selected_minus_rct,-13.445772695393737,1.003434014026862,100
scm2,strong,100,spline3,classifier,DRF,score_selected_minus_rct,-14.769022434490719,1.277540128277986,100
scm2,strong,100,spline3,classifier,RF,risk_selected,3.650602499247989,0.19362098046378995,100
scm2,strong,100,spline3,classifier,RF,risk_rct_only,19.85166934893094,1.0683390265891677,100
scm2,strong,100,spline3,classifier,RF,risk_grid_oracle,2.963851342277763,0.11530903646603127,100
scm2,strong,100,spline3,classifier,RF,risk_lambda_only,13.380814734579582,0.6647215692229038,100
scm2,strong,100,spline3,classifier,RF,risk_omega_only,5.66547197421966,0.3461281889592215,100
scm2,strong,100,spline3,classifier,RF,selected_lambda,0.7675,0.03431416793705074,100
scm2,strong,100,spline3,classifier,RF,selected_omega,0.5375,0.027380364194698793,100
scm2,strong,100,spline3,classifier,RF,risk_selected_minus_rct,-16.201066849682952,1.0916246212280438,100
scm2,strong,100,spline3,classifier,RF,score_selected_minus_rct,-17.528499202415937,1.3820972612383722,100
scm2,strong,100,spline3,classifier,domain_indicator_pool,risk_selected,0.36784980568787984,0.02931676347950534,100
scm2,strong,100,spline3,classifier,domain_indicator_pool,risk_rct_only,17.209802731051713,1.0316562414191341,100
scm2,strong,100,spline3,classifier,experimental_grounding,risk_selected,17.205931139541676,1.0365241205490716,100
scm2,strong,100,spline3,classifier,experimental_grounding,risk_rct_only,17.209802731051713,1.0316562414191341,100
scm2,strong,100,spline3,oracle,DRF,risk_selected,3.6744555527267004,0.1933292647162563,100
scm2,strong,100,spline3,oracle,DRF,risk_rct_only,17.209802731051713,1.0316562414191341,100
scm2,strong,100,spline3,oracle,DRF,risk_grid_oracle,3.1005226107565704,0.14434937757415586,100
scm2,strong,100,spline3,oracle,DRF,risk_lambda_only,11.538473829658717,0.7326701908580271,100
scm2,strong,100,spline3,oracle,DRF,risk_omega_only,5.663031959716431,0.2878335603407086,100
scm2,strong,100,spline3,oracle,DRF,selected_lambda,0.74,0.03674234614174767,100
scm2,strong,100,spline3,oracle,DRF,selected_omega,0.5225,0.026849515165947867,100
scm2,strong,100,spline3,oracle,DRF,risk_selected_minus_rct,-13.53534717832501,1.0107829815839149,100
scm2,strong,100,spline3,oracle,DRF,score_selected_minus_rct,-14.809996172427851,1.278525797071393,100
scm2,strong,100,spline3,oracle,RF,risk_selected,3.566808978499073,0.1821789366071639,100
scm2,strong,100,spline3,oracle,RF,risk_rct_only,19.85166934893094,1.0683390265891677,100
scm2,strong,100,spline3,oracle,RF,risk_grid_oracle,2.884167961055378,0.104578223628917,100
scm2,strong,100,spline3,oracle,RF,risk_lambda_only,13.380814734579582,0.6647215692229038,100
scm2,strong,100,spline3,oracle,RF,risk_omega_only,5.689517507943662,0.3735175137913282,100
scm2,strong,100,spline3,oracle,RF,selected_lambda,0.775,0.034724747382926795,100
scm2,strong,100,spline3,oracle,RF,selected_omega,0.55,0.02842676218074806,100
scm2,strong,100,spline3,oracle,RF,risk_selected_minus_rct,-16.28486037043187,1.089875796053172,100
scm2,strong,100,spline3,oracle,RF,score_selected_minus_rct,-17.582350518806596,1.3879054445776378,100
scm2,strong,100,spline3,oracle,domain_indicator_pool,risk_selected,0.36784980568787984,0.02931676347950534,100
scm2,strong,100,spline3,oracle,domain_indicator_pool,risk_rct_only,17.209802731051713,1.0316562414191341,100
scm2,strong,100,spline3,oracle,experimental_grounding,risk_selected,17.205931139541676,1.0365241205490716,100
scm2,strong,100,spline3,oracle,experimental_grounding,risk_rct_only,17.209802731051713,1.0316562414191341,100
scm2,strong,100,spline3,unit,DRF,risk_selected,4.128938344669384,0.3019567327661131,100
scm2,strong,100,spline3,unit,DRF,risk_rct_only,17.209802731051713,1.0316562414191341,100
scm2,strong,100,spline3,unit,DRF,risk_grid_oracle,3.3066461183961486,0.1677292139383349,100
scm2,strong,100,spline3,unit,DRF,risk_lambda_only,11.538473829658717,0.7326701908580271,100
scm2,strong,100,spline3,unit,DRF,risk_omega_only,6.2262813627406555,0.3821471578448686,100
scm2,strong,100,spline3,unit,DRF,selected_lambda,0.7525,0.03632328885345204,100
scm2,strong,100,spline3,unit,DRF,selected_omega,0.5225,0.027545875417660133,100
scm2,strong,100,spline3,unit,DRF,risk_selected_minus_rct,-13.080864386382327,1.0226144219162416,100
scm2,strong,100,spline3,unit,DRF,score_selected_minus_rct,-14.832328805131437,1.279653959968924,100
scm2,strong,100,spline3,unit,RF,risk_selected,3.9998989627276402,0.31124642349340165,100
scm2,strong,100,spline3,unit,RF,risk_rct_only,19.85166934893094,1.0683390265891677,100
scm2,strong,100,spline3,unit,RF,risk_grid_oracle,3.102470036624055,0.12109121496187436,100
scm2,strong,100,spline3,unit,RF,risk_lambda_only,13.380814734579582,0.6647215692229038,100
scm2,strong,100,spline3,unit,RF,risk_omega_only,6.121731595437264,0.4239095642151356,100
scm2,strong,100,spline3,unit,RF,selected_lambda,0.7875,0.032445564357314646,100
scm2,strong,100,spline3,unit,RF,selected_omega,0.5625,0.027837687919201708,100
scm2,strong,100,spline3,unit,RF,risk_selected_minus_rct,-15.8517703862033,1.1184696462901433,100
scm2,strong,100,spline3,unit,RF,score_selected_minus_rct,-17.64709417431339,1.3925639420024454,100
scm2,strong,100,spline3,unit,domain_indicator_pool,risk_selected,0.36784980568787984,0.02931676347950534,100
scm2,strong,100,spline3,unit,domain_indicator_pool,risk_rct_only,17.209802731051713,1.0316562414191341,100
scm2,strong,100,spline3,unit,experimental_grounding,risk_selected,17.205931139541676,1.0365241205490716,100
scm2,strong,100,spline3,unit,experimental_grounding,risk_rct_only,17.209802731051713,1.0316562414191341,100
scm2,strong,200,spline3,balanced_x,DRF,risk_selected,2.1177437131826298,0.08393963132283369,100
scm2,strong,200,spline3,balanced_x,DRF,risk_rct_only,5.846018834529207,0.40237015088193984,100
scm2,strong,200,spline3,balanced_x,DRF,risk_grid_oracle,1.8180262975020287,0.06473192203241782,100
scm2,strong,200,spline3,balanced_x,DRF,risk_lambda_only,4.299897770251629,0.2813566987826325,100
scm2,strong,200,spline3,balanced_x,DRF,risk_omega_only,2.755374324720841,0.09157833221565034,100
scm2,strong,200,spline3,balanced_x,DRF,selected_lambda,0.755,0.03444729541801738,100
scm2,strong,200,spline3,balanced_x,DRF,selected_omega,0.4975,0.026470633623780986,100
scm2,strong,200,spline3,balanced_x,DRF,risk_selected_minus_rct,-3.7282751213465763,0.38718195188421833,100
scm2,strong,200,spline3,balanced_x,DRF,score_selected_minus_rct,-4.00518717537198,0.41573500238099925,100
scm2,strong,200,spline3,balanced_x,RF,risk_selected,2.0136282898377895,0.07114376211834991,100
scm2,strong,200,spline3,balanced_x,RF,risk_rct_only,6.546557142347188,0.34059565275547465,100
scm2,strong,200,spline3,balanced_x,RF,risk_grid_oracle,1.7973816306164891,0.06357582456165921,100
scm2,strong,200,spline3,balanced_x,RF,risk_lambda_only,4.895006096292592,0.2704503666939309,100
scm2,strong,200,spline3,balanced_x,RF,risk_omega_only,2.716026315717097,0.10760926561047776,100
scm2,strong,200,spline3,balanced_x,RF,selected_lambda,0.775,0.03398974890026448,100
scm2,strong,200,spline3,balanced_x,RF,selected_omega,0.5275,0.022443813122434157,100
scm2,strong,200,spline3,balanced_x,RF,risk_selected_minus_rct,-4.532928852509399,0.3298653242775645,100
scm2,strong,200,spline3,balanced_x,RF,score_selected_minus_rct,-4.689489476213771,0.3856703661451365,100
scm2,strong,200,spline3,balanced_x,domain_indicator_pool,risk_selected,0.31202869218303053,0.017674204247154594,100
scm2,strong,200,spline3,balanced_x,domain_indicator_pool,risk_rct_only,5.846018834529207,0.40237015088193984,100
scm2,strong,200,spline3,balanced_x,experimental_grounding,risk_selected,5.835209261158079,0.40308243745919825,100
scm2,strong,200,spline3,balanced_x,experimental_grounding,risk_rct_only,5.846018834529207,0.40237015088193984,100
scm2,strong,200,spline3,balanced_x_ghat,DRF,risk_selected,2.1436283404208734,0.08650466340545197,100
scm2,strong,200,spline3,balanced_x_ghat,DRF,risk_rct_only,5.846018834529207,0.40237015088193984,100
scm2,strong,200,spline3,balanced_x_ghat,DRF,risk_grid_oracle,1.8316970521680558,0.06672143599843054,100
scm2,strong,200,spline3,balanced_x_ghat,DRF,risk_lambda_only,4.299897770251629,0.2813566987826325,100
scm2,strong,200,spline3,balanced_x_ghat,DRF,risk_omega_only,2.788627903169152,0.0997375732372517,100
scm2,strong,200,spline3,balanced_x_ghat,DRF,selected_lambda,0.755,0.03444729541801738,100
scm2,strong,200,spline3,balanced_x_ghat,DRF,selected_omega,0.5,0.02706147136286629,100
scm2,strong,200,spline3,balanced_x_ghat,DRF,risk_selected_minus_rct,-3.7023904941083328,0.3875861797361456,100
scm2,strong,200,spline3,balanced_x_ghat,DRF,score_selected_minus_rct,-3.9926017878218105,0.4145675675868504,100
scm2,strong,200,spline3,balanced_x_ghat,RF,risk_selected,2.004454158479448,0.07167203364273936,100
scm2,strong,200,spline3,balanced_x_ghat,RF,risk_rct_only,6.546557142347188,0.34059565275547465,100
scm2,strong,200,spline3,balanced_x_ghat,RF,risk_grid_oracle,1.808065912782365,0.06399792320754374,100
scm2,strong,200,spline3,balanced_x_ghat,RF,risk_lambda_only,4.895006096292592,0.2704503666939309,100
scm2,strong,200,spline3,balanced_x_ghat,RF,risk_omega_only,2.743403890647917,0.1105676042215283,100
scm2,strong,200,spline3,balanced_x_ghat,RF,selected_lambda,0.7675,0.03412969174466506,100
scm2,strong,200,spline3,balanced_x_ghat,RF,selected_omega,0.525,0.02175970699446223,100
scm2,strong,200,spline3,balanced_x_ghat,RF,risk_selected_minus_rct,-4.542102983867741,0.32800042747419916,100
scm2,strong,200,spline3,balanced_x_ghat,RF,score_selected_minus_rct,-4.676479475470509,0.38562077527412664,100
scm2,strong,200,spline3,balanced_x_ghat,domain_indicator_pool,risk_selected,0.31202869218303053,0.017674204247154594,100
scm2,strong,200,spline3,balanced_x_ghat,domain_indicator_pool,risk_rct_only,5.846018834529207,0.40237015088193984,100
scm2,strong,200,spline3,balanced_x_ghat,experimental_grounding,risk_selected,5.835209261158079,0.40308243745919825,100
scm2,strong,200,spline3,balanced_x_ghat,experimental_grounding,risk_rct_only,5.846018834529207,0.40237015088193984,100
scm2,strong,200,spline3,classifier,DRF,risk_selected,2.133985993591356,0.08301252019168696,100
scm2,strong,200,spline3,classifier,DRF,risk_rct_only,5.846018834529207,0.40237015088193984,100
scm2,strong,200,spline3,classifier,DRF,risk_grid_oracle,1.816911954578068,0.06475653257195003,100
scm2,strong,200,spline3,classifier,DRF,risk_lambda_only,4.299897770251629,0.2813566987826325,100
scm2,strong,200,spline3,classifier,DRF,risk_omega_only,2.7540764587970847,0.0915509360977866,100
scm2,strong,200,spline3,classifier,DRF,selected_lambda,0.755,0.03444729541801738,100
scm2,strong,200,spline3,classifier,DRF,selected_omega,0.495,0.02682246156571847,100
scm2,strong,200,spline3,classifier,DRF,risk_selected_minus_rct,-3.712032840937851,0.3884358771493295,100
scm2,strong,200,spline3,classifier,DRF,score_selected_minus_rct,-4.006227443818835,0.4157763297532659,100
scm2,strong,200,spline3,classifier,RF,risk_selected,2.015067331039732,0.07167755873146178,100
scm2,strong,200,spline3,classifier,RF,risk_rct_only,6.546557142347188,0.34059565275547465,100
scm2,strong,200,spline3,classifier,RF,risk_grid_oracle,1.7964439549236337,0.06356811259722854,100
scm2,strong,200,spline3,classifier,RF,risk_lambda_only,4.895006096292592,0.2704503666939309,100
scm2,strong,200,spline3,classifier,RF,risk_omega_only,2.7144226248689853,0.10745255985666369,100
scm2,strong,200,spline3,classifier,RF,selected_lambda,0.7775,0.03406303574316893,100
scm2,strong,200,spline3,classifier,RF,selected_omega,0.5275,0.022443813122434157,100
scm2,strong,200,spline3,classifier,RF,risk_selected_minus_rct,-4.531489811307456,0.3301162480418921,100
scm2,strong,200,spline3,classifier,RF,score_selected_minus_rct,-4.690078868277176,0.3856489692641602,100
scm2,strong,200,spline3,classifier,domain_indicator_pool,risk_selected,0.31202869218303053,0.017674204247154594,100
scm2,strong,200,spline3,classifier,domain_indicator_pool,risk_rct_only,5.846018834529207,0.40237015088193984,100
scm2,strong,200,spline3,classifier,experimental_grounding,risk_selected,5.835209261158079,0.40308243745919825,100
scm2,strong,200,spline3,classifier,experimental_grounding,risk_rct_only,5.846018834529207,0.40237015088193984,100
scm2,strong,200,spline3,oracle,DRF,risk_selected,2.0653028470976866,0.0751632103631156,100
scm2,strong,200,spline3,oracle,DRF,risk_rct_only,5.846018834529207,0.40237015088193984,100
scm2,strong,200,spline3,oracle,DRF,risk_grid_oracle,1.804380443211278,0.0645875737815657,100
scm2,strong,200,spline3,oracle,DRF,risk_lambda_only,4.299897770251629,0.2813566987826325,100
scm2,strong,200,spline3,oracle,DRF,risk_omega_only,2.7092956528379415,0.09115904296278705,100
scm2,strong,200,spline3,oracle,DRF,selected_lambda,0.7525,0.034174056850426196,100
scm2,strong,200,spline3,oracle,DRF,selected_omega,0.5125,0.026915271096197752,100
scm2,strong,200,spline3,oracle,DRF,risk_selected_minus_rct,-3.7807159874315186,0.39329520058864254,100
scm2,strong,200,spline3,oracle,DRF,score_selected_minus_rct,-4.02360749763027,0.415507687955198,100
scm2,strong,200,spline3,oracle,RF,risk_selected,1.9816969151986654,0.06922757982028582,100
scm2,strong,200,spline3,oracle,RF,risk_rct_only,6.546557142347188,0.34059565275547465,100
scm2,strong,200,spline3,oracle,RF,risk_grid_oracle,1.7707674122660515,0.06245268936394366,100
scm2,strong,200,spline3,oracle,RF,risk_lambda_only,4.895006096292592,0.2704503666939309,100
scm2,strong,200,spline3,oracle,RF,risk_omega_only,2.6598728132766833,0.10035200550684889,100
scm2,strong,200,spline3,oracle,RF,selected_lambda,0.7825,0.03420360161790515,100
scm2,strong,200,spline3,oracle,RF,selected_omega,0.5275,0.021583464958063608,100
scm2,strong,200,spline3,oracle,RF,risk_selected_minus_rct,-4.5648602271485235,0.32851465932262697,100
scm2,strong,200,spline3,oracle,RF,score_selected_minus_rct,-4.711872438645789,0.3846324262389889,100
scm2,strong,200,spline3,oracle,domain_indicator_pool,risk_selected,0.31202869218303053,0.017674204247154594,100
scm2,strong,200,spline3,oracle,domain_indicator_pool,risk_rct_only,5.846018834529207,0.40237015088193984,100
scm2,strong,200,spline3,oracle,experimental_grounding,risk_selected,5.835209261158079,0.40308243745919825,100
scm2,strong,200,spline3,oracle,experimental_grounding,risk_rct_only,5.846018834529207,0.40237015088193984,100
scm2,strong,200,spline3,unit,DRF,risk_selected,2.2672082818575636,0.09211016174613626,100
scm2,strong,200,spline3,unit,DRF,risk_rct_only,5.846018834529207,0.40237015088193984,100
scm2,strong,200,spline3,unit,DRF,risk_grid_oracle,1.887700107473278,0.07321993186583699,100
scm2,strong,200,spline3,unit,DRF,risk_lambda_only,4.299897770251629,0.2813566987826325,100
scm2,strong,200,spline3,unit,DRF,risk_omega_only,2.999427228806419,0.1241599326259056,100
scm2,strong,200,spline3,unit,DRF,selected_lambda,0.755,0.034811904384401134,100
scm2,strong,200,spline3,unit,DRF,selected_omega,0.5275,0.02970711406822659,100
scm2,strong,200,spline3,unit,DRF,risk_selected_minus_rct,-3.5788105526716434,0.4001541399737542,100
scm2,strong,200,spline3,unit,DRF,score_selected_minus_rct,-4.0742022333861,0.4197059799545079,100
scm2,strong,200,spline3,unit,RF,risk_selected,2.138208608818949,0.08543753321863376,100
scm2,strong,200,spline3,unit,RF,risk_rct_only,6.546557142347188,0.34059565275547465,100
scm2,strong,200,spline3,unit,RF,risk_grid_oracle,1.8765091074216298,0.0714642062279229,100
scm2,strong,200,spline3,unit,RF,risk_lambda_only,4.895006096292592,0.2704503666939309,100
scm2,strong,200,spline3,unit,RF,risk_omega_only,2.882423304721998,0.11409730305267214,100
scm2,strong,200,spline3,unit,RF,selected_lambda,0.7725,0.03519336915277127,100
scm2,strong,200,spline3,unit,RF,selected_omega,0.57,0.02489371345735645,100
scm2,strong,200,spline3,unit,RF,risk_selected_minus_rct,-4.4083485335282395,0.3269931772679242,100
scm2,strong,200,spline3,unit,RF,score_selected_minus_rct,-4.742331275236711,0.38712353897797586,100
scm2,strong,200,spline3,unit,domain_indicator_pool,risk_selected,0.31202869218303053,0.017674204247154594,100
scm2,strong,200,spline3,unit,domain_indicator_pool,risk_rct_only,5.846018834529207,0.40237015088193984,100
scm2,strong,200,spline3,unit,experimental_grounding,risk_selected,5.835209261158079,0.40308243745919825,100
scm2,strong,200,spline3,unit,experimental_grounding,risk_rct_only,5.846018834529207,0.40237015088193984,100
scm3,mild,100,spline3,balanced_x,DRF,risk_selected,4.177368269776913,0.1925852772371879,100
scm3,mild,100,spline3,balanced_x,DRF,risk_rct_only,20.22396714327665,1.117332355563015,100
scm3,mild,100,spline3,balanced_x,DRF,risk_grid_oracle,3.4395358875527156,0.1209261735721872,100
scm3,mild,100,spline3,balanced_x,DRF,risk_lambda_only,13.181919619158188,0.680283836235205,100
scm3,mild,100,spline3,balanced_x,DRF,risk_omega_only,6.867155545681465,0.4226281939868567,100
scm3,mild,100,spline3,balanced_x,DRF,selected_lambda,0.7925,0.0327708218950451,100
scm3,mild,100,spline3,balanced_x,DRF,selected_omega,0.51,0.02300636714679067,100
scm3,mild,100,spline3,balanced_x,DRF,risk_selected_minus_rct,-16.046598873499732,1.1086345687910626,100
scm3,mild,100,spline3,balanced_x,DRF,score_selected_minus_rct,-17.371772777487386,1.5503420757670265,100
scm3,mild,100,spline3,balanced_x,RF,risk_selected,3.931962821188659,0.1330318284894622,100
scm3,mild,100,spline3,balanced_x,RF,risk_rct_only,21.195292197689458,1.155152336880045,100
scm3,mild,100,spline3,balanced_x,RF,risk_grid_oracle,3.398041353204939,0.11367228289164444,100
scm3,mild,100,spline3,balanced_x,RF,risk_lambda_only,13.533196227246583,0.690080876174099,100
scm3,mild,100,spline3,balanced_x,RF,risk_omega_only,6.302889131438873,0.2924615833104143,100
scm3,mild,100,spline3,balanced_x,RF,selected_lambda,0.785,0.03295619988880864,100
scm3,mild,100,spline3,balanced_x,RF,selected_omega,0.52,0.02181186777324619,100
scm3,mild,100,spline3,balanced_x,RF,risk_selected_minus_rct,-17.263329376500803,1.1113488697597356,100
scm3,mild,100,spline3,balanced_x,RF,score_selected_minus_rct,-18.293677911683258,1.4836004459213565,100
scm3,mild,100,spline3,balanced_x,domain_indicator_pool,risk_selected,0.47585644555110007,0.0353475879149185,100
scm3,mild,100,spline3,balanced_x,domain_indicator_pool,risk_rct_only,20.22396714327665,1.117332355563015,100
scm3,mild,100,spline3,balanced_x,experimental_grounding,risk_selected,20.201698401118836,1.1161261352854357,100
scm3,mild,100,spline3,balanced_x,experimental_grounding,risk_rct_only,20.22396714327665,1.117332355563015,100
scm3,mild,100,spline3,balanced_x_ghat,DRF,risk_selected,4.220547626160986,0.19714577846786493,100
scm3,mild,100,spline3,balanced_x_ghat,DRF,risk_rct_only,20.22396714327665,1.117332355563015,100
scm3,mild,100,spline3,balanced_x_ghat,DRF,risk_grid_oracle,3.4827220961873295,0.12684478636736435,100
scm3,mild,100,spline3,balanced_x_ghat,DRF,risk_lambda_only,13.181919619158188,0.680283836235205,100
scm3,mild,100,spline3,balanced_x_ghat,DRF,risk_omega_only,6.988612765956609,0.4492378794815218,100
scm3,mild,100,spline3,balanced_x_ghat,DRF,selected_lambda,0.79,0.033280260779864054,100
scm3,mild,100,spline3,balanced_x_ghat,DRF,selected_omega,0.51,0.02300636714679067,100
scm3,mild,100,spline3,balanced_x_ghat,DRF,risk_selected_minus_rct,-16.003419517115663,1.1064044778875213,100
scm3,mild,100,spline3,balanced_x_ghat,DRF,score_selected_minus_rct,-17.390741256361615,1.5483798123895418,100
scm3,mild,100,spline3,balanced_x_ghat,RF,risk_selected,3.9886619927238947,0.13407207279149552,100
scm3,mild,100,spline3,balanced_x_ghat,RF,risk_rct_only,21.195292197689458,1.155152336880045,100
scm3,mild,100,spline3,balanced_x_ghat,RF,risk_grid_oracle,3.42838055281403,0.11730754352832666,100
scm3,mild,100,spline3,balanced_x_ghat,RF,risk_lambda_only,13.533196227246583,0.690080876174099,100
scm3,mild,100,spline3,balanced_x_ghat,RF,risk_omega_only,6.410312484453615,0.30256499387608826,100
scm3,mild,100,spline3,balanced_x_ghat,RF,selected_lambda,0.785,0.03295619988880864,100
scm3,mild,100,spline3,balanced_x_ghat,RF,selected_omega,0.53,0.02283007054768165,100
scm3,mild,100,spline3,balanced_x_ghat,RF,risk_selected_minus_rct,-17.20663020496557,1.110468060243719,100
scm3,mild,100,spline3,balanced_x_ghat,RF,score_selected_minus_rct,-18.306648294168248,1.4837502853660607,100
scm3,mild,100,spline3,balanced_x_ghat,domain_indicator_pool,risk_selected,0.47585644555110007,0.0353475879149185,100
scm3,mild,100,spline3,balanced_x_ghat,domain_indicator_pool,risk_rct_only,20.22396714327665,1.117332355563015,100
scm3,mild,100,spline3,balanced_x_ghat,experimental_grounding,risk_selected,20.201698401118836,1.1161261352854357,100
scm3,mild,100,spline3,balanced_x_ghat,experimental_grounding,risk_rct_only,20.22396714327665,1.117332355563015,100
scm3,mild,100,spline3,classifier,DRF,risk_selected,4.14677033524996,0.1916531763018269,100
scm3,mild,100,spline3,classifier,DRF,risk_rct_only,20.22396714327665,1.117332355563015,100
scm3,mild,100,spline3,classifier,DRF,risk_grid_oracle,3.4186755909457065,0.12004454286543605,100
scm3,mild,100,spline3,classifier,DRF,risk_lambda_only,13.181919619158188,0.680283836235205,100
scm3,mild,100,spline3,classifier,DRF,risk_omega_only,6.82529513944587,0.42102648112341406,100
scm3,mild,100,spline3,classifier,DRF,selected_lambda,0.79,0.033280260779864054,100
scm3,mild,100,spline3,classifier,DRF,selected_omega,0.51,0.02300636714679067,100
scm3,mild,100,spline3,classifier,DRF,risk_selected_minus_rct,-16.077196808026688,1.1084194083173178,100
scm3,mild,100,spline3,classifier,DRF,score_selected_minus_rct,-17.376878218716158,1.5503498344488982,100
scm3,mild,100,spline3,classifier,RF,risk_selected,3.9040679808962677,0.13156476299047695,100
scm3,mild,100,spline3,classifier,RF,risk_rct_only,21.195292197689458,1.155152336880045,100
scm3,mild,100,spline3,classifier,RF,risk_grid_oracle,3.3766035988562884,0.11286244100943896,100
scm3,mild,100,spline3,classifier,RF,risk_lambda_only,13.533196227246583,0.690080876174099,100
scm3,mild,100,spline3,classifier,RF,risk_omega_only,6.253938064665666,0.2898798787634348,100
scm3,mild,100,spline3,classifier,RF,selected_lambda,0.7875,0.03283241038542817,100
scm3,mild,100,spline3,classifier,RF,selected_omega,0.52,0.02181186777324619,100
scm3,mild,100,spline3,classifier,RF,risk_selected_minus_rct,-17.291224216793193,1.111526923641853,100
scm3,mild,100,spline3,classifier,RF,score_selected_minus_rct,-18.300481756745395,1.4835567107180794,100
scm3,mild,100,spline3,classifier,domain_indicator_pool,risk_selected,0.47585644555110007,0.0353475879149185,100
scm3,mild,100,spline3,classifier,domain_indicator_pool,risk_rct_only,20.22396714327665,1.117332355563015,100
scm3,mild,100,spline3,classifier,experimental_grounding,risk_selected,20.201698401118836,1.1161261352854357,100
scm3,mild,100,spline3,classifier,experimental_grounding,risk_rct_only,20.22396714327665,1.117332355563015,100
scm3,mild,100,spline3,oracle,DRF,risk_selected,3.943620037928905,0.15830857242117646,100
scm3,mild,100,spline3,oracle,DRF,risk_rct_only,20.22396714327665,1.117332355563015,100
scm3,mild,100,spline3,oracle,DRF,risk_grid_oracle,3.360950942378214,0.11625944405856141,100
scm3,mild,100,spline3,oracle,DRF,risk_lambda_only,13.181919619158188,0.680283836235205,100
scm3,mild,100,spline3,oracle,DRF,risk_omega_only,6.470860825963124,0.4143221816218877,100
scm3,mild,100,spline3,oracle,DRF,selected_lambda,0.795,0.03340522550304205,100
scm3,mild,100,spline3,oracle,DRF,selected_omega,0.4925,0.02260078437898682,100
scm3,mild,100,spline3,oracle,DRF,risk_selected_minus_rct,-16.28034710534774,1.0916025937876688,100
scm3,mild,100,spline3,oracle,DRF,score_selected_minus_rct,-17.38823073223348,1.5525821469414214,100
scm3,mild,100,spline3,oracle,RF,risk_selected,3.794151077608652,0.13218652235947823,100
scm3,mild,100,spline3,oracle,RF,risk_rct_only,21.195292197689458,1.155152336880045,100
scm3,mild,100,spline3,oracle,RF,risk_grid_oracle,3.3162320948080333,0.11025760367950248,100
scm3,mild,100,spline3,oracle,RF,risk_lambda_only,13.533196227246583,0.690080876174099,100
scm3,mild,100,spline3,oracle,RF,risk_omega_only,6.007331791374648,0.26715485852826015,100
scm3,mild,100,spline3,oracle,RF,selected_lambda,0.8025,0.03242999453368047,100
scm3,mild,100,spline3,oracle,RF,selected_omega,0.5075,0.02203503867237199,100
scm3,mild,100,spline3,oracle,RF,risk_selected_minus_rct,-17.401141120080805,1.110132159754428,100
scm3,mild,100,spline3,oracle,RF,score_selected_minus_rct,-18.34822280456916,1.4838486316030732,100
scm3,mild,100,spline3,oracle,domain_indicator_pool,risk_selected,0.47585644555110007,0.0353475879149185,100
scm3,mild,100,spline3,oracle,domain_indicator_pool,risk_rct_only,20.22396714327665,1.117332355563015,100
scm3,mild,100,spline3,oracle,experimental_grounding,risk_selected,20.201698401118836,1.1161261352854357,100
scm3,mild,100,spline3,oracle,experimental_grounding,risk_rct_only,20.22396714327665,1.117332355563015,100
scm3,mild,100,spline3,unit,DRF,risk_selected,3.952416230798706,0.15814449612401948,100
scm3,mild,100,spline3,unit,DRF,risk_rct_only,20.22396714327665,1.117332355563015,100
scm3,mild,100,spline3,unit,DRF,risk_grid_oracle,3.3727685798495814,0.11658032762882511,100
scm3,mild,100,spline3,unit,DRF,risk_lambda_only,13.181919619158188,0.680283836235205,100
scm3,mild,100,spline3,unit,DRF,risk_omega_only,6.486723862986879,0.41699495670812164,100
scm3,mild,100,spline3,unit,DRF,selected_lambda,0.7925,0.03315387297027743,100
scm3,mild,100,spline3,unit,DRF,selected_omega,0.495,0.022746961169005465,100
scm3,mild,100,spline3,unit,DRF,risk_selected_minus_rct,-16.27155091247794,1.0905944199456599,100
scm3,mild,100,spline3,unit,DRF,score_selected_minus_rct,-17.390804094871413,1.5513657322553378,100
scm3,mild,100,spline3,unit,RF,risk_selected,3.793461193916853,0.13302771225984952,100
scm3,mild,100,spline3,unit,RF,risk_rct_only,21.195292197689458,1.155152336880045,100
scm3,mild,100,spline3,unit,RF,risk_grid_oracle,3.3280589218805776,0.11119257665772157,100
scm3,mild,100,spline3,unit,RF,risk_lambda_only,13.533196227246583,0.690080876174099,100
scm3,mild,100,spline3,unit,RF,risk_omega_only,6.046176148044051,0.26908681124765055,100
scm3,mild,100,spline3,unit,RF,selected_lambda,0.8025,0.03242999453368047,100
scm3,mild,100,spline3,unit,RF,selected_omega,0.505,0.02160831302807306,100
scm3,mild,100,spline3,unit,RF,risk_selected_minus_rct,-17.40183100377261,1.1081079647041336,100
scm3,mild,100,spline3,unit,RF,score_selected_minus_rct,-18.35083410303027,1.4836343964134617,100
scm3,mild,100,spline3,unit,domain_indicator_pool,risk_selected,0.47585644555110007,0.0353475879149185,100
scm3,mild,100,spline3,unit,domain_indicator_pool,risk_rct_only,20.22396714327665,1.117332355563015,100
scm3,mild,100,spline3,unit,experimental_grounding,risk_selected,20.201698401118836,1.1161261352854357,100
scm3,mild,100,spline3,unit,experimental_grounding,risk_rct_only,20.22396714327665,1.117332355563015,100
scm3,mild,200,spline3,balanced_x,DRF,risk_selected,2.4047972813786664,0.0889064391286308,100
scm3,mild,200,spline3,balanced_x,DRF,risk_rct_only,6.2488575408112474,0.3435185179456431,100
scm3,mild,200,spline3,balanced_x,DRF,risk_grid_oracle,2.0214776459018804,0.06685017008098161,100
scm3,mild,200,spline3,balanced_x,DRF,risk_lambda_only,4.577988723881099,0.2693843687864581,100
scm3,mild,200,spline3,balanced_x,DRF,risk_omega_only,3.2502661001975266,0.14941718320856745,100
scm3,mild,200,spline3,balanced_x,DRF,selected_lambda,0.745,0.03370624736026114,100
scm3,mild,200,spline3,balanced_x,DRF,selected_omega,0.5625,0.02850992207224805,100
scm3,mild,200,spline3,balanced_x,DRF,risk_selected_minus_rct,-3.844060259432583,0.31950335472744346,100
scm3,mild,200,spline3,balanced_x,DRF,score_selected_minus_rct,-4.171226734278884,0.4018665389866179,100
scm3,mild,200,spline3,balanced_x,RF,risk_selected,2.3359455057854714,0.0836375009963731,100
scm3,mild,200,spline3,balanced_x,RF,risk_rct_only,6.313768905989638,0.3458322148490819,100
scm3,mild,200,spline3,balanced_x,RF,risk_grid_oracle,2.016725180783062,0.0677952956735375,100
scm3,mild,200,spline3,balanced_x,RF,risk_lambda_only,4.7318060499494,0.2784612274458284,100
scm3,mild,200,spline3,balanced_x,RF,risk_omega_only,3.0938986761120497,0.1237263596971343,100
scm3,mild,200,spline3,balanced_x,RF,selected_lambda,0.7425,0.0347165651957376,100
scm3,mild,200,spline3,balanced_x,RF,selected_omega,0.59,0.026476595344003373,100
scm3,mild,200,spline3,balanced_x,RF,risk_selected_minus_rct,-3.9778234002041666,0.33142037106092187,100
scm3,mild,200,spline3,balanced_x,RF,score_selected_minus_rct,-4.312547102652161,0.39678774692854046,100
scm3,mild,200,spline3,balanced_x,domain_indicator_pool,risk_selected,0.3502198832874428,0.02107452819238862,100
scm3,mild,200,spline3,balanced_x,domain_indicator_pool,risk_rct_only,6.2488575408112474,0.3435185179456431,100
scm3,mild,200,spline3,balanced_x,experimental_grounding,risk_selected,6.214294387959395,0.3423001260254206,100
scm3,mild,200,spline3,balanced_x,experimental_grounding,risk_rct_only,6.2488575408112474,0.3435185179456431,100
scm3,mild,200,spline3,balanced_x_ghat,DRF,risk_selected,2.419183273058545,0.09272042822211576,100
scm3,mild,200,spline3,balanced_x_ghat,DRF,risk_rct_only,6.2488575408112474,0.3435185179456431,100
scm3,mild,200,spline3,balanced_x_ghat,DRF,risk_grid_oracle,2.020365154343909,0.06681495053606713,100
scm3,mild,200,spline3,balanced_x_ghat,DRF,risk_lambda_only,4.577988723881099,0.2693843687864581,100
scm3,mild,200,spline3,balanced_x_ghat,DRF,risk_omega_only,3.2647226254161366,0.15464093496358394,100
scm3,mild,200,spline3,balanced_x_ghat,DRF,selected_lambda,0.7375,0.03359274061791062,100
scm3,mild,200,spline3,balanced_x_ghat,DRF,selected_omega,0.5675,0.028835785497407996,100
scm3,mild,200,spline3,balanced_x_ghat,DRF,risk_selected_minus_rct,-3.829674267752704,0.32002490913971277,100
scm3,mild,200,spline3,balanced_x_ghat,DRF,score_selected_minus_rct,-4.179756331628834,0.40397143616898523,100
scm3,mild,200,spline3,balanced_x_ghat,RF,risk_selected,2.3316504659106356,0.0843220634111869,100
scm3,mild,200,spline3,balanced_x_ghat,RF,risk_rct_only,6.313768905989638,0.3458322148490819,100
scm3,mild,200,spline3,balanced_x_ghat,RF,risk_grid_oracle,2.011995264435671,0.06749169194719583,100
scm3,mild,200,spline3,balanced_x_ghat,RF,risk_lambda_only,4.7318060499494,0.2784612274458284,100
scm3,mild,200,spline3,balanced_x_ghat,RF,risk_omega_only,3.1084612095826545,0.12716234527920195,100
scm3,mild,200,spline3,balanced_x_ghat,RF,selected_lambda,0.7375,0.03470201432164706,100
scm3,mild,200,spline3,balanced_x_ghat,RF,selected_omega,0.59,0.02599533757729596,100
scm3,mild,200,spline3,balanced_x_ghat,RF,risk_selected_minus_rct,-3.9821184400790033,0.332623361967362,100
scm3,mild,200,spline3,balanced_x_ghat,RF,score_selected_minus_rct,-4.313127086348839,0.3973609273605533,100
scm3,mild,200,spline3,balanced_x_ghat,domain_indicator_pool,risk_selected,0.3502198832874428,0.02107452819238862,100
scm3,mild,200,spline3,balanced_x_ghat,domain_indicator_pool,risk_rct_only,6.2488575408112474,0.3435185179456431,100
scm3,mild,200,spline3,balanced_x_ghat,experimental_grounding,risk_selected,6.214294387959395,0.3423001260254206,100
scm3,mild,200,spline3,balanced_x_ghat,experimental_grounding,risk_rct_only,6.2488575408112474,0.3435185179456431,100
scm3,mild,200,spline3,classifier,DRF,risk_selected,2.397030291463073,0.08865740918959548,100
scm3,mild,200,spline3,classifier,DRF,risk_rct_only,6.2488575408112474,0.3435185179456431,100
scm3,mild,200,spline3,classifier,DRF,risk_grid_oracle,2.0161610854280703,0.06671123526389153,100
scm3,mild,200,spline3,classifier,DRF,risk_lambda_only,4.577988723881099,0.2693843687864581,100
scm3,mild,200,spline3,classifier,DRF,risk_omega_only,3.240560527859577,0.14883935648474306,100
scm3,mild,200,spline3,classifier,DRF,selected_lambda,0.745,0.03370624736026114,100
scm3,mild,200,spline3,classifier,DRF,selected_omega,0.5625,0.02850992207224805,100
scm3,mild,200,spline3,classifier,DRF,risk_selected_minus_rct,-3.8518272493481773,0.31954796940290764,100
scm3,mild,200,spline3,classifier,DRF,score_selected_minus_rct,-4.172233553790435,0.4019079587169547,100
scm3,mild,200,spline3,classifier,RF,risk_selected,2.3280455546716436,0.08337197711294106,100
scm3,mild,200,spline3,classifier,RF,risk_rct_only,6.313768905989638,0.3458322148490819,100
scm3,mild,200,spline3,classifier,RF,risk_grid_oracle,2.0111282652836904,0.06762677700978567,100
scm3,mild,200,spline3,classifier,RF,risk_lambda_only,4.7318060499494,0.2784612274458284,100
scm3,mild,200,spline3,classifier,RF,risk_omega_only,3.0847121243345526,0.12312083097833679,100
scm3,mild,200,spline3,classifier,RF,selected_lambda,0.7425,0.0347165651957376,100
scm3,mild,200,spline3,classifier,RF,selected_omega,0.59,0.026476595344003373,100
scm3,mild,200,spline3,classifier,RF,risk_selected_minus_rct,-3.9857233513179944,0.33144342867686183,100
scm3,mild,200,spline3,classifier,RF,score_selected_minus_rct,-4.313567579116842,0.3968413518849037,100
scm3,mild,200,spline3,classifier,domain_indicator_pool,risk_selected,0.3502198832874428,0.02107452819238862,100
scm3,mild,200,spline3,classifier,domain_indicator_pool,risk_rct_only,6.2488575408112474,0.3435185179456431,100
scm3,mild,200,spline3,classifier,experimental_grounding,risk_selected,6.214294387959395,0.3423001260254206,100
scm3,mild,200,spline3,classifier,experimental_grounding,risk_rct_only,6.2488575408112474,0.3435185179456431,100
scm3,mild,200,spline3,oracle,DRF,risk_selected,2.3406785841883813,0.09119786752539841,100
scm3,mild,200,spline3,oracle,DRF,risk_rct_only,6.2488575408112474,0.3435185179456431,100
scm3,mild,200,spline3,oracle,DRF,risk_grid_oracle,1.9899804736654898,0.0660283934474065,100
scm3,mild,200,spline3,oracle,DRF,risk_lambda_only,4.577988723881099,0.2693843687864581,100
scm3,mild,200,spline3,oracle,DRF,risk_omega_only,3.2040772167406595,0.15277122824726763,100
scm3,mild,200,spline3,oracle,DRF,selected_lambda,0.7325,0.03300118608214382,100
scm3,mild,200,spline3,oracle,DRF,selected_omega,0.575,0.028091660935968422,100
scm3,mild,200,spline3,oracle,DRF,risk_selected_minus_rct,-3.9081789566228675,0.3171302084912296,100
scm3,mild,200,spline3,oracle,DRF,score_selected_minus_rct,-4.16080521100608,0.4011756698201114,100
scm3,mild,200,spline3,oracle,RF,risk_selected,2.2829411461684397,0.08099268482579672,100
scm3,mild,200,spline3,oracle,RF,risk_rct_only,6.313768905989638,0.3458322148490819,100
scm3,mild,200,spline3,oracle,RF,risk_grid_oracle,1.9771826829627208,0.06569081821193777,100
scm3,mild,200,spline3,oracle,RF,risk_lambda_only,4.7318060499494,0.2784612274458284,100
scm3,mild,200,spline3,oracle,RF,risk_omega_only,3.0387747892732397,0.12017314826204872,100
scm3,mild,200,spline3,oracle,RF,selected_lambda,0.7475,0.03398882020591328,100
scm3,mild,200,spline3,oracle,RF,selected_omega,0.5925,0.026745857793140777,100
scm3,mild,200,spline3,oracle,RF,risk_selected_minus_rct,-4.030827759821198,0.33353263794878535,100
scm3,mild,200,spline3,oracle,RF,score_selected_minus_rct,-4.302347581348767,0.3962158487471446,100
scm3,mild,200,spline3,oracle,domain_indicator_pool,risk_selected,0.3502198832874428,0.02107452819238862,100
scm3,mild,200,spline3,oracle,domain_indicator_pool,risk_rct_only,6.2488575408112474,0.3435185179456431,100
scm3,mild,200,spline3,oracle,experimental_grounding,risk_selected,6.214294387959395,0.3423001260254206,100
scm3,mild,200,spline3,oracle,experimental_grounding,risk_rct_only,6.2488575408112474,0.3435185179456431,100
scm3,mild,200,spline3,unit,DRF,risk_selected,2.346796671949924,0.08982377734109226,100
scm3,mild,200,spline3,unit,DRF,risk_rct_only,6.2488575408112474,0.3435185179456431,100
scm3,mild,200,spline3,unit,DRF,risk_grid_oracle,1.9981215080116732,0.06630024932184751,100
scm3,mild,200,spline3,unit,DRF,risk_lambda_only,4.577988723881099,0.2693843687864581,100
scm3,mild,200,spline3,unit,DRF,risk_omega_only,3.2217007465248484,0.1610017236095142,100
scm3,mild,200,spline3,unit,DRF,selected_lambda,0.7275,0.03372777981594892,100
scm3,mild,200,spline3,unit,DRF,selected_omega,0.5775,0.028358945642950096,100
scm3,mild,200,spline3,unit,DRF,risk_selected_minus_rct,-3.9020608688613247,0.3175842507073715,100
scm3,mild,200,spline3,unit,DRF,score_selected_minus_rct,-4.162412056072067,0.4015969942814433,100
scm3,mild,200,spline3,unit,RF,risk_selected,2.2882500842906524,0.07968091524948422,100
scm3,mild,200,spline3,unit,RF,risk_rct_only,6.313768905989638,0.3458322148490819,100
scm3,mild,200,spline3,unit,RF,risk_grid_oracle,1.986798473802001,0.06597763286074741,100
scm3,mild,200,spline3,unit,RF,risk_lambda_only,4.7318060499494,0.2784612274458284,100
scm3,mild,200,spline3,unit,RF,risk_omega_only,3.0612172956597936,0.12172421377155004,100
scm3,mild,200,spline3,unit,RF,selected_lambda,0.7425,0.034166666666666665,100
scm3,mild,200,spline3,unit,RF,selected_omega,0.58,0.027033462242341082,100
scm3,mild,200,spline3,unit,RF,risk_selected_minus_rct,-4.025518821698984,0.33394831668248115,100
scm3,mild,200,spline3,unit,RF,score_selected_minus_rct,-4.301778133341134,0.396535821929436,100
scm3,mild,200,spline3,unit,domain_indicator_pool,risk_selected,0.3502198832874428,0.02107452819238862,100
scm3,mild,200,spline3,unit,domain_indicator_pool,risk_rct_only,6.2488575408112474,0.3435185179456431,100
scm3,mild,200,spline3,unit,experimental_grounding,risk_selected,6.214294387959395,0.3423001260254206,100
scm3,mild,200,spline3,unit,experimental_grounding,risk_rct_only,6.2488575408112474,0.3435185179456431,100
scm3,strong,100,spline3,balanced_x,DRF,risk_selected,4.068895086826442,0.17689962452053912,100
scm3,strong,100,spline3,balanced_x,DRF,risk_rct_only,21.874220994320527,1.402464253179044,100
scm3,strong,100,spline3,balanced_x,DRF,risk_grid_oracle,3.3801355738436403,0.12035947870967112,100
scm3,strong,100,spline3,balanced_x,DRF,risk_lambda_only,12.518892409012452,0.652210868922145,100
scm3,strong,100,spline3,balanced_x,DRF,risk_omega_only,6.332366470274419,0.32232044720043895,100
scm3,strong,100,spline3,balanced_x,DRF,selected_lambda,0.7675,0.032422206818005075,100
scm3,strong,100,spline3,balanced_x,DRF,selected_omega,0.5175,0.02688710967483613,100
scm3,strong,100,spline3,balanced_x,DRF,risk_selected_minus_rct,-17.80532590749408,1.3670773540710133,100
scm3,strong,100,spline3,balanced_x,DRF,score_selected_minus_rct,-20.46315410797781,2.141922328759423,100
scm3,strong,100,spline3,balanced_x,RF,risk_selected,4.097176816658633,0.16656364276217855,100
scm3,strong,100,spline3,balanced_x,RF,risk_rct_only,22.734410933705348,1.45028897455595,100
scm3,strong,100,spline3,balanced_x,RF,risk_grid_oracle,3.3970058969223635,0.11778821621946753,100
scm3,strong,100,spline3,balanced_x,RF,risk_lambda_only,13.009649380180267,0.6487854875189601,100
scm3,strong,100,spline3,balanced_x,RF,risk_omega_only,6.268872711613425,0.29890501832052624,100
scm3,strong,100,spline3,balanced_x,RF,selected_lambda,0.7325,0.03486173990337989,100
scm3,strong,100,spline3,balanced_x,RF,selected_omega,0.5425,0.025637084487322288,100
scm3,strong,100,spline3,balanced_x,RF,risk_selected_minus_rct,-18.637234117046713,1.4468617382899005,100
scm3,strong,100,spline3,balanced_x,RF,score_selected_minus_rct,-21.123322664458218,2.170909958624964,100
scm3,strong,100,spline3,balanced_x,domain_indicator_pool,risk_selected,0.4858175679003387,0.03100597993836062,100
scm3,strong,100,spline3,balanced_x,domain_indicator_pool,risk_rct_only,21.874220994320527,1.402464253179044,100
scm3,strong,100,spline3,balanced_x,experimental_grounding,risk_selected,22.059759007119705,1.4036479649909637,100
scm3,strong,100,spline3,balanced_x,experimental_grounding,risk_rct_only,21.874220994320527,1.402464253179044,100
scm3,strong,100,spline3,balanced_x_ghat,DRF,risk_selected,4.114123729230898,0.17942798266732463,100
scm3,strong,100,spline3,balanced_x_ghat,DRF,risk_rct_only,21.874220994320527,1.402464253179044,100
scm3,strong,100,spline3,balanced_x_ghat,DRF,risk_grid_oracle,3.4119143370562734,0.12171260153478618,100
scm3,strong,100,spline3,balanced_x_ghat,DRF,risk_lambda_only,12.518892409012452,0.652210868922145,100
scm3,strong,100,spline3,balanced_x_ghat,DRF,risk_omega_only,6.3629582400329205,0.3241856147625632,100
scm3,strong,100,spline3,balanced_x_ghat,DRF,selected_lambda,0.7725,0.03199885572449064,100
scm3,strong,100,spline3,balanced_x_ghat,DRF,selected_omega,0.525,0.026471826075236588,100
scm3,strong,100,spline3,balanced_x_ghat,DRF,risk_selected_minus_rct,-17.760097265089627,1.3679919245917795,100
scm3,strong,100,spline3,balanced_x_ghat,DRF,score_selected_minus_rct,-20.428934283286356,2.1416439175534743,100
scm3,strong,100,spline3,balanced_x_ghat,RF,risk_selected,4.162832052145988,0.17189054256289618,100
scm3,strong,100,spline3,balanced_x_ghat,RF,risk_rct_only,22.734410933705348,1.45028897455595,100
scm3,strong,100,spline3,balanced_x_ghat,RF,risk_grid_oracle,3.4373428617907877,0.12114014303176937,100
scm3,strong,100,spline3,balanced_x_ghat,RF,risk_lambda_only,13.009649380180267,0.6487854875189601,100
scm3,strong,100,spline3,balanced_x_ghat,RF,risk_omega_only,6.465312650939317,0.31956999990318147,100
scm3,strong,100,spline3,balanced_x_ghat,RF,selected_lambda,0.7275,0.0353722984120271,100
scm3,strong,100,spline3,balanced_x_ghat,RF,selected_omega,0.5325,0.025784411154530146,100
scm3,strong,100,spline3,balanced_x_ghat,RF,risk_selected_minus_rct,-18.57157888155936,1.4502465921375927,100
scm3,strong,100,spline3,balanced_x_ghat,RF,score_selected_minus_rct,-21.084276412092272,2.170518337838017,100
scm3,strong,100,spline3,balanced_x_ghat,domain_indicator_pool,risk_selected,0.4858175679003387,0.03100597993836062,100
scm3,strong,100,spline3,balanced_x_ghat,domain_indicator_pool,risk_rct_only,21.874220994320527,1.402464253179044,100
scm3,strong,100,spline3,balanced_x_ghat,experimental_grounding,risk_selected,22.059759007119705,1.4036479649909637,100
scm3,strong,100,spline3,balanced_x_ghat,experimental_grounding,risk_rct_only,21.874220994320527,1.402464253179044,100
scm3,strong,100,spline3,classifier,DRF,risk_selected,4.029156491542017,0.17580055907439346,100
scm3,strong,100,spline3,classifier,DRF,risk_rct_only,21.874220994320527,1.402464253179044,100
scm3,strong,100,spline3,classifier,DRF,risk_grid_oracle,3.3606129310586903,0.11979239767896957,100
scm3,strong,100,spline3,classifier,DRF,risk_lambda_only,12.518892409012452,0.652210868922145,100
scm3,strong,100,spline3,classifier,DRF,risk_omega_only,6.268368470901816,0.31933553657809505,100
scm3,strong,100,spline3,classifier,DRF,selected_lambda,0.7675,0.032616341879121845,100
scm3,strong,100,spline3,classifier,DRF,selected_omega,0.515,0.02654803156164275,100
scm3,strong,100,spline3,classifier,DRF,risk_selected_minus_rct,-17.845064502778506,1.3670190170370984,100
scm3,strong,100,spline3,classifier,DRF,score_selected_minus_rct,-20.469163346856302,2.1419983212954192,100
scm3,strong,100,spline3,classifier,RF,risk_selected,4.068087460778614,0.16565054536925286,100
scm3,strong,100,spline3,classifier,RF,risk_rct_only,22.734410933705348,1.45028897455595,100
scm3,strong,100,spline3,classifier,RF,risk_grid_oracle,3.3768197512000735,0.11733213580627604,100
scm3,strong,100,spline3,classifier,RF,risk_lambda_only,13.009649380180267,0.6487854875189601,100
scm3,strong,100,spline3,classifier,RF,risk_omega_only,6.247974458499097,0.2981029565169364,100
scm3,strong,100,spline3,classifier,RF,selected_lambda,0.7325,0.03486173990337989,100
scm3,strong,100,spline3,classifier,RF,selected_omega,0.5425,0.025637084487322288,100
scm3,strong,100,spline3,classifier,RF,risk_selected_minus_rct,-18.666323472926738,1.4471243369725135,100
scm3,strong,100,spline3,classifier,RF,score_selected_minus_rct,-21.130071514606314,2.1708403872422934,100
scm3,strong,100,spline3,classifier,domain_indicator_pool,risk_selected,0.4858175679003387,0.03100597993836062,100
scm3,strong,100,spline3,classifier,domain_indicator_pool,risk_rct_only,21.874220994320527,1.402464253179044,100
scm3,strong,100,spline3,classifier,experimental_grounding,risk_selected,22.059759007119705,1.4036479649909637,100
scm3,strong,100,spline3,classifier,experimental_grounding,risk_rct_only,21.874220994320527,1.402464253179044,100
scm3,strong,100,spline3,oracle,DRF,risk_selected,3.8616476182594965,0.15116602991674266,100
scm3,strong,100,spline3,oracle,DRF,risk_rct_only,21.874220994320527,1.402464253179044,100
scm3,strong,100,spline3,oracle,DRF,risk_grid_oracle,3.338275492160846,0.12236626325777229,100
scm3,strong,100,spline3,oracle,DRF,risk_lambda_only,12.518892409012452,0.652210868922145,100
scm3,strong,100,spline3,oracle,DRF,risk_omega_only,6.156004889161694,0.29564523755165617,100
scm3,strong,100,spline3,oracle,DRF,selected_lambda,0.775,0.03266372899592439,100
scm3,strong,100,spline3,oracle,DRF,selected_omega,0.5,0.02436050786486898,100
scm3,strong,100,spline3,oracle,DRF,risk_selected_minus_rct,-18.012573376061024,1.3739048152120765,100
scm3,strong,100,spline3,oracle,DRF,score_selected_minus_rct,-20.456973624704638,2.1369813213724544,100
scm3,strong,100,spline3,oracle,RF,risk_selected,3.9570627703070738,0.15636426947727936,100
scm3,strong,100,spline3,oracle,RF,risk_rct_only,22.734410933705348,1.45028897455595,100
scm3,strong,100,spline3,oracle,RF,risk_grid_oracle,3.350795109504005,0.11796446068362727,100
scm3,strong,100,spline3,oracle,RF,risk_lambda_only,13.009649380180267,0.6487854875189601,100
scm3,strong,100,spline3,oracle,RF,risk_omega_only,6.0740507842340286,0.2849414427616298,100
scm3,strong,100,spline3,oracle,RF,selected_lambda,0.7325,0.03575572992154156,100
scm3,strong,100,spline3,oracle,RF,selected_omega,0.52,0.02603416558635551,100
scm3,strong,100,spline3,oracle,RF,risk_selected_minus_rct,-18.777348163398273,1.4449445480263619,100
scm3,strong,100,spline3,oracle,RF,score_selected_minus_rct,-21.11918933833283,2.1647832059432126,100
scm3,strong,100,spline3,oracle,domain_indicator_pool,risk_selected,0.4858175679003387,0.03100597993836062,100
scm3,strong,100,spline3,oracle,domain_indicator_pool,risk_rct_only,21.874220994320527,1.402464253179044,100
scm3,strong,100,spline3,oracle,experimental_grounding,risk_selected,22.059759007119705,1.4036479649909637,100
scm3,strong,100,spline3,oracle,experimental_grounding,risk_rct_only,21.874220994320527,1.402464253179044,100
scm3,strong,100,spline3,unit,DRF,risk_selected,3.915448408933807,0.15712608502538966,100
scm3,strong,100,spline3,unit,DRF,risk_rct_only,21.874220994320527,1.402464253179044,100
scm3,strong,100,spline3,unit,DRF,risk_grid_oracle,3.38308702528073,0.12503593672522934,100
scm3,strong,100,spline3,unit,DRF,risk_lambda_only,12.518892409012452,0.652210868922145,100
scm3,strong,100,spline3,unit,DRF,risk_omega_only,6.265871942489882,0.30309837037612475,100
scm3,strong,100,spline3,unit,DRF,selected_lambda,0.7775,0.03215630230262456,100
scm3,strong,100,spline3,unit,DRF,selected_omega,0.5075,0.02395676872361479,100
scm3,strong,100,spline3,unit,DRF,risk_selected_minus_rct,-17.958772585386715,1.385960247007775,100
scm3,strong,100,spline3,unit,DRF,score_selected_minus_rct,-20.450338247387982,2.1347924681652493,100
scm3,strong,100,spline3,unit,RF,risk_selected,4.003805655072091,0.16139210011635627,100
scm3,strong,100,spline3,unit,RF,risk_rct_only,22.734410933705348,1.45028897455595,100
scm3,strong,100,spline3,unit,RF,risk_grid_oracle,3.3916590557005066,0.11986881276051178,100
scm3,strong,100,spline3,unit,RF,risk_lambda_only,13.009649380180267,0.6487854875189601,100
scm3,strong,100,spline3,unit,RF,risk_omega_only,6.1484726920638595,0.2871843591897457,100
scm3,strong,100,spline3,unit,RF,selected_lambda,0.74,0.034252479081554425,100
scm3,strong,100,spline3,unit,RF,selected_omega,0.5225,0.02514980370226826,100
scm3,strong,100,spline3,unit,RF,risk_selected_minus_rct,-18.730605278633256,1.4461668288262757,100
scm3,strong,100,spline3,unit,RF,score_selected_minus_rct,-21.127502693944155,2.1635556707259003,100
scm3,strong,100,spline3,unit,domain_indicator_pool,risk_selected,0.4858175679003387,0.03100597993836062,100
scm3,strong,100,spline3,unit,domain_indicator_pool,risk_rct_only,21.874220994320527,1.402464253179044,100
scm3,strong,100,spline3,unit,experimental_grounding,risk_selected,22.059759007119705,1.4036479649909637,100
scm3,strong,100,spline3,unit,experimental_grounding,risk_rct_only,21.874220994320527,1.402464253179044,100
scm3,strong,200,spline3,balanced_x,DRF,risk_selected,2.200389008613013,0.07108171212023,100
scm3,strong,200,spline3,balanced_x,DRF,risk_rct_only,6.5589960044734354,0.32992018207513824,100
scm3,strong,200,spline3,balanced_x,DRF,risk_grid_oracle,1.9761205086552571,0.06066397004169612,100
scm3,strong,200,spline3,balanced_x,DRF,risk_lambda_only,4.8429000765651065,0.23113727490689856,100
scm3,strong,200,spline3,balanced_x,DRF,risk_omega_only,3.057019917865554,0.11528535757758566,100
scm3,strong,200,spline3,balanced_x,DRF,selected_lambda,0.7725,0.0353722984120271,100
scm3,strong,200,spline3,balanced_x,DRF,selected_omega,0.6,0.025375960946127613,100
scm3,strong,200,spline3,balanced_x,DRF,risk_selected_minus_rct,-4.358606995860424,0.3148343467121012,100
scm3,strong,200,spline3,balanced_x,DRF,score_selected_minus_rct,-5.049184790593254,0.4976015850816595,100
scm3,strong,200,spline3,balanced_x,RF,risk_selected,2.2163250434288684,0.07500093916683129,100
scm3,strong,200,spline3,balanced_x,RF,risk_rct_only,6.772706925368862,0.3170232193818764,100
scm3,strong,200,spline3,balanced_x,RF,risk_grid_oracle,1.9903317741550848,0.06167661659172261,100
scm3,strong,200,spline3,balanced_x,RF,risk_lambda_only,5.054473393958391,0.23271049757370715,100
scm3,strong,200,spline3,balanced_x,RF,risk_omega_only,3.067051075910095,0.13672532999505743,100
scm3,strong,200,spline3,balanced_x,RF,selected_lambda,0.7875,0.035243560913429076,100
scm3,strong,200,spline3,balanced_x,RF,selected_omega,0.595,0.026058403712438026,100
scm3,strong,200,spline3,balanced_x,RF,risk_selected_minus_rct,-4.556381881939991,0.3031039871116332,100
scm3,strong,200,spline3,balanced_x,RF,score_selected_minus_rct,-5.105837818623483,0.4558422303720282,100
scm3,strong,200,spline3,balanced_x,domain_indicator_pool,risk_selected,0.3442699325393674,0.015018141025190371,100
scm3,strong,200,spline3,balanced_x,domain_indicator_pool,risk_rct_only,6.5589960044734354,0.32992018207513824,100
scm3,strong,200,spline3,balanced_x,experimental_grounding,risk_selected,6.594953581472972,0.33251936717638697,100
scm3,strong,200,spline3,balanced_x,experimental_grounding,risk_rct_only,6.5589960044734354,0.32992018207513824,100
scm3,strong,200,spline3,balanced_x_ghat,DRF,risk_selected,2.2815711736163284,0.0937945406552073,100
scm3,strong,200,spline3,balanced_x_ghat,DRF,risk_rct_only,6.5589960044734354,0.32992018207513824,100
scm3,strong,200,spline3,balanced_x_ghat,DRF,risk_grid_oracle,1.9854411787494564,0.060651797991587986,100
scm3,strong,200,spline3,balanced_x_ghat,DRF,risk_lambda_only,4.8429000765651065,0.23113727490689856,100
scm3,strong,200,spline3,balanced_x_ghat,DRF,risk_omega_only,3.1161004173696547,0.13547908709810505,100
scm3,strong,200,spline3,balanced_x_ghat,DRF,selected_lambda,0.76,0.03622321371884627,100
scm3,strong,200,spline3,balanced_x_ghat,DRF,selected_omega,0.615,0.02597104059322517,100
scm3,strong,200,spline3,balanced_x_ghat,DRF,risk_selected_minus_rct,-4.27742483085711,0.3048476521822009,100
scm3,strong,200,spline3,balanced_x_ghat,DRF,score_selected_minus_rct,-5.058387886596044,0.4986238516384356,100
scm3,strong,200,spline3,balanced_x_ghat,RF,risk_selected,2.318709563404203,0.10934900232778595,100
scm3,strong,200,spline3,balanced_x_ghat,RF,risk_rct_only,6.772706925368862,0.3170232193818764,100
scm3,strong,200,spline3,balanced_x_ghat,RF,risk_grid_oracle,1.9984436123581595,0.06097700245028233,100
scm3,strong,200,spline3,balanced_x_ghat,RF,risk_lambda_only,5.054473393958391,0.23271049757370715,100
scm3,strong,200,spline3,balanced_x_ghat,RF,risk_omega_only,3.126503970584189,0.14340555146931605,100
scm3,strong,200,spline3,balanced_x_ghat,RF,selected_lambda,0.7775,0.03621885635350122,100
scm3,strong,200,spline3,balanced_x_ghat,RF,selected_omega,0.615,0.026925824035672525,100
scm3,strong,200,spline3,balanced_x_ghat,RF,risk_selected_minus_rct,-4.453997361964658,0.2935754787271824,100
scm3,strong,200,spline3,balanced_x_ghat,RF,score_selected_minus_rct,-5.116747849716851,0.45814737434560293,100
scm3,strong,200,spline3,balanced_x_ghat,domain_indicator_pool,risk_selected,0.3442699325393674,0.015018141025190371,100
scm3,strong,200,spline3,balanced_x_ghat,domain_indicator_pool,risk_rct_only,6.5589960044734354,0.32992018207513824,100
scm3,strong,200,spline3,balanced_x_ghat,experimental_grounding,risk_selected,6.594953581472972,0.33251936717638697,100
scm3,strong,200,spline3,balanced_x_ghat,experimental_grounding,risk_rct_only,6.5589960044734354,0.32992018207513824,100
scm3,strong,200,spline3,classifier,DRF,risk_selected,2.1821734578910137,0.06928135438006573,100
scm3,strong,200,spline3,classifier,DRF,risk_rct_only,6.5589960044734354,0.32992018207513824,100
scm3,strong,200,spline3,classifier,DRF,risk_grid_oracle,1.9720026066998744,0.0604789163919003,100
scm3,strong,200,spline3,classifier,DRF,risk_lambda_only,4.8429000765651065,0.23113727490689856,100
scm3,strong,200,spline3,classifier,DRF,risk_omega_only,3.0494953618557843,0.1149338162613743,100
scm3,strong,200,spline3,classifier,DRF,selected_lambda,0.775,0.035444507773604805,100
scm3,strong,200,spline3,classifier,DRF,selected_omega,0.605,0.02491906089642216,100
scm3,strong,200,spline3,classifier,DRF,risk_selected_minus_rct,-4.3768225465824235,0.31515109850174505,100
scm3,strong,200,spline3,classifier,DRF,score_selected_minus_rct,-5.050067824949081,0.49760084042201536,100
scm3,strong,200,spline3,classifier,RF,risk_selected,2.210957121513115,0.07480153712220579,100
scm3,strong,200,spline3,classifier,RF,risk_rct_only,6.772706925368862,0.3170232193818764,100
scm3,strong,200,spline3,classifier,RF,risk_grid_oracle,1.9859724554822507,0.06148787903254368,100
scm3,strong,200,spline3,classifier,RF,risk_lambda_only,5.054473393958391,0.23271049757370715,100
scm3,strong,200,spline3,classifier,RF,risk_omega_only,3.0634724811978304,0.13618937899887418,100
scm3,strong,200,spline3,classifier,RF,selected_lambda,0.7875,0.035243560913429076,100
scm3,strong,200,spline3,classifier,RF,selected_omega,0.595,0.026058403712438026,100
scm3,strong,200,spline3,classifier,RF,risk_selected_minus_rct,-4.561749803855745,0.30310746690022927,100
scm3,strong,200,spline3,classifier,RF,score_selected_minus_rct,-5.106746042367507,0.45584928397004393,100
scm3,strong,200,spline3,classifier,domain_indicator_pool,risk_selected,0.3442699325393674,0.015018141025190371,100
scm3,strong,200,spline3,classifier,domain_indicator_pool,risk_rct_only,6.5589960044734354,0.32992018207513824,100
scm3,strong,200,spline3,classifier,experimental_grounding,risk_selected,6.594953581472972,0.33251936717638697,100
scm3,strong,200,spline3,classifier,experimental_grounding,risk_rct_only,6.5589960044734354,0.32992018207513824,100
scm3,strong,200,spline3,oracle,DRF,risk_selected,2.1667441835022463,0.07092417769128087,100
scm3,strong,200,spline3,oracle,DRF,risk_rct_only,6.5589960044734354,0.32992018207513824,100
scm3,strong,200,spline3,oracle,DRF,risk_grid_oracle,1.9479463929175482,0.05896769198445425,100
scm3,strong,200,spline3,oracle,DRF,risk_lambda_only,4.8429000765651065,0.23113727490689856,100
scm3,strong,200,spline3,oracle,DRF,risk_omega_only,2.981922481679872,0.11453679230054328,100
scm3,strong,200,spline3,oracle,DRF,selected_lambda,0.78,0.0348662668729614,100
scm3,strong,200,spline3,oracle,DRF,selected_omega,0.59,0.025751336142641475,100
scm3,strong,200,spline3,oracle,DRF,risk_selected_minus_rct,-4.392251820971191,0.3155130820467547,100
scm3,strong,200,spline3,oracle,DRF,score_selected_minus_rct,-5.036271737266055,0.49653715421947336,100
scm3,strong,200,spline3,oracle,RF,risk_selected,2.1637132363477267,0.07072560717705142,100
scm3,strong,200,spline3,oracle,RF,risk_rct_only,6.772706925368862,0.3170232193818764,100
scm3,strong,200,spline3,oracle,RF,risk_grid_oracle,1.945630038010514,0.057925796303371656,100
scm3,strong,200,spline3,oracle,RF,risk_lambda_only,5.054473393958391,0.23271049757370715,100
scm3,strong,200,spline3,oracle,RF,risk_omega_only,2.989341387031733,0.12761606667525166,100
scm3,strong,200,spline3,oracle,RF,selected_lambda,0.79,0.03512603569773259,100
scm3,strong,200,spline3,oracle,RF,selected_omega,0.5925,0.026508765464741024,100
scm3,strong,200,spline3,oracle,RF,risk_selected_minus_rct,-4.608993689021133,0.3054243187236628,100
scm3,strong,200,spline3,oracle,RF,score_selected_minus_rct,-5.094758398014443,0.4547267152281325,100
scm3,strong,200,spline3,oracle,domain_indicator_pool,risk_selected,0.3442699325393674,0.015018141025190371,100
scm3,strong,200,spline3,oracle,domain_indicator_pool,risk_rct_only,6.5589960044734354,0.32992018207513824,100
scm3,strong,200,spline3,oracle,experimental_grounding,risk_selected,6.594953581472972,0.33251936717638697,100
scm3,strong,200,spline3,oracle,experimental_grounding,risk_rct_only,6.5589960044734354,0.32992018207513824,100
scm3,strong,200,spline3,unit,DRF,risk_selected,2.1935571969900276,0.070979577741413,100
scm3,strong,200,spline3,unit,DRF,risk_rct_only,6.5589960044734354,0.32992018207513824,100
scm3,strong,200,spline3,unit,DRF,risk_grid_oracle,1.9732680730491508,0.05940583045167358,100
scm3,strong,200,spline3,unit,DRF,risk_lambda_only,4.8429000765651065,0.23113727490689856,100
scm3,strong,200,spline3,unit,DRF,risk_omega_only,3.010996453703809,0.11052807103931746,100
scm3,strong,200,spline3,unit,DRF,selected_lambda,0.7775,0.03497744583544826,100
scm3,strong,200,spline3,unit,DRF,selected_omega,0.6025,0.02514980370226826,100
scm3,strong,200,spline3,unit,DRF,risk_selected_minus_rct,-4.365438807483411,0.31714438412766865,100
scm3,strong,200,spline3,unit,DRF,score_selected_minus_rct,-5.018230235825763,0.49540908283606455,100
scm3,strong,200,spline3,unit,RF,risk_selected,2.1913127965772814,0.0719654728521693,100
scm3,strong,200,spline3,unit,RF,risk_rct_only,6.772706925368862,0.3170232193818764,100
scm3,strong,200,spline3,unit,RF,risk_grid_oracle,1.975444058719004,0.0590815716876457,100
scm3,strong,200,spline3,unit,RF,risk_lambda_only,5.054473393958391,0.23271049757370715,100
scm3,strong,200,spline3,unit,RF,risk_omega_only,3.0488058013284363,0.14207089936570683,100
scm3,strong,200,spline3,unit,RF,selected_lambda,0.785,0.034999999999999996,100
scm3,strong,200,spline3,unit,RF,selected_omega,0.61,0.026188901959772692,100
scm3,strong,200,spline3,unit,RF,risk_selected_minus_rct,-4.581394128791578,0.30602625421651203,100
scm3,strong,200,spline3,unit,RF,score_selected_minus_rct,-5.077970630680506,0.45335855989347956,100
scm3,strong,200,spline3,unit,domain_indicator_pool,risk_selected,0.3442699325393674,0.015018141025190371,100
scm3,strong,200,spline3,unit,domain_indicator_pool,risk_rct_only,6.5589960044734354,0.32992018207513824,100
scm3,strong,200,spline3,unit,experimental_grounding,risk_selected,6.594953581472972,0.33251936717638697,100
scm3,strong,200,spline3,unit,experimental_grounding,risk_rct_only,6.5589960044734354,0.32992018207513824,100
