family,axis,n_rct,confounding,heterogeneity,sieve_label,learner,metric,value,monte_carlo_se,replications
bounded,heterogeneity,200,1.0,2.0,spline3,DRF,risk_selected,0.0506171649098071,0.0012984965987024699,100
bounded,heterogeneity,200,1.0,2.0,spline3,DRF,risk_rct_only,0.11302727367542692,0.004262007351520583,100
bounded,heterogeneity,200,1.0,2.0,spline3,DRF,risk_grid_oracle,0.04672601138913517,0.001203484925312769,100
bounded,heterogeneity,200,1.0,2.0,spline3,DRF,risk_lambda_only,0.08871389690977177,0.003119613226849932,100
bounded,heterogeneity,200,1.0,2.0,spline3,DRF,risk_omega_only,0.06340632978494808,0.0018086229086029728,100
bounded,heterogeneity,200,1.0,2.0,spline3,DRF,regret,0.003891153520671911,0.0005616655802563315,100
bounded,heterogeneity,200,1.0,2.0,spline3,DRF,radius,183.05999290344013,2.856489275186539e-15,100
bounded,heterogeneity,200,1.0,2.0,spline3,DRF,regret_within_radius,1.0,0.0,100
bounded,heterogeneity,200,1.0,2.0,spline3,DRF,regret_over_radius,1.0628082791209336e-05,1.534102485605899e-06,100
bounded,heterogeneity,200,1.0,2.0,spline3,DRF,selected_lambda,0.7125,0.03766797396497802,100
bounded,heterogeneity,200,1.0,2.0,spline3,DRF,selected_omega,0.555,0.02625150308346961,100
bounded,heterogeneity,200,1.0,2.0,spline3,DRF,oracle_sieve_lambda,0.9447607295139921,0.004227838603698421,100
bounded,heterogeneity,200,1.0,2.0,spline3,DRF,oracle_sieve_omega,0.012974373379872102,0.0018118237803043929,100
bounded,heterogeneity,200,1.0,2.0,spline3,DRF,risk_selected_minus_rct,-0.06241010876561984,0.004104860998416709,100
bounded,heterogeneity,200,1.0,2.0,spline3,DRF,score_selected_minus_rct,-0.06938467584157468,0.00446360445300745,100
bounded,heterogeneity,200,1.0,2.0,spline3,DRF,a_p2,0.0001004798567756862,9.223735712715327e-08,100
bounded,heterogeneity,200,1.0,2.0,spline3,DRF,risk_at_0.0_0.0,0.11302727367542692,0.004262007351520583,100
bounded,heterogeneity,200,1.0,2.0,spline3,DRF,risk_at_0.5_0.0,0.09524685865906662,0.0035050742620800607,100
bounded,heterogeneity,200,1.0,2.0,spline3,DRF,risk_at_0.0_0.5,0.06252903082711554,0.0016455101930666228,100
bounded,heterogeneity,200,1.0,2.0,spline3,DRF,risk_at_0.5_0.5,0.052158254498600946,0.001216168742395728,100
bounded,heterogeneity,200,1.0,2.0,spline3,RF,risk_selected,0.04956348726777631,0.0013712496017015004,100
bounded,heterogeneity,200,1.0,2.0,spline3,RF,risk_rct_only,0.11794842463925619,0.004070654702582683,100
bounded,heterogeneity,200,1.0,2.0,spline3,RF,risk_grid_oracle,0.046105858538140164,0.0011247914689271456,100
bounded,heterogeneity,200,1.0,2.0,spline3,RF,risk_lambda_only,0.09208117443538417,0.0030503985711458296,100
bounded,heterogeneity,200,1.0,2.0,spline3,RF,risk_omega_only,0.06218524881021648,0.0016983595831142084,100
bounded,heterogeneity,200,1.0,2.0,spline3,RF,regret,0.0034576287296361526,0.0006181842548027276,100
bounded,heterogeneity,200,1.0,2.0,spline3,RF,radius,183.05999290344013,2.856489275186539e-15,100
bounded,heterogeneity,200,1.0,2.0,spline3,RF,regret_within_radius,1.0,0.0,100
bounded,heterogeneity,200,1.0,2.0,spline3,RF,regret_over_radius,9.443977012115285e-06,1.688474485871976e-06,100
bounded,heterogeneity,200,1.0,2.0,spline3,RF,selected_lambda,0.8025,0.0335777027387539,100
bounded,heterogeneity,200,1.0,2.0,spline3,RF,selected_omega,0.55,0.025868744059036174,100
bounded,heterogeneity,200,1.0,2.0,spline3,RF,risk_selected_minus_rct,-0.0683849373714799,0.0038952245727717225,100
bounded,heterogeneity,200,1.0,2.0,spline3,RF,score_selected_minus_rct,-0.0734600573213444,0.00422339148575431,100
bounded,heterogeneity,200,1.0,2.0,spline3,RF,risk_at_0.0_0.0,0.11794842463925619,0.004070654702582683,100
bounded,heterogeneity,200,1.0,2.0,spline3,RF,risk_at_0.5_0.0,0.0992873461539334,0.0033789077930399362,100
bounded,heterogeneity,200,1.0,2.0,spline3,RF,risk_at_0.0_0.5,0.06172340085020047,0.0015561444510106815,100
bounded,heterogeneity,200,1.0,2.0,spline3,RF,risk_at_0.5_0.5,0.05168674339399825,0.001133547177164191,100
bounded,heterogeneity,200,1.0,2.0,spline3,domain_indicator_pool,risk_selected,0.005262241430577373,0.0003009212021844041,100
bounded,heterogeneity,200,1.0,2.0,spline3,domain_indicator_pool,risk_rct_only,0.11302727367542692,0.004262007351520583,100
bounded,heterogeneity,200,1.0,2.0,spline3,experimental_grounding,risk_selected,0.11271775793534594,0.004213285811938255,100
bounded,heterogeneity,200,1.0,2.0,spline3,experimental_grounding,risk_rct_only,0.11302727367542692,0.004262007351520583,100
bounded,heterogeneity,200,1.0,2.0,spline5,DRF,risk_selected,0.062563717574148,0.0014243765893204754,100
bounded,heterogeneity,200,1.0,2.0,spline5,DRF,risk_rct_only,0.18221078319321932,0.0065904231344664655,100
bounded,heterogeneity,200,1.0,2.0,spline5,DRF,risk_grid_oracle,0.058346361216762704,0.0013022420770576523,100
bounded,heterogeneity,200,1.0,2.0,spline5,DRF,risk_lambda_only,0.14580879196830004,0.004994981596611952,100
bounded,heterogeneity,200,1.0,2.0,spline5,DRF,risk_omega_only,0.0775604914469811,0.0018993081756559858,100
bounded,heterogeneity,200,1.0,2.0,spline5,DRF,regret,0.00421735635738529,0.0005525124060269541,100
bounded,heterogeneity,200,1.0,2.0,spline5,DRF,radius,183.05999290344013,2.856489275186539e-15,100
bounded,heterogeneity,200,1.0,2.0,spline5,DRF,regret_within_radius,1.0,0.0,100
bounded,heterogeneity,200,1.0,2.0,spline5,DRF,regret_over_radius,1.151905528481542e-05,1.509102008756199e-06,100
bounded,heterogeneity,200,1.0,2.0,spline5,DRF,selected_lambda,0.72,0.033386321520144514,100
bounded,heterogeneity,200,1.0,2.0,spline5,DRF,selected_omega,0.59,0.02317042698934758,100
bounded,heterogeneity,200,1.0,2.0,spline5,DRF,oracle_sieve_lambda,0.960335311633235,0.004267324549912323,100
bounded,heterogeneity,200,1.0,2.0,spline5,DRF,oracle_sieve_omega,0.01466087568096067,0.0021799080085099813,100
bounded,heterogeneity,200,1.0,2.0,spline5,DRF,risk_selected_minus_rct,-0.11964706561907132,0.006302632926607506,100
bounded,heterogeneity,200,1.0,2.0,spline5,DRF,score_selected_minus_rct,-0.1262195651241984,0.008628399902472302,100
bounded,heterogeneity,200,1.0,2.0,spline5,DRF,a_p2,0.0001003235013143538,1.0753257330465413e-07,100
bounded,heterogeneity,200,1.0,2.0,spline5,DRF,risk_at_0.0_0.0,0.18221078319321932,0.0065904231344664655,100
bounded,heterogeneity,200,1.0,2.0,spline5,DRF,risk_at_0.5_0.0,0.15541705218721918,0.0054092026560551764,100
bounded,heterogeneity,200,1.0,2.0,spline5,DRF,risk_at_0.0_0.5,0.076472753691465,0.0017806906316617343,100
bounded,heterogeneity,200,1.0,2.0,spline5,DRF,risk_at_0.5_0.5,0.06423609851145085,0.0014088158505423391,100
bounded,heterogeneity,200,1.0,2.0,spline5,RF,risk_selected,0.06087319568499889,0.0012772797109976489,100
bounded,heterogeneity,200,1.0,2.0,spline5,RF,risk_rct_only,0.19522481196871191,0.00695177066880881,100
bounded,heterogeneity,200,1.0,2.0,spline5,RF,risk_grid_oracle,0.05708211573620921,0.0011800209443284366,100
bounded,heterogeneity,200,1.0,2.0,spline5,RF,risk_lambda_only,0.15490265849853668,0.005431746290708759,100
bounded,heterogeneity,200,1.0,2.0,spline5,RF,risk_omega_only,0.0755921365233214,0.0018544020543476108,100
bounded,heterogeneity,200,1.0,2.0,spline5,RF,regret,0.003791079948789681,0.0005374740783123412,100
bounded,heterogeneity,200,1.0,2.0,spline5,RF,radius,183.05999290344013,2.856489275186539e-15,100
bounded,heterogeneity,200,1.0,2.0,spline5,RF,regret_within_radius,1.0,0.0,100
bounded,heterogeneity,200,1.0,2.0,spline5,RF,regret_over_radius,1.0354747339003197e-05,1.4680271472419597e-06,100
bounded,heterogeneity,200,1.0,2.0,spline5,RF,selected_lambda,0.74,0.03331817837308952,100
bounded,heterogeneity,200,1.0,2.0,spline5,RF,selected_omega,0.59,0.02176550880952186,100
bounded,heterogeneity,200,1.0,2.0,spline5,RF,risk_selected_minus_rct,-0.13435161628371303,0.0067891498054796955,100
bounded,heterogeneity,200,1.0,2.0,spline5,RF,score_selected_minus_rct,-0.14298778438879756,0.00907906693430578,100
bounded,heterogeneity,200,1.0,2.0,spline5,RF,risk_at_0.0_0.0,0.19522481196871191,0.00695177066880881,100
bounded,heterogeneity,200,1.0,2.0,spline5,RF,risk_at_0.5_0.0,0.16610778456818603,0.005696615896765367,100
bounded,heterogeneity,200,1.0,2.0,spline5,RF,risk_at_0.0_0.5,0.07478148197254698,0.0016627921039500406,100
bounded,heterogeneity,200,1.0,2.0,spline5,RF,risk_at_0.5_0.5,0.06298203966123395,0.0012767798354591212,100
bounded,heterogeneity,200,1.0,2.0,spline5,domain_indicator_pool,risk_selected,0.006264729480165611,0.0003137448986803897,100
bounded,heterogeneity,200,1.0,2.0,spline5,domain_indicator_pool,risk_rct_only,0.18221078319321932,0.0065904231344664655,100
bounded,heterogeneity,200,1.0,2.0,spline5,experimental_grounding,risk_selected,0.1823301981109951,0.0065723700658121675,100
bounded,heterogeneity,200,1.0,2.0,spline5,experimental_grounding,risk_rct_only,0.18221078319321932,0.0065904231344664655,100
bounded,quality,200,0.0,1.0,spline3,DRF,risk_selected,0.04748944969369509,0.001361154436875955,100
bounded,quality,200,0.0,1.0,spline3,DRF,risk_rct_only,0.11585531103649296,0.004828406574055126,100
bounded,quality,200,0.0,1.0,spline3,DRF,risk_grid_oracle,0.04413352162671709,0.0012389878144719473,100
bounded,quality,200,0.0,1.0,spline3,DRF,risk_lambda_only,0.08751883371356581,0.003937386583136918,100
bounded,quality,200,0.0,1.0,spline3,DRF,risk_omega_only,0.06235859501748557,0.0018706268322099362,100
bounded,quality,200,0.0,1.0,spline3,DRF,regret,0.003355928066978011,0.0005331570605155991,100
bounded,quality,200,0.0,1.0,spline3,DRF,radius,183.05999290344013,2.856489275186539e-15,100
bounded,quality,200,0.0,1.0,spline3,DRF,regret_within_radius,1.0,0.0,100
bounded,quality,200,0.0,1.0,spline3,DRF,regret_over_radius,9.166197413621076e-06,1.456235882181059e-06,100
bounded,quality,200,0.0,1.0,spline3,DRF,selected_lambda,0.74,0.03674234614174767,100
bounded,quality,200,0.0,1.0,spline3,DRF,selected_omega,0.5925,0.0269808667710504,100
bounded,quality,200,0.0,1.0,spline3,DRF,oracle_sieve_lambda,0.9636349212129588,0.003631564229681197,100
bounded,quality,200,0.0,1.0,spline3,DRF,oracle_sieve_omega,0.051436297086857055,0.008701737339712861,100
bounded,quality,200,0.0,1.0,spline3,DRF,risk_selected_minus_rct,-0.0683658613427979,0.004690335107201787,100
bounded,quality,200,0.0,1.0,spline3,DRF,score_selected_minus_rct,-0.07943382762004668,0.006043211935045721,100
bounded,quality,200,0.0,1.0,spline3,DRF,a_p2,2.5165858675092016e-05,6.764963632582698e-08,100
bounded,quality,200,0.0,1.0,spline3,DRF,risk_at_0.0_0.0,0.11585531103649296,0.004828406574055126,100
bounded,quality,200,0.0,1.0,spline3,DRF,risk_at_0.5_0.0,0.09637634782922377,0.004400193366263299,100
bounded,quality,200,0.0,1.0,spline3,DRF,risk_at_0.0_0.5,0.061223198705998225,0.0017763626426182525,100
bounded,quality,200,0.0,1.0,spline3,DRF,risk_at_0.5_0.5,0.050137786540460604,0.0013416700338432595,100
bounded,quality,200,0.0,1.0,spline3,RF,risk_selected,0.04720568837210306,0.0012851984841028296,100
bounded,quality,200,0.0,1.0,spline3,RF,risk_rct_only,0.11901919032776105,0.004935809425275961,100
bounded,quality,200,0.0,1.0,spline3,RF,risk_grid_oracle,0.043391025659993074,0.001106521146252888,100
bounded,quality,200,0.0,1.0,spline3,RF,risk_lambda_only,0.09191100100630861,0.004062485547078002,100
bounded,quality,200,0.0,1.0,spline3,RF,risk_omega_only,0.05952044808827743,0.0016002424321823363,100
bounded,quality,200,0.0,1.0,spline3,RF,regret,0.0038146627121099846,0.0006638539789116477,100
bounded,quality,200,0.0,1.0,spline3,RF,radius,183.05999290344013,2.856489275186539e-15,100
bounded,quality,200,0.0,1.0,spline3,RF,regret_within_radius,1.0,0.0,100
bounded,quality,200,0.0,1.0,spline3,RF,regret_over_radius,1.0419160002158771e-05,1.8132142593871267e-06,100
bounded,quality,200,0.0,1.0,spline3,RF,selected_lambda,0.745,0.03535176763257355,100
bounded,quality,200,0.0,1.0,spline3,RF,selected_omega,0.605,0.02639540057883516,100
bounded,quality,200,0.0,1.0,spline3,RF,risk_selected_minus_rct,-0.07181350195565801,0.004861002077142439,100
bounded,quality,200,0.0,1.0,spline3,RF,score_selected_minus_rct,-0.08219033809657357,0.006306053908499766,100
bounded,quality,200,0.0,1.0,spline3,RF,risk_at_0.0_0.0,0.11901919032776105,0.004935809425275961,100
bounded,quality,200,0.0,1.0,spline3,RF,risk_at_0.5_0.0,0.1001189334535305,0.004519810743793167,100
bounded,quality,200,0.0,1.0,spline3,RF,risk_at_0.0_0.5,0.05868216776131738,0.0015619622730686012,100
bounded,quality,200,0.0,1.0,spline3,RF,risk_at_0.5_0.5,0.04875058647098124,0.001195707918296603,100
bounded,quality,200,0.0,1.0,spline3,domain_indicator_pool,risk_selected,0.005406753610871301,0.00027060590497975735,100
bounded,quality,200,0.0,1.0,spline3,domain_indicator_pool,risk_rct_only,0.11585531103649296,0.004828406574055126,100
bounded,quality,200,0.0,1.0,spline3,experimental_grounding,risk_selected,0.11609539503451445,0.004861793799253272,100
bounded,quality,200,0.0,1.0,spline3,experimental_grounding,risk_rct_only,0.11585531103649296,0.004828406574055126,100
bounded,quality,200,0.0,1.0,spline5,DRF,risk_selected,0.06337231319662202,0.0016130821923161758,100
bounded,quality,200,0.0,1.0,spline5,DRF,risk_rct_only,0.17922224665974673,0.007557926942217838,100
bounded,quality,200,0.0,1.0,spline5,DRF,risk_grid_oracle,0.05938069763709477,0.0014839005352036403,100
bounded,quality,200,0.0,1.0,spline5,DRF,risk_lambda_only,0.1417496696450137,0.0057504729660975236,100
bounded,quality,200,0.0,1.0,spline5,DRF,risk_omega_only,0.08003445569912321,0.002320288528524381,100
bounded,quality,200,0.0,1.0,spline5,DRF,regret,0.003991615559527264,0.0006572425113494319,100
bounded,quality,200,0.0,1.0,spline5,DRF,radius,183.05999290344013,2.856489275186539e-15,100
bounded,quality,200,0.0,1.0,spline5,DRF,regret_within_radius,1.0,0.0,100
bounded,quality,200,0.0,1.0,spline5,DRF,regret_over_radius,1.0902479280747997e-05,1.7951560603853837e-06,100
bounded,quality,200,0.0,1.0,spline5,DRF,selected_lambda,0.775,0.0338035022989744,100
bounded,quality,200,0.0,1.0,spline5,DRF,selected_omega,0.545,0.02201354036941717,100
bounded,quality,200,0.0,1.0,spline5,DRF,oracle_sieve_lambda,0.9654069917159599,0.0030524596464676745,100
bounded,quality,200,0.0,1.0,spline5,DRF,oracle_sieve_omega,0.044508448730161465,0.0067874412612352625,100
bounded,quality,200,0.0,1.0,spline5,DRF,risk_selected_minus_rct,-0.11584993346312476,0.007241950804479813,100
bounded,quality,200,0.0,1.0,spline5,DRF,score_selected_minus_rct,-0.13068557269450642,0.010389089852775351,100
bounded,quality,200,0.0,1.0,spline5,DRF,a_p2,2.5105478535496843e-05,2.7624857188449473e-08,100
bounded,quality,200,0.0,1.0,spline5,DRF,risk_at_0.0_0.0,0.17922224665974673,0.007557926942217838,100
bounded,quality,200,0.0,1.0,spline5,DRF,risk_at_0.5_0.0,0.1514368630978669,0.006418613346831453,100
bounded,quality,200,0.0,1.0,spline5,DRF,risk_at_0.0_0.5,0.07914112502413367,0.002260790004318119,100
bounded,quality,200,0.0,1.0,spline5,DRF,risk_at_0.5_0.5,0.0657671325700821,0.001674638697808269,100
bounded,quality,200,0.0,1.0,spline5,RF,risk_selected,0.06130305320984619,0.0015403231894354536,100
bounded,quality,200,0.0,1.0,spline5,RF,risk_rct_only,0.18769708675969224,0.007734026539875094,100
bounded,quality,200,0.0,1.0,spline5,RF,risk_grid_oracle,0.05768694830099407,0.0013712123691660837,100
bounded,quality,200,0.0,1.0,spline5,RF,risk_lambda_only,0.14766899050053742,0.005641897915818371,100
bounded,quality,200,0.0,1.0,spline5,RF,risk_omega_only,0.0765951162709295,0.0019128700798297607,100
bounded,quality,200,0.0,1.0,spline5,RF,regret,0.003616104908852122,0.0005858914961013302,100
bounded,quality,200,0.0,1.0,spline5,RF,radius,183.05999290344013,2.856489275186539e-15,100
bounded,quality,200,0.0,1.0,spline5,RF,regret_within_radius,1.0,0.0,100
bounded,quality,200,0.0,1.0,spline5,RF,regret_over_radius,9.876830135024455e-06,1.6002718202069803e-06,100
bounded,quality,200,0.0,1.0,spline5,RF,selected_lambda,0.7725,0.03199885572449064,100
bounded,quality,200,0.0,1.0,spline5,RF,selected_omega,0.5575,0.020675157102477387,100
bounded,quality,200,0.0,1.0,spline5,RF,risk_selected_minus_rct,-0.12639403354984607,0.0074261986671571,100
bounded,quality,200,0.0,1.0,spline5,RF,score_selected_minus_rct,-0.13934211977123245,0.01125630275969535,100
bounded,quality,200,0.0,1.0,spline5,RF,risk_at_0.0_0.0,0.18769708675969224,0.007734026539875094,100
bounded,quality,200,0.0,1.0,spline5,RF,risk_at_0.5_0.0,0.15927444706846072,0.006435890351776547,100
bounded,quality,200,0.0,1.0,spline5,RF,risk_at_0.0_0.5,0.07643041006328478,0.0018959803719103298,100
bounded,quality,200,0.0,1.0,spline5,RF,risk_at_0.5_0.5,0.06396660427921176,0.0014937602737508096,100
bounded,quality,200,0.0,1.0,spline5,domain_indicator_pool,risk_selected,0.006268130710247213,0.00029621626906756773,100
bounded,quality,200,0.0,1.0,spline5,domain_indicator_pool,risk_rct_only,0.17922224665974673,0.007557926942217838,100
bounded,quality,200,0.0,1.0,spline5,experimental_grounding,risk_selected,0.1796122811262671,0.007548286540448569,100
bounded,quality,200,0.0,1.0,spline5,experimental_grounding,risk_rct_only,0.17922224665974673,0.007557926942217838,100
bounded,quality,200,2.0,1.0,spline3,DRF,risk_selected,0.05145902562142205,0.0013730975375448313,100
bounded,quality,200,2.0,1.0,spline3,DRF,risk_rct_only,0.1090773216167617,0.004999608131182182,100
bounded,quality,200,2.0,1.0,spline3,DRF,risk_grid_oracle,0.04741521463522481,0.0013481320386770942,100
bounded,quality,200,2.0,1.0,spline3,DRF,risk_lambda_only,0.08813449677554713,0.0034584601649114747,100
bounded,quality,200,2.0,1.0,spline3,DRF,risk_omega_only,0.062654248547576,0.0019178053783801632,100
bounded,quality,200,2.0,1.0,spline3,DRF,regret,0.004043810986197239,0.0005365478392851678,100
bounded,quality,200,2.0,1.0,spline3,DRF,radius,183.05999290344013,2.856489275186539e-15,100
bounded,quality,200,2.0,1.0,spline3,DRF,regret_within_radius,1.0,0.0,100
bounded,quality,200,2.0,1.0,spline3,DRF,regret_over_radius,1.1045042999456069e-05,1.4654972688876488e-06,100
bounded,quality,200,2.0,1.0,spline3,DRF,selected_lambda,0.665,0.03662187346602596,100
bounded,quality,200,2.0,1.0,spline3,DRF,selected_omega,0.5575,0.024836587136844317,100
bounded,quality,200,2.0,1.0,spline3,DRF,oracle_sieve_lambda,0.9602550827587042,0.004583671697266483,100
bounded,quality,200,2.0,1.0,spline3,DRF,oracle_sieve_omega,0.010936627162782837,0.0015287455784115756,100
bounded,quality,200,2.0,1.0,spline3,DRF,risk_selected_minus_rct,-0.05761829599533966,0.00471095490278651,100
bounded,quality,200,2.0,1.0,spline3,DRF,score_selected_minus_rct,-0.06948334474272212,0.00505702633853162,100
bounded,quality,200,2.0,1.0,spline3,DRF,a_p2,2.5078067999267586e-05,1.873948626659435e-08,100
bounded,quality,200,2.0,1.0,spline3,DRF,risk_at_0.0_0.0,0.1090773216167617,0.004999608131182182,100
bounded,quality,200,2.0,1.0,spline3,DRF,risk_at_0.5_0.0,0.0937253119179899,0.003961982570841894,100
bounded,quality,200,2.0,1.0,spline3,DRF,risk_at_0.0_0.5,0.061245949196977206,0.0019647385832222003,100
bounded,quality,200,2.0,1.0,spline3,DRF,risk_at_0.5_0.5,0.052310158755490985,0.001498681436551905,100
bounded,quality,200,2.0,1.0,spline3,RF,risk_selected,0.05070404830748857,0.001360209726167749,100
bounded,quality,200,2.0,1.0,spline3,RF,risk_rct_only,0.11411267878187577,0.0050267868790847044,100
bounded,quality,200,2.0,1.0,spline3,RF,risk_grid_oracle,0.04657204674958995,0.0012520357097485415,100
bounded,quality,200,2.0,1.0,spline3,RF,risk_lambda_only,0.0932516794385318,0.0034968164024175566,100
bounded,quality,200,2.0,1.0,spline3,RF,risk_omega_only,0.061442913483665,0.0017822063341921244,100
bounded,quality,200,2.0,1.0,spline3,RF,regret,0.004132001557898598,0.0006436661394228905,100
bounded,quality,200,2.0,1.0,spline3,RF,radius,183.05999290344013,2.856489275186539e-15,100
bounded,quality,200,2.0,1.0,spline3,RF,regret_within_radius,1.0,0.0,100
bounded,quality,200,2.0,1.0,spline3,RF,regret_over_radius,1.1285921878294103e-05,1.7580743045325293e-06,100
bounded,quality,200,2.0,1.0,spline3,RF,selected_lambda,0.645,0.037969285832981724,100
bounded,quality,200,2.0,1.0,spline3,RF,selected_omega,0.5925,0.023477638189338703,100
bounded,quality,200,2.0,1.0,spline3,RF,risk_selected_minus_rct,-0.06340863047438722,0.004839444823091209,100
bounded,quality,200,2.0,1.0,spline3,RF,score_selected_minus_rct,-0.0732996254534842,0.004927748905386181,100
bounded,quality,200,2.0,1.0,spline3,RF,risk_at_0.0_0.0,0.11411267878187577,0.0050267868790847044,100
bounded,quality,200,2.0,1.0,spline3,RF,risk_at_0.5_0.0,0.0984297365218989,0.0040002094484364184,100
bounded,quality,200,2.0,1.0,spline3,RF,risk_at_0.0_0.5,0.05998232251372447,0.0017244498665304375,100
bounded,quality,200,2.0,1.0,spline3,RF,risk_at_0.5_0.5,0.05118596173515815,0.0013347207241407421,100
bounded,quality,200,2.0,1.0,spline3,domain_indicator_pool,risk_selected,0.00544226248897453,0.0004211016599691483,100
bounded,quality,200,2.0,1.0,spline3,domain_indicator_pool,risk_rct_only,0.1090773216167617,0.004999608131182182,100
bounded,quality,200,2.0,1.0,spline3,experimental_grounding,risk_selected,0.10930642187191697,0.005019638092678495,100
bounded,quality,200,2.0,1.0,spline3,experimental_grounding,risk_rct_only,0.1090773216167617,0.004999608131182182,100
bounded,quality,200,2.0,1.0,spline5,DRF,risk_selected,0.06347411158383333,0.0017605139392443477,100
bounded,quality,200,2.0,1.0,spline5,DRF,risk_rct_only,0.1627195566632715,0.004918148644093736,100
bounded,quality,200,2.0,1.0,spline5,DRF,risk_grid_oracle,0.0595662956537564,0.0016447351026727974,100
bounded,quality,200,2.0,1.0,spline5,DRF,risk_lambda_only,0.13013082209818663,0.003659475066995165,100
bounded,quality,200,2.0,1.0,spline5,DRF,risk_omega_only,0.08005421859054364,0.002354130307243669,100
bounded,quality,200,2.0,1.0,spline5,DRF,regret,0.003907815930076938,0.0005259356347705258,100
bounded,quality,200,2.0,1.0,spline5,DRF,radius,183.05999290344013,2.856489275186539e-15,100
bounded,quality,200,2.0,1.0,spline5,DRF,regret_within_radius,1.0,0.0,100
bounded,quality,200,2.0,1.0,spline5,DRF,regret_over_radius,1.0673593580160955e-05,1.4365116769340873e-06,100
bounded,quality,200,2.0,1.0,spline5,DRF,selected_lambda,0.7425,0.03435094429178583,100
bounded,quality,200,2.0,1.0,spline5,DRF,selected_omega,0.5525,0.02080907678797108,100
bounded,quality,200,2.0,1.0,spline5,DRF,oracle_sieve_lambda,0.9500782232090761,0.004617960639133374,100
bounded,quality,200,2.0,1.0,spline5,DRF,oracle_sieve_omega,0.010208658342144947,0.0016158087315621915,100
bounded,quality,200,2.0,1.0,spline5,DRF,risk_selected_minus_rct,-0.09924544507943817,0.004723044473299301,100
bounded,quality,200,2.0,1.0,spline5,DRF,score_selected_minus_rct,-0.10749739077134966,0.006145132714286567,100
bounded,quality,200,2.0,1.0,spline5,DRF,a_p2,2.505536999221976e-05,2.34628712695498e-08,100
bounded,quality,200,2.0,1.0,spline5,DRF,risk_at_0.0_0.0,0.1627195566632715,0.004918148644093736,100
bounded,quality,200,2.0,1.0,spline5,DRF,risk_at_0.5_0.0,0.1385259320085196,0.003916994628749606,100
bounded,quality,200,2.0,1.0,spline5,DRF,risk_at_0.0_0.5,0.07855991427914752,0.0022823294490060793,100
bounded,quality,200,2.0,1.0,spline5,DRF,risk_at_0.5_0.5,0.06563638370418667,0.0017919075543063555,100
bounded,quality,200,2.0,1.0,spline5,RF,risk_selected,0.06154532351194241,0.0015961817847295634,100
bounded,quality,200,2.0,1.0,spline5,RF,risk_rct_only,0.17176508878141278,0.00533859632590407,100
bounded,quality,200,2.0,1.0,spline5,RF,risk_grid_oracle,0.05767995143205837,0.001470315988172798,100
bounded,quality,200,2.0,1.0,spline5,RF,risk_lambda_only,0.13835953386676844,0.00404357129836948,100
bounded,quality,200,2.0,1.0,spline5,RF,risk_omega_only,0.07729672963988449,0.0021050436003720347,100
bounded,quality,200,2.0,1.0,spline5,RF,regret,0.00386537207988405,0.0004837691325060709,100
bounded,quality,200,2.0,1.0,spline5,RF,radius,183.05999290344013,2.856489275186539e-15,100
bounded,quality,200,2.0,1.0,spline5,RF,regret_within_radius,1.0,0.0,100
bounded,quality,200,2.0,1.0,spline5,RF,regret_over_radius,1.05576647813019e-05,1.321340410958193e-06,100
bounded,quality,200,2.0,1.0,spline5,RF,selected_lambda,0.745,0.033893028394308085,100
bounded,quality,200,2.0,1.0,spline5,RF,selected_omega,0.565,0.02090744394040582,100
bounded,quality,200,2.0,1.0,spline5,RF,risk_selected_minus_rct,-0.11021976526947035,0.00519367784039989,100
bounded,quality,200,2.0,1.0,spline5,RF,score_selected_minus_rct,-0.11949041281227446,0.006489754758587827,100
bounded,quality,200,2.0,1.0,spline5,RF,risk_at_0.0_0.0,0.17176508878141278,0.00533859632590407,100
bounded,quality,200,2.0,1.0,spline5,RF,risk_at_0.5_0.0,0.1469749902153475,0.0042785859656231506,100
bounded,quality,200,2.0,1.0,spline5,RF,risk_at_0.0_0.5,0.07631484603423129,0.002099443578385883,100
bounded,quality,200,2.0,1.0,spline5,RF,risk_at_0.5_0.5,0.06382114332907945,0.0016197411769003534,100
bounded,quality,200,2.0,1.0,spline5,domain_indicator_pool,risk_selected,0.005872046827976737,0.0003758486539720271,100
bounded,quality,200,2.0,1.0,spline5,domain_indicator_pool,risk_rct_only,0.1627195566632715,0.004918148644093736,100
bounded,quality,200,2.0,1.0,spline5,experimental_grounding,risk_selected,0.16289474551339647,0.004943084446825915,100
bounded,quality,200,2.0,1.0,spline5,experimental_grounding,risk_rct_only,0.1627195566632715,0.004918148644093736,100
bounded,rct_size,100,1.0,1.0,spline3,DRF,risk_selected,0.09389821369545336,0.002970809086644973,100
bounded,rct_size,100,1.0,1.0,spline3,DRF,risk_rct_only,0.45386805270670805,0.018293891024729614,100
bounded,rct_size,100,1.0,1.0,spline3,DRF,risk_grid_oracle,0.08314396254863196,0.002427950870602216,100
bounded,rct_size,100,1.0,1.0,spline3,DRF,risk_lambda_only,0.3057925536431809,0.012192144834521435,100
bounded,rct_size,100,1.0,1.0,spline3,DRF,risk_omega_only,0.1409596525810473,0.005038813680633926,100
bounded,rct_size,100,1.0,1.0,spline3,DRF,regret,0.010754251146821383,0.0016825110865222883,100
bounded,rct_size,100,1.0,1.0,spline3,DRF,radius,250.61246973681963,8.569467825559617e-15,100
bounded,rct_size,100,1.0,1.0,spline3,DRF,regret_within_radius,1.0,0.0,100
bounded,rct_size,100,1.0,1.0,spline3,DRF,regret_over_radius,2.145593784322654e-05,3.3567984232571817e-06,100
bounded,rct_size,100,1.0,1.0,spline3,DRF,selected_lambda,0.78,0.031837656377886284,100
bounded,rct_size,100,1.0,1.0,spline3,DRF,selected_omega,0.5325,0.024270934939311314,100
bounded,rct_size,100,1.0,1.0,spline3,DRF,oracle_sieve_lambda,0.9660273130345491,0.002890165453692959,100
bounded,rct_size,100,1.0,1.0,spline3,DRF,oracle_sieve_omega,0.02164173962993864,0.00278848471136695,100
bounded,rct_size,100,1.0,1.0,spline3,DRF,risk_selected_minus_rct,-0.3599698390112545,0.018164735771034685,100
bounded,rct_size,100,1.0,1.0,spline3,DRF,score_selected_minus_rct,-0.373681765728078,0.021553981906760885,100
bounded,rct_size,100,1.0,1.0,spline3,DRF,a_p2,2.601752634368006e-05,1.7255317568708162e-07,100
bounded,rct_size,100,1.0,1.0,spline3,DRF,risk_at_0.0_0.0,0.45386805270670805,0.018293891024729614,100
bounded,rct_size,100,1.0,1.0,spline3,DRF,risk_at_0.5_0.0,0.3496141642472354,0.013705393616950234,100
bounded,rct_size,100,1.0,1.0,spline3,DRF,risk_at_0.0_0.5,0.13532265757065176,0.004653106345254494,100
bounded,rct_size,100,1.0,1.0,spline3,DRF,risk_at_0.5_0.5,0.09976652835805588,0.0030855586230507407,100
bounded,rct_size,100,1.0,1.0,spline3,RF,risk_selected,0.09254175396453723,0.0031577544315284137,100
bounded,rct_size,100,1.0,1.0,spline3,RF,risk_rct_only,0.5007782264477723,0.0214313243886392,100
bounded,rct_size,100,1.0,1.0,spline3,RF,risk_grid_oracle,0.08035370701901928,0.0021162136770392663,100
bounded,rct_size,100,1.0,1.0,spline3,RF,risk_lambda_only,0.34166374750567163,0.014120097479744801,100
bounded,rct_size,100,1.0,1.0,spline3,RF,risk_omega_only,0.13573097628527875,0.004883241498962664,100
bounded,rct_size,100,1.0,1.0,spline3,RF,regret,0.012188046945517925,0.00220201960122392,100
bounded,rct_size,100,1.0,1.0,spline3,RF,radius,250.61246973681963,8.569467825559617e-15,100
bounded,rct_size,100,1.0,1.0,spline3,RF,regret_within_radius,1.0,0.0,100
bounded,rct_size,100,1.0,1.0,spline3,RF,regret_over_radius,2.431652135729158e-05,4.393276207557367e-06,100
bounded,rct_size,100,1.0,1.0,spline3,RF,selected_lambda,0.79,0.029881922510596487,100
bounded,rct_size,100,1.0,1.0,spline3,RF,selected_omega,0.5475,0.02529996806002695,100
bounded,rct_size,100,1.0,1.0,spline3,RF,risk_selected_minus_rct,-0.408236472483235,0.021578319427123606,100
bounded,rct_size,100,1.0,1.0,spline3,RF,score_selected_minus_rct,-0.41925978452649376,0.0253899198513023,100
bounded,rct_size,100,1.0,1.0,spline3,RF,risk_at_0.0_0.0,0.5007782264477723,0.0214313243886392,100
bounded,rct_size,100,1.0,1.0,spline3,RF,risk_at_0.5_0.0,0.39088602042244935,0.01625178755540657,100
bounded,rct_size,100,1.0,1.0,spline3,RF,risk_at_0.0_0.5,0.12938818835440624,0.004276795478605693,100
bounded,rct_size,100,1.0,1.0,spline3,RF,risk_at_0.5_0.5,0.09614187754893365,0.002731306231600123,100
bounded,rct_size,100,1.0,1.0,spline3,domain_indicator_pool,risk_selected,0.007363803305419685,0.0005815818410253709,100
bounded,rct_size,100,1.0,1.0,spline3,domain_indicator_pool,risk_rct_only,0.45386805270670805,0.018293891024729614,100
bounded,rct_size,100,1.0,1.0,spline3,experimental_grounding,risk_selected,0.4540783410820282,0.018241335589053217,100
bounded,rct_size,100,1.0,1.0,spline3,experimental_grounding,risk_rct_only,0.45386805270670805,0.018293891024729614,100
bounded,rct_size,100,1.0,1.0,spline5,DRF,risk_selected,0.10285832121176261,0.0029566243160893584,100
bounded,rct_size,100,1.0,1.0,spline5,DRF,risk_rct_only,0.6565760246343261,0.026870045014280742,100
bounded,rct_size,100,1.0,1.0,spline5,DRF,risk_grid_oracle,0.09235910303941727,0.0022475176870053047,100
bounded,rct_size,100,1.0,1.0,spline5,DRF,risk_lambda_only,0.4283566083572252,0.017547805541133877,100
bounded,rct_size,100,1.0,1.0,spline5,DRF,risk_omega_only,0.1534259592622477,0.005792679371880641,100
bounded,rct_size,100,1.0,1.0,spline5,DRF,regret,0.010499218172345358,0.0018183238756807115,100
bounded,rct_size,100,1.0,1.0,spline5,DRF,radius,250.61246973681963,8.569467825559617e-15,100
bounded,rct_size,100,1.0,1.0,spline5,DRF,regret_within_radius,1.0,0.0,100
bounded,rct_size,100,1.0,1.0,spline5,DRF,regret_over_radius,2.094711844021789e-05,3.6277601780753813e-06,100
bounded,rct_size,100,1.0,1.0,spline5,DRF,selected_lambda,0.745,0.031778113299069294,100
bounded,rct_size,100,1.0,1.0,spline5,DRF,selected_omega,0.56,0.01982244417142581,100
bounded,rct_size,100,1.0,1.0,spline5,DRF,oracle_sieve_lambda,0.9709531872373239,0.0028822299499015403,100
bounded,rct_size,100,1.0,1.0,spline5,DRF,oracle_sieve_omega,0.012924411230828305,0.0019234924910812568,100
bounded,rct_size,100,1.0,1.0,spline5,DRF,risk_selected_minus_rct,-0.5537177034225633,0.02596619448757137,100
bounded,rct_size,100,1.0,1.0,spline5,DRF,score_selected_minus_rct,-0.6008961883970558,0.032381037052936795,100
bounded,rct_size,100,1.0,1.0,spline5,DRF,a_p2,2.5762450805279037e-05,9.106018720294769e-08,100
bounded,rct_size,100,1.0,1.0,spline5,DRF,risk_at_0.0_0.0,0.6565760246343261,0.026870045014280742,100
bounded,rct_size,100,1.0,1.0,spline5,DRF,risk_at_0.5_0.0,0.5015449625575864,0.02029700199625149,100
bounded,rct_size,100,1.0,1.0,spline5,DRF,risk_at_0.0_0.5,0.15063631289368834,0.005820896134273539,100
bounded,rct_size,100,1.0,1.0,spline5,DRF,risk_at_0.5_0.5,0.10982503258859254,0.0032328553456420343,100
bounded,rct_size,100,1.0,1.0,spline5,RF,risk_selected,0.10223786842669588,0.0027922577192540047,100
bounded,rct_size,100,1.0,1.0,spline5,RF,risk_rct_only,0.6856183641272788,0.024663930335312577,100
bounded,rct_size,100,1.0,1.0,spline5,RF,risk_grid_oracle,0.09093382300711494,0.002056976942715175,100
bounded,rct_size,100,1.0,1.0,spline5,RF,risk_lambda_only,0.457768640662934,0.015853004333097324,100
bounded,rct_size,100,1.0,1.0,spline5,RF,risk_omega_only,0.1490488472797013,0.004900089157885055,100
bounded,rct_size,100,1.0,1.0,spline5,RF,regret,0.011304045419580943,0.0017923505510252292,100
bounded,rct_size,100,1.0,1.0,spline5,RF,radius,250.61246973681963,8.569467825559617e-15,100
bounded,rct_size,100,1.0,1.0,spline5,RF,regret_within_radius,1.0,0.0,100
bounded,rct_size,100,1.0,1.0,spline5,RF,regret_over_radius,2.2552839113416582e-05,3.5759404807499492e-06,100
bounded,rct_size,100,1.0,1.0,spline5,RF,selected_lambda,0.76,0.030134379171982424,100
bounded,rct_size,100,1.0,1.0,spline5,RF,selected_omega,0.57,0.0198097007151608,100
bounded,rct_size,100,1.0,1.0,spline5,RF,risk_selected_minus_rct,-0.5833804957005831,0.024390317665157625,100
bounded,rct_size,100,1.0,1.0,spline5,RF,score_selected_minus_rct,-0.6367391792208654,0.03522823924540974,100
bounded,rct_size,100,1.0,1.0,spline5,RF,risk_at_0.0_0.0,0.6856183641272788,0.024663930335312577,100
bounded,rct_size,100,1.0,1.0,spline5,RF,risk_at_0.5_0.0,0.5320307271426234,0.018641050701820608,100
bounded,rct_size,100,1.0,1.0,spline5,RF,risk_at_0.0_0.5,0.1455258916535425,0.004697278463747716,100
bounded,rct_size,100,1.0,1.0,spline5,RF,risk_at_0.5_0.5,0.10747875206117122,0.0027115990242325204,100
bounded,rct_size,100,1.0,1.0,spline5,domain_indicator_pool,risk_selected,0.008811137927668508,0.0005667081510054908,100
bounded,rct_size,100,1.0,1.0,spline5,domain_indicator_pool,risk_rct_only,0.6565760246343261,0.026870045014280742,100
bounded,rct_size,100,1.0,1.0,spline5,experimental_grounding,risk_selected,0.6576765942602257,0.026880540871542492,100
bounded,rct_size,100,1.0,1.0,spline5,experimental_grounding,risk_rct_only,0.6565760246343261,0.026870045014280742,100
bounded,rct_size,200,1.0,1.0,spline3,DRF,risk_selected,0.04588760475301792,0.001366211824564682,100
bounded,rct_size,200,1.0,1.0,spline3,DRF,risk_rct_only,0.11900671554404613,0.006087831233319228,100
bounded,rct_size,200,1.0,1.0,spline3,DRF,risk_grid_oracle,0.04296845682546244,0.0012965508470061972,100
bounded,rct_size,200,1.0,1.0,spline3,DRF,risk_lambda_only,0.08946527903620508,0.004349470544011768,100
bounded,rct_size,200,1.0,1.0,spline3,DRF,risk_omega_only,0.05991887537530764,0.0021134280342739566,100
bounded,rct_size,200,1.0,1.0,spline3,DRF,regret,0.0029191479275554677,0.00034732230320557974,100
bounded,rct_size,200,1.0,1.0,spline3,DRF,radius,183.05999290344013,2.856489275186539e-15,100
bounded,rct_size,200,1.0,1.0,spline3,DRF,regret_within_radius,1.0,0.0,100
bounded,rct_size,200,1.0,1.0,spline3,DRF,regret_over_radius,7.973200154922025e-06,9.486570432371427e-07,100
bounded,rct_size,200,1.0,1.0,spline3,DRF,selected_lambda,0.72,0.037315201224490835,100
bounded,rct_size,200,1.0,1.0,spline3,DRF,selected_omega,0.57,0.026371472189745976,100
bounded,rct_size,200,1.0,1.0,spline3,DRF,oracle_sieve_lambda,0.9546351236500152,0.004558395312239007,100
bounded,rct_size,200,1.0,1.0,spline3,DRF,oracle_sieve_omega,0.011600464488387545,0.0018319148041005616,100
bounded,rct_size,200,1.0,1.0,spline3,DRF,risk_selected_minus_rct,-0.07311911079102823,0.005604484090151072,100
bounded,rct_size,200,1.0,1.0,spline3,DRF,score_selected_minus_rct,-0.07829493976505154,0.005957851042219615,100
bounded,rct_size,200,1.0,1.0,spline3,DRF,a_p2,2.5132505712247045e-05,2.603219820737332e-08,100
bounded,rct_size,200,1.0,1.0,spline3,DRF,risk_at_0.0_0.0,0.11900671554404613,0.006087831233319228,100
bounded,rct_size,200,1.0,1.0,spline3,DRF,risk_at_0.5_0.0,0.09848147463277518,0.005079333297207523,100
bounded,rct_size,200,1.0,1.0,spline3,DRF,risk_at_0.0_0.5,0.059669116675097715,0.0020320699803311098,100
bounded,rct_size,200,1.0,1.0,spline3,DRF,risk_at_0.5_0.5,0.04901910154455856,0.0014794694425488268,100
bounded,rct_size,200,1.0,1.0,spline3,RF,risk_selected,0.04466366536105523,0.0012943923524872771,100
bounded,rct_size,200,1.0,1.0,spline3,RF,risk_rct_only,0.12499098449319972,0.006075159406764891,100
bounded,rct_size,200,1.0,1.0,spline3,RF,risk_grid_oracle,0.042125980236097836,0.0012133886297051146,100
bounded,rct_size,200,1.0,1.0,spline3,RF,risk_lambda_only,0.09492769848653484,0.004190896592327702,100
bounded,rct_size,200,1.0,1.0,spline3,RF,risk_omega_only,0.05777249219677815,0.00197925130947758,100
bounded,rct_size,200,1.0,1.0,spline3,RF,regret,0.0025376851249574012,0.0002985766790611435,100
bounded,rct_size,200,1.0,1.0,spline3,RF,radius,183.05999290344013,2.856489275186539e-15,100
bounded,rct_size,200,1.0,1.0,spline3,RF,regret_within_radius,1.0,0.0,100
bounded,rct_size,200,1.0,1.0,spline3,RF,regret_over_radius,6.931293628684804e-06,8.155159254775991e-07,100
bounded,rct_size,200,1.0,1.0,spline3,RF,selected_lambda,0.705,0.03733211578101178,100
bounded,rct_size,200,1.0,1.0,spline3,RF,selected_omega,0.61,0.024443296575436535,100
bounded,rct_size,200,1.0,1.0,spline3,RF,risk_selected_minus_rct,-0.08032731913214447,0.005699404691222812,100
bounded,rct_size,200,1.0,1.0,spline3,RF,score_selected_minus_rct,-0.08633380305617322,0.006511555850880304,100
bounded,rct_size,200,1.0,1.0,spline3,RF,risk_at_0.0_0.0,0.12499098449319972,0.006075159406764891,100
bounded,rct_size,200,1.0,1.0,spline3,RF,risk_at_0.5_0.0,0.10368891811530696,0.005005101587020823,100
bounded,rct_size,200,1.0,1.0,spline3,RF,risk_at_0.0_0.5,0.057744021255148735,0.0019106000773000003,100
bounded,rct_size,200,1.0,1.0,spline3,RF,risk_at_0.5_0.5,0.04803876389916981,0.0013799578937928013,100
bounded,rct_size,200,1.0,1.0,spline3,domain_indicator_pool,risk_selected,0.00561002176115476,0.0004429836227331143,100
bounded,rct_size,200,1.0,1.0,spline3,domain_indicator_pool,risk_rct_only,0.11900671554404613,0.006087831233319228,100
bounded,rct_size,200,1.0,1.0,spline3,experimental_grounding,risk_selected,0.11881910237626876,0.0060927712012229,100
bounded,rct_size,200,1.0,1.0,spline3,experimental_grounding,risk_rct_only,0.11900671554404613,0.006087831233319228,100
bounded,rct_size,200,1.0,1.0,spline5,DRF,risk_selected,0.0612540145883593,0.0015144181803603103,100
bounded,rct_size,200,1.0,1.0,spline5,DRF,risk_rct_only,0.175932637292133,0.006032684134707169,100
bounded,rct_size,200,1.0,1.0,spline5,DRF,risk_grid_oracle,0.058128834327885556,0.001467890360545626,100
bounded,rct_size,200,1.0,1.0,spline5,DRF,risk_lambda_only,0.13809970914588393,0.004619734122339972,100
bounded,rct_size,200,1.0,1.0,spline5,DRF,risk_omega_only,0.07763000439617966,0.0022836581015771755,100
bounded,rct_size,200,1.0,1.0,spline5,DRF,regret,0.0031251802604737545,0.0005043625463937851,100
bounded,rct_size,200,1.0,1.0,spline5,DRF,radius,183.05999290344013,2.856489275186539e-15,100
bounded,rct_size,200,1.0,1.0,spline5,DRF,regret_within_radius,1.0,0.0,100
bounded,rct_size,200,1.0,1.0,spline5,DRF,regret_over_radius,8.535945541422076e-06,1.3775881294276695e-06,100
bounded,rct_size,200,1.0,1.0,spline5,DRF,selected_lambda,0.7625,0.030019984925870546,100
bounded,rct_size,200,1.0,1.0,spline5,DRF,selected_omega,0.55,0.01978418917757666,100
bounded,rct_size,200,1.0,1.0,spline5,DRF,oracle_sieve_lambda,0.946314665449722,0.00487439943313192,100
bounded,rct_size,200,1.0,1.0,spline5,DRF,oracle_sieve_omega,0.015073172328695856,0.0022560967356686054,100
bounded,rct_size,200,1.0,1.0,spline5,DRF,risk_selected_minus_rct,-0.11467862270377367,0.00570906546021578,100
bounded,rct_size,200,1.0,1.0,spline5,DRF,score_selected_minus_rct,-0.12066965701800997,0.007914351222141437,100
bounded,rct_size,200,1.0,1.0,spline5,DRF,a_p2,2.509343361088469e-05,2.1276434357649455e-08,100
bounded,rct_size,200,1.0,1.0,spline5,DRF,risk_at_0.0_0.0,0.175932637292133,0.006032684134707169,100
bounded,rct_size,200,1.0,1.0,spline5,DRF,risk_at_0.5_0.0,0.14791551651839843,0.004880173130955703,100
bounded,rct_size,200,1.0,1.0,spline5,DRF,risk_at_0.0_0.5,0.07710268952092239,0.0022603595352003597,100
bounded,rct_size,200,1.0,1.0,spline5,DRF,risk_at_0.5_0.5,0.06401136817402797,0.001636055070543373,100
bounded,rct_size,200,1.0,1.0,spline5,RF,risk_selected,0.06054325774340116,0.0015224708390946646,100
bounded,rct_size,200,1.0,1.0,spline5,RF,risk_rct_only,0.17865599079127667,0.005687139185158475,100
bounded,rct_size,200,1.0,1.0,spline5,RF,risk_grid_oracle,0.05688528751122167,0.0013969978814873164,100
bounded,rct_size,200,1.0,1.0,spline5,RF,risk_lambda_only,0.14307133738780584,0.004523838138823703,100
bounded,rct_size,200,1.0,1.0,spline5,RF,risk_omega_only,0.07454117755266827,0.002021486388879539,100
bounded,rct_size,200,1.0,1.0,spline5,RF,regret,0.0036579702321795017,0.0007253976080641927,100
bounded,rct_size,200,1.0,1.0,spline5,RF,radius,183.05999290344013,2.856489275186539e-15,100
bounded,rct_size,200,1.0,1.0,spline5,RF,regret_within_radius,1.0,0.0,100
bounded,rct_size,200,1.0,1.0,spline5,RF,regret_over_radius,9.991178777410405e-06,1.9813111443930374e-06,100
bounded,rct_size,200,1.0,1.0,spline5,RF,selected_lambda,0.7575,0.03206980234148977,100
bounded,rct_size,200,1.0,1.0,spline5,RF,selected_omega,0.575,0.02146761714440114,100
bounded,rct_size,200,1.0,1.0,spline5,RF,risk_selected_minus_rct,-0.11811273304787547,0.005500046741012814,100
bounded,rct_size,200,1.0,1.0,spline5,RF,score_selected_minus_rct,-0.12584194096936363,0.008080993389653537,100
bounded,rct_size,200,1.0,1.0,spline5,RF,risk_at_0.0_0.0,0.17865599079127667,0.005687139185158475,100
bounded,rct_size,200,1.0,1.0,spline5,RF,risk_at_0.5_0.0,0.15215934340996087,0.004811221716650965,100
bounded,rct_size,200,1.0,1.0,spline5,RF,risk_at_0.0_0.5,0.07393152885860606,0.0019264253070304636,100
bounded,rct_size,200,1.0,1.0,spline5,RF,risk_at_0.5_0.5,0.06224260867964669,0.001454650088948608,100
bounded,rct_size,200,1.0,1.0,spline5,domain_indicator_pool,risk_selected,0.0059269381722610445,0.00028727259284842826,100
bounded,rct_size,200,1.0,1.0,spline5,domain_indicator_pool,risk_rct_only,0.175932637292133,0.006032684134707169,100
bounded,rct_size,200,1.0,1.0,spline5,experimental_grounding,risk_selected,0.17580071524000196,0.006061488500698311,100
bounded,rct_size,200,1.0,1.0,spline5,experimental_grounding,risk_rct_only,0.175932637292133,0.006032684134707169,100
bounded,rct_size,400,1.0,1.0,spline3,DRF,risk_selected,0.026507684788511496,0.0007566564263151642,100
bounded,rct_size,400,1.0,1.0,spline3,DRF,risk_rct_only,0.03876588434250666,0.0012446526571491877,100
bounded,rct_size,400,1.0,1.0,spline3,DRF,risk_grid_oracle,0.024957129684266364,0.0007324510266420481,100
bounded,rct_size,400,1.0,1.0,spline3,DRF,risk_lambda_only,0.034250366407533595,0.0011002707132057436,100
bounded,rct_size,400,1.0,1.0,spline3,DRF,risk_omega_only,0.029572402930058944,0.0008861786688790547,100
bounded,rct_size,400,1.0,1.0,spline3,DRF,regret,0.0015505551042451335,0.00018577615749785714,100
bounded,rct_size,400,1.0,1.0,spline3,DRF,radius,135.2931784486104,2.856489275186539e-15,100
bounded,rct_size,400,1.0,1.0,spline3,DRF,regret_within_radius,1.0,0.0,100
bounded,rct_size,400,1.0,1.0,spline3,DRF,regret_over_radius,5.730352121315909e-06,6.865688264113852e-07,100
bounded,rct_size,400,1.0,1.0,spline3,DRF,selected_lambda,0.6825,0.03841148160631036,100
bounded,rct_size,400,1.0,1.0,spline3,DRF,selected_omega,0.52,0.029015843808498688,100
bounded,rct_size,400,1.0,1.0,spline3,DRF,oracle_sieve_lambda,0.9144228474548478,0.0063146905466913246,100
bounded,rct_size,400,1.0,1.0,spline3,DRF,oracle_sieve_omega,0.011395716421486872,0.001644791392176357,100
bounded,rct_size,400,1.0,1.0,spline3,DRF,risk_selected_minus_rct,-0.012258199553995168,0.000905463753983334,100
bounded,rct_size,400,1.0,1.0,spline3,DRF,score_selected_minus_rct,-0.015049901261661893,0.001128679698417403,100
bounded,rct_size,400,1.0,1.0,spline3,DRF,a_p2,2.494753372044523e-05,3.5228644171755726e-09,100
bounded,rct_size,400,1.0,1.0,spline3,DRF,risk_at_0.0_0.0,0.03876588434250666,0.0012446526571491877,100
bounded,rct_size,400,1.0,1.0,spline3,DRF,risk_at_0.5_0.0,0.035364871586164026,0.0011726733445547755,100
bounded,rct_size,400,1.0,1.0,spline3,DRF,risk_at_0.0_0.5,0.029535219524767408,0.0008593526434804459,100
bounded,rct_size,400,1.0,1.0,spline3,DRF,risk_at_0.5_0.5,0.026854574898169586,0.0007803977150242821,100
bounded,rct_size,400,1.0,1.0,spline3,RF,risk_selected,0.026338336509473714,0.0007604508867571144,100
bounded,rct_size,400,1.0,1.0,spline3,RF,risk_rct_only,0.04038781598759899,0.0013313838696494087,100
bounded,rct_size,400,1.0,1.0,spline3,RF,risk_grid_oracle,0.024786549114129707,0.0007262843184452931,100
bounded,rct_size,400,1.0,1.0,spline3,RF,risk_lambda_only,0.035258650366228446,0.001190689222749343,100
bounded,rct_size,400,1.0,1.0,spline3,RF,risk_omega_only,0.029519861177859413,0.0008643609818913449,100
bounded,rct_size,400,1.0,1.0,spline3,RF,regret,0.0015517873953440132,0.0002035171654169052,100
bounded,rct_size,400,1.0,1.0,spline3,RF,radius,135.2931784486104,2.856489275186539e-15,100
bounded,rct_size,400,1.0,1.0,spline3,RF,regret_within_radius,1.0,0.0,100
bounded,rct_size,400,1.0,1.0,spline3,RF,regret_over_radius,5.734906272208844e-06,7.52133876040945e-07,100
bounded,rct_size,400,1.0,1.0,spline3,RF,selected_lambda,0.7325,0.0391279628238869,100
bounded,rct_size,400,1.0,1.0,spline3,RF,selected_omega,0.5025,0.02875686128052,100
bounded,rct_size,400,1.0,1.0,spline3,RF,risk_selected_minus_rct,-0.014049479478125276,0.0009887641036891613,100
bounded,rct_size,400,1.0,1.0,spline3,RF,score_selected_minus_rct,-0.01632234194141778,0.0011967820953168646,100
bounded,rct_size,400,1.0,1.0,spline3,RF,risk_at_0.0_0.0,0.04038781598759899,0.0013313838696494087,100
bounded,rct_size,400,1.0,1.0,spline3,RF,risk_at_0.5_0.0,0.03666914645095663,0.0012492681823312985,100
bounded,rct_size,400,1.0,1.0,spline3,RF,risk_at_0.0_0.5,0.02939855899909633,0.0008379251990164712,100
bounded,rct_size,400,1.0,1.0,spline3,RF,risk_at_0.5_0.5,0.026700975832458552,0.0007633786616286968,100
bounded,rct_size,400,1.0,1.0,spline3,domain_indicator_pool,risk_selected,0.003965909240747976,0.00020401202197249977,100
bounded,rct_size,400,1.0,1.0,spline3,domain_indicator_pool,risk_rct_only,0.03876588434250666,0.0012446526571491877,100
bounded,rct_size,400,1.0,1.0,spline3,experimental_grounding,risk_selected,0.03881199708759243,0.00123496964033783,100
bounded,rct_size,400,1.0,1.0,spline3,experimental_grounding,risk_rct_only,0.03876588434250666,0.0012446526571491877,100
bounded,rct_size,400,1.0,1.0,spline5,DRF,risk_selected,0.03502399125421657,0.0008647961953154008,100
bounded,rct_size,400,1.0,1.0,spline5,DRF,risk_rct_only,0.05683708319358804,0.0016287278054937366,100
bounded,rct_size,400,1.0,1.0,spline5,DRF,risk_grid_oracle,0.033079260579036505,0.0007465497069398227,100
bounded,rct_size,400,1.0,1.0,spline5,DRF,risk_lambda_only,0.04943576444154393,0.0014652472792447027,100
bounded,rct_size,400,1.0,1.0,spline5,DRF,risk_omega_only,0.04023777963816681,0.0010030312584998564,100
bounded,rct_size,400,1.0,1.0,spline5,DRF,regret,0.0019447306751800772,0.0003479683348902139,100
bounded,rct_size,400,1.0,1.0,spline5,DRF,radius,135.2931784486104,2.856489275186539e-15,100
bounded,rct_size,400,1.0,1.0,spline5,DRF,regret_within_radius,1.0,0.0,100
bounded,rct_size,400,1.0,1.0,spline5,DRF,regret_over_radius,7.187098039531835e-06,1.2859788604285976e-06,100
bounded,rct_size,400,1.0,1.0,spline5,DRF,selected_lambda,0.6925,0.03707333028177827,100
bounded,rct_size,400,1.0,1.0,spline5,DRF,selected_omega,0.52,0.027219645311963397,100
bounded,rct_size,400,1.0,1.0,spline5,DRF,oracle_sieve_lambda,0.9113384457462089,0.007085912175369806,100
bounded,rct_size,400,1.0,1.0,spline5,DRF,oracle_sieve_omega,0.012599135819483943,0.00150035758376606,100
bounded,rct_size,400,1.0,1.0,spline5,DRF,risk_selected_minus_rct,-0.021813091939371462,0.0014176233813968375,100
bounded,rct_size,400,1.0,1.0,spline5,DRF,score_selected_minus_rct,-0.02429518827603383,0.0015550136178763903,100
bounded,rct_size,400,1.0,1.0,spline5,DRF,a_p2,2.4945748918361573e-05,3.2487017403731412e-09,100
bounded,rct_size,400,1.0,1.0,spline5,DRF,risk_at_0.0_0.0,0.05683708319358804,0.0016287278054937366,100
bounded,rct_size,400,1.0,1.0,spline5,DRF,risk_at_0.5_0.0,0.0513353864466384,0.0014903631431868458,100
bounded,rct_size,400,1.0,1.0,spline5,DRF,risk_at_0.0_0.5,0.039772224131502124,0.0009715624615551086,100
bounded,rct_size,400,1.0,1.0,spline5,DRF,risk_at_0.5_0.5,0.035797128028401765,0.0008167546997259996,100
bounded,rct_size,400,1.0,1.0,spline5,RF,risk_selected,0.03447411534996478,0.0007616222356930101,100
bounded,rct_size,400,1.0,1.0,spline5,RF,risk_rct_only,0.058249319246053845,0.001624597859683077,100
bounded,rct_size,400,1.0,1.0,spline5,RF,risk_grid_oracle,0.032759751131122734,0.000688888620222743,100
bounded,rct_size,400,1.0,1.0,spline5,RF,risk_lambda_only,0.05094278395638656,0.0014389232414437681,100
bounded,rct_size,400,1.0,1.0,spline5,RF,risk_omega_only,0.03890072547845016,0.0008926879256214071,100
bounded,rct_size,400,1.0,1.0,spline5,RF,regret,0.0017143642188420386,0.00026558194749270076,100
bounded,rct_size,400,1.0,1.0,spline5,RF,radius,135.2931784486104,2.856489275186539e-15,100
bounded,rct_size,400,1.0,1.0,spline5,RF,regret_within_radius,1.0,0.0,100
bounded,rct_size,400,1.0,1.0,spline5,RF,regret_over_radius,6.335737834310768e-06,9.815053151167524e-07,100
bounded,rct_size,400,1.0,1.0,spline5,RF,selected_lambda,0.6975,0.037317738896718224,100
bounded,rct_size,400,1.0,1.0,spline5,RF,selected_omega,0.535,0.023841861157098104,100
bounded,rct_size,400,1.0,1.0,spline5,RF,risk_selected_minus_rct,-0.02377520389608907,0.001507434971612201,100
bounded,rct_size,400,1.0,1.0,spline5,RF,score_selected_minus_rct,-0.026540270400966418,0.0017242226440005223,100
bounded,rct_size,400,1.0,1.0,spline5,RF,risk_at_0.0_0.0,0.058249319246053845,0.001624597859683077,100
bounded,rct_size,400,1.0,1.0,spline5,RF,risk_at_0.5_0.0,0.052828012270914486,0.0014870442561674252,100
bounded,rct_size,400,1.0,1.0,spline5,RF,risk_at_0.0_0.5,0.03857731863166355,0.0008783640202820348,100
bounded,rct_size,400,1.0,1.0,spline5,RF,risk_at_0.5_0.5,0.03510577973108717,0.0007649321513921225,100
bounded,rct_size,400,1.0,1.0,spline5,domain_indicator_pool,risk_selected,0.0049838774529578625,0.00018938388874278986,100
bounded,rct_size,400,1.0,1.0,spline5,domain_indicator_pool,risk_rct_only,0.05683708319358804,0.0016287278054937366,100
bounded,rct_size,400,1.0,1.0,spline5,experimental_grounding,risk_selected,0.05677875297552377,0.0015951122121033439,100
bounded,rct_size,400,1.0,1.0,spline5,experimental_grounding,risk_rct_only,0.05683708319358804,0.0016287278054937366,100
scm1,heterogeneity,200,1.0,2.0,spline3,DRF,risk_selected,1.699197216873683,0.05752720067297991,100
scm1,heterogeneity,200,1.0,2.0,spline3,DRF,risk_rct_only,4.4011757289984885,0.2579656743004623,100
scm1,heterogeneity,200,1.0,2.0,spline3,DRF,risk_grid_oracle,1.4932278281114668,0.04469774576964554,100
scm1,heterogeneity,200,1.0,2.0,spline3,DRF,risk_lambda_only,3.5557143899595633,0.2077009104110191,100
scm1,heterogeneity,200,1.0,2.0,spline3,DRF,risk_omega_only,2.1287664955414094,0.07161885461110978,100
scm1,heterogeneity,200,1.0,2.0,spline3,DRF,regret,0.20596938876221646,0.040118940483063366,100
scm1,heterogeneity,200,1.0,2.0,spline3,DRF,selected_lambda,0.6875,0.03766797396497803,100
scm1,heterogeneity,200,1.0,2.0,spline3,DRF,selected_omega,0.5825,0.029313483297457216,100
scm1,heterogeneity,200,1.0,2.0,spline3,DRF,oracle_sieve_lambda,0.9633936967900343,0.0034647258249372766,100
scm1,heterogeneity,200,1.0,2.0,spline3,DRF,oracle_sieve_omega,0.522995082923636,0.010060786278837674,100
scm1,heterogeneity,200,1.0,2.0,spline3,DRF,risk_selected_minus_rct,-2.701978512124804,0.2566287640825535,100
scm1,heterogeneity,200,1.0,2.0,spline3,DRF,score_selected_minus_rct,-3.0654885429398253,0.30742466528492396,100
scm1,heterogeneity,200,1.0,2.0,spline3,DRF,a_p2,0.09488633363596925,0.0007360948772091562,100
scm1,heterogeneity,200,1.0,2.0,spline3,DRF,risk_at_0.0_0.0,4.4011757289984885,0.2579656743004623,100
scm1,heterogeneity,200,1.0,2.0,spline3,DRF,risk_at_0.5_0.0,3.724818398199777,0.21915064462931513,100
scm1,heterogeneity,200,1.0,2.0,spline3,DRF,risk_at_0.0_0.5,2.0572765604132375,0.065744916234155,100
scm1,heterogeneity,200,1.0,2.0,spline3,DRF,risk_at_0.5_0.5,1.6741344035195593,0.04865686940126885,100
scm1,heterogeneity,200,1.0,2.0,spline3,RF,risk_selected,1.6399660196920771,0.0512760585885508,100
scm1,heterogeneity,200,1.0,2.0,spline3,RF,risk_rct_only,4.6469333458277395,0.28577766306139596,100
scm1,heterogeneity,200,1.0,2.0,spline3,RF,risk_grid_oracle,1.4614323889585712,0.03963308603721906,100
scm1,heterogeneity,200,1.0,2.0,spline3,RF,risk_lambda_only,3.6509154239289954,0.19329870301100976,100
scm1,heterogeneity,200,1.0,2.0,spline3,RF,risk_omega_only,2.066013098997892,0.06728890450177455,100
scm1,heterogeneity,200,1.0,2.0,spline3,RF,regret,0.17853363073350612,0.03558035642921632,100
scm1,heterogeneity,200,1.0,2.0,spline3,RF,selected_lambda,0.7075,0.0367655347500148,100
scm1,heterogeneity,200,1.0,2.0,spline3,RF,selected_omega,0.6075,0.027582520815644364,100
scm1,heterogeneity,200,1.0,2.0,spline3,RF,risk_selected_minus_rct,-3.0069673261356633,0.2862253917042502,100
scm1,heterogeneity,200,1.0,2.0,spline3,RF,score_selected_minus_rct,-3.443931237275463,0.4076333640341863,100
scm1,heterogeneity,200,1.0,2.0,spline3,RF,risk_at_0.0_0.0,4.6469333458277395,0.28577766306139596,100
scm1,heterogeneity,200,1.0,2.0,spline3,RF,risk_at_0.5_0.0,3.884070498358723,0.22655429541202646,100
scm1,heterogeneity,200,1.0,2.0,spline3,RF,risk_at_0.0_0.5,2.0182138954490454,0.05813007084946594,100
scm1,heterogeneity,200,1.0,2.0,spline3,RF,risk_at_0.5_0.5,1.644526871371441,0.042352234420652904,100
scm1,heterogeneity,200,1.0,2.0,spline3,domain_indicator_pool,risk_selected,0.25458109513636584,0.009395864943705892,100
scm1,heterogeneity,200,1.0,2.0,spline3,domain_indicator_pool,risk_rct_only,4.4011757289984885,0.2579656743004623,100
scm1,heterogeneity,200,1.0,2.0,spline3,experimental_grounding,risk_selected,4.295737371744504,0.24421495513128838,100
scm1,heterogeneity,200,1.0,2.0,spline3,experimental_grounding,risk_rct_only,4.4011757289984885,0.2579656743004623,100
scm1,heterogeneity,200,1.0,2.0,spline5,DRF,risk_selected,1.9830966178341334,0.06189430257654287,100
scm1,heterogeneity,200,1.0,2.0,spline5,DRF,risk_rct_only,6.84031670812165,0.3459900612822854,100
scm1,heterogeneity,200,1.0,2.0,spline5,DRF,risk_grid_oracle,1.8076003092493014,0.05674474735497368,100
scm1,heterogeneity,200,1.0,2.0,spline5,DRF,risk_lambda_only,4.8988458294603205,0.20298805841403275,100
scm1,heterogeneity,200,1.0,2.0,spline5,DRF,risk_omega_only,2.624106790282943,0.09020335411801944,100
scm1,heterogeneity,200,1.0,2.0,spline5,DRF,regret,0.1754963085848321,0.02338262592459168,100
scm1,heterogeneity,200,1.0,2.0,spline5,DRF,selected_lambda,0.76,0.03216121008829479,100
scm1,heterogeneity,200,1.0,2.0,spline5,DRF,selected_omega,0.585,0.024674650632549668,100
scm1,heterogeneity,200,1.0,2.0,spline5,DRF,oracle_sieve_lambda,0.9639271665605985,0.0036662061043595574,100
scm1,heterogeneity,200,1.0,2.0,spline5,DRF,oracle_sieve_omega,0.5065956953023547,0.009019140784286514,100
scm1,heterogeneity,200,1.0,2.0,spline5,DRF,risk_selected_minus_rct,-4.857220090287518,0.32605411032096565,100
scm1,heterogeneity,200,1.0,2.0,spline5,DRF,score_selected_minus_rct,-5.879547508193979,0.5367449809650148,100
scm1,heterogeneity,200,1.0,2.0,spline5,DRF,a_p2,0.09406397289822613,0.0005228757927142364,100
scm1,heterogeneity,200,1.0,2.0,spline5,DRF,risk_at_0.0_0.0,6.84031670812165,0.3459900612822854,100
scm1,heterogeneity,200,1.0,2.0,spline5,DRF,risk_at_0.5_0.0,5.4875720905070065,0.24384377451736045,100
scm1,heterogeneity,200,1.0,2.0,spline5,DRF,risk_at_0.0_0.5,2.584211348327281,0.09036120531174359,100
scm1,heterogeneity,200,1.0,2.0,spline5,DRF,risk_at_0.5_0.5,2.0452840621062456,0.06026181629613454,100
scm1,heterogeneity,200,1.0,2.0,spline5,RF,risk_selected,1.96533755998384,0.05994384170350229,100
scm1,heterogeneity,200,1.0,2.0,spline5,RF,risk_rct_only,6.663973893857299,0.33027760366598957,100
scm1,heterogeneity,200,1.0,2.0,spline5,RF,risk_grid_oracle,1.7643281776577466,0.05217105039118469,100
scm1,heterogeneity,200,1.0,2.0,spline5,RF,risk_lambda_only,4.949906043714128,0.2048872611050287,100
scm1,heterogeneity,200,1.0,2.0,spline5,RF,risk_omega_only,2.5419614346875967,0.08379214549094065,100
scm1,heterogeneity,200,1.0,2.0,spline5,RF,regret,0.2010093823260937,0.03937980529590833,100
scm1,heterogeneity,200,1.0,2.0,spline5,RF,selected_lambda,0.7775,0.03156182805065305,100
scm1,heterogeneity,200,1.0,2.0,spline5,RF,selected_omega,0.5825,0.02463239839124584,100
scm1,heterogeneity,200,1.0,2.0,spline5,RF,risk_selected_minus_rct,-4.698636333873459,0.3210385430194645,100
scm1,heterogeneity,200,1.0,2.0,spline5,RF,score_selected_minus_rct,-5.6831537563718335,0.4816228559779131,100
scm1,heterogeneity,200,1.0,2.0,spline5,RF,risk_at_0.0_0.0,6.663973893857299,0.33027760366598957,100
scm1,heterogeneity,200,1.0,2.0,spline5,RF,risk_at_0.5_0.0,5.450085860191541,0.24586683787400093,100
scm1,heterogeneity,200,1.0,2.0,spline5,RF,risk_at_0.0_0.5,2.4487618543168095,0.0738952964919988,100
scm1,heterogeneity,200,1.0,2.0,spline5,RF,risk_at_0.5_0.5,1.96853905086614,0.05495359420817,100
scm1,heterogeneity,200,1.0,2.0,spline5,domain_indicator_pool,risk_selected,0.2822284500314547,0.0088713154837269,100
scm1,heterogeneity,200,1.0,2.0,spline5,domain_indicator_pool,risk_rct_only,6.84031670812165,0.3459900612822854,100
scm1,heterogeneity,200,1.0,2.0,spline5,experimental_grounding,risk_selected,6.847007653075261,0.35518966256961454,100
scm1,heterogeneity,200,1.0,2.0,spline5,experimental_grounding,risk_rct_only,6.84031670812165,0.3459900612822854,100
scm1,quality,200,0.0,1.0,spline3,DRF,risk_selected,1.4250847770701538,0.05039266603387541,100
scm1,quality,200,0.0,1.0,spline3,DRF,risk_rct_only,3.8336013067542045,0.1987487867314425,100
scm1,quality,200,0.0,1.0,spline3,DRF,risk_grid_oracle,1.287404361639802,0.04105115047240747,100
scm1,quality,200,0.0,1.0,spline3,DRF,risk_lambda_only,2.692164040913411,0.10180192963682852,100
scm1,quality,200,0.0,1.0,spline3,DRF,risk_omega_only,1.972406964913905,0.08157571814299641,100
scm1,quality,200,0.0,1.0,spline3,DRF,regret,0.13768041543035173,0.025215032304095046,100
scm1,quality,200,0.0,1.0,spline3,DRF,selected_lambda,0.755,0.0346300797608441,100
scm1,quality,200,0.0,1.0,spline3,DRF,selected_omega,0.545,0.027611116192101638,100
scm1,quality,200,0.0,1.0,spline3,DRF,oracle_sieve_lambda,0.9645544224667562,0.0038173729265244148,100
scm1,quality,200,0.0,1.0,spline3,DRF,oracle_sieve_omega,0.4726554756968511,0.018308420676494273,100
scm1,quality,200,0.0,1.0,spline3,DRF,risk_selected_minus_rct,-2.408516529684051,0.18779906395110263,100
scm1,quality,200,0.0,1.0,spline3,DRF,score_selected_minus_rct,-2.5854485069779973,0.2533166645787234,100
scm1,quality,200,0.0,1.0,spline3,DRF,a_p2,0.02387063053932784,0.00012091366545029117,100
scm1,quality,200,0.0,1.0,spline3,DRF,risk_at_0.0_0.0,3.8336013067542045,0.1987487867314425,100
scm1,quality,200,0.0,1.0,spline3,DRF,risk_at_0.5_0.0,3.040889750869925,0.12870223387232468,100
scm1,quality,200,0.0,1.0,spline3,DRF,risk_at_0.0_0.5,1.872257883398392,0.07199362275802772,100
scm1,quality,200,0.0,1.0,spline3,DRF,risk_at_0.5_0.5,1.4876337600208307,0.04804626557362003,100
scm1,quality,200,0.0,1.0,spline3,RF,risk_selected,1.3805449041111655,0.043680093873466275,100
scm1,quality,200,0.0,1.0,spline3,RF,risk_rct_only,4.218612637200219,0.21091945633153913,100
scm1,quality,200,0.0,1.0,spline3,RF,risk_grid_oracle,1.2612992214751553,0.03756486450728615,100
scm1,quality,200,0.0,1.0,spline3,RF,risk_lambda_only,2.9053226166018846,0.10744899236539385,100
scm1,quality,200,0.0,1.0,spline3,RF,risk_omega_only,1.9068332694988075,0.06439876327101042,100
scm1,quality,200,0.0,1.0,spline3,RF,regret,0.11924568263601026,0.023332014274804337,100
scm1,quality,200,0.0,1.0,spline3,RF,selected_lambda,0.77,0.03565406177719617,100
scm1,quality,200,0.0,1.0,spline3,RF,selected_omega,0.5675,0.02771950959380797,100
scm1,quality,200,0.0,1.0,spline3,RF,risk_selected_minus_rct,-2.838067733089053,0.19957854480421472,100
scm1,quality,200,0.0,1.0,spline3,RF,score_selected_minus_rct,-3.0128064480513093,0.25809739276560945,100
scm1,quality,200,0.0,1.0,spline3,RF,risk_at_0.0_0.0,4.218612637200219,0.21091945633153913,100
scm1,quality,200,0.0,1.0,spline3,RF,risk_at_0.5_0.0,3.278619095779181,0.1344087689240781,100
scm1,quality,200,0.0,1.0,spline3,RF,risk_at_0.0_0.5,1.8366263392432975,0.05632229667709342,100
scm1,quality,200,0.0,1.0,spline3,RF,risk_at_0.5_0.5,1.4572127143969993,0.04083254628643026,100
scm1,quality,200,0.0,1.0,spline3,domain_indicator_pool,risk_selected,0.19070760807066167,0.011651497159886202,100
scm1,quality,200,0.0,1.0,spline3,domain_indicator_pool,risk_rct_only,3.8336013067542045,0.1987487867314425,100
scm1,quality,200,0.0,1.0,spline3,experimental_grounding,risk_selected,3.8473205026782415,0.19695909543101878,100
scm1,quality,200,0.0,1.0,spline3,experimental_grounding,risk_rct_only,3.8336013067542045,0.1987487867314425,100
scm1,quality,200,0.0,1.0,spline5,DRF,risk_selected,1.7861504039843987,0.051606276954441796,100
scm1,quality,200,0.0,1.0,spline5,DRF,risk_rct_only,5.828693664107776,0.245109184849786,100
scm1,quality,200,0.0,1.0,spline5,DRF,risk_grid_oracle,1.6779925455823874,0.049324810941201044,100
scm1,quality,200,0.0,1.0,spline5,DRF,risk_lambda_only,4.412366184137515,0.21016135491647198,100
scm1,quality,200,0.0,1.0,spline5,DRF,risk_omega_only,2.3861643859735913,0.07211882003739259,100
scm1,quality,200,0.0,1.0,spline5,DRF,regret,0.10815785840201128,0.016486376862558473,100
scm1,quality,200,0.0,1.0,spline5,DRF,selected_lambda,0.75,0.034082490543036345,100
scm1,quality,200,0.0,1.0,spline5,DRF,selected_omega,0.5825,0.022206275844199697,100
scm1,quality,200,0.0,1.0,spline5,DRF,oracle_sieve_lambda,0.9720456685537896,0.0033881991913507713,100
scm1,quality,200,0.0,1.0,spline5,DRF,oracle_sieve_omega,0.4076734620831894,0.018734441866173873,100
scm1,quality,200,0.0,1.0,spline5,DRF,risk_selected_minus_rct,-4.042543260123378,0.23212725835787845,100
scm1,quality,200,0.0,1.0,spline5,DRF,score_selected_minus_rct,-4.219957948329718,0.3138595393266445,100
scm1,quality,200,0.0,1.0,spline5,DRF,a_p2,0.023877195300241554,0.00017620181590202944,100
scm1,quality,200,0.0,1.0,spline5,DRF,risk_at_0.0_0.0,5.828693664107776,0.245109184849786,100
scm1,quality,200,0.0,1.0,spline5,DRF,risk_at_0.5_0.0,4.8335751741963655,0.21586480366171226,100
scm1,quality,200,0.0,1.0,spline5,DRF,risk_at_0.0_0.5,2.3679964246048795,0.0709621864938049,100
scm1,quality,200,0.0,1.0,spline5,DRF,risk_at_0.5_0.5,1.8990874241753755,0.05316348718023108,100
scm1,quality,200,0.0,1.0,spline5,RF,risk_selected,1.7219382203766724,0.04032949181005509,100
scm1,quality,200,0.0,1.0,spline5,RF,risk_rct_only,6.320847871187895,0.2909494040517468,100
scm1,quality,200,0.0,1.0,spline5,RF,risk_grid_oracle,1.6272747199489694,0.040157121133347,100
scm1,quality,200,0.0,1.0,spline5,RF,risk_lambda_only,4.589707339221781,0.20429438609527314,100
scm1,quality,200,0.0,1.0,spline5,RF,risk_omega_only,2.315208951514844,0.06859479892913588,100
scm1,quality,200,0.0,1.0,spline5,RF,regret,0.09466350042770308,0.013527730611932746,100
scm1,quality,200,0.0,1.0,spline5,RF,selected_lambda,0.76,0.03388185056899635,100
scm1,quality,200,0.0,1.0,spline5,RF,selected_omega,0.5825,0.0216302140908536,100
scm1,quality,200,0.0,1.0,spline5,RF,risk_selected_minus_rct,-4.598909650811222,0.2829116946208661,100
scm1,quality,200,0.0,1.0,spline5,RF,score_selected_minus_rct,-4.848217297330896,0.40580108497979933,100
scm1,quality,200,0.0,1.0,spline5,RF,risk_at_0.0_0.0,6.320847871187895,0.2909494040517468,100
scm1,quality,200,0.0,1.0,spline5,RF,risk_at_0.5_0.0,5.148072633029558,0.22301313130010078,100
scm1,quality,200,0.0,1.0,spline5,RF,risk_at_0.0_0.5,2.2976575314327605,0.06866766331797268,100
scm1,quality,200,0.0,1.0,spline5,RF,risk_at_0.5_0.5,1.8439810618448627,0.04622484337286312,100
scm1,quality,200,0.0,1.0,spline5,domain_indicator_pool,risk_selected,0.2156077610823053,0.009342676733021684,100
scm1,quality,200,0.0,1.0,spline5,domain_indicator_pool,risk_rct_only,5.828693664107776,0.245109184849786,100
scm1,quality,200,0.0,1.0,spline5,experimental_grounding,risk_selected,5.811409107039605,0.2462580252616186,100
scm1,quality,200,0.0,1.0,spline5,experimental_grounding,risk_rct_only,5.828693664107776,0.245109184849786,100
scm1,quality,200,2.0,1.0,spline3,DRF,risk_selected,1.5423069832296763,0.050570707599991827,100
scm1,quality,200,2.0,1.0,spline3,DRF,risk_rct_only,3.784139213049374,0.1485687340268076,100
scm1,quality,200,2.0,1.0,spline3,DRF,risk_grid_oracle,1.3845512731622307,0.04684841679106198,100
scm1,quality,200,2.0,1.0,spline3,DRF,risk_lambda_only,2.855311419318558,0.11338924969359003,100
scm1,quality,200,2.0,1.0,spline3,DRF,risk_omega_only,2.0775339999039897,0.0832816389483452,100
scm1,quality,200,2.0,1.0,spline3,DRF,regret,0.15775571006744601,0.028415996206661187,100
scm1,quality,200,2.0,1.0,spline3,DRF,selected_lambda,0.7075,0.03761430390936217,100
scm1,quality,200,2.0,1.0,spline3,DRF,selected_omega,0.505,0.02634752206929371,100
scm1,quality,200,2.0,1.0,spline3,DRF,oracle_sieve_lambda,0.9589527895756078,0.0038301327731618583,100
scm1,quality,200,2.0,1.0,spline3,DRF,oracle_sieve_omega,0.1270408555267356,0.007093460205788163,100
scm1,quality,200,2.0,1.0,spline3,DRF,risk_selected_minus_rct,-2.241832229819697,0.13755914014380388,100
scm1,quality,200,2.0,1.0,spline3,DRF,score_selected_minus_rct,-2.380170444744073,0.2173981752534701,100
scm1,quality,200,2.0,1.0,spline3,DRF,a_p2,0.023693201094990846,0.0001191583685614163,100
scm1,quality,200,2.0,1.0,spline3,DRF,risk_at_0.0_0.0,3.784139213049374,0.1485687340268076,100
scm1,quality,200,2.0,1.0,spline3,DRF,risk_at_0.5_0.0,3.054419577586764,0.11612398109533748,100
scm1,quality,200,2.0,1.0,spline3,DRF,risk_at_0.0_0.5,2.036245263406789,0.08764587265400962,100
scm1,quality,200,2.0,1.0,spline3,DRF,risk_at_0.5_0.5,1.582052734867674,0.05608063878029466,100
scm1,quality,200,2.0,1.0,spline3,RF,risk_selected,1.5351016115518317,0.04752451852282715,100
scm1,quality,200,2.0,1.0,spline3,RF,risk_rct_only,4.136401310076121,0.1957055421246777,100
scm1,quality,200,2.0,1.0,spline3,RF,risk_grid_oracle,1.3603519349589652,0.04561926800013713,100
scm1,quality,200,2.0,1.0,spline3,RF,risk_lambda_only,3.1063531232213717,0.1298149173408643,100
scm1,quality,200,2.0,1.0,spline3,RF,risk_omega_only,2.029829599340343,0.07108079868392189,100
scm1,quality,200,2.0,1.0,spline3,RF,regret,0.17474967659286655,0.026893605033343176,100
scm1,quality,200,2.0,1.0,spline3,RF,selected_lambda,0.74,0.036570120827989314,100
scm1,quality,200,2.0,1.0,spline3,RF,selected_omega,0.53,0.02781613513300102,100
scm1,quality,200,2.0,1.0,spline3,RF,risk_selected_minus_rct,-2.6012996985242904,0.18525880640167375,100
scm1,quality,200,2.0,1.0,spline3,RF,score_selected_minus_rct,-2.793008358787409,0.2657735904922117,100
scm1,quality,200,2.0,1.0,spline3,RF,risk_at_0.0_0.0,4.136401310076121,0.1957055421246777,100
scm1,quality,200,2.0,1.0,spline3,RF,risk_at_0.5_0.0,3.321222622073152,0.14138502760304042,100
scm1,quality,200,2.0,1.0,spline3,RF,risk_at_0.0_0.5,2.020931624972437,0.07530947600371461,100
scm1,quality,200,2.0,1.0,spline3,RF,risk_at_0.5_0.5,1.5647728895636646,0.05222193903570875,100
scm1,quality,200,2.0,1.0,spline3,domain_indicator_pool,risk_selected,0.20557180637707198,0.013044628958805949,100
scm1,quality,200,2.0,1.0,spline3,domain_indicator_pool,risk_rct_only,3.784139213049374,0.1485687340268076,100
scm1,quality,200,2.0,1.0,spline3,experimental_grounding,risk_selected,3.814620456437987,0.14979963167025875,100
scm1,quality,200,2.0,1.0,spline3,experimental_grounding,risk_rct_only,3.784139213049374,0.1485687340268076,100
scm1,quality,200,2.0,1.0,spline5,DRF,risk_selected,2.0020540538777087,0.05675880354901138,100
scm1,quality,200,2.0,1.0,spline5,DRF,risk_rct_only,6.325135465418014,0.2869265577006856,100
scm1,quality,200,2.0,1.0,spline5,DRF,risk_grid_oracle,1.8078242651292362,0.04708363882931558,100
scm1,quality,200,2.0,1.0,spline5,DRF,risk_lambda_only,4.863630077689121,0.22135144118869396,100
scm1,quality,200,2.0,1.0,spline5,DRF,risk_omega_only,2.5784791640710103,0.08240193770714478,100
scm1,quality,200,2.0,1.0,spline5,DRF,regret,0.19422978874847222,0.038870438450408495,100
scm1,quality,200,2.0,1.0,spline5,DRF,selected_lambda,0.6925,0.03690264970914088,100
scm1,quality,200,2.0,1.0,spline5,DRF,selected_omega,0.57,0.023050230613014082,100
scm1,quality,200,2.0,1.0,spline5,DRF,oracle_sieve_lambda,0.9588234026760482,0.003849692134638944,100
scm1,quality,200,2.0,1.0,spline5,DRF,oracle_sieve_omega,0.10693559045613198,0.005278168894181807,100
scm1,quality,200,2.0,1.0,spline5,DRF,risk_selected_minus_rct,-4.323081411540304,0.2775846069542598,100
scm1,quality,200,2.0,1.0,spline5,DRF,score_selected_minus_rct,-4.9713348412502505,0.4084050956990312,100
scm1,quality,200,2.0,1.0,spline5,DRF,a_p2,0.0235463526105835,0.00011915658042152845,100
scm1,quality,200,2.0,1.0,spline5,DRF,risk_at_0.0_0.0,6.325135465418014,0.2869265577006856,100
scm1,quality,200,2.0,1.0,spline5,DRF,risk_at_0.5_0.0,5.259611075323391,0.2399537422459681,100
scm1,quality,200,2.0,1.0,spline5,DRF,risk_at_0.0_0.5,2.506368581407882,0.07803968190978558,100
scm1,quality,200,2.0,1.0,spline5,DRF,risk_at_0.5_0.5,2.0090938863094667,0.05373789273299302,100
scm1,quality,200,2.0,1.0,spline5,RF,risk_selected,1.9445887304597096,0.04993466373710452,100
scm1,quality,200,2.0,1.0,spline5,RF,risk_rct_only,6.762520560927907,0.30141529452683585,100
scm1,quality,200,2.0,1.0,spline5,RF,risk_grid_oracle,1.790176615167125,0.043826135009839784,100
scm1,quality,200,2.0,1.0,spline5,RF,risk_lambda_only,5.2602027883680345,0.22901074641496702,100
scm1,quality,200,2.0,1.0,spline5,RF,risk_omega_only,2.507527628811266,0.07163515974871398,100
scm1,quality,200,2.0,1.0,spline5,RF,regret,0.15441211529258494,0.022079681517556612,100
scm1,quality,200,2.0,1.0,spline5,RF,selected_lambda,0.6875,0.03733127023520279,100
scm1,quality,200,2.0,1.0,spline5,RF,selected_omega,0.59,0.02176550880952186,100
scm1,quality,200,2.0,1.0,spline5,RF,risk_selected_minus_rct,-4.817931830468196,0.28798533305211116,100
scm1,quality,200,2.0,1.0,spline5,RF,score_selected_minus_rct,-5.365708996974851,0.44232573364515326,100
scm1,quality,200,2.0,1.0,spline5,RF,risk_at_0.0_0.0,6.762520560927907,0.30141529452683585,100
scm1,quality,200,2.0,1.0,spline5,RF,risk_at_0.5_0.0,5.649674023874747,0.2480380307236869,100
scm1,quality,200,2.0,1.0,spline5,RF,risk_at_0.0_0.5,2.4609182472420956,0.06601291133919908,100
scm1,quality,200,2.0,1.0,spline5,RF,risk_at_0.5_0.5,1.9828028835442355,0.04653550518533812,100
scm1,quality,200,2.0,1.0,spline5,domain_indicator_pool,risk_selected,0.2244675707584889,0.010865032678746186,100
scm1,quality,200,2.0,1.0,spline5,domain_indicator_pool,risk_rct_only,6.325135465418014,0.2869265577006856,100
scm1,quality,200,2.0,1.0,spline5,experimental_grounding,risk_selected,6.29771085834874,0.28621453952471765,100
scm1,quality,200,2.0,1.0,spline5,experimental_grounding,risk_rct_only,6.325135465418014,0.2869265577006856,100
scm1,rct_size,100,1.0,1.0,spline3,DRF,risk_selected,2.5709593590144197,0.08961951849752621,100
scm1,rct_size,100,1.0,1.0,spline3,DRF,risk_rct_only,13.726701175074037,0.7609466003480565,100
scm1,rct_size,100,1.0,1.0,spline3,DRF,risk_grid_oracle,2.2312269276922114,0.07451618754262022,100
scm1,rct_size,100,1.0,1.0,spline3,DRF,risk_lambda_only,8.727076772398405,0.41577051635301093,100
scm1,rct_size,100,1.0,1.0,spline3,DRF,risk_omega_only,4.178122339827592,0.20966169233233917,100
scm1,rct_size,100,1.0,1.0,spline3,DRF,regret,0.33973243132220887,0.049805111563384546,100
scm1,rct_size,100,1.0,1.0,spline3,DRF,selected_lambda,0.71,0.036535578342876754,100
scm1,rct_size,100,1.0,1.0,spline3,DRF,selected_omega,0.51,0.02099783538627472,100
scm1,rct_size,100,1.0,1.0,spline3,DRF,oracle_sieve_lambda,0.9764173826019806,0.0027751090521170225,100
scm1,rct_size,100,1.0,1.0,spline3,DRF,oracle_sieve_omega,0.22678084670214968,0.012101449709634716,100
scm1,rct_size,100,1.0,1.0,spline3,DRF,risk_selected_minus_rct,-11.155741816059615,0.7628328873016824,100
scm1,rct_size,100,1.0,1.0,spline3,DRF,score_selected_minus_rct,-11.718585343781578,1.0968642390026155,100
scm1,rct_size,100,1.0,1.0,spline3,DRF,a_p2,0.02575442284539559,0.0002496942857661176,100
scm1,rct_size,100,1.0,1.0,spline3,DRF,risk_at_0.0_0.0,13.726701175074037,0.7609466003480565,100
scm1,rct_size,100,1.0,1.0,spline3,DRF,risk_at_0.5_0.0,10.026413029056055,0.48608472524630714,100
scm1,rct_size,100,1.0,1.0,spline3,DRF,risk_at_0.0_0.5,4.05345602060631,0.20641330007001474,100
scm1,rct_size,100,1.0,1.0,spline3,DRF,risk_at_0.5_0.5,2.756005020704072,0.10433331447350336,100
scm1,rct_size,100,1.0,1.0,spline3,RF,risk_selected,2.503769199241412,0.08256327782248554,100
scm1,rct_size,100,1.0,1.0,spline3,RF,risk_rct_only,14.216940631450145,0.7600738387157205,100
scm1,rct_size,100,1.0,1.0,spline3,RF,risk_grid_oracle,2.175171479914526,0.06880015104494928,100
scm1,rct_size,100,1.0,1.0,spline3,RF,risk_lambda_only,9.376187131101215,0.5086679932701313,100
scm1,rct_size,100,1.0,1.0,spline3,RF,risk_omega_only,4.125457462254457,0.17703221134808284,100
scm1,rct_size,100,1.0,1.0,spline3,RF,regret,0.32859771932688614,0.03975071191112879,100
scm1,rct_size,100,1.0,1.0,spline3,RF,selected_lambda,0.725,0.03597487900176899,100
scm1,rct_size,100,1.0,1.0,spline3,RF,selected_omega,0.5275,0.022999505923546985,100
scm1,rct_size,100,1.0,1.0,spline3,RF,risk_selected_minus_rct,-11.713171432208732,0.7601183040914693,100
scm1,rct_size,100,1.0,1.0,spline3,RF,score_selected_minus_rct,-11.879198530623011,0.8955628877570326,100
scm1,rct_size,100,1.0,1.0,spline3,RF,risk_at_0.0_0.0,14.216940631450145,0.7600738387157205,100
scm1,rct_size,100,1.0,1.0,spline3,RF,risk_at_0.5_0.0,10.511207182770981,0.5445669092573607,100
scm1,rct_size,100,1.0,1.0,spline3,RF,risk_at_0.0_0.5,3.9329766232700094,0.16530399588904593,100
scm1,rct_size,100,1.0,1.0,spline3,RF,risk_at_0.5_0.5,2.6885290943412965,0.0873466174276905,100
scm1,rct_size,100,1.0,1.0,spline3,domain_indicator_pool,risk_selected,0.27271764909827856,0.018117517968923653,100
scm1,rct_size,100,1.0,1.0,spline3,domain_indicator_pool,risk_rct_only,13.726701175074037,0.7609466003480565,100
scm1,rct_size,100,1.0,1.0,spline3,experimental_grounding,risk_selected,13.72386411469596,0.7612287804193211,100
scm1,rct_size,100,1.0,1.0,spline3,experimental_grounding,risk_rct_only,13.726701175074037,0.7609466003480565,100
scm1,rct_size,100,1.0,1.0,spline5,DRF,risk_selected,3.1154671544448083,0.171327179822257,100
scm1,rct_size,100,1.0,1.0,spline5,DRF,risk_rct_only,19.542182145304807,1.087498107821839,100
scm1,rct_size,100,1.0,1.0,spline5,DRF,risk_grid_oracle,2.7010336686592256,0.08167489266774854,100
scm1,rct_size,100,1.0,1.0,spline5,DRF,risk_lambda_only,12.693744678968006,0.6352487395787408,100
scm1,rct_size,100,1.0,1.0,spline5,DRF,risk_omega_only,4.959822538204472,0.31054692909705806,100
scm1,rct_size,100,1.0,1.0,spline5,DRF,regret,0.41443348578558314,0.1483115806631737,100
scm1,rct_size,100,1.0,1.0,spline5,DRF,selected_lambda,0.795,0.028511029232189917,100
scm1,rct_size,100,1.0,1.0,spline5,DRF,selected_omega,0.5,0.020412414523193152,100
scm1,rct_size,100,1.0,1.0,spline5,DRF,oracle_sieve_lambda,0.9738659870752935,0.002562281271042484,100
scm1,rct_size,100,1.0,1.0,spline5,DRF,oracle_sieve_omega,0.22415823415197944,0.010287601397204145,100
scm1,rct_size,100,1.0,1.0,spline5,DRF,risk_selected_minus_rct,-16.42671499086,1.066119133547254,100
scm1,rct_size,100,1.0,1.0,spline5,DRF,score_selected_minus_rct,-17.22266557916724,1.1913788627124398,100
scm1,rct_size,100,1.0,1.0,spline5,DRF,a_p2,0.025705126399061036,0.000291959139235488,100
scm1,rct_size,100,1.0,1.0,spline5,DRF,risk_at_0.0_0.0,19.542182145304807,1.087498107821839,100
scm1,rct_size,100,1.0,1.0,spline5,DRF,risk_at_0.5_0.0,14.401532502106877,0.7034050077844797,100
scm1,rct_size,100,1.0,1.0,spline5,DRF,risk_at_0.0_0.5,4.5952613795550805,0.20315070846549652,100
scm1,rct_size,100,1.0,1.0,spline5,DRF,risk_at_0.5_0.5,3.2026987972504326,0.10593839804509816,100
scm1,rct_size,100,1.0,1.0,spline5,RF,risk_selected,2.976078813370999,0.1435029802482429,100
scm1,rct_size,100,1.0,1.0,spline5,RF,risk_rct_only,20.49670852054159,1.09262687287122,100
scm1,rct_size,100,1.0,1.0,spline5,RF,risk_grid_oracle,2.619743253720563,0.07112230638646809,100
scm1,rct_size,100,1.0,1.0,spline5,RF,risk_lambda_only,13.197676955912877,0.633765650144739,100
scm1,rct_size,100,1.0,1.0,spline5,RF,risk_omega_only,4.7141343163968426,0.22268111071567498,100
scm1,rct_size,100,1.0,1.0,spline5,RF,regret,0.35633555965043634,0.12099543565608332,100
scm1,rct_size,100,1.0,1.0,spline5,RF,selected_lambda,0.8225,0.025940637360455633,100
scm1,rct_size,100,1.0,1.0,spline5,RF,selected_omega,0.505,0.020406228005541382,100
scm1,rct_size,100,1.0,1.0,spline5,RF,risk_selected_minus_rct,-17.52062970717059,1.0670322292178132,100
scm1,rct_size,100,1.0,1.0,spline5,RF,score_selected_minus_rct,-18.182698601318208,1.1903048079644667,100
scm1,rct_size,100,1.0,1.0,spline5,RF,risk_at_0.0_0.0,20.49670852054159,1.09262687287122,100
scm1,rct_size,100,1.0,1.0,spline5,RF,risk_at_0.5_0.0,15.240919478678041,0.7819000148717843,100
scm1,rct_size,100,1.0,1.0,spline5,RF,risk_at_0.0_0.5,4.490642338501744,0.18668984814785944,100
scm1,rct_size,100,1.0,1.0,spline5,RF,risk_at_0.5_0.5,3.1194052038225006,0.09713875366046681,100
scm1,rct_size,100,1.0,1.0,spline5,domain_indicator_pool,risk_selected,0.26218118309152255,0.015874657199635767,100
scm1,rct_size,100,1.0,1.0,spline5,domain_indicator_pool,risk_rct_only,19.542182145304807,1.087498107821839,100
scm1,rct_size,100,1.0,1.0,spline5,experimental_grounding,risk_selected,19.504388335548374,1.102787317857643,100
scm1,rct_size,100,1.0,1.0,spline5,experimental_grounding,risk_rct_only,19.542182145304807,1.087498107821839,100
scm1,rct_size,200,1.0,1.0,spline3,DRF,risk_selected,1.4650514185982664,0.05790933406351523,100
scm1,rct_size,200,1.0,1.0,spline3,DRF,risk_rct_only,3.758396929790367,0.17739658628717245,100
scm1,rct_size,200,1.0,1.0,spline3,DRF,risk_grid_oracle,1.29451743259531,0.04569841356375042,100
scm1,rct_size,200,1.0,1.0,spline3,DRF,risk_lambda_only,2.854650151112478,0.12965029867408445,100
scm1,rct_size,200,1.0,1.0,spline3,DRF,risk_omega_only,1.974764372415558,0.08349885356349206,100
scm1,rct_size,200,1.0,1.0,spline3,DRF,regret,0.1705339860029564,0.036996240570451644,100
scm1,rct_size,200,1.0,1.0,spline3,DRF,selected_lambda,0.74,0.03691376792778357,100
scm1,rct_size,200,1.0,1.0,spline3,DRF,selected_omega,0.575,0.026471826075236588,100
scm1,rct_size,200,1.0,1.0,spline3,DRF,oracle_sieve_lambda,0.9619539927998665,0.0039942121191134565,100
scm1,rct_size,200,1.0,1.0,spline3,DRF,oracle_sieve_omega,0.22790932507933548,0.009591822957633254,100
scm1,rct_size,200,1.0,1.0,spline3,DRF,risk_selected_minus_rct,-2.2933455111921006,0.1622864968269997,100
scm1,rct_size,200,1.0,1.0,spline3,DRF,score_selected_minus_rct,-2.6943035881602686,0.21268844062644968,100
scm1,rct_size,200,1.0,1.0,spline3,DRF,a_p2,0.023772228647001223,0.00014318684659796852,100
scm1,rct_size,200,1.0,1.0,spline3,DRF,risk_at_0.0_0.0,3.758396929790367,0.17739658628717245,100
scm1,rct_size,200,1.0,1.0,spline3,DRF,risk_at_0.5_0.0,3.0556361095789866,0.13604056910757154,100
scm1,rct_size,200,1.0,1.0,spline3,DRF,risk_at_0.0_0.5,1.9074156889311384,0.07904396403673924,100
scm1,rct_size,200,1.0,1.0,spline3,DRF,risk_at_0.5_0.5,1.500657029669254,0.0562800106190417,100
scm1,rct_size,200,1.0,1.0,spline3,RF,risk_selected,1.4327232796753822,0.05706113478847996,100
scm1,rct_size,200,1.0,1.0,spline3,RF,risk_rct_only,3.826642208410343,0.1829600173144678,100
scm1,rct_size,200,1.0,1.0,spline3,RF,risk_grid_oracle,1.2662952377810752,0.044269733644281814,100
scm1,rct_size,200,1.0,1.0,spline3,RF,risk_lambda_only,2.8940926504658364,0.13215023477837923,100
scm1,rct_size,200,1.0,1.0,spline3,RF,risk_omega_only,1.871864592168623,0.07454508968100255,100
scm1,rct_size,200,1.0,1.0,spline3,RF,regret,0.16642804189430724,0.036645940906061755,100
scm1,rct_size,200,1.0,1.0,spline3,RF,selected_lambda,0.72,0.036804149963631204,100
scm1,rct_size,200,1.0,1.0,spline3,RF,selected_omega,0.565,0.02720572577880464,100
scm1,rct_size,200,1.0,1.0,spline3,RF,risk_selected_minus_rct,-2.3939189287349616,0.17373321733094144,100
scm1,rct_size,200,1.0,1.0,spline3,RF,score_selected_minus_rct,-2.6742954194014406,0.21724258874357316,100
scm1,rct_size,200,1.0,1.0,spline3,RF,risk_at_0.0_0.0,3.826642208410343,0.1829600173144678,100
scm1,rct_size,200,1.0,1.0,spline3,RF,risk_at_0.5_0.0,3.1060748735754786,0.1401220036920055,100
scm1,rct_size,200,1.0,1.0,spline3,RF,risk_at_0.0_0.5,1.831445969899433,0.0722009302456713,100
scm1,rct_size,200,1.0,1.0,spline3,RF,risk_at_0.5_0.5,1.4511326219343113,0.05130869214099777,100
scm1,rct_size,200,1.0,1.0,spline3,domain_indicator_pool,risk_selected,0.18195658056820121,0.00974612739895615,100
scm1,rct_size,200,1.0,1.0,spline3,domain_indicator_pool,risk_rct_only,3.758396929790367,0.17739658628717245,100
scm1,rct_size,200,1.0,1.0,spline3,experimental_grounding,risk_selected,3.773482714649532,0.18023852835398108,100
scm1,rct_size,200,1.0,1.0,spline3,experimental_grounding,risk_rct_only,3.758396929790367,0.17739658628717245,100
scm1,rct_size,200,1.0,1.0,spline5,DRF,risk_selected,1.9483767509891263,0.0688975321202471,100
scm1,rct_size,200,1.0,1.0,spline5,DRF,risk_rct_only,5.665503527283131,0.23651535692192277,100
scm1,rct_size,200,1.0,1.0,spline5,DRF,risk_grid_oracle,1.7532742035076205,0.05495014003952052,100
scm1,rct_size,200,1.0,1.0,spline5,DRF,risk_lambda_only,4.304029700113289,0.1550077380112399,100
scm1,rct_size,200,1.0,1.0,spline5,DRF,risk_omega_only,2.543110106948591,0.10065602065266603,100
scm1,rct_size,200,1.0,1.0,spline5,DRF,regret,0.19510254748150566,0.051030150240175744,100
scm1,rct_size,200,1.0,1.0,spline5,DRF,selected_lambda,0.7225,0.03443171400457621,100
scm1,rct_size,200,1.0,1.0,spline5,DRF,selected_omega,0.555,0.0229128784747792,100
scm1,rct_size,200,1.0,1.0,spline5,DRF,oracle_sieve_lambda,0.9683251966546265,0.0038607780361670854,100
scm1,rct_size,200,1.0,1.0,spline5,DRF,oracle_sieve_omega,0.20251625475834867,0.010370683643528222,100
scm1,rct_size,200,1.0,1.0,spline5,DRF,risk_selected_minus_rct,-3.7171267762940055,0.22323659269931775,100
scm1,rct_size,200,1.0,1.0,spline5,DRF,score_selected_minus_rct,-4.450053901606791,0.35426477655516897,100
scm1,rct_size,200,1.0,1.0,spline5,DRF,a_p2,0.023533173570787675,0.00011683557238522406,100
scm1,rct_size,200,1.0,1.0,spline5,DRF,risk_at_0.0_0.0,5.665503527283131,0.23651535692192277,100
scm1,rct_size,200,1.0,1.0,spline5,DRF,risk_at_0.5_0.0,4.656354353170971,0.1768785008909511,100
scm1,rct_size,200,1.0,1.0,spline5,DRF,risk_at_0.0_0.5,2.4997635495205053,0.09976024246296246,100
scm1,rct_size,200,1.0,1.0,spline5,DRF,risk_at_0.5_0.5,1.9683940853211277,0.06780798291763404,100
scm1,rct_size,200,1.0,1.0,spline5,RF,risk_selected,1.8949669161741887,0.06895067416144925,100
scm1,rct_size,200,1.0,1.0,spline5,RF,risk_rct_only,6.019837285781725,0.24719409915358628,100
scm1,rct_size,200,1.0,1.0,spline5,RF,risk_grid_oracle,1.7271908590060392,0.049576838553816234,100
scm1,rct_size,200,1.0,1.0,spline5,RF,risk_lambda_only,4.503004450300682,0.14054983334073878,100
scm1,rct_size,200,1.0,1.0,spline5,RF,risk_omega_only,2.5352565364643085,0.08823416662185621,100
scm1,rct_size,200,1.0,1.0,spline5,RF,regret,0.16777605716815025,0.056853383456650516,100
scm1,rct_size,200,1.0,1.0,spline5,RF,selected_lambda,0.76,0.03235691111601503,100
scm1,rct_size,200,1.0,1.0,spline5,RF,selected_omega,0.5575,0.02097828362470066,100
scm1,rct_size,200,1.0,1.0,spline5,RF,risk_selected_minus_rct,-4.124870369607536,0.24608871416541667,100
scm1,rct_size,200,1.0,1.0,spline5,RF,score_selected_minus_rct,-4.72057119120744,0.3409941734936601,100
scm1,rct_size,200,1.0,1.0,spline5,RF,risk_at_0.0_0.0,6.019837285781725,0.24719409915358628,100
scm1,rct_size,200,1.0,1.0,spline5,RF,risk_at_0.5_0.0,4.874045943720029,0.16571453802944294,100
scm1,rct_size,200,1.0,1.0,spline5,RF,risk_at_0.0_0.5,2.47438336909701,0.08390442016318195,100
scm1,rct_size,200,1.0,1.0,spline5,RF,risk_at_0.5_0.5,1.9465056979351143,0.05918279833037295,100
scm1,rct_size,200,1.0,1.0,spline5,domain_indicator_pool,risk_selected,0.2366220933264009,0.020804730340030792,100
scm1,rct_size,200,1.0,1.0,spline5,domain_indicator_pool,risk_rct_only,5.665503527283131,0.23651535692192277,100
scm1,rct_size,200,1.0,1.0,spline5,experimental_grounding,risk_selected,5.666229277659916,0.23630148792516525,100
scm1,rct_size,200,1.0,1.0,spline5,experimental_grounding,risk_rct_only,5.665503527283131,0.23651535692192277,100
scm1,rct_size,400,1.0,1.0,spline3,DRF,risk_selected,0.8386373453183487,0.03511626555068789,100
scm1,rct_size,400,1.0,1.0,spline3,DRF,risk_rct_only,1.455962758741318,0.06868299671499091,100
scm1,rct_size,400,1.0,1.0,spline3,DRF,risk_grid_oracle,0.7513064911946873,0.02599854225967583,100
scm1,rct_size,400,1.0,1.0,spline3,DRF,risk_lambda_only,1.2253573795712875,0.05788078001460502,100
scm1,rct_size,400,1.0,1.0,spline3,DRF,risk_omega_only,1.0173641934492519,0.047697927938720734,100
scm1,rct_size,400,1.0,1.0,spline3,DRF,regret,0.0873308541236614,0.016431088433568223,100
scm1,rct_size,400,1.0,1.0,spline3,DRF,selected_lambda,0.7075,0.03957715262750733,100
scm1,rct_size,400,1.0,1.0,spline3,DRF,selected_omega,0.535,0.03218083374628539,100
scm1,rct_size,400,1.0,1.0,spline3,DRF,oracle_sieve_lambda,0.9436520610563219,0.004845734124531926,100
scm1,rct_size,400,1.0,1.0,spline3,DRF,oracle_sieve_omega,0.20138478652642725,0.010379871582223699,100
scm1,rct_size,400,1.0,1.0,spline3,DRF,risk_selected_minus_rct,-0.6173254134229695,0.05351340433446711,100
scm1,rct_size,400,1.0,1.0,spline3,DRF,score_selected_minus_rct,-0.7476170596423313,0.06744781414665883,100
scm1,rct_size,400,1.0,1.0,spline3,DRF,a_p2,0.022681360330657516,7.217944262829083e-05,100
scm1,rct_size,400,1.0,1.0,spline3,DRF,risk_at_0.0_0.0,1.455962758741318,0.06868299671499091,100
scm1,rct_size,400,1.0,1.0,spline3,DRF,risk_at_0.5_0.0,1.2802085053397654,0.05972168498663437,100
scm1,rct_size,400,1.0,1.0,spline3,DRF,risk_at_0.0_0.5,0.9751153395881191,0.03565568552827511,100
scm1,rct_size,400,1.0,1.0,spline3,DRF,risk_at_0.5_0.5,0.8326959292404632,0.030030659704722136,100
scm1,rct_size,400,1.0,1.0,spline3,RF,risk_selected,0.8098669568800692,0.03608827925114723,100
scm1,rct_size,400,1.0,1.0,spline3,RF,risk_rct_only,1.4533966714146132,0.06017682472356952,100
scm1,rct_size,400,1.0,1.0,spline3,RF,risk_grid_oracle,0.7294980003027206,0.02284582465699682,100
scm1,rct_size,400,1.0,1.0,spline3,RF,risk_lambda_only,1.222780166957404,0.05314495451610762,100
scm1,rct_size,400,1.0,1.0,spline3,RF,risk_omega_only,0.9923783164344099,0.04250861041070135,100
scm1,rct_size,400,1.0,1.0,spline3,RF,regret,0.08036895657734845,0.021229182952034645,100
scm1,rct_size,400,1.0,1.0,spline3,RF,selected_lambda,0.7125,0.038167460624268026,100
scm1,rct_size,400,1.0,1.0,spline3,RF,selected_omega,0.5475,0.029019107254679388,100
scm1,rct_size,400,1.0,1.0,spline3,RF,risk_selected_minus_rct,-0.6435297145345441,0.05047208825763958,100
scm1,rct_size,400,1.0,1.0,spline3,RF,score_selected_minus_rct,-0.766520938521187,0.058558449709022894,100
scm1,rct_size,400,1.0,1.0,spline3,RF,risk_at_0.0_0.0,1.4533966714146132,0.06017682472356952,100
scm1,rct_size,400,1.0,1.0,spline3,RF,risk_at_0.5_0.0,1.279566086546859,0.05385279436980257,100
scm1,rct_size,400,1.0,1.0,spline3,RF,risk_at_0.0_0.5,0.9452504880261694,0.02858301819629972,100
scm1,rct_size,400,1.0,1.0,spline3,RF,risk_at_0.5_0.5,0.8102347203731624,0.0250572613177585,100
scm1,rct_size,400,1.0,1.0,spline3,domain_indicator_pool,risk_selected,0.1519748758465069,0.005818457114775898,100
scm1,rct_size,400,1.0,1.0,spline3,domain_indicator_pool,risk_rct_only,1.455962758741318,0.06868299671499091,100
scm1,rct_size,400,1.0,1.0,spline3,experimental_grounding,risk_selected,1.4495477316482064,0.06839811733540031,100
scm1,rct_size,400,1.0,1.0,spline3,experimental_grounding,risk_rct_only,1.455962758741318,0.06868299671499091,100
scm1,rct_size,400,1.0,1.0,spline5,DRF,risk_selected,1.043012054040172,0.03601298031497891,100
scm1,rct_size,400,1.0,1.0,spline5,DRF,risk_rct_only,2.0142930898626457,0.0977392994856559,100
scm1,rct_size,400,1.0,1.0,spline5,DRF,risk_grid_oracle,0.9574109351288692,0.02933524712312935,100
scm1,rct_size,400,1.0,1.0,spline5,DRF,risk_lambda_only,1.7307851690932872,0.09079766475310944,100
scm1,rct_size,400,1.0,1.0,spline5,DRF,risk_omega_only,1.2408001553812251,0.046235208756015764,100
scm1,rct_size,400,1.0,1.0,spline5,DRF,regret,0.08560111891130258,0.016027224372434406,100
scm1,rct_size,400,1.0,1.0,spline5,DRF,selected_lambda,0.645,0.03991468173719813,100
scm1,rct_size,400,1.0,1.0,spline5,DRF,selected_omega,0.535,0.0288718869938537,100
scm1,rct_size,400,1.0,1.0,spline5,DRF,oracle_sieve_lambda,0.9430751289968682,0.006146381496900022,100
scm1,rct_size,400,1.0,1.0,spline5,DRF,oracle_sieve_omega,0.21072027325998097,0.009814959993254458,100
scm1,rct_size,400,1.0,1.0,spline5,DRF,risk_selected_minus_rct,-0.9712810358224737,0.08939000137778674,100
scm1,rct_size,400,1.0,1.0,spline5,DRF,score_selected_minus_rct,-1.1227062728326076,0.1527970869346953,100
scm1,rct_size,400,1.0,1.0,spline5,DRF,a_p2,0.022710347595784625,6.676589118932011e-05,100
scm1,rct_size,400,1.0,1.0,spline5,DRF,risk_at_0.0_0.0,2.0142930898626457,0.0977392994856559,100
scm1,rct_size,400,1.0,1.0,spline5,DRF,risk_at_0.5_0.0,1.7922113789036542,0.09013437244536789,100
scm1,rct_size,400,1.0,1.0,spline5,DRF,risk_at_0.0_0.5,1.1875356497100693,0.036025471042889896,100
scm1,rct_size,400,1.0,1.0,spline5,DRF,risk_at_0.5_0.5,1.0439538582354655,0.030902320686638167,100
scm1,rct_size,400,1.0,1.0,spline5,RF,risk_selected,1.0383300071280592,0.03547363656423157,100
scm1,rct_size,400,1.0,1.0,spline5,RF,risk_rct_only,2.1314647208542272,0.09819537362874721,100
scm1,rct_size,400,1.0,1.0,spline5,RF,risk_grid_oracle,0.943884010073997,0.026956280527238002,100
scm1,rct_size,400,1.0,1.0,spline5,RF,risk_lambda_only,1.7925109101577053,0.0826240609442994,100
scm1,rct_size,400,1.0,1.0,spline5,RF,risk_omega_only,1.197569113919951,0.03894555833761151,100
scm1,rct_size,400,1.0,1.0,spline5,RF,regret,0.0944459970540621,0.02112334901265525,100
scm1,rct_size,400,1.0,1.0,spline5,RF,selected_lambda,0.675,0.03964807305493795,100
scm1,rct_size,400,1.0,1.0,spline5,RF,selected_omega,0.565,0.027893194564809227,100
scm1,rct_size,400,1.0,1.0,spline5,RF,risk_selected_minus_rct,-1.0931347137261676,0.09101507406127707,100
scm1,rct_size,400,1.0,1.0,spline5,RF,score_selected_minus_rct,-1.2149811138616533,0.12947756873822622,100
scm1,rct_size,400,1.0,1.0,spline5,RF,risk_at_0.0_0.0,2.1314647208542272,0.09819537362874721,100
scm1,rct_size,400,1.0,1.0,spline5,RF,risk_at_0.5_0.0,1.8733348356284754,0.08503321607635782,100
scm1,rct_size,400,1.0,1.0,spline5,RF,risk_at_0.0_0.5,1.1611479414571164,0.03306290496269261,100
scm1,rct_size,400,1.0,1.0,spline5,RF,risk_at_0.5_0.5,1.0281874367282797,0.028665270462996478,100
scm1,rct_size,400,1.0,1.0,spline5,domain_indicator_pool,risk_selected,0.18654806574119576,0.006540424506686476,100
scm1,rct_size,400,1.0,1.0,spline5,domain_indicator_pool,risk_rct_only,2.0142930898626457,0.0977392994856559,100
scm1,rct_size,400,1.0,1.0,spline5,experimental_grounding,risk_selected,2.0152061051153654,0.09763250673167065,100
scm1,rct_size,400,1.0,1.0,spline5,experimental_grounding,risk_rct_only,2.0142930898626457,0.0977392994856559,100
scm2,heterogeneity,200,1.0,2.0,spline3,DRF,risk_selected,2.0993170917197967,0.07899854165602159,100
scm2,heterogeneity,200,1.0,2.0,spline3,DRF,risk_rct_only,6.117865338999683,0.3280014498779199,100
scm2,heterogeneity,200,1.0,2.0,spline3,DRF,risk_grid_oracle,1.8310255355256602,0.06015477248446521,100
scm2,heterogeneity,200,1.0,2.0,spline3,DRF,risk_lambda_only,4.1557008588931765,0.20510846179865672,100
scm2,heterogeneity,200,1.0,2.0,spline3,DRF,risk_omega_only,3.1055808209979268,0.17062730088192196,100
scm2,heterogeneity,200,1.0,2.0,spline3,DRF,regret,0.268291556194137,0.040594598690614624,100
scm2,heterogeneity,200,1.0,2.0,spline3,DRF,selected_lambda,0.7475,0.03454155015150141,100
scm2,heterogeneity,200,1.0,2.0,spline3,DRF,selected_omega,0.6175,0.027398803704622658,100
scm2,heterogeneity,200,1.0,2.0,spline3,DRF,oracle_sieve_lambda,0.9606654683861906,0.00417212708769707,100
scm2,heterogeneity,200,1.0,2.0,spline3,DRF,oracle_sieve_omega,0.6270901701375114,0.012713874544170691,100
scm2,heterogeneity,200,1.0,2.0,spline3,DRF,risk_selected_minus_rct,-4.018548247279884,0.3151535108933758,100
scm2,heterogeneity,200,1.0,2.0,spline3,DRF,score_selected_minus_rct,-4.541382974811667,0.49949165482630065,100
scm2,heterogeneity,200,1.0,2.0,spline3,DRF,a_p2,0.11981872316414693,0.004081219893447828,100
scm2,heterogeneity,200,1.0,2.0,spline3,DRF,risk_at_0.0_0.0,6.117865338999683,0.3280014498779199,100
scm2,heterogeneity,200,1.0,2.0,spline3,DRF,risk_at_0.5_0.0,4.674122556653174,0.22112719258547925,100
scm2,heterogeneity,200,1.0,2.0,spline3,DRF,risk_at_0.0_0.5,3.0096434361385103,0.17039209176871484,100
scm2,heterogeneity,200,1.0,2.0,spline3,DRF,risk_at_0.5_0.5,2.2209829177791027,0.0880039859744771,100
scm2,heterogeneity,200,1.0,2.0,spline3,RF,risk_selected,2.063873537824682,0.07670843759026458,100
scm2,heterogeneity,200,1.0,2.0,spline3,RF,risk_rct_only,7.187361707109934,0.35704554261222726,100
scm2,heterogeneity,200,1.0,2.0,spline3,RF,risk_grid_oracle,1.7632124212510982,0.052479149449150816,100
scm2,heterogeneity,200,1.0,2.0,spline3,RF,risk_lambda_only,5.0170446723250235,0.22830592291719287,100
scm2,heterogeneity,200,1.0,2.0,spline3,RF,risk_omega_only,2.7219312917773846,0.10396620998390096,100
scm2,heterogeneity,200,1.0,2.0,spline3,RF,regret,0.30066111657358413,0.057082049981359614,100
scm2,heterogeneity,200,1.0,2.0,spline3,RF,selected_lambda,0.6725,0.04046681518618844,100
scm2,heterogeneity,200,1.0,2.0,spline3,RF,selected_omega,0.6425,0.028036547216053188,100
scm2,heterogeneity,200,1.0,2.0,spline3,RF,risk_selected_minus_rct,-5.123488169285252,0.35632934956153267,100
scm2,heterogeneity,200,1.0,2.0,spline3,RF,score_selected_minus_rct,-5.851394354429811,0.6873052415239433,100
scm2,heterogeneity,200,1.0,2.0,spline3,RF,risk_at_0.0_0.0,7.187361707109934,0.35704554261222726,100
scm2,heterogeneity,200,1.0,2.0,spline3,RF,risk_at_0.5_0.0,5.593755443204812,0.2575698198184955,100
scm2,heterogeneity,200,1.0,2.0,spline3,RF,risk_at_0.0_0.5,2.658112713731268,0.09607332393491418,100
scm2,heterogeneity,200,1.0,2.0,spline3,RF,risk_at_0.5_0.5,2.087911451928675,0.06489916393854919,100
scm2,heterogeneity,200,1.0,2.0,spline3,domain_indicator_pool,risk_selected,0.3945164590640764,0.01492464210347448,100
scm2,heterogeneity,200,1.0,2.0,spline3,domain_indicator_pool,risk_rct_only,6.117865338999683,0.3280014498779199,100
scm2,heterogeneity,200,1.0,2.0,spline3,experimental_grounding,risk_selected,6.021779372663334,0.3252263395095854,100
scm2,heterogeneity,200,1.0,2.0,spline3,experimental_grounding,risk_rct_only,6.117865338999683,0.3280014498779199,100
scm2,heterogeneity,200,1.0,2.0,spline5,DRF,risk_selected,2.786878901481735,0.12699193668731207,100
scm2,heterogeneity,200,1.0,2.0,spline5,DRF,risk_rct_only,8.87236890312431,0.43824635961624486,100
scm2,heterogeneity,200,1.0,2.0,spline5,DRF,risk_grid_oracle,2.4615037500730583,0.06554112034169869,100
scm2,heterogeneity,200,1.0,2.0,spline5,DRF,risk_lambda_only,6.367631289777303,0.24768749611834623,100
scm2,heterogeneity,200,1.0,2.0,spline5,DRF,risk_omega_only,3.830331390361556,0.13729665804376823,100
scm2,heterogeneity,200,1.0,2.0,spline5,DRF,regret,0.32537515140867596,0.10341413510655248,100
scm2,heterogeneity,200,1.0,2.0,spline5,DRF,selected_lambda,0.7675,0.031232065560764938,100
scm2,heterogeneity,200,1.0,2.0,spline5,DRF,selected_omega,0.565,0.02346822481053,100
scm2,heterogeneity,200,1.0,2.0,spline5,DRF,oracle_sieve_lambda,0.9562322777013488,0.004546066205480267,100
scm2,heterogeneity,200,1.0,2.0,spline5,DRF,oracle_sieve_omega,0.598611762322615,0.012671578494797983,100
scm2,heterogeneity,200,1.0,2.0,spline5,DRF,risk_selected_minus_rct,-6.085490001642576,0.4152691606800222,100
scm2,heterogeneity,200,1.0,2.0,spline5,DRF,score_selected_minus_rct,-6.422693931184583,0.4699831666957713,100
scm2,heterogeneity,200,1.0,2.0,spline5,DRF,a_p2,0.1151313805183379,0.004151170136733137,100
scm2,heterogeneity,200,1.0,2.0,spline5,DRF,risk_at_0.0_0.0,8.87236890312431,0.43824635961624486,100
scm2,heterogeneity,200,1.0,2.0,spline5,DRF,risk_at_0.5_0.0,7.0368826447783865,0.3030999606425059,100
scm2,heterogeneity,200,1.0,2.0,spline5,DRF,risk_at_0.0_0.5,3.7023856269674678,0.12263973427545827,100
scm2,heterogeneity,200,1.0,2.0,spline5,DRF,risk_at_0.5_0.5,2.8352427160007885,0.07508450423538757,100
scm2,heterogeneity,200,1.0,2.0,spline5,RF,risk_selected,2.560838315912515,0.07012972635869676,100
scm2,heterogeneity,200,1.0,2.0,spline5,RF,risk_rct_only,10.139347137358783,0.41117708023384625,100
scm2,heterogeneity,200,1.0,2.0,spline5,RF,risk_grid_oracle,2.3758289302760436,0.060120233136517154,100
scm2,heterogeneity,200,1.0,2.0,spline5,RF,risk_lambda_only,7.5382201660396415,0.3138446194251049,100
scm2,heterogeneity,200,1.0,2.0,spline5,RF,risk_omega_only,3.493728115814625,0.1012477339687848,100
scm2,heterogeneity,200,1.0,2.0,spline5,RF,regret,0.18500938563647173,0.03253608552644226,100
scm2,heterogeneity,200,1.0,2.0,spline5,RF,selected_lambda,0.7525,0.032468905093639935,100
scm2,heterogeneity,200,1.0,2.0,spline5,RF,selected_omega,0.615,0.019273418131318755,100
scm2,heterogeneity,200,1.0,2.0,spline5,RF,risk_selected_minus_rct,-7.578508821446268,0.3917410538926599,100
scm2,heterogeneity,200,1.0,2.0,spline5,RF,score_selected_minus_rct,-7.322891919107316,0.48093713559634443,100
scm2,heterogeneity,200,1.0,2.0,spline5,RF,risk_at_0.0_0.0,10.139347137358783,0.41117708023384625,100
scm2,heterogeneity,200,1.0,2.0,spline5,RF,risk_at_0.5_0.0,8.259832600135553,0.32898399433587455,100
scm2,heterogeneity,200,1.0,2.0,spline5,RF,risk_at_0.0_0.5,3.484784255106782,0.09793398734927691,100
scm2,heterogeneity,200,1.0,2.0,spline5,RF,risk_at_0.5_0.5,2.745497766768488,0.06897180086789244,100
scm2,heterogeneity,200,1.0,2.0,spline5,domain_indicator_pool,risk_selected,0.44323522542065874,0.016513531644931696,100
scm2,heterogeneity,200,1.0,2.0,spline5,domain_indicator_pool,risk_rct_only,8.87236890312431,0.43824635961624486,100
scm2,heterogeneity,200,1.0,2.0,spline5,experimental_grounding,risk_selected,8.810457079919935,0.43886301120108284,100
scm2,heterogeneity,200,1.0,2.0,spline5,experimental_grounding,risk_rct_only,8.87236890312431,0.43824635961624486,100
scm2,quality,200,0.0,1.0,spline3,DRF,risk_selected,1.973549275713825,0.07972379599277446,100
scm2,quality,200,0.0,1.0,spline3,DRF,risk_rct_only,5.830007976143581,0.2806973158092487,100
scm2,quality,200,0.0,1.0,spline3,DRF,risk_grid_oracle,1.7928808737968531,0.07282024331622318,100
scm2,quality,200,0.0,1.0,spline3,DRF,risk_lambda_only,4.162042116391776,0.2095664006790178,100
scm2,quality,200,0.0,1.0,spline3,DRF,risk_omega_only,2.8556990413194536,0.1270441820612316,100
scm2,quality,200,0.0,1.0,spline3,DRF,regret,0.18066840191697192,0.02295427715060008,100
scm2,quality,200,0.0,1.0,spline3,DRF,selected_lambda,0.82,0.02888500362373933,100
scm2,quality,200,0.0,1.0,spline3,DRF,selected_omega,0.575,0.02763853991962833,100
scm2,quality,200,0.0,1.0,spline3,DRF,oracle_sieve_lambda,0.9646939708192663,0.003368402078043846,100
scm2,quality,200,0.0,1.0,spline3,DRF,oracle_sieve_omega,0.5379558293800704,0.021481019036500806,100
scm2,quality,200,0.0,1.0,spline3,DRF,risk_selected_minus_rct,-3.8564587004297572,0.266559235903306,100
scm2,quality,200,0.0,1.0,spline3,DRF,score_selected_minus_rct,-4.575995291421692,0.5823767608148784,100
scm2,quality,200,0.0,1.0,spline3,DRF,a_p2,0.02956254556393845,0.0011046096042309451,100
scm2,quality,200,0.0,1.0,spline3,DRF,risk_at_0.0_0.0,5.830007976143581,0.2806973158092487,100
scm2,quality,200,0.0,1.0,spline3,DRF,risk_at_0.5_0.0,4.696694245760304,0.2445800305782055,100
scm2,quality,200,0.0,1.0,spline3,DRF,risk_at_0.0_0.5,2.757848191807952,0.11291186481397848,100
scm2,quality,200,0.0,1.0,spline3,DRF,risk_at_0.5_0.5,2.114512891927876,0.08189984506760449,100
scm2,quality,200,0.0,1.0,spline3,RF,risk_selected,1.8217878052376961,0.05856026280942863,100
scm2,quality,200,0.0,1.0,spline3,RF,risk_rct_only,6.190550345639442,0.3103974292732148,100
scm2,quality,200,0.0,1.0,spline3,RF,risk_grid_oracle,1.6390869210330845,0.052048578039503614,100
scm2,quality,200,0.0,1.0,spline3,RF,risk_lambda_only,4.322098984382234,0.16415032789831333,100
scm2,quality,200,0.0,1.0,spline3,RF,risk_omega_only,2.638516482017145,0.09859089195733262,100
scm2,quality,200,0.0,1.0,spline3,RF,regret,0.18270088420461125,0.025601553564562313,100
scm2,quality,200,0.0,1.0,spline3,RF,selected_lambda,0.82,0.02910274380483216,100
scm2,quality,200,0.0,1.0,spline3,RF,selected_omega,0.56,0.025156078446933718,100
scm2,quality,200,0.0,1.0,spline3,RF,risk_selected_minus_rct,-4.368762540401746,0.31077267812228765,100
scm2,quality,200,0.0,1.0,spline3,RF,score_selected_minus_rct,-4.803490467811491,0.6193963500797102,100
scm2,quality,200,0.0,1.0,spline3,RF,risk_at_0.0_0.0,6.190550345639442,0.3103974292732148,100
scm2,quality,200,0.0,1.0,spline3,RF,risk_at_0.5_0.0,4.799283953803679,0.2075374457318732,100
scm2,quality,200,0.0,1.0,spline3,RF,risk_at_0.0_0.5,2.5624303604913363,0.09164026413670351,100
scm2,quality,200,0.0,1.0,spline3,RF,risk_at_0.5_0.5,1.9512138098228222,0.05973372678382462,100
scm2,quality,200,0.0,1.0,spline3,domain_indicator_pool,risk_selected,0.22795129064629815,0.01195809577551114,100
scm2,quality,200,0.0,1.0,spline3,domain_indicator_pool,risk_rct_only,5.830007976143581,0.2806973158092487,100
scm2,quality,200,0.0,1.0,spline3,experimental_grounding,risk_selected,5.819296050794227,0.2779577534175545,100
scm2,quality,200,0.0,1.0,spline3,experimental_grounding,risk_rct_only,5.830007976143581,0.2806973158092487,100
scm2,quality,200,0.0,1.0,spline5,DRF,risk_selected,2.4432929763346003,0.09076499421291015,100
scm2,quality,200,0.0,1.0,spline5,DRF,risk_rct_only,7.1249435509091885,0.36603201284007364,100
scm2,quality,200,0.0,1.0,spline5,DRF,risk_grid_oracle,2.212641637671722,0.07916029002323584,100
scm2,quality,200,0.0,1.0,spline5,DRF,risk_lambda_only,5.565788262194312,0.27517336012541166,100
scm2,quality,200,0.0,1.0,spline5,DRF,risk_omega_only,3.105685380707069,0.121365554934087,100
scm2,quality,200,0.0,1.0,spline5,DRF,regret,0.23065133866287799,0.04327597983636523,100
scm2,quality,200,0.0,1.0,spline5,DRF,selected_lambda,0.7275,0.035550327109265215,100
scm2,quality,200,0.0,1.0,spline5,DRF,selected_omega,0.5175,0.02416666666666667,100
scm2,quality,200,0.0,1.0,spline5,DRF,oracle_sieve_lambda,0.9693168218473294,0.0033733556101718633,100
scm2,quality,200,0.0,1.0,spline5,DRF,oracle_sieve_omega,0.4907401431069001,0.019289519441511863,100
scm2,quality,200,0.0,1.0,spline5,DRF,risk_selected_minus_rct,-4.681650574574589,0.3431658084822128,100
scm2,quality,200,0.0,1.0,spline5,DRF,score_selected_minus_rct,-4.583977214727136,0.34856860860785066,100
scm2,quality,200,0.0,1.0,spline5,DRF,a_p2,0.03044492161254562,0.0011084248909465717,100
scm2,quality,200,0.0,1.0,spline5,DRF,risk_at_0.0_0.0,7.1249435509091885,0.36603201284007364,100
scm2,quality,200,0.0,1.0,spline5,DRF,risk_at_0.5_0.0,6.045317615090089,0.30874171494505215,100
scm2,quality,200,0.0,1.0,spline5,DRF,risk_at_0.0_0.5,2.9992876153099646,0.11087020632562475,100
scm2,quality,200,0.0,1.0,spline5,DRF,risk_at_0.5_0.5,2.4591734388826656,0.08262486615866137,100
scm2,quality,200,0.0,1.0,spline5,RF,risk_selected,2.260830777364162,0.08744818031131965,100
scm2,quality,200,0.0,1.0,spline5,RF,risk_rct_only,8.53797250864439,0.34505018223755074,100
scm2,quality,200,0.0,1.0,spline5,RF,risk_grid_oracle,2.0791699510502033,0.06314150331524934,100
scm2,quality,200,0.0,1.0,spline5,RF,risk_lambda_only,6.171970313174869,0.2558102045845786,100
scm2,quality,200,0.0,1.0,spline5,RF,risk_omega_only,2.9622997312311146,0.10734478270620249,100
scm2,quality,200,0.0,1.0,spline5,RF,regret,0.1816608263139586,0.03804290693637881,100
scm2,quality,200,0.0,1.0,spline5,RF,selected_lambda,0.7575,0.03246112671295849,100
scm2,quality,200,0.0,1.0,spline5,RF,selected_omega,0.5575,0.022712242504780534,100
scm2,quality,200,0.0,1.0,spline5,RF,risk_selected_minus_rct,-6.277141731280227,0.3336309531425804,100
scm2,quality,200,0.0,1.0,spline5,RF,score_selected_minus_rct,-6.357929851123714,0.43591993799967127,100
scm2,quality,200,0.0,1.0,spline5,RF,risk_at_0.0_0.0,8.53797250864439,0.34505018223755074,100
scm2,quality,200,0.0,1.0,spline5,RF,risk_at_0.5_0.0,6.761979459445833,0.26162577778237717,100
scm2,quality,200,0.0,1.0,spline5,RF,risk_at_0.0_0.5,2.9180031098072248,0.09463914228592493,100
scm2,quality,200,0.0,1.0,spline5,RF,risk_at_0.5_0.5,2.3349977857535276,0.06360509111169912,100
scm2,quality,200,0.0,1.0,spline5,domain_indicator_pool,risk_selected,0.2587516087876737,0.01290653572410784,100
scm2,quality,200,0.0,1.0,spline5,domain_indicator_pool,risk_rct_only,7.1249435509091885,0.36603201284007364,100
scm2,quality,200,0.0,1.0,spline5,experimental_grounding,risk_selected,7.101149066184368,0.36439939938521154,100
scm2,quality,200,0.0,1.0,spline5,experimental_grounding,risk_rct_only,7.1249435509091885,0.36603201284007364,100
scm2,quality,200,2.0,1.0,spline3,DRF,risk_selected,2.1132120406591697,0.08268621753319153,100
scm2,quality,200,2.0,1.0,spline3,DRF,risk_rct_only,5.9561672284161284,0.3605374797893636,100
scm2,quality,200,2.0,1.0,spline3,DRF,risk_grid_oracle,1.8835338896054818,0.07333216987027777,100
scm2,quality,200,2.0,1.0,spline3,DRF,risk_lambda_only,4.073172319539404,0.25119404285858915,100
scm2,quality,200,2.0,1.0,spline3,DRF,risk_omega_only,3.0322990051254366,0.16338501557442278,100
scm2,quality,200,2.0,1.0,spline3,DRF,regret,0.22967815105368747,0.04530038272309141,100
scm2,quality,200,2.0,1.0,spline3,DRF,selected_lambda,0.7375,0.03630242638744911,100
scm2,quality,200,2.0,1.0,spline3,DRF,selected_omega,0.5075,0.026698607764556875,100
scm2,quality,200,2.0,1.0,spline3,DRF,oracle_sieve_lambda,0.9310027636627685,0.007472558237683208,100
scm2,quality,200,2.0,1.0,spline3,DRF,oracle_sieve_omega,0.1793526044958886,0.008442340941236151,100
scm2,quality,200,2.0,1.0,spline3,DRF,risk_selected_minus_rct,-3.8429551877569565,0.34216763588702703,100
scm2,quality,200,2.0,1.0,spline3,DRF,score_selected_minus_rct,-4.252802457262235,0.488894948733567,100
scm2,quality,200,2.0,1.0,spline3,DRF,a_p2,0.030566071461628895,0.0011171257230522846,100
scm2,quality,200,2.0,1.0,spline3,DRF,risk_at_0.0_0.0,5.9561672284161284,0.3605374797893636,100
scm2,quality,200,2.0,1.0,spline3,DRF,risk_at_0.5_0.0,4.663410510555312,0.2945401403154115,100
scm2,quality,200,2.0,1.0,spline3,DRF,risk_at_0.0_0.5,2.981950719926166,0.15880718244595052,100
scm2,quality,200,2.0,1.0,spline3,DRF,risk_at_0.5_0.5,2.255635823909547,0.09635036635709163,100
scm2,quality,200,2.0,1.0,spline3,RF,risk_selected,1.8780752695111005,0.058294947496814756,100
scm2,quality,200,2.0,1.0,spline3,RF,risk_rct_only,6.579453886118091,0.3434105511293895,100
scm2,quality,200,2.0,1.0,spline3,RF,risk_grid_oracle,1.705524734446426,0.049518947845036715,100
scm2,quality,200,2.0,1.0,spline3,RF,risk_lambda_only,4.425374897248781,0.2761545614460438,100
scm2,quality,200,2.0,1.0,spline3,RF,risk_omega_only,2.6397127110018825,0.096637636816277,100
scm2,quality,200,2.0,1.0,spline3,RF,regret,0.17255053506467452,0.034120140327633275,100
scm2,quality,200,2.0,1.0,spline3,RF,selected_lambda,0.755,0.03236861555159986,100
scm2,quality,200,2.0,1.0,spline3,RF,selected_omega,0.5425,0.024632398391245838,100
scm2,quality,200,2.0,1.0,spline3,RF,risk_selected_minus_rct,-4.70137861660699,0.3419299231173571,100
scm2,quality,200,2.0,1.0,spline3,RF,score_selected_minus_rct,-5.445585378477088,0.6916295966856109,100
scm2,quality,200,2.0,1.0,spline3,RF,risk_at_0.0_0.0,6.579453886118091,0.3434105511293895,100
scm2,quality,200,2.0,1.0,spline3,RF,risk_at_0.5_0.0,5.091991567617395,0.30012172355358396,100
scm2,quality,200,2.0,1.0,spline3,RF,risk_at_0.0_0.5,2.5823376223963828,0.08349141477947693,100
scm2,quality,200,2.0,1.0,spline3,RF,risk_at_0.5_0.5,2.0038551274667973,0.05574735073906693,100
scm2,quality,200,2.0,1.0,spline3,domain_indicator_pool,risk_selected,0.3154638994714221,0.018064227057465902,100
scm2,quality,200,2.0,1.0,spline3,domain_indicator_pool,risk_rct_only,5.9561672284161284,0.3605374797893636,100
scm2,quality,200,2.0,1.0,spline3,experimental_grounding,risk_selected,5.928234187795382,0.3587948995303892,100
scm2,quality,200,2.0,1.0,spline3,experimental_grounding,risk_rct_only,5.9561672284161284,0.3605374797893636,100
scm2,quality,200,2.0,1.0,spline5,DRF,risk_selected,2.431702406683992,0.09108074685621645,100
scm2,quality,200,2.0,1.0,spline5,DRF,risk_rct_only,7.500158211571809,0.3809480362379444,100
scm2,quality,200,2.0,1.0,spline5,DRF,risk_grid_oracle,2.2279936286577766,0.08850669420156851,100
scm2,quality,200,2.0,1.0,spline5,DRF,risk_lambda_only,5.799197597092659,0.27959757894582166,100
scm2,quality,200,2.0,1.0,spline5,DRF,risk_omega_only,3.2848500659756796,0.1521466941093051,100
scm2,quality,200,2.0,1.0,spline5,DRF,regret,0.20370877802621506,0.030769755770531378,100
scm2,quality,200,2.0,1.0,spline5,DRF,selected_lambda,0.7175,0.034752915726815665,100
scm2,quality,200,2.0,1.0,spline5,DRF,selected_omega,0.5475,0.02294454227484219,100
scm2,quality,200,2.0,1.0,spline5,DRF,oracle_sieve_lambda,0.9350861346490582,0.007509654320568171,100
scm2,quality,200,2.0,1.0,spline5,DRF,oracle_sieve_omega,0.16923802922117115,0.008715410675127246,100
scm2,quality,200,2.0,1.0,spline5,DRF,risk_selected_minus_rct,-5.068455804887815,0.3340663796065454,100
scm2,quality,200,2.0,1.0,spline5,DRF,score_selected_minus_rct,-5.374646549369332,0.6151959195856036,100
scm2,quality,200,2.0,1.0,spline5,DRF,a_p2,0.02891384916192052,0.0011955075269772368,100
scm2,quality,200,2.0,1.0,spline5,DRF,risk_at_0.0_0.0,7.500158211571809,0.3809480362379444,100
scm2,quality,200,2.0,1.0,spline5,DRF,risk_at_0.5_0.0,6.239753507424149,0.3045341947299522,100
scm2,quality,200,2.0,1.0,spline5,DRF,risk_at_0.0_0.5,3.1948629792575876,0.1406028956271933,100
scm2,quality,200,2.0,1.0,spline5,DRF,risk_at_0.5_0.5,2.5163633418977405,0.10200674251300224,100
scm2,quality,200,2.0,1.0,spline5,RF,risk_selected,2.309429696887144,0.06613821841300108,100
scm2,quality,200,2.0,1.0,spline5,RF,risk_rct_only,8.66252201186223,0.4125287223372071,100
scm2,quality,200,2.0,1.0,spline5,RF,risk_grid_oracle,2.078042444161206,0.06045437747051243,100
scm2,quality,200,2.0,1.0,spline5,RF,risk_lambda_only,6.477581986583889,0.2685920786687587,100
scm2,quality,200,2.0,1.0,spline5,RF,risk_omega_only,3.09447732733141,0.10963448632968016,100
scm2,quality,200,2.0,1.0,spline5,RF,regret,0.231387252725938,0.03930397432525147,100
scm2,quality,200,2.0,1.0,spline5,RF,selected_lambda,0.7375,0.03506397472096287,100
scm2,quality,200,2.0,1.0,spline5,RF,selected_omega,0.6125,0.023935677693908454,100
scm2,quality,200,2.0,1.0,spline5,RF,risk_selected_minus_rct,-6.353092314975085,0.39099475830765734,100
scm2,quality,200,2.0,1.0,spline5,RF,score_selected_minus_rct,-6.794639017043567,0.5576976069466827,100
scm2,quality,200,2.0,1.0,spline5,RF,risk_at_0.0_0.0,8.66252201186223,0.4125287223372071,100
scm2,quality,200,2.0,1.0,spline5,RF,risk_at_0.5_0.0,7.082671534763281,0.3016175947485534,100
scm2,quality,200,2.0,1.0,spline5,RF,risk_at_0.0_0.5,3.034058465078627,0.10961041965154654,100
scm2,quality,200,2.0,1.0,spline5,RF,risk_at_0.5_0.5,2.3840618535799005,0.07136013457810267,100
scm2,quality,200,2.0,1.0,spline5,domain_indicator_pool,risk_selected,0.46184215709736987,0.046307631358248724,100
scm2,quality,200,2.0,1.0,spline5,domain_indicator_pool,risk_rct_only,7.500158211571809,0.3809480362379444,100
scm2,quality,200,2.0,1.0,spline5,experimental_grounding,risk_selected,7.543264876288669,0.38599293673184726,100
scm2,quality,200,2.0,1.0,spline5,experimental_grounding,risk_rct_only,7.500158211571809,0.3809480362379444,100
scm2,rct_size,100,1.0,1.0,spline3,DRF,risk_selected,3.344375159663378,0.15994106678190015,100
scm2,rct_size,100,1.0,1.0,spline3,DRF,risk_rct_only,16.94991703523083,1.084159613802205,100
scm2,rct_size,100,1.0,1.0,spline3,DRF,risk_grid_oracle,2.899471681994419,0.12438077007374829,100
scm2,rct_size,100,1.0,1.0,spline3,DRF,risk_lambda_only,11.496315697695985,0.7676019791332387,100
scm2,rct_size,100,1.0,1.0,spline3,DRF,risk_omega_only,5.316248520003796,0.2994046486900752,100
scm2,rct_size,100,1.0,1.0,spline3,DRF,regret,0.4449034776689587,0.08814140631545211,100
scm2,rct_size,100,1.0,1.0,spline3,DRF,selected_lambda,0.71,0.03920291681582745,100
scm2,rct_size,100,1.0,1.0,spline3,DRF,selected_omega,0.545,0.02571699119966479,100
scm2,rct_size,100,1.0,1.0,spline3,DRF,oracle_sieve_lambda,0.9712420146923212,0.003092703122571862,100
scm2,rct_size,100,1.0,1.0,spline3,DRF,oracle_sieve_omega,0.32302318887248227,0.013958291367357961,100
scm2,rct_size,100,1.0,1.0,spline3,DRF,risk_selected_minus_rct,-13.60554187556745,1.0747712882148208,100
scm2,rct_size,100,1.0,1.0,spline3,DRF,score_selected_minus_rct,-15.069830759654986,1.2979058202132436,100
scm2,rct_size,100,1.0,1.0,spline3,DRF,a_p2,0.04340045973906831,0.0017907534927296593,100
scm2,rct_size,100,1.0,1.0,spline3,DRF,risk_at_0.0_0.0,16.94991703523083,1.084159613802205,100
scm2,rct_size,100,1.0,1.0,spline3,DRF,risk_at_0.5_0.0,12.996881092308012,0.7633382720826055,100
scm2,rct_size,100,1.0,1.0,spline3,DRF,risk_at_0.0_0.5,5.145508566088138,0.28918447644097794,100
scm2,rct_size,100,1.0,1.0,spline3,DRF,risk_at_0.5_0.5,3.6263438607019616,0.16635182262213075,100
scm2,rct_size,100,1.0,1.0,spline3,RF,risk_selected,3.2722945448316785,0.13086076475445485,100
scm2,rct_size,100,1.0,1.0,spline3,RF,risk_rct_only,19.95884879997953,1.3341323386335575,100
scm2,rct_size,100,1.0,1.0,spline3,RF,risk_grid_oracle,2.7758742960723803,0.093029369555677,100
scm2,rct_size,100,1.0,1.0,spline3,RF,risk_lambda_only,12.457345461641484,0.585128480957308,100
scm2,rct_size,100,1.0,1.0,spline3,RF,risk_omega_only,4.992672406671419,0.21991963521003868,100
scm2,rct_size,100,1.0,1.0,spline3,RF,regret,0.49642024875929713,0.0890687738004852,100
scm2,rct_size,100,1.0,1.0,spline3,RF,selected_lambda,0.7175,0.03652434500135188,100
scm2,rct_size,100,1.0,1.0,spline3,RF,selected_omega,0.595,0.02532116932848118,100
scm2,rct_size,100,1.0,1.0,spline3,RF,risk_selected_minus_rct,-16.686554255147854,1.3287504728842767,100
scm2,rct_size,100,1.0,1.0,spline3,RF,score_selected_minus_rct,-17.47905116806156,1.6396046020614918,100
scm2,rct_size,100,1.0,1.0,spline3,RF,risk_at_0.0_0.0,19.95884879997953,1.3341323386335575,100
scm2,rct_size,100,1.0,1.0,spline3,RF,risk_at_0.5_0.0,14.72972283584208,0.8219365520841277,100
scm2,rct_size,100,1.0,1.0,spline3,RF,risk_at_0.0_0.5,4.832383588926561,0.20709559924767693,100
scm2,rct_size,100,1.0,1.0,spline3,RF,risk_at_0.5_0.5,3.428071289041034,0.1206124503366548,100
scm2,rct_size,100,1.0,1.0,spline3,domain_indicator_pool,risk_selected,0.3617820580714487,0.026263545101066023,100
scm2,rct_size,100,1.0,1.0,spline3,domain_indicator_pool,risk_rct_only,16.94991703523083,1.084159613802205,100
scm2,rct_size,100,1.0,1.0,spline3,experimental_grounding,risk_selected,16.998782692714205,1.089433433515587,100
scm2,rct_size,100,1.0,1.0,spline3,experimental_grounding,risk_rct_only,16.94991703523083,1.084159613802205,100
scm2,rct_size,100,1.0,1.0,spline5,DRF,risk_selected,4.037475116643939,0.16616903962483284,100
scm2,rct_size,100,1.0,1.0,spline5,DRF,risk_rct_only,26.462748735613264,1.4288942760254897,100
scm2,rct_size,100,1.0,1.0,spline5,DRF,risk_grid_oracle,3.5386278469426755,0.14265137567720154,100
scm2,rct_size,100,1.0,1.0,spline5,DRF,risk_lambda_only,17.722405524118575,0.8464412737057284,100
scm2,rct_size,100,1.0,1.0,spline5,DRF,risk_omega_only,6.1575635183486055,0.26134053452385064,100
scm2,rct_size,100,1.0,1.0,spline5,DRF,regret,0.4988472697012639,0.10217789591007567,100
scm2,rct_size,100,1.0,1.0,spline5,DRF,selected_lambda,0.775,0.03361622383686938,100
scm2,rct_size,100,1.0,1.0,spline5,DRF,selected_omega,0.4925,0.020243155720770255,100
scm2,rct_size,100,1.0,1.0,spline5,DRF,oracle_sieve_lambda,0.9674037747875219,0.0037616469048700482,100
scm2,rct_size,100,1.0,1.0,spline5,DRF,oracle_sieve_omega,0.35523322230834753,0.016181939756762517,100
scm2,rct_size,100,1.0,1.0,spline5,DRF,risk_selected_minus_rct,-22.42527361896932,1.3858971938825098,100
scm2,rct_size,100,1.0,1.0,spline5,DRF,score_selected_minus_rct,-21.736797186992895,1.6336481247524695,100
scm2,rct_size,100,1.0,1.0,spline5,DRF,a_p2,0.04680939737299985,0.002176928113693609,100
scm2,rct_size,100,1.0,1.0,spline5,DRF,risk_at_0.0_0.0,26.462748735613264,1.4288942760254897,100
scm2,rct_size,100,1.0,1.0,spline5,DRF,risk_at_0.5_0.0,20.217997656347595,1.0212380777550103,100
scm2,rct_size,100,1.0,1.0,spline5,DRF,risk_at_0.0_0.5,5.990485297303267,0.2658803039129021,100
scm2,rct_size,100,1.0,1.0,spline5,DRF,risk_at_0.5_0.5,4.272243887713867,0.17649512356812494,100
scm2,rct_size,100,1.0,1.0,spline5,RF,risk_selected,4.013997358391859,0.2081929129425987,100
scm2,rct_size,100,1.0,1.0,spline5,RF,risk_rct_only,31.71919635907427,1.6196953225798776,100
scm2,rct_size,100,1.0,1.0,spline5,RF,risk_grid_oracle,3.339946362554089,0.10781128264733689,100
scm2,rct_size,100,1.0,1.0,spline5,RF,risk_lambda_only,20.048046946012654,0.9424992492936772,100
scm2,rct_size,100,1.0,1.0,spline5,RF,risk_omega_only,6.274990570498491,0.36385112033229705,100
scm2,rct_size,100,1.0,1.0,spline5,RF,regret,0.6740509958377713,0.18279575485249813,100
scm2,rct_size,100,1.0,1.0,spline5,RF,selected_lambda,0.7825,0.0319119289940488,100
scm2,rct_size,100,1.0,1.0,spline5,RF,selected_omega,0.515,0.020967748201618237,100
scm2,rct_size,100,1.0,1.0,spline5,RF,risk_selected_minus_rct,-27.70519900068241,1.6210363270381545,100
scm2,rct_size,100,1.0,1.0,spline5,RF,score_selected_minus_rct,-28.957913087673404,1.9876349328881282,100
scm2,rct_size,100,1.0,1.0,spline5,RF,risk_at_0.0_0.0,31.71919635907427,1.6196953225798776,100
scm2,rct_size,100,1.0,1.0,spline5,RF,risk_at_0.5_0.0,23.26090391886708,1.074629023368926,100
scm2,rct_size,100,1.0,1.0,spline5,RF,risk_at_0.0_0.5,6.012034579972086,0.3075650802514541,100
scm2,rct_size,100,1.0,1.0,spline5,RF,risk_at_0.5_0.5,4.090521764865824,0.14798104992365635,100
scm2,rct_size,100,1.0,1.0,spline5,domain_indicator_pool,risk_selected,0.3888179551821667,0.02094870018241394,100
scm2,rct_size,100,1.0,1.0,spline5,domain_indicator_pool,risk_rct_only,26.462748735613264,1.4288942760254897,100
scm2,rct_size,100,1.0,1.0,spline5,experimental_grounding,risk_selected,26.3062191170064,1.4332112677662592,100
scm2,rct_size,100,1.0,1.0,spline5,experimental_grounding,risk_rct_only,26.462748735613264,1.4288942760254897,100
scm2,rct_size,200,1.0,1.0,spline3,DRF,risk_selected,2.053767887292783,0.10241491246900578,100
scm2,rct_size,200,1.0,1.0,spline3,DRF,risk_rct_only,5.885762541016966,0.34099234543848966,100
scm2,rct_size,200,1.0,1.0,spline3,DRF,risk_grid_oracle,1.7696614776560569,0.0765043932793659,100
scm2,rct_size,200,1.0,1.0,spline3,DRF,risk_lambda_only,4.2004315267457315,0.24952431680112572,100
scm2,rct_size,200,1.0,1.0,spline3,DRF,risk_omega_only,2.938069891658957,0.18012426631057094,100
scm2,rct_size,200,1.0,1.0,spline3,DRF,regret,0.28410640963672584,0.0654467886654417,100
scm2,rct_size,200,1.0,1.0,spline3,DRF,selected_lambda,0.73,0.03529815286894763,100
scm2,rct_size,200,1.0,1.0,spline3,DRF,selected_omega,0.58,0.02795197902319497,100
scm2,rct_size,200,1.0,1.0,spline3,DRF,oracle_sieve_lambda,0.9454955806944809,0.0060434415701189825,100
scm2,rct_size,200,1.0,1.0,spline3,DRF,oracle_sieve_omega,0.2883428043702256,0.013978680655734724,100
scm2,rct_size,200,1.0,1.0,spline3,DRF,risk_selected_minus_rct,-3.8319946537241827,0.31572517391647575,100
scm2,rct_size,200,1.0,1.0,spline3,DRF,score_selected_minus_rct,-4.4813543518400785,0.4429848222984546,100
scm2,rct_size,200,1.0,1.0,spline3,DRF,a_p2,0.0284103219614174,0.0009927743962165518,100
scm2,rct_size,200,1.0,1.0,spline3,DRF,risk_at_0.0_0.0,5.885762541016966,0.34099234543848966,100
scm2,rct_size,200,1.0,1.0,spline3,DRF,risk_at_0.5_0.0,4.678545009457992,0.27157468477316243,100
scm2,rct_size,200,1.0,1.0,spline3,DRF,risk_at_0.0_0.5,2.895996132655016,0.20678092627738004,100
scm2,rct_size,200,1.0,1.0,spline3,DRF,risk_at_0.5_0.5,2.1584490505290397,0.11484587589430832,100
scm2,rct_size,200,1.0,1.0,spline3,RF,risk_selected,1.8068165552801785,0.07031048587150421,100
scm2,rct_size,200,1.0,1.0,spline3,RF,risk_rct_only,5.929298565044528,0.298902424687564,100
scm2,rct_size,200,1.0,1.0,spline3,RF,risk_grid_oracle,1.6101985871826674,0.054762269964540575,100
scm2,rct_size,200,1.0,1.0,spline3,RF,risk_lambda_only,4.296464167525515,0.19010962710240506,100
scm2,rct_size,200,1.0,1.0,spline3,RF,risk_omega_only,2.4658940356259564,0.09404374463275386,100
scm2,rct_size,200,1.0,1.0,spline3,RF,regret,0.19661796809751153,0.041333799210729195,100
scm2,rct_size,200,1.0,1.0,spline3,RF,selected_lambda,0.71,0.037220337657704494,100
scm2,rct_size,200,1.0,1.0,spline3,RF,selected_omega,0.575,0.02448974223521911,100
scm2,rct_size,200,1.0,1.0,spline3,RF,risk_selected_minus_rct,-4.122482009764349,0.28914100078603955,100
scm2,rct_size,200,1.0,1.0,spline3,RF,score_selected_minus_rct,-4.510383038105911,0.38575709035998923,100
scm2,rct_size,200,1.0,1.0,spline3,RF,risk_at_0.0_0.0,5.929298565044528,0.298902424687564,100
scm2,rct_size,200,1.0,1.0,spline3,RF,risk_at_0.5_0.0,4.740711979774297,0.22225723459879113,100
scm2,rct_size,200,1.0,1.0,spline3,RF,risk_at_0.0_0.5,2.413794066978679,0.09234013583839126,100
scm2,rct_size,200,1.0,1.0,spline3,RF,risk_at_0.5_0.5,1.87871927687411,0.06434995248733504,100
scm2,rct_size,200,1.0,1.0,spline3,domain_indicator_pool,risk_selected,0.24980360460622697,0.013232307059526216,100
scm2,rct_size,200,1.0,1.0,spline3,domain_indicator_pool,risk_rct_only,5.885762541016966,0.34099234543848966,100
scm2,rct_size,200,1.0,1.0,spline3,experimental_grounding,risk_selected,5.874063008731422,0.3378767009803167,100
scm2,rct_size,200,1.0,1.0,spline3,experimental_grounding,risk_rct_only,5.885762541016966,0.34099234543848966,100
scm2,rct_size,200,1.0,1.0,spline5,DRF,risk_selected,2.5323229279468014,0.101865968983432,100
scm2,rct_size,200,1.0,1.0,spline5,DRF,risk_rct_only,8.197317629505852,0.6062468589583403,100
scm2,rct_size,200,1.0,1.0,spline5,DRF,risk_grid_oracle,2.276090015891494,0.07743672026680795,100
scm2,rct_size,200,1.0,1.0,spline5,DRF,risk_lambda_only,5.794417831352701,0.28658966705163375,100
scm2,rct_size,200,1.0,1.0,spline5,DRF,risk_omega_only,3.421865811339161,0.14429600304686788,100
scm2,rct_size,200,1.0,1.0,spline5,DRF,regret,0.25623291205530707,0.05311984945231661,100
scm2,rct_size,200,1.0,1.0,spline5,DRF,selected_lambda,0.715,0.0367595242932036,100
scm2,rct_size,200,1.0,1.0,spline5,DRF,selected_omega,0.54,0.02505549396395485,100
scm2,rct_size,200,1.0,1.0,spline5,DRF,oracle_sieve_lambda,0.9460584114334901,0.005258016335450391,100
scm2,rct_size,200,1.0,1.0,spline5,DRF,oracle_sieve_omega,0.2753231949346486,0.01236652292187236,100
scm2,rct_size,200,1.0,1.0,spline5,DRF,risk_selected_minus_rct,-5.66499470155905,0.5898356655087997,100
scm2,rct_size,200,1.0,1.0,spline5,DRF,score_selected_minus_rct,-6.204632545914609,0.8184286217178594,100
scm2,rct_size,200,1.0,1.0,spline5,DRF,a_p2,0.027314201716144515,0.0009468148896576723,100
scm2,rct_size,200,1.0,1.0,spline5,DRF,risk_at_0.0_0.0,8.197317629505852,0.6062468589583403,100
scm2,rct_size,200,1.0,1.0,spline5,DRF,risk_at_0.5_0.0,6.445646982418864,0.3977976265141324,100
scm2,rct_size,200,1.0,1.0,spline5,DRF,risk_at_0.0_0.5,3.338626841077,0.13487181370380646,100
scm2,rct_size,200,1.0,1.0,spline5,DRF,risk_at_0.5_0.5,2.5985301024071874,0.08848772379002094,100
scm2,rct_size,200,1.0,1.0,spline5,RF,risk_selected,2.3411215737094278,0.09484904783126498,100
scm2,rct_size,200,1.0,1.0,spline5,RF,risk_rct_only,8.7080110345938,0.38474199894583067,100
scm2,rct_size,200,1.0,1.0,spline5,RF,risk_grid_oracle,2.085222923190469,0.06614165620304437,100
scm2,rct_size,200,1.0,1.0,spline5,RF,risk_lambda_only,6.5689787760015825,0.3211682172315311,100
scm2,rct_size,200,1.0,1.0,spline5,RF,risk_omega_only,3.0744116597900946,0.1197527177587879,100
scm2,rct_size,200,1.0,1.0,spline5,RF,regret,0.25589865051895905,0.05638516425430816,100
scm2,rct_size,200,1.0,1.0,spline5,RF,selected_lambda,0.735,0.034963906353191535,100
scm2,rct_size,200,1.0,1.0,spline5,RF,selected_omega,0.5375,0.022856325517493316,100
scm2,rct_size,200,1.0,1.0,spline5,RF,risk_selected_minus_rct,-6.366889460884371,0.36532202913425477,100
scm2,rct_size,200,1.0,1.0,spline5,RF,score_selected_minus_rct,-6.455537149283149,0.48660533251875987,100
scm2,rct_size,200,1.0,1.0,spline5,RF,risk_at_0.0_0.0,8.7080110345938,0.38474199894583067,100
scm2,rct_size,200,1.0,1.0,spline5,RF,risk_at_0.5_0.0,7.069019498202111,0.33177870367556805,100
scm2,rct_size,200,1.0,1.0,spline5,RF,risk_at_0.0_0.5,3.0281907238329366,0.112418149388262,100
scm2,rct_size,200,1.0,1.0,spline5,RF,risk_at_0.5_0.5,2.395420208551113,0.07454194337140259,100
scm2,rct_size,200,1.0,1.0,spline5,domain_indicator_pool,risk_selected,0.31178954075477305,0.01726110927950645,100
scm2,rct_size,200,1.0,1.0,spline5,domain_indicator_pool,risk_rct_only,8.197317629505852,0.6062468589583403,100
scm2,rct_size,200,1.0,1.0,spline5,experimental_grounding,risk_selected,8.14423503326027,0.5974331026586973,100
scm2,rct_size,200,1.0,1.0,spline5,experimental_grounding,risk_rct_only,8.197317629505852,0.6062468589583403,100
scm2,rct_size,400,1.0,1.0,spline3,DRF,risk_selected,1.064641130170375,0.03978271127905564,100
scm2,rct_size,400,1.0,1.0,spline3,DRF,risk_rct_only,1.9686759958669868,0.11420746712381431,100
scm2,rct_size,400,1.0,1.0,spline3,DRF,risk_grid_oracle,0.958695630716678,0.03477564991294409,100
scm2,rct_size,400,1.0,1.0,spline3,DRF,risk_lambda_only,1.580082928396477,0.0814847609031038,100
scm2,rct_size,400,1.0,1.0,spline3,DRF,risk_omega_only,1.2999949970253297,0.044565686731936824,100
scm2,rct_size,400,1.0,1.0,spline3,DRF,regret,0.10594549945369704,0.02223155870914293,100
scm2,rct_size,400,1.0,1.0,spline3,DRF,selected_lambda,0.74,0.03759163887264445,100
scm2,rct_size,400,1.0,1.0,spline3,DRF,selected_omega,0.5075,0.03206980234148976,100
scm2,rct_size,400,1.0,1.0,spline3,DRF,oracle_sieve_lambda,0.9222896810857593,0.007309559287722094,100
scm2,rct_size,400,1.0,1.0,spline3,DRF,oracle_sieve_omega,0.23219777392014052,0.012525209094457822,100
scm2,rct_size,400,1.0,1.0,spline3,DRF,risk_selected_minus_rct,-0.9040348656966118,0.10625110470057879,100
scm2,rct_size,400,1.0,1.0,spline3,DRF,score_selected_minus_rct,-1.2189548480733254,0.16202789491013642,100
scm2,rct_size,400,1.0,1.0,spline3,DRF,a_p2,0.020745730492822342,0.0006169040643409639,100
scm2,rct_size,400,1.0,1.0,spline3,DRF,risk_at_0.0_0.0,1.9686759958669868,0.11420746712381431,100
scm2,rct_size,400,1.0,1.0,spline3,DRF,risk_at_0.5_0.0,1.6808030657648538,0.09217574573256124,100
scm2,rct_size,400,1.0,1.0,spline3,DRF,risk_at_0.0_0.5,1.2740808155476266,0.04592766268093115,100
scm2,rct_size,400,1.0,1.0,spline3,DRF,risk_at_0.5_0.5,1.0741435151276046,0.038582875759956343,100
scm2,rct_size,400,1.0,1.0,spline3,RF,risk_selected,1.029812390776416,0.033975048718016126,100
scm2,rct_size,400,1.0,1.0,spline3,RF,risk_rct_only,2.3545982837192287,0.10648846601206233,100
scm2,rct_size,400,1.0,1.0,spline3,RF,risk_grid_oracle,0.9415720529533554,0.02991219843435052,100
scm2,rct_size,400,1.0,1.0,spline3,RF,risk_lambda_only,1.8524919276226472,0.07334392788559363,100
scm2,rct_size,400,1.0,1.0,spline3,RF,risk_omega_only,1.247795259025628,0.04193273822009043,100
scm2,rct_size,400,1.0,1.0,spline3,RF,regret,0.08824033782306065,0.017534868608136432,100
scm2,rct_size,400,1.0,1.0,spline3,RF,selected_lambda,0.6775,0.039932866643703886,100
scm2,rct_size,400,1.0,1.0,spline3,RF,selected_omega,0.5675,0.02702762335541962,100
scm2,rct_size,400,1.0,1.0,spline3,RF,risk_selected_minus_rct,-1.3247858929428131,0.10113607768139268,100
scm2,rct_size,400,1.0,1.0,spline3,RF,score_selected_minus_rct,-1.5672382929051139,0.18204090826604508,100
scm2,rct_size,400,1.0,1.0,spline3,RF,risk_at_0.0_0.0,2.3545982837192287,0.10648846601206233,100
scm2,rct_size,400,1.0,1.0,spline3,RF,risk_at_0.5_0.0,1.9877820337543737,0.08212613628116389,100
scm2,rct_size,400,1.0,1.0,spline3,RF,risk_at_0.0_0.5,1.2251910701991415,0.04066927199208004,100
scm2,rct_size,400,1.0,1.0,spline3,RF,risk_at_0.5_0.5,1.0506766130086023,0.03302284188217187,100
scm2,rct_size,400,1.0,1.0,spline3,domain_indicator_pool,risk_selected,0.2023010553361571,0.007904188431839336,100
scm2,rct_size,400,1.0,1.0,spline3,domain_indicator_pool,risk_rct_only,1.9686759958669868,0.11420746712381431,100
scm2,rct_size,400,1.0,1.0,spline3,experimental_grounding,risk_selected,1.967509469850094,0.11799514360921629,100
scm2,rct_size,400,1.0,1.0,spline3,experimental_grounding,risk_rct_only,1.9686759958669868,0.11420746712381431,100
scm2,rct_size,400,1.0,1.0,spline5,DRF,risk_selected,1.3744400900947074,0.044414358592706246,100
scm2,rct_size,400,1.0,1.0,spline5,DRF,risk_rct_only,2.6279250776516028,0.10337162693420003,100
scm2,rct_size,400,1.0,1.0,spline5,DRF,risk_grid_oracle,1.2804937854889262,0.03885894553235204,100
scm2,rct_size,400,1.0,1.0,spline5,DRF,risk_lambda_only,2.1105276007120763,0.07864211581530349,100
scm2,rct_size,400,1.0,1.0,spline5,DRF,risk_omega_only,1.675580799405377,0.05825374178978796,100
scm2,rct_size,400,1.0,1.0,spline5,DRF,regret,0.09394630460578077,0.014391950972208589,100
scm2,rct_size,400,1.0,1.0,spline5,DRF,selected_lambda,0.7275,0.036079142803766076,100
scm2,rct_size,400,1.0,1.0,spline5,DRF,selected_omega,0.5175,0.025686287266464842,100
scm2,rct_size,400,1.0,1.0,spline5,DRF,oracle_sieve_lambda,0.9163089059744397,0.009414190626385325,100
scm2,rct_size,400,1.0,1.0,spline5,DRF,oracle_sieve_omega,0.23840115487459296,0.013530614911889302,100
scm2,rct_size,400,1.0,1.0,spline5,DRF,risk_selected_minus_rct,-1.2534849875568952,0.08864276013597146,100
scm2,rct_size,400,1.0,1.0,spline5,DRF,score_selected_minus_rct,-1.4601132197518507,0.13512688454856883,100
scm2,rct_size,400,1.0,1.0,spline5,DRF,a_p2,0.020753395381971084,0.0006285778113291806,100
scm2,rct_size,400,1.0,1.0,spline5,DRF,risk_at_0.0_0.0,2.6279250776516028,0.10337162693420003,100
scm2,rct_size,400,1.0,1.0,spline5,DRF,risk_at_0.5_0.0,2.246832377279141,0.08381056528225607,100
scm2,rct_size,400,1.0,1.0,spline5,DRF,risk_at_0.0_0.5,1.6407626843350573,0.053895816073149874,100
scm2,rct_size,400,1.0,1.0,spline5,DRF,risk_at_0.5_0.5,1.4028230295823656,0.04198912745125724,100
scm2,rct_size,400,1.0,1.0,spline5,RF,risk_selected,1.2928991049325418,0.03454741282213168,100
scm2,rct_size,400,1.0,1.0,spline5,RF,risk_rct_only,3.0447444590709325,0.14138326517008853,100
scm2,rct_size,400,1.0,1.0,spline5,RF,risk_grid_oracle,1.2289822308735183,0.03149720367898578,100
scm2,rct_size,400,1.0,1.0,spline5,RF,risk_lambda_only,2.486990760837544,0.11282380009478357,100
scm2,rct_size,400,1.0,1.0,spline5,RF,risk_omega_only,1.5482423066696613,0.04318706173292598,100
scm2,rct_size,400,1.0,1.0,spline5,RF,regret,0.06391687405902363,0.01025271264593785,100
scm2,rct_size,400,1.0,1.0,spline5,RF,selected_lambda,0.735,0.03637973128659485,100
scm2,rct_size,400,1.0,1.0,spline5,RF,selected_omega,0.54,0.02239453396512532,100
scm2,rct_size,400,1.0,1.0,spline5,RF,risk_selected_minus_rct,-1.7518453541383905,0.132932971574587,100
scm2,rct_size,400,1.0,1.0,spline5,RF,score_selected_minus_rct,-1.8520888252584373,0.15203636209977284,100
scm2,rct_size,400,1.0,1.0,spline5,RF,risk_at_0.0_0.0,3.0447444590709325,0.14138326517008853,100
scm2,rct_size,400,1.0,1.0,spline5,RF,risk_at_0.5_0.0,2.662938654861597,0.126882746980201,100
scm2,rct_size,400,1.0,1.0,spline5,RF,risk_at_0.0_0.5,1.5394691262423839,0.042076399635339164,100
scm2,rct_size,400,1.0,1.0,spline5,RF,risk_at_0.5_0.5,1.340683945023543,0.034885086714765735,100
scm2,rct_size,400,1.0,1.0,spline5,domain_indicator_pool,risk_selected,0.26165863406810497,0.01014606302601049,100
scm2,rct_size,400,1.0,1.0,spline5,domain_indicator_pool,risk_rct_only,2.6279250776516028,0.10337162693420003,100
scm2,rct_size,400,1.0,1.0,spline5,experimental_grounding,risk_selected,2.6192102262633075,0.10325084969011808,100
scm2,rct_size,400,1.0,1.0,spline5,experimental_grounding,risk_rct_only,2.6279250776516028,0.10337162693420003,100
scm3,heterogeneity,200,1.0,2.0,spline3,DRF,risk_selected,2.499663058772531,0.09558485768460323,100
scm3,heterogeneity,200,1.0,2.0,spline3,DRF,risk_rct_only,6.315570180370972,0.26723975989650983,100
scm3,heterogeneity,200,1.0,2.0,spline3,DRF,risk_grid_oracle,2.202921691069051,0.07377528663336112,100
scm3,heterogeneity,200,1.0,2.0,spline3,DRF,risk_lambda_only,4.7970954741761895,0.20108377584735906,100
scm3,heterogeneity,200,1.0,2.0,spline3,DRF,risk_omega_only,3.3590608193096716,0.15213119796402053,100
scm3,heterogeneity,200,1.0,2.0,spline3,DRF,regret,0.29674136770347975,0.05863435873201178,100
scm3,heterogeneity,200,1.0,2.0,spline3,DRF,selected_lambda,0.72,0.03431876713662334,100
scm3,heterogeneity,200,1.0,2.0,spline3,DRF,selected_omega,0.535,0.026831874607442074,100
scm3,heterogeneity,200,1.0,2.0,spline3,DRF,oracle_sieve_lambda,0.9684611405305813,0.004129831382430311,100
scm3,heterogeneity,200,1.0,2.0,spline3,DRF,oracle_sieve_omega,0.559629106747675,0.010700767921065012,100
scm3,heterogeneity,200,1.0,2.0,spline3,DRF,risk_selected_minus_rct,-3.815907121598441,0.2606485180614478,100
scm3,heterogeneity,200,1.0,2.0,spline3,DRF,score_selected_minus_rct,-4.288764923487779,0.3756310219708767,100
scm3,heterogeneity,200,1.0,2.0,spline3,DRF,a_p2,0.19967029376353068,0.0017491263962188535,100
scm3,heterogeneity,200,1.0,2.0,spline3,DRF,risk_at_0.0_0.0,6.315570180370972,0.26723975989650983,100
scm3,heterogeneity,200,1.0,2.0,spline3,DRF,risk_at_0.5_0.0,5.137744149318388,0.20877078554292536,100
scm3,heterogeneity,200,1.0,2.0,spline3,DRF,risk_at_0.0_0.5,3.2890603903760387,0.1525447626618492,100
scm3,heterogeneity,200,1.0,2.0,spline3,DRF,risk_at_0.5_0.5,2.5329343712315775,0.09192800715290614,100
scm3,heterogeneity,200,1.0,2.0,spline3,RF,risk_selected,2.466299778037789,0.08700771833471879,100
scm3,heterogeneity,200,1.0,2.0,spline3,RF,risk_rct_only,6.610410136135847,0.27881119669387777,100
scm3,heterogeneity,200,1.0,2.0,spline3,RF,risk_grid_oracle,2.1847517709716056,0.06567269134322132,100
scm3,heterogeneity,200,1.0,2.0,spline3,RF,risk_lambda_only,4.967507847266279,0.1949793134943673,100
scm3,heterogeneity,200,1.0,2.0,spline3,RF,risk_omega_only,3.3155356188079526,0.15033634432312984,100
scm3,heterogeneity,200,1.0,2.0,spline3,RF,regret,0.28154800706618405,0.05188197850835965,100
scm3,heterogeneity,200,1.0,2.0,spline3,RF,selected_lambda,0.725,0.03454246398538788,100
scm3,heterogeneity,200,1.0,2.0,spline3,RF,selected_omega,0.5625,0.025960099531333998,100
scm3,heterogeneity,200,1.0,2.0,spline3,RF,risk_selected_minus_rct,-4.144110358098057,0.266115065432568,100
scm3,heterogeneity,200,1.0,2.0,spline3,RF,score_selected_minus_rct,-4.546311637133856,0.38800913946068366,100
scm3,heterogeneity,200,1.0,2.0,spline3,RF,risk_at_0.0_0.0,6.610410136135847,0.27881119669387777,100
scm3,heterogeneity,200,1.0,2.0,spline3,RF,risk_at_0.5_0.0,5.379745317429041,0.21320108109539487,100
scm3,heterogeneity,200,1.0,2.0,spline3,RF,risk_at_0.0_0.5,3.19713050377821,0.13323886850864625,100
scm3,heterogeneity,200,1.0,2.0,spline3,RF,risk_at_0.5_0.5,2.511711094265582,0.08398651898510404,100
scm3,heterogeneity,200,1.0,2.0,spline3,domain_indicator_pool,risk_selected,0.52375144838911,0.018468116609461103,100
scm3,heterogeneity,200,1.0,2.0,spline3,domain_indicator_pool,risk_rct_only,6.315570180370972,0.26723975989650983,100
scm3,heterogeneity,200,1.0,2.0,spline3,experimental_grounding,risk_selected,6.361753310272701,0.2702637938482153,100
scm3,heterogeneity,200,1.0,2.0,spline3,experimental_grounding,risk_rct_only,6.315570180370972,0.26723975989650983,100
scm3,heterogeneity,200,1.0,2.0,spline5,DRF,risk_selected,3.032509376303102,0.08101014185301295,100
scm3,heterogeneity,200,1.0,2.0,spline5,DRF,risk_rct_only,9.23869224607191,0.3876503232695142,100
scm3,heterogeneity,200,1.0,2.0,spline5,DRF,risk_grid_oracle,2.815238152870084,0.07886082492478064,100
scm3,heterogeneity,200,1.0,2.0,spline5,DRF,risk_lambda_only,7.091471207739634,0.30996285845617966,100
scm3,heterogeneity,200,1.0,2.0,spline5,DRF,risk_omega_only,4.074720030909327,0.1384304273845403,100
scm3,heterogeneity,200,1.0,2.0,spline5,DRF,regret,0.2172712234330187,0.02355761298206314,100
scm3,heterogeneity,200,1.0,2.0,spline5,DRF,selected_lambda,0.7225,0.03424787098005753,100
scm3,heterogeneity,200,1.0,2.0,spline5,DRF,selected_omega,0.565,0.024520657133580787,100
scm3,heterogeneity,200,1.0,2.0,spline5,DRF,oracle_sieve_lambda,0.9629930886497653,0.003564031063721338,100
scm3,heterogeneity,200,1.0,2.0,spline5,DRF,oracle_sieve_omega,0.5471598533183335,0.009383949450248655,100
scm3,heterogeneity,200,1.0,2.0,spline5,DRF,risk_selected_minus_rct,-6.206182869768807,0.37184044033739505,100
scm3,heterogeneity,200,1.0,2.0,spline5,DRF,score_selected_minus_rct,-6.004239047396238,0.39006048855294934,100
scm3,heterogeneity,200,1.0,2.0,spline5,DRF,a_p2,0.19501532226219215,0.001570530246070962,100
scm3,heterogeneity,200,1.0,2.0,spline5,DRF,risk_at_0.0_0.0,9.23869224607191,0.3876503232695142,100
scm3,heterogeneity,200,1.0,2.0,spline5,DRF,risk_at_0.5_0.0,7.6122864512785995,0.3241086883909621,100
scm3,heterogeneity,200,1.0,2.0,spline5,DRF,risk_at_0.0_0.5,3.9743314853408878,0.12383871507856392,100
scm3,heterogeneity,200,1.0,2.0,spline5,DRF,risk_at_0.5_0.5,3.168595332480749,0.09066420494893189,100
scm3,heterogeneity,200,1.0,2.0,spline5,RF,risk_selected,2.993812697785308,0.08772268976838483,100
scm3,heterogeneity,200,1.0,2.0,spline5,RF,risk_rct_only,9.736119139296148,0.4613674834963327,100
scm3,heterogeneity,200,1.0,2.0,spline5,RF,risk_grid_oracle,2.764198071863613,0.0766818182941134,100
scm3,heterogeneity,200,1.0,2.0,spline5,RF,risk_lambda_only,7.474802751551636,0.3990883764176586,100
scm3,heterogeneity,200,1.0,2.0,spline5,RF,risk_omega_only,3.9783729415231925,0.12615318164805017,100
scm3,heterogeneity,200,1.0,2.0,spline5,RF,regret,0.2296146259216951,0.03842177666529053,100
scm3,heterogeneity,200,1.0,2.0,spline5,RF,selected_lambda,0.735,0.03550145821446684,100
scm3,heterogeneity,200,1.0,2.0,spline5,RF,selected_omega,0.5825,0.024632398391245838,100
scm3,heterogeneity,200,1.0,2.0,spline5,RF,risk_selected_minus_rct,-6.742306441510839,0.44360702680665626,100
scm3,heterogeneity,200,1.0,2.0,spline5,RF,score_selected_minus_rct,-6.494158644516301,0.40848776926554586,100
scm3,heterogeneity,200,1.0,2.0,spline5,RF,risk_at_0.0_0.0,9.736119139296148,0.4613674834963327,100
scm3,heterogeneity,200,1.0,2.0,spline5,RF,risk_at_0.5_0.0,8.030198401882751,0.4051666847962704,100
scm3,heterogeneity,200,1.0,2.0,spline5,RF,risk_at_0.0_0.5,3.899661878360378,0.12362973101770824,100
scm3,heterogeneity,200,1.0,2.0,spline5,RF,risk_at_0.5_0.5,3.1129011642482665,0.08887729834936985,100
scm3,heterogeneity,200,1.0,2.0,spline5,domain_indicator_pool,risk_selected,0.5589630303997175,0.017523721247493282,100
scm3,heterogeneity,200,1.0,2.0,spline5,domain_indicator_pool,risk_rct_only,9.23869224607191,0.3876503232695142,100
scm3,heterogeneity,200,1.0,2.0,spline5,experimental_grounding,risk_selected,9.121218097383498,0.3860033157146173,100
scm3,heterogeneity,200,1.0,2.0,spline5,experimental_grounding,risk_rct_only,9.23869224607191,0.3876503232695142,100
scm3,quality,200,0.0,1.0,spline3,DRF,risk_selected,2.345115318869685,0.11260564628195287,100
scm3,quality,200,0.0,1.0,spline3,DRF,risk_rct_only,7.147432020506505,0.31779080121148107,100
scm3,quality,200,0.0,1.0,spline3,DRF,risk_grid_oracle,2.057965400237313,0.07278180901536566,100
scm3,quality,200,0.0,1.0,spline3,DRF,risk_lambda_only,5.123193878381554,0.24498028650052542,100
scm3,quality,200,0.0,1.0,spline3,DRF,risk_omega_only,3.377966540510724,0.15369879729665906,100
scm3,quality,200,0.0,1.0,spline3,DRF,regret,0.2871499186323729,0.06868323828473413,100
scm3,quality,200,0.0,1.0,spline3,DRF,selected_lambda,0.815,0.030694815802863474,100
scm3,quality,200,0.0,1.0,spline3,DRF,selected_omega,0.5975,0.029279004440214508,100
scm3,quality,200,0.0,1.0,spline3,DRF,oracle_sieve_lambda,0.9613446695215415,0.0041445634642935415,100
scm3,quality,200,0.0,1.0,spline3,DRF,oracle_sieve_omega,0.5480453649429945,0.01807804809078973,100
scm3,quality,200,0.0,1.0,spline3,DRF,risk_selected_minus_rct,-4.802316701636821,0.31265864736612015,100
scm3,quality,200,0.0,1.0,spline3,DRF,score_selected_minus_rct,-5.908946828070454,0.6162215061643824,100
scm3,quality,200,0.0,1.0,spline3,DRF,a_p2,0.04958868058772532,0.0004414757409079926,100
scm3,quality,200,0.0,1.0,spline3,DRF,risk_at_0.0_0.0,7.147432020506505,0.31779080121148107,100
scm3,quality,200,0.0,1.0,spline3,DRF,risk_at_0.5_0.0,5.747370546031737,0.25745696056146994,100
scm3,quality,200,0.0,1.0,spline3,DRF,risk_at_0.0_0.5,3.276560602798386,0.13306825694506808,100
scm3,quality,200,0.0,1.0,spline3,DRF,risk_at_0.5_0.5,2.476715970404991,0.08892005662756877,100
scm3,quality,200,0.0,1.0,spline3,RF,risk_selected,2.337230115308455,0.10130971577053931,100
scm3,quality,200,0.0,1.0,spline3,RF,risk_rct_only,7.251249479606793,0.30490778041317396,100
scm3,quality,200,0.0,1.0,spline3,RF,risk_grid_oracle,2.0228746697461406,0.06559786292107005,100
scm3,quality,200,0.0,1.0,spline3,RF,risk_lambda_only,5.175933659989124,0.23378975041844377,100
scm3,quality,200,0.0,1.0,spline3,RF,risk_omega_only,3.294446826299391,0.15946300657535134,100
scm3,quality,200,0.0,1.0,spline3,RF,regret,0.3143554455623144,0.06935718614316116,100
scm3,quality,200,0.0,1.0,spline3,RF,selected_lambda,0.81,0.032200445445190455,100
scm3,quality,200,0.0,1.0,spline3,RF,selected_omega,0.58,0.028841258325846008,100
scm3,quality,200,0.0,1.0,spline3,RF,risk_selected_minus_rct,-4.914019364298336,0.31399221733738547,100
scm3,quality,200,0.0,1.0,spline3,RF,score_selected_minus_rct,-6.093748273795354,0.6343816178087794,100
scm3,quality,200,0.0,1.0,spline3,RF,risk_at_0.0_0.0,7.251249479606793,0.30490778041317396,100
scm3,quality,200,0.0,1.0,spline3,RF,risk_at_0.5_0.0,5.824739283136393,0.24921730105536724,100
scm3,quality,200,0.0,1.0,spline3,RF,risk_at_0.0_0.5,3.146582036614191,0.11201081603451338,100
scm3,quality,200,0.0,1.0,spline3,RF,risk_at_0.5_0.5,2.4109578059676675,0.07605666712610554,100
scm3,quality,200,0.0,1.0,spline3,domain_indicator_pool,risk_selected,0.3334878783035624,0.01764069156487508,100
scm3,quality,200,0.0,1.0,spline3,domain_indicator_pool,risk_rct_only,7.147432020506505,0.31779080121148107,100
scm3,quality,200,0.0,1.0,spline3,experimental_grounding,risk_selected,7.1370633284872795,0.31630960846582135,100
scm3,quality,200,0.0,1.0,spline3,experimental_grounding,risk_rct_only,7.147432020506505,0.31779080121148107,100
scm3,quality,200,0.0,1.0,spline5,DRF,risk_selected,2.8706770182940518,0.10619355177011511,100
scm3,quality,200,0.0,1.0,spline5,DRF,risk_rct_only,8.529278358171283,0.3471319867658978,100
scm3,quality,200,0.0,1.0,spline5,DRF,risk_grid_oracle,2.6111088434793506,0.07882682546408967,100
scm3,quality,200,0.0,1.0,spline5,DRF,risk_lambda_only,6.742255613405615,0.26074939320806756,100
scm3,quality,200,0.0,1.0,spline5,DRF,risk_omega_only,3.8127312869590235,0.13744363694059358,100
scm3,quality,200,0.0,1.0,spline5,DRF,regret,0.25956817481470107,0.05653432121188332,100
scm3,quality,200,0.0,1.0,spline5,DRF,selected_lambda,0.71,0.035483671020497716,100
scm3,quality,200,0.0,1.0,spline5,DRF,selected_omega,0.5725,0.021110280419595083,100
scm3,quality,200,0.0,1.0,spline5,DRF,oracle_sieve_lambda,0.969095500553176,0.0034954362138400175,100
scm3,quality,200,0.0,1.0,spline5,DRF,oracle_sieve_omega,0.5391094347382873,0.017668903808013375,100
scm3,quality,200,0.0,1.0,spline5,DRF,risk_selected_minus_rct,-5.658601339877233,0.3408008987297429,100
scm3,quality,200,0.0,1.0,spline5,DRF,score_selected_minus_rct,-5.9111992041344505,0.52278886322259,100
scm3,quality,200,0.0,1.0,spline5,DRF,a_p2,0.048863657523422165,0.00036598234668315267,100
scm3,quality,200,0.0,1.0,spline5,DRF,risk_at_0.0_0.0,8.529278358171283,0.3471319867658978,100
scm3,quality,200,0.0,1.0,spline5,DRF,risk_at_0.5_0.0,7.166692009290369,0.28195102640535397,100
scm3,quality,200,0.0,1.0,spline5,DRF,risk_at_0.0_0.5,3.637813627820961,0.1105172569420267,100
scm3,quality,200,0.0,1.0,spline5,DRF,risk_at_0.5_0.5,2.9181501691541776,0.0852787549467185,100
scm3,quality,200,0.0,1.0,spline5,RF,risk_selected,2.8990322998535523,0.10924770692896886,100
scm3,quality,200,0.0,1.0,spline5,RF,risk_rct_only,8.994890490021039,0.3494404405366972,100
scm3,quality,200,0.0,1.0,spline5,RF,risk_grid_oracle,2.618021882085158,0.0754824326152102,100
scm3,quality,200,0.0,1.0,spline5,RF,risk_lambda_only,7.163646996899452,0.2693530116826924,100
scm3,quality,200,0.0,1.0,spline5,RF,risk_omega_only,3.7463821536911537,0.12149298121304412,100
scm3,quality,200,0.0,1.0,spline5,RF,regret,0.28101041776839275,0.05830153513795415,100
scm3,quality,200,0.0,1.0,spline5,RF,selected_lambda,0.6975,0.03765456362270265,100
scm3,quality,200,0.0,1.0,spline5,RF,selected_omega,0.5875,0.02201210640267824,100
scm3,quality,200,0.0,1.0,spline5,RF,risk_selected_minus_rct,-6.095858190167486,0.3441973732889523,100
scm3,quality,200,0.0,1.0,spline5,RF,score_selected_minus_rct,-6.653638832732342,0.5089589165159738,100
scm3,quality,200,0.0,1.0,spline5,RF,risk_at_0.0_0.0,8.994890490021039,0.3494404405366972,100
scm3,quality,200,0.0,1.0,spline5,RF,risk_at_0.5_0.0,7.626534561038577,0.287860685171043,100
scm3,quality,200,0.0,1.0,spline5,RF,risk_at_0.0_0.5,3.624945377317593,0.10124331336098438,100
scm3,quality,200,0.0,1.0,spline5,RF,risk_at_0.5_0.5,2.924148223713212,0.07901969674198553,100
scm3,quality,200,0.0,1.0,spline5,domain_indicator_pool,risk_selected,0.3621833162210042,0.013230359517148524,100
scm3,quality,200,0.0,1.0,spline5,domain_indicator_pool,risk_rct_only,8.529278358171283,0.3471319867658978,100
scm3,quality,200,0.0,1.0,spline5,experimental_grounding,risk_selected,8.53817682253419,0.34312002589368107,100
scm3,quality,200,0.0,1.0,spline5,experimental_grounding,risk_rct_only,8.529278358171283,0.3471319867658978,100
scm3,quality,200,2.0,1.0,spline3,DRF,risk_selected,2.375721032733222,0.08751905043609819,100
scm3,quality,200,2.0,1.0,spline3,DRF,risk_rct_only,6.418378805772462,0.332551450165492,100
scm3,quality,200,2.0,1.0,spline3,DRF,risk_grid_oracle,2.1095339569554663,0.0719101992352571,100
scm3,quality,200,2.0,1.0,spline3,DRF,risk_lambda_only,4.813098167637205,0.23324699710080998,100
scm3,quality,200,2.0,1.0,spline3,DRF,risk_omega_only,3.413395188849642,0.16067640241572015,100
scm3,quality,200,2.0,1.0,spline3,DRF,regret,0.26618707577775597,0.04490913150098107,100
scm3,quality,200,2.0,1.0,spline3,DRF,selected_lambda,0.7725,0.03446836494262793,100
scm3,quality,200,2.0,1.0,spline3,DRF,selected_omega,0.52,0.02901584380849869,100
scm3,quality,200,2.0,1.0,spline3,DRF,oracle_sieve_lambda,0.9550807084360629,0.004387056225081603,100
scm3,quality,200,2.0,1.0,spline3,DRF,oracle_sieve_omega,0.15029124120586534,0.007201135937903442,100
scm3,quality,200,2.0,1.0,spline3,DRF,risk_selected_minus_rct,-4.042657773039241,0.3311095749556085,100
scm3,quality,200,2.0,1.0,spline3,DRF,score_selected_minus_rct,-4.41100159064357,0.40679998707773557,100
scm3,quality,200,2.0,1.0,spline3,DRF,a_p2,0.05016641208542264,0.00042486107376102486,100
scm3,quality,200,2.0,1.0,spline3,DRF,risk_at_0.0_0.0,6.418378805772462,0.332551450165492,100
scm3,quality,200,2.0,1.0,spline3,DRF,risk_at_0.5_0.0,5.204444139329205,0.25944350488246415,100
scm3,quality,200,2.0,1.0,spline3,DRF,risk_at_0.0_0.5,3.266794045073321,0.14286166947706305,100
scm3,quality,200,2.0,1.0,spline3,DRF,risk_at_0.5_0.5,2.4825204898696245,0.0888151824389179,100
scm3,quality,200,2.0,1.0,spline3,RF,risk_selected,2.317750460993167,0.08193466818295224,100
scm3,quality,200,2.0,1.0,spline3,RF,risk_rct_only,6.653875455318843,0.3330990944443719,100
scm3,quality,200,2.0,1.0,spline3,RF,risk_grid_oracle,2.0888575398171763,0.07079197428131281,100
scm3,quality,200,2.0,1.0,spline3,RF,risk_lambda_only,5.138156839508709,0.23229417699547322,100
scm3,quality,200,2.0,1.0,spline3,RF,risk_omega_only,3.308351546516765,0.1421253956007793,100
scm3,quality,200,2.0,1.0,spline3,RF,regret,0.22889292117599067,0.03730903594713458,100
scm3,quality,200,2.0,1.0,spline3,RF,selected_lambda,0.77,0.033461873373990425,100
scm3,quality,200,2.0,1.0,spline3,RF,selected_omega,0.55,0.02682716849943299,100
scm3,quality,200,2.0,1.0,spline3,RF,risk_selected_minus_rct,-4.336124994325678,0.32480745039027553,100
scm3,quality,200,2.0,1.0,spline3,RF,score_selected_minus_rct,-4.642097030521601,0.397557603708073,100
scm3,quality,200,2.0,1.0,spline3,RF,risk_at_0.0_0.0,6.653875455318843,0.3330990944443719,100
scm3,quality,200,2.0,1.0,spline3,RF,risk_at_0.5_0.0,5.458243953504873,0.25707508492044656,100
scm3,quality,200,2.0,1.0,spline3,RF,risk_at_0.0_0.5,3.1583640019783457,0.12765636360414098,100
scm3,quality,200,2.0,1.0,spline3,RF,risk_at_0.5_0.5,2.4223441069666762,0.08442500830845776,100
scm3,quality,200,2.0,1.0,spline3,domain_indicator_pool,risk_selected,0.3876564853090181,0.020053651625148553,100
scm3,quality,200,2.0,1.0,spline3,domain_indicator_pool,risk_rct_only,6.418378805772462,0.332551450165492,100
scm3,quality,200,2.0,1.0,spline3,experimental_grounding,risk_selected,6.3840958532811705,0.3272604011932888,100
scm3,quality,200,2.0,1.0,spline3,experimental_grounding,risk_rct_only,6.418378805772462,0.332551450165492,100
scm3,quality,200,2.0,1.0,spline5,DRF,risk_selected,2.787845575399189,0.07895513991700556,100
scm3,quality,200,2.0,1.0,spline5,DRF,risk_rct_only,8.513496628500565,0.3531971431428123,100
scm3,quality,200,2.0,1.0,spline5,DRF,risk_grid_oracle,2.548316078216421,0.07204568066666066,100
scm3,quality,200,2.0,1.0,spline5,DRF,risk_lambda_only,6.434972920269026,0.26568401626465754,100
scm3,quality,200,2.0,1.0,spline5,DRF,risk_omega_only,3.8113168513754285,0.13841207035306097,100
scm3,quality,200,2.0,1.0,spline5,DRF,regret,0.23952949718276798,0.029940010199870463,100
scm3,quality,200,2.0,1.0,spline5,DRF,selected_lambda,0.765,0.03233739430917511,100
scm3,quality,200,2.0,1.0,spline5,DRF,selected_omega,0.57,0.022213382080051282,100
scm3,quality,200,2.0,1.0,spline5,DRF,oracle_sieve_lambda,0.9593176574948653,0.004015276085733634,100
scm3,quality,200,2.0,1.0,spline5,DRF,oracle_sieve_omega,0.13664003626828866,0.006558513199604522,100
scm3,quality,200,2.0,1.0,spline5,DRF,risk_selected_minus_rct,-5.725651053101376,0.33604944145329635,100
scm3,quality,200,2.0,1.0,spline5,DRF,score_selected_minus_rct,-5.66803226708888,0.38675077677981584,100
scm3,quality,200,2.0,1.0,spline5,DRF,a_p2,0.04886388925001453,0.00036496572382151913,100
scm3,quality,200,2.0,1.0,spline5,DRF,risk_at_0.0_0.0,8.513496628500565,0.3531971431428123,100
scm3,quality,200,2.0,1.0,spline5,DRF,risk_at_0.5_0.0,6.928545422975632,0.28077644767054416,100
scm3,quality,200,2.0,1.0,spline5,DRF,risk_at_0.0_0.5,3.776320161642593,0.13567864634076582,100
scm3,quality,200,2.0,1.0,spline5,DRF,risk_at_0.5_0.5,2.910670205698253,0.08404693107410326,100
scm3,quality,200,2.0,1.0,spline5,RF,risk_selected,2.723126890035066,0.07661792479789839,100
scm3,quality,200,2.0,1.0,spline5,RF,risk_rct_only,8.373000401195407,0.3532078353323602,100
scm3,quality,200,2.0,1.0,spline5,RF,risk_grid_oracle,2.4977635036634918,0.06859141802525309,100
scm3,quality,200,2.0,1.0,spline5,RF,risk_lambda_only,6.6768955271213555,0.28545098348763487,100
scm3,quality,200,2.0,1.0,spline5,RF,risk_omega_only,3.511446179078298,0.09876085348798228,100
scm3,quality,200,2.0,1.0,spline5,RF,regret,0.22536338637157394,0.03304585279111365,100
scm3,quality,200,2.0,1.0,spline5,RF,selected_lambda,0.7425,0.032847789464852464,100
scm3,quality,200,2.0,1.0,spline5,RF,selected_omega,0.5575,0.022988523706889533,100
scm3,quality,200,2.0,1.0,spline5,RF,risk_selected_minus_rct,-5.64987351116034,0.33574485302245044,100
scm3,quality,200,2.0,1.0,spline5,RF,score_selected_minus_rct,-5.5838715382021125,0.36318456575026625,100
scm3,quality,200,2.0,1.0,spline5,RF,risk_at_0.0_0.0,8.373000401195407,0.3532078353323602,100
scm3,quality,200,2.0,1.0,spline5,RF,risk_at_0.5_0.0,7.056703898469253,0.3045584930256072,100
scm3,quality,200,2.0,1.0,spline5,RF,risk_at_0.0_0.5,3.460709509936703,0.09651342730093629,100
scm3,quality,200,2.0,1.0,spline5,RF,risk_at_0.5_0.5,2.7780375882056427,0.07370511014027605,100
scm3,quality,200,2.0,1.0,spline5,domain_indicator_pool,risk_selected,0.4452022377041194,0.02388210687848238,100
scm3,quality,200,2.0,1.0,spline5,domain_indicator_pool,risk_rct_only,8.513496628500565,0.3531971431428123,100
scm3,quality,200,2.0,1.0,spline5,experimental_grounding,risk_selected,8.486936912666593,0.3494607926811216,100
scm3,quality,200,2.0,1.0,spline5,experimental_grounding,risk_rct_only,8.513496628500565,0.3531971431428123,100
scm3,rct_size,100,1.0,1.0,spline3,DRF,risk_selected,3.7293146053912647,0.12034533863886436,100
scm3,rct_size,100,1.0,1.0,spline3,DRF,risk_rct_only,18.82960618616628,1.0291326846370097,100
scm3,rct_size,100,1.0,1.0,spline3,DRF,risk_grid_oracle,3.280691043234652,0.11208251390185413,100
scm3,rct_size,100,1.0,1.0,spline3,DRF,risk_lambda_only,12.946243447438963,0.7066942103471596,100
scm3,rct_size,100,1.0,1.0,spline3,DRF,risk_omega_only,5.579049531867514,0.21455397071389487,100
scm3,rct_size,100,1.0,1.0,spline3,DRF,regret,0.44862356215661364,0.05974135906478027,100
scm3,rct_size,100,1.0,1.0,spline3,DRF,selected_lambda,0.7575,0.03379509706834093,100
scm3,rct_size,100,1.0,1.0,spline3,DRF,selected_omega,0.5325,0.02400941524073463,100
scm3,rct_size,100,1.0,1.0,spline3,DRF,oracle_sieve_lambda,0.9814229352832597,0.0026790125243387644,100
scm3,rct_size,100,1.0,1.0,spline3,DRF,oracle_sieve_omega,0.2526980332797303,0.010078908157515349,100
scm3,rct_size,100,1.0,1.0,spline3,DRF,risk_selected_minus_rct,-15.10029158077502,1.0209673083898854,100
scm3,rct_size,100,1.0,1.0,spline3,DRF,score_selected_minus_rct,-15.949361605284077,1.3265136098638761,100
scm3,rct_size,100,1.0,1.0,spline3,DRF,a_p2,0.053704913090737064,0.0006356827147254939,100
scm3,rct_size,100,1.0,1.0,spline3,DRF,risk_at_0.0_0.0,18.82960618616628,1.0291326846370097,100
scm3,rct_size,100,1.0,1.0,spline3,DRF,risk_at_0.5_0.0,14.580638260281043,0.7923956548583234,100
scm3,rct_size,100,1.0,1.0,spline3,DRF,risk_at_0.0_0.5,5.492484765489346,0.22460735161409362,100
scm3,rct_size,100,1.0,1.0,spline3,DRF,risk_at_0.5_0.5,3.9331312279262898,0.12979967460850167,100
scm3,rct_size,100,1.0,1.0,spline3,RF,risk_selected,3.6886086974592587,0.12272995299283067,100
scm3,rct_size,100,1.0,1.0,spline3,RF,risk_rct_only,19.122962761681762,1.0617145377107629,100
scm3,rct_size,100,1.0,1.0,spline3,RF,risk_grid_oracle,3.2303726981657057,0.10700351973704944,100
scm3,rct_size,100,1.0,1.0,spline3,RF,risk_lambda_only,13.362067215960337,0.7452221354715308,100
scm3,rct_size,100,1.0,1.0,spline3,RF,risk_omega_only,5.374507155261011,0.19283045993683798,100
scm3,rct_size,100,1.0,1.0,spline3,RF,regret,0.45823599929355274,0.07032921435674006,100
scm3,rct_size,100,1.0,1.0,spline3,RF,selected_lambda,0.7775,0.032546586657133544,100
scm3,rct_size,100,1.0,1.0,spline3,RF,selected_omega,0.5475,0.02401993069738276,100
scm3,rct_size,100,1.0,1.0,spline3,RF,risk_selected_minus_rct,-15.4343540642225,1.05860346061642,100
scm3,rct_size,100,1.0,1.0,spline3,RF,score_selected_minus_rct,-16.42824963643651,1.471004951593732,100
scm3,rct_size,100,1.0,1.0,spline3,RF,risk_at_0.0_0.0,19.122962761681762,1.0617145377107629,100
scm3,rct_size,100,1.0,1.0,spline3,RF,risk_at_0.5_0.0,15.019270852433602,0.8469618954285627,100
scm3,rct_size,100,1.0,1.0,spline3,RF,risk_at_0.0_0.5,5.267047878068114,0.19547968041620148,100
scm3,rct_size,100,1.0,1.0,spline3,RF,risk_at_0.5_0.5,3.8279803866377686,0.12333082847054458,100
scm3,rct_size,100,1.0,1.0,spline3,domain_indicator_pool,risk_selected,0.481923936556994,0.034427731901357984,100
scm3,rct_size,100,1.0,1.0,spline3,domain_indicator_pool,risk_rct_only,18.82960618616628,1.0291326846370097,100
scm3,rct_size,100,1.0,1.0,spline3,experimental_grounding,risk_selected,18.893370775935885,1.026216007427423,100
scm3,rct_size,100,1.0,1.0,spline3,experimental_grounding,risk_rct_only,18.82960618616628,1.0291326846370097,100
scm3,rct_size,100,1.0,1.0,spline5,DRF,risk_selected,4.68987367306515,0.15098771729572788,100
scm3,rct_size,100,1.0,1.0,spline5,DRF,risk_rct_only,27.188159252010887,1.6965077092507073,100
scm3,rct_size,100,1.0,1.0,spline5,DRF,risk_grid_oracle,4.113667647893088,0.1086318791359917,100
scm3,rct_size,100,1.0,1.0,spline5,DRF,risk_lambda_only,17.47222302008109,0.7679267814927557,100
scm3,rct_size,100,1.0,1.0,spline5,DRF,risk_omega_only,7.1345636793696,0.30711499851434426,100
scm3,rct_size,100,1.0,1.0,spline5,DRF,regret,0.5762060251720617,0.1319348237548292,100
scm3,rct_size,100,1.0,1.0,spline5,DRF,selected_lambda,0.75,0.03463372560806806,100
scm3,rct_size,100,1.0,1.0,spline5,DRF,selected_omega,0.51,0.021296369491895874,100
scm3,rct_size,100,1.0,1.0,spline5,DRF,oracle_sieve_lambda,0.9782110808722654,0.0029345651217517325,100
scm3,rct_size,100,1.0,1.0,spline5,DRF,oracle_sieve_omega,0.23612773151568195,0.008904929905472512,100
scm3,rct_size,100,1.0,1.0,spline5,DRF,risk_selected_minus_rct,-22.498285578945737,1.6654483266675484,100
scm3,rct_size,100,1.0,1.0,spline5,DRF,score_selected_minus_rct,-23.48431542612338,1.506766578436688,100
scm3,rct_size,100,1.0,1.0,spline5,DRF,a_p2,0.05328683289693502,0.0006188811253313846,100
scm3,rct_size,100,1.0,1.0,spline5,DRF,risk_at_0.0_0.0,27.188159252010887,1.6965077092507073,100
scm3,rct_size,100,1.0,1.0,spline5,DRF,risk_at_0.5_0.0,20.143657702185276,1.0238507059386828,100
scm3,rct_size,100,1.0,1.0,spline5,DRF,risk_at_0.0_0.5,7.038132234701745,0.33832145372948896,100
scm3,rct_size,100,1.0,1.0,spline5,DRF,risk_at_0.5_0.5,4.970545891813659,0.16986961695139755,100
scm3,rct_size,100,1.0,1.0,spline5,RF,risk_selected,4.629128605267912,0.1506115784240532,100
scm3,rct_size,100,1.0,1.0,spline5,RF,risk_rct_only,27.530446302428178,1.8473950719921075,100
scm3,rct_size,100,1.0,1.0,spline5,RF,risk_grid_oracle,4.060066524391175,0.11246496830439587,100
scm3,rct_size,100,1.0,1.0,spline5,RF,risk_lambda_only,18.295943027077193,0.8528392665933462,100
scm3,rct_size,100,1.0,1.0,spline5,RF,risk_omega_only,6.9023049685443105,0.30080979805487656,100
scm3,rct_size,100,1.0,1.0,spline5,RF,regret,0.5690620808767384,0.12529251870671065,100
scm3,rct_size,100,1.0,1.0,spline5,RF,selected_lambda,0.7775,0.030545338052928417,100
scm3,rct_size,100,1.0,1.0,spline5,RF,selected_omega,0.5125,0.022297064625396115,100
scm3,rct_size,100,1.0,1.0,spline5,RF,risk_selected_minus_rct,-22.901317697160266,1.7970114369858436,100
scm3,rct_size,100,1.0,1.0,spline5,RF,score_selected_minus_rct,-23.122795745523746,1.4626652067969443,100
scm3,rct_size,100,1.0,1.0,spline5,RF,risk_at_0.0_0.0,27.530446302428178,1.8473950719921075,100
scm3,rct_size,100,1.0,1.0,spline5,RF,risk_at_0.5_0.0,20.639731523574007,1.145515347830117,100
scm3,rct_size,100,1.0,1.0,spline5,RF,risk_at_0.0_0.5,6.666815358736861,0.2740623254018532,100
scm3,rct_size,100,1.0,1.0,spline5,RF,risk_at_0.5_0.5,4.806399586996434,0.15656158707475282,100
scm3,rct_size,100,1.0,1.0,spline5,domain_indicator_pool,risk_selected,0.5054041681234098,0.03254514904011234,100
scm3,rct_size,100,1.0,1.0,spline5,domain_indicator_pool,risk_rct_only,27.188159252010887,1.6965077092507073,100
scm3,rct_size,100,1.0,1.0,spline5,experimental_grounding,risk_selected,27.143682572337724,1.6489943349952891,100
scm3,rct_size,100,1.0,1.0,spline5,experimental_grounding,risk_rct_only,27.188159252010887,1.6965077092507073,100
scm3,rct_size,200,1.0,1.0,spline3,DRF,risk_selected,2.3744996893298866,0.10363655147444062,100
scm3,rct_size,200,1.0,1.0,spline3,DRF,risk_rct_only,6.399121534630915,0.3248201983623245,100
scm3,rct_size,200,1.0,1.0,spline3,DRF,risk_grid_oracle,2.0163108168960404,0.06398632650786365,100
scm3,rct_size,200,1.0,1.0,spline3,DRF,risk_lambda_only,4.7098568678496955,0.235743259879084,100
scm3,rct_size,200,1.0,1.0,spline3,DRF,risk_omega_only,3.117866436755416,0.13409325832098223,100
scm3,rct_size,200,1.0,1.0,spline3,DRF,regret,0.35818887243384656,0.08056334659296187,100
scm3,rct_size,200,1.0,1.0,spline3,DRF,selected_lambda,0.745,0.03570714214271425,100
scm3,rct_size,200,1.0,1.0,spline3,DRF,selected_omega,0.5475,0.028135449798315566,100
scm3,rct_size,200,1.0,1.0,spline3,DRF,oracle_sieve_lambda,0.9653234798739825,0.003493848572330277,100
scm3,rct_size,200,1.0,1.0,spline3,DRF,oracle_sieve_omega,0.2530907520470163,0.01008512581977987,100
scm3,rct_size,200,1.0,1.0,spline3,DRF,risk_selected_minus_rct,-4.024621845301026,0.3121174982944097,100
scm3,rct_size,200,1.0,1.0,spline3,DRF,score_selected_minus_rct,-4.305370784895973,0.410233691818087,100
scm3,rct_size,200,1.0,1.0,spline3,DRF,a_p2,0.0492001698377809,0.00039781338113720357,100
scm3,rct_size,200,1.0,1.0,spline3,DRF,risk_at_0.0_0.0,6.399121534630915,0.3248201983623245,100
scm3,rct_size,200,1.0,1.0,spline3,DRF,risk_at_0.5_0.0,5.132059525792734,0.26575527299083596,100
scm3,rct_size,200,1.0,1.0,spline3,DRF,risk_at_0.0_0.5,2.988777096055896,0.11669092544567619,100
scm3,rct_size,200,1.0,1.0,spline3,DRF,risk_at_0.5_0.5,2.3331571608980117,0.07358520023717527,100
scm3,rct_size,200,1.0,1.0,spline3,RF,risk_selected,2.3148307307911478,0.08713291291657596,100
scm3,rct_size,200,1.0,1.0,spline3,RF,risk_rct_only,6.52194301926594,0.31735672491734135,100
scm3,rct_size,200,1.0,1.0,spline3,RF,risk_grid_oracle,1.9930441524923395,0.055506909939962656,100
scm3,rct_size,200,1.0,1.0,spline3,RF,risk_lambda_only,4.900764924397203,0.2307425856360117,100
scm3,rct_size,200,1.0,1.0,spline3,RF,risk_omega_only,2.992902398706836,0.10688441706114296,100
scm3,rct_size,200,1.0,1.0,spline3,RF,regret,0.32178657829880747,0.0619525504111846,100
scm3,rct_size,200,1.0,1.0,spline3,RF,selected_lambda,0.7225,0.036738050348845995,100
scm3,rct_size,200,1.0,1.0,spline3,RF,selected_omega,0.575,0.02740917047746294,100
scm3,rct_size,200,1.0,1.0,spline3,RF,risk_selected_minus_rct,-4.20711228847479,0.30967595364298567,100
scm3,rct_size,200,1.0,1.0,spline3,RF,score_selected_minus_rct,-4.515864472480976,0.4329012998284301,100
scm3,rct_size,200,1.0,1.0,spline3,RF,risk_at_0.0_0.0,6.52194301926594,0.31735672491734135,100
scm3,rct_size,200,1.0,1.0,spline3,RF,risk_at_0.5_0.0,5.236312306073135,0.2481247751605875,100
scm3,rct_size,200,1.0,1.0,spline3,RF,risk_at_0.0_0.5,2.8972606780642662,0.0918702358089303,100
scm3,rct_size,200,1.0,1.0,spline3,RF,risk_at_0.5_0.5,2.286675408702334,0.06047893609149181,100
scm3,rct_size,200,1.0,1.0,spline3,domain_indicator_pool,risk_selected,0.3563343327521281,0.01716541185506256,100
scm3,rct_size,200,1.0,1.0,spline3,domain_indicator_pool,risk_rct_only,6.399121534630915,0.3248201983623245,100
scm3,rct_size,200,1.0,1.0,spline3,experimental_grounding,risk_selected,6.356125124433033,0.3208811786673417,100
scm3,rct_size,200,1.0,1.0,spline3,experimental_grounding,risk_rct_only,6.399121534630915,0.3248201983623245,100
scm3,rct_size,200,1.0,1.0,spline5,DRF,risk_selected,2.7879667479078636,0.09359109078937058,100
scm3,rct_size,200,1.0,1.0,spline5,DRF,risk_rct_only,8.710315881864979,0.3535835654762941,100
scm3,rct_size,200,1.0,1.0,spline5,DRF,risk_grid_oracle,2.59936041082894,0.08559101562611446,100
scm3,rct_size,200,1.0,1.0,spline5,DRF,risk_lambda_only,6.399418026555115,0.22971351089617617,100
scm3,rct_size,200,1.0,1.0,spline5,DRF,risk_omega_only,3.887631006289395,0.1718937139176961,100
scm3,rct_size,200,1.0,1.0,spline5,DRF,regret,0.18860633707892457,0.03288267291705228,100
scm3,rct_size,200,1.0,1.0,spline5,DRF,selected_lambda,0.79,0.03112373481262924,100
scm3,rct_size,200,1.0,1.0,spline5,DRF,selected_omega,0.56,0.02278578326922117,100
scm3,rct_size,200,1.0,1.0,spline5,DRF,oracle_sieve_lambda,0.9707539288239069,0.0035801758948117318,100
scm3,rct_size,200,1.0,1.0,spline5,DRF,oracle_sieve_omega,0.24913574708194197,0.00931068451395402,100
scm3,rct_size,200,1.0,1.0,spline5,DRF,risk_selected_minus_rct,-5.922349133957113,0.3336738238112349,100
scm3,rct_size,200,1.0,1.0,spline5,DRF,score_selected_minus_rct,-6.005127569313386,0.40702471761241893,100
scm3,rct_size,200,1.0,1.0,spline5,DRF,a_p2,0.04879567009153635,0.000321734012852729,100
scm3,rct_size,200,1.0,1.0,spline5,DRF,risk_at_0.0_0.0,8.710315881864979,0.3535835654762941,100
scm3,rct_size,200,1.0,1.0,spline5,DRF,risk_at_0.5_0.0,7.044595643600753,0.2497599712586489,100
scm3,rct_size,200,1.0,1.0,spline5,DRF,risk_at_0.0_0.5,3.78168586742617,0.16465523067761195,100
scm3,rct_size,200,1.0,1.0,spline5,DRF,risk_at_0.5_0.5,2.9683252788423817,0.10362165561197682,100
scm3,rct_size,200,1.0,1.0,spline5,RF,risk_selected,2.7111589628328767,0.08387882471811778,100
scm3,rct_size,200,1.0,1.0,spline5,RF,risk_rct_only,8.8088532166191,0.3324975533513562,100
scm3,rct_size,200,1.0,1.0,spline5,RF,risk_grid_oracle,2.5547966281346124,0.07558413394176319,100
scm3,rct_size,200,1.0,1.0,spline5,RF,risk_lambda_only,6.648819414063475,0.23444049641655132,100
scm3,rct_size,200,1.0,1.0,spline5,RF,risk_omega_only,3.725392223653827,0.1317550232434177,100
scm3,rct_size,200,1.0,1.0,spline5,RF,regret,0.15636233469826435,0.02919244369622182,100
scm3,rct_size,200,1.0,1.0,spline5,RF,selected_lambda,0.79,0.03212192680737229,100
scm3,rct_size,200,1.0,1.0,spline5,RF,selected_omega,0.57,0.022213382080051282,100
scm3,rct_size,200,1.0,1.0,spline5,RF,risk_selected_minus_rct,-6.097694253786225,0.31510094865676286,100
scm3,rct_size,200,1.0,1.0,spline5,RF,score_selected_minus_rct,-6.174043139457826,0.42788140109259565,100
scm3,rct_size,200,1.0,1.0,spline5,RF,risk_at_0.0_0.0,8.8088532166191,0.3324975533513562,100
scm3,rct_size,200,1.0,1.0,spline5,RF,risk_at_0.5_0.0,7.237195437851011,0.25406280077183324,100
scm3,rct_size,200,1.0,1.0,spline5,RF,risk_at_0.0_0.5,3.627019991416587,0.12573490661391656,100
scm3,rct_size,200,1.0,1.0,spline5,RF,risk_at_0.5_0.5,2.8919812541942314,0.08743533228717368,100
scm3,rct_size,200,1.0,1.0,spline5,domain_indicator_pool,risk_selected,0.41210400211527515,0.019766504718844623,100
scm3,rct_size,200,1.0,1.0,spline5,domain_indicator_pool,risk_rct_only,8.710315881864979,0.3535835654762941,100
scm3,rct_size,200,1.0,1.0,spline5,experimental_grounding,risk_selected,8.732090594873553,0.35159962428167696,100
scm3,rct_size,200,1.0,1.0,spline5,experimental_grounding,risk_rct_only,8.710315881864979,0.3535835654762941,100
scm3,rct_size,400,1.0,1.0,spline3,DRF,risk_selected,1.2123254039160114,0.036553023596573114,100
scm3,rct_size,400,1.0,1.0,spline3,DRF,risk_rct_only,2.1491630505116457,0.09237192231579153,100
scm3,rct_size,400,1.0,1.0,spline3,DRF,risk_grid_oracle,1.0899602840693787,0.03291402387741325,100
scm3,rct_size,400,1.0,1.0,spline3,DRF,risk_lambda_only,1.7333897788547776,0.06924442559528045,100
scm3,rct_size,400,1.0,1.0,spline3,DRF,risk_omega_only,1.4755218786660333,0.051896387624834416,100
scm3,rct_size,400,1.0,1.0,spline3,DRF,regret,0.12236511984663254,0.021019226169409964,100
scm3,rct_size,400,1.0,1.0,spline3,DRF,selected_lambda,0.7475,0.03768808053140163,100
scm3,rct_size,400,1.0,1.0,spline3,DRF,selected_omega,0.52,0.029447779494755067,100
scm3,rct_size,400,1.0,1.0,spline3,DRF,oracle_sieve_lambda,0.9380622929898382,0.0054986869633028585,100
scm3,rct_size,400,1.0,1.0,spline3,DRF,oracle_sieve_omega,0.23604229809154703,0.011426986443585467,100
scm3,rct_size,400,1.0,1.0,spline3,DRF,risk_selected_minus_rct,-0.9368376465956344,0.08503907686097191,100
scm3,rct_size,400,1.0,1.0,spline3,DRF,score_selected_minus_rct,-1.1711250068749586,0.10036527828598141,100
scm3,rct_size,400,1.0,1.0,spline3,DRF,a_p2,0.04626959047467451,0.0002191260172824932,100
scm3,rct_size,400,1.0,1.0,spline3,DRF,risk_at_0.0_0.0,2.1491630505116457,0.09237192231579153,100
scm3,rct_size,400,1.0,1.0,spline3,DRF,risk_at_0.5_0.0,1.845162326428923,0.07498744069814171,100
scm3,rct_size,400,1.0,1.0,spline3,DRF,risk_at_0.0_0.5,1.431134782985631,0.048136067060608335,100
scm3,rct_size,400,1.0,1.0,spline3,DRF,risk_at_0.5_0.5,1.220469911569272,0.03832013709413597,100
scm3,rct_size,400,1.0,1.0,spline3,RF,risk_selected,1.1969082241715654,0.0366258788198064,100
scm3,rct_size,400,1.0,1.0,spline3,RF,risk_rct_only,2.1643249204669783,0.09648004621907272,100
scm3,rct_size,400,1.0,1.0,spline3,RF,risk_grid_oracle,1.074837841106245,0.030155698614454152,100
scm3,rct_size,400,1.0,1.0,spline3,RF,risk_lambda_only,1.7605077445183754,0.07176552726753234,100
scm3,rct_size,400,1.0,1.0,spline3,RF,risk_omega_only,1.4387056519874182,0.04522553065688356,100
scm3,rct_size,400,1.0,1.0,spline3,RF,regret,0.12207038306532027,0.023656856223850595,100
scm3,rct_size,400,1.0,1.0,spline3,RF,selected_lambda,0.73,0.037043517951488115,100
scm3,rct_size,400,1.0,1.0,spline3,RF,selected_omega,0.5325,0.029010403915725395,100
scm3,rct_size,400,1.0,1.0,spline3,RF,risk_selected_minus_rct,-0.9674166962954126,0.09555411003384243,100
scm3,rct_size,400,1.0,1.0,spline3,RF,score_selected_minus_rct,-1.1998978895059147,0.1143506985226698,100
scm3,rct_size,400,1.0,1.0,spline3,RF,risk_at_0.0_0.0,2.1643249204669783,0.09648004621907272,100
scm3,rct_size,400,1.0,1.0,spline3,RF,risk_at_0.5_0.0,1.8683312363491138,0.07860416297680009,100
scm3,rct_size,400,1.0,1.0,spline3,RF,risk_at_0.0_0.5,1.3870872103690204,0.043143612077403644,100
scm3,rct_size,400,1.0,1.0,spline3,RF,risk_at_0.5_0.5,1.1949617305124205,0.03468215921398867,100
scm3,rct_size,400,1.0,1.0,spline3,domain_indicator_pool,risk_selected,0.287867560969958,0.013006176083625429,100
scm3,rct_size,400,1.0,1.0,spline3,domain_indicator_pool,risk_rct_only,2.1491630505116457,0.09237192231579153,100
scm3,rct_size,400,1.0,1.0,spline3,experimental_grounding,risk_selected,2.1589481788471816,0.09163937879076539,100
scm3,rct_size,400,1.0,1.0,spline3,experimental_grounding,risk_rct_only,2.1491630505116457,0.09237192231579153,100
scm3,rct_size,400,1.0,1.0,spline5,DRF,risk_selected,1.6205728076403583,0.04669818358090593,100
scm3,rct_size,400,1.0,1.0,spline5,DRF,risk_rct_only,2.9717917066430872,0.13157797951185563,100
scm3,rct_size,400,1.0,1.0,spline5,DRF,risk_grid_oracle,1.4633241654141462,0.03988010443878565,100
scm3,rct_size,400,1.0,1.0,spline5,DRF,risk_lambda_only,2.5204424667860046,0.12098997795051222,100
scm3,rct_size,400,1.0,1.0,spline5,DRF,risk_omega_only,1.8538959410899813,0.05192675783940346,100
scm3,rct_size,400,1.0,1.0,spline5,DRF,regret,0.1572486422262116,0.02200232433766275,100
scm3,rct_size,400,1.0,1.0,spline5,DRF,selected_lambda,0.625,0.04181790733331085,100
scm3,rct_size,400,1.0,1.0,spline5,DRF,selected_omega,0.5275,0.027728618116059495,100
scm3,rct_size,400,1.0,1.0,spline5,DRF,oracle_sieve_lambda,0.9302690393061421,0.006704308775771127,100
scm3,rct_size,400,1.0,1.0,spline5,DRF,oracle_sieve_omega,0.22307093311164747,0.008544249780106197,100
scm3,rct_size,400,1.0,1.0,spline5,DRF,risk_selected_minus_rct,-1.3512188990027285,0.12242393597665258,100
scm3,rct_size,400,1.0,1.0,spline5,DRF,score_selected_minus_rct,-1.3512217893704193,0.11515971068080792,100
scm3,rct_size,400,1.0,1.0,spline5,DRF,a_p2,0.045957433292518744,0.00018198256573833914,100
scm3,rct_size,400,1.0,1.0,spline5,DRF,risk_at_0.0_0.0,2.9717917066430872,0.13157797951185563,100
scm3,rct_size,400,1.0,1.0,spline5,DRF,risk_at_0.5_0.0,2.643136775474346,0.1277139310017605,100
scm3,rct_size,400,1.0,1.0,spline5,DRF,risk_at_0.0_0.5,1.8000730386248818,0.04835943248513448,100
scm3,rct_size,400,1.0,1.0,spline5,DRF,risk_at_0.5_0.5,1.576132505540394,0.041406492096512024,100
scm3,rct_size,400,1.0,1.0,spline5,RF,risk_selected,1.5847824885469144,0.04119644480798935,100
scm3,rct_size,400,1.0,1.0,spline5,RF,risk_rct_only,3.088044786898221,0.13294740892549214,100
scm3,rct_size,400,1.0,1.0,spline5,RF,risk_grid_oracle,1.4555965999428457,0.039418070138053804,100
scm3,rct_size,400,1.0,1.0,spline5,RF,risk_lambda_only,2.6424728830513726,0.12585891226928836,100
scm3,rct_size,400,1.0,1.0,spline5,RF,risk_omega_only,1.8215348976330967,0.04787183395739604,100
scm3,rct_size,400,1.0,1.0,spline5,RF,regret,0.12918588860406835,0.015322450961463143,100
scm3,rct_size,400,1.0,1.0,spline5,RF,selected_lambda,0.6325,0.041811113258548756,100
scm3,rct_size,400,1.0,1.0,spline5,RF,selected_omega,0.5625,0.02546908405153673,100
scm3,rct_size,400,1.0,1.0,spline5,RF,risk_selected_minus_rct,-1.5032622983513073,0.1259103757190659,100
scm3,rct_size,400,1.0,1.0,spline5,RF,score_selected_minus_rct,-1.4288174690425912,0.11327419873379452,100
scm3,rct_size,400,1.0,1.0,spline5,RF,risk_at_0.0_0.0,3.088044786898221,0.13294740892549214,100
scm3,rct_size,400,1.0,1.0,spline5,RF,risk_at_0.5_0.0,2.759691117919685,0.1304712516962523,100
scm3,rct_size,400,1.0,1.0,spline5,RF,risk_at_0.0_0.5,1.774376275854525,0.04569665747211106,100
scm3,rct_size,400,1.0,1.0,spline5,RF,risk_at_0.5_0.5,1.5649341526678107,0.04044352873544437,100
scm3,rct_size,400,1.0,1.0,spline5,domain_indicator_pool,risk_selected,0.3449135095987161,0.01223885837713718,100
scm3,rct_size,400,1.0,1.0,spline5,domain_indicator_pool,risk_rct_only,2.9717917066430872,0.13157797951185563,100
scm3,rct_size,400,1.0,1.0,spline5,experimental_grounding,risk_selected,2.9827372812193413,0.1323576208377994,100
scm3,rct_size,400,1.0,1.0,spline5,experimental_grounding,risk_rct_only,2.9717917066430872,0.13157797951185563,100
star,heterogeneity,200,1.0,2.0,spline3,DRF,risk_selected,1.0730193973268167,0.06785534733381979,100
star,heterogeneity,200,1.0,2.0,spline3,DRF,risk_rct_only,117.52577144848738,73.26046127162536,100
star,heterogeneity,200,1.0,2.0,spline3,DRF,risk_grid_oracle,0.7847734700343306,0.03533115707403642,100
star,heterogeneity,200,1.0,2.0,spline3,DRF,risk_lambda_only,1.1633979700879225,0.08464652146129356,100
star,heterogeneity,200,1.0,2.0,spline3,DRF,risk_omega_only,94.00168042242323,56.22735815382824,100
star,heterogeneity,200,1.0,2.0,spline3,DRF,regret,0.28824592729248616,0.06019307166742636,100
star,heterogeneity,200,1.0,2.0,spline3,DRF,selected_lambda,0.7075,0.04083333333333333,100
star,heterogeneity,200,1.0,2.0,spline3,DRF,selected_omega,0.4875,0.04313693840023251,100
star,heterogeneity,200,1.0,2.0,spline3,DRF,oracle_sieve_lambda,0.9576997206264324,0.00949657755234529,100
star,heterogeneity,200,1.0,2.0,spline3,DRF,oracle_sieve_omega,0.27443436863655923,0.039419298159494645,100
star,heterogeneity,200,1.0,2.0,spline3,DRF,risk_selected_minus_rct,-116.45275205116052,73.26621420217198,100
star,heterogeneity,200,1.0,2.0,spline3,DRF,score_selected_minus_rct,-156.1895239744978,153.95101077500254,100
star,heterogeneity,200,1.0,2.0,spline3,DRF,a_p2,0.004101514489641652,0.00014895923239621877,100
star,heterogeneity,200,1.0,2.0,spline3,DRF,risk_at_0.0_0.0,117.52577144848738,73.26046127162536,100
star,heterogeneity,200,1.0,2.0,spline3,DRF,risk_at_0.5_0.0,30.144326279182028,18.33330837854626,100
star,heterogeneity,200,1.0,2.0,spline3,DRF,risk_at_0.0_0.5,130.80559759818428,74.70330043160843,100
star,heterogeneity,200,1.0,2.0,spline3,DRF,risk_at_0.5_0.5,33.32551176585396,18.65758026315454,100
star,heterogeneity,200,1.0,2.0,spline3,RF,risk_selected,1.0683845864747914,0.0660633652120855,100
star,heterogeneity,200,1.0,2.0,spline3,RF,risk_rct_only,69.04006361597361,43.909289258980685,100
star,heterogeneity,200,1.0,2.0,spline3,RF,risk_grid_oracle,0.7970160925536399,0.034701938443769925,100
star,heterogeneity,200,1.0,2.0,spline3,RF,risk_lambda_only,1.2029693156515493,0.08775996182496233,100
star,heterogeneity,200,1.0,2.0,spline3,RF,risk_omega_only,63.66421449613858,39.9484298235993,100
star,heterogeneity,200,1.0,2.0,spline3,RF,regret,0.27136849392115137,0.055758112692323135,100
star,heterogeneity,200,1.0,2.0,spline3,RF,selected_lambda,0.7175,0.03951329529475497,100
star,heterogeneity,200,1.0,2.0,spline3,RF,selected_omega,0.505,0.043371195580253555,100
star,heterogeneity,200,1.0,2.0,spline3,RF,risk_selected_minus_rct,-67.97167902949882,43.91460925530045,100
star,heterogeneity,200,1.0,2.0,spline3,RF,score_selected_minus_rct,-106.16667499800442,102.60256446649157,100
star,heterogeneity,200,1.0,2.0,spline3,RF,risk_at_0.0_0.0,69.04006361597361,43.909289258980685,100
star,heterogeneity,200,1.0,2.0,spline3,RF,risk_at_0.5_0.0,18.091042218971975,10.977661706608794,100
star,heterogeneity,200,1.0,2.0,spline3,RF,risk_at_0.0_0.5,94.47165067364189,54.368467600746,100
star,heterogeneity,200,1.0,2.0,spline3,RF,risk_at_0.5_0.5,24.190883468403555,13.526305086488296,100
star,heterogeneity,200,1.0,2.0,spline3,domain_indicator_pool,risk_selected,8.030362457373034,3.8408198810121696,100
star,heterogeneity,200,1.0,2.0,spline3,domain_indicator_pool,risk_rct_only,117.52577144848738,73.26046127162536,100
star,heterogeneity,200,1.0,2.0,spline3,experimental_grounding,risk_selected,118.16141156490272,73.1619582296974,100
star,heterogeneity,200,1.0,2.0,spline3,experimental_grounding,risk_rct_only,117.52577144848738,73.26046127162536,100
star,heterogeneity,200,1.0,2.0,spline5,DRF,risk_selected,1.933158187920178,0.6306125834106425,100
star,heterogeneity,200,1.0,2.0,spline5,DRF,risk_rct_only,28.268552502122816,21.901125000197165,100
star,heterogeneity,200,1.0,2.0,spline5,DRF,risk_grid_oracle,0.8479807088517424,0.058160691676188495,100
star,heterogeneity,200,1.0,2.0,spline5,DRF,risk_lambda_only,1.972484252220882,0.6295621460201218,100
star,heterogeneity,200,1.0,2.0,spline5,DRF,risk_omega_only,28.01869729361281,21.688283596005657,100
star,heterogeneity,200,1.0,2.0,spline5,DRF,regret,1.085177479068436,0.6297886107367952,100
star,heterogeneity,200,1.0,2.0,spline5,DRF,selected_lambda,0.585,0.044127340982912426,100
star,heterogeneity,200,1.0,2.0,spline5,DRF,selected_omega,0.4125,0.04328304191218216,100
star,heterogeneity,200,1.0,2.0,spline5,DRF,oracle_sieve_lambda,0.955905804446803,0.010827350114232023,100
star,heterogeneity,200,1.0,2.0,spline5,DRF,oracle_sieve_omega,0.22907284400349734,0.03623037952418435,100
star,heterogeneity,200,1.0,2.0,spline5,DRF,risk_selected_minus_rct,-26.335394314202635,21.882799256206006,100
star,heterogeneity,200,1.0,2.0,spline5,DRF,score_selected_minus_rct,-62.96193801985697,56.648304638844046,100
star,heterogeneity,200,1.0,2.0,spline5,DRF,a_p2,0.004332342878223443,0.0001350859200555638,100
star,heterogeneity,200,1.0,2.0,spline5,DRF,risk_at_0.0_0.0,28.268552502122816,21.901125000197165,100
star,heterogeneity,200,1.0,2.0,spline5,DRF,risk_at_0.5_0.0,7.492953238199257,5.2733148798811085,100
star,heterogeneity,200,1.0,2.0,spline5,DRF,risk_at_0.0_0.5,23.196094527303526,15.56771813424947,100
star,heterogeneity,200,1.0,2.0,spline5,DRF,risk_at_0.5_0.5,6.07713599900978,3.625358941202144,100
star,heterogeneity,200,1.0,2.0,spline5,RF,risk_selected,2.3797139785218153,1.1638170722448566,100
star,heterogeneity,200,1.0,2.0,spline5,RF,risk_rct_only,213.76253327878493,205.5191232164887,100
star,heterogeneity,200,1.0,2.0,spline5,RF,risk_grid_oracle,0.8673203268593587,0.0653927531836798,100
star,heterogeneity,200,1.0,2.0,spline5,RF,risk_lambda_only,2.586701094575283,1.1657245806271728,100
star,heterogeneity,200,1.0,2.0,spline5,RF,risk_omega_only,79.85993661523165,71.8646286538399,100
star,heterogeneity,200,1.0,2.0,spline5,RF,regret,1.5123936516624565,1.1629333830947952,100
star,heterogeneity,200,1.0,2.0,spline5,RF,selected_lambda,0.605,0.04469029225930641,100
star,heterogeneity,200,1.0,2.0,spline5,RF,selected_omega,0.445,0.043748015828022284,100
star,heterogeneity,200,1.0,2.0,spline5,RF,risk_selected_minus_rct,-211.38281930026315,205.43139354632504,100
star,heterogeneity,200,1.0,2.0,spline5,RF,score_selected_minus_rct,-541.3280474458976,533.9694605103626,100
star,heterogeneity,200,1.0,2.0,spline5,RF,risk_at_0.0_0.0,213.76253327878493,205.5191232164887,100
star,heterogeneity,200,1.0,2.0,spline5,RF,risk_at_0.5_0.0,61.770163430428084,58.82348755951523,100
star,heterogeneity,200,1.0,2.0,spline5,RF,risk_at_0.0_0.5,89.06399396761095,83.20057316369363,100
star,heterogeneity,200,1.0,2.0,spline5,RF,risk_at_0.5_0.5,23.745707294522454,21.65750419551868,100
star,heterogeneity,200,1.0,2.0,spline5,domain_indicator_pool,risk_selected,1.7714780100993288,0.5028554241922645,100
star,heterogeneity,200,1.0,2.0,spline5,domain_indicator_pool,risk_rct_only,28.268552502122816,21.901125000197165,100
star,heterogeneity,200,1.0,2.0,spline5,experimental_grounding,risk_selected,28.236230743933184,21.607472459535167,100
star,heterogeneity,200,1.0,2.0,spline5,experimental_grounding,risk_rct_only,28.268552502122816,21.901125000197165,100
star,quality,200,0.0,1.0,spline3,DRF,risk_selected,91.63743894579082,90.47981140768154,100
star,quality,200,0.0,1.0,spline3,DRF,risk_rct_only,19.839553409457675,11.364660160284094,100
star,quality,200,0.0,1.0,spline3,DRF,risk_grid_oracle,0.8215046146955242,0.03970050627245418,100
star,quality,200,0.0,1.0,spline3,DRF,risk_lambda_only,7.370645027597443,6.159058198062665,100
star,quality,200,0.0,1.0,spline3,DRF,risk_omega_only,138.7581439431831,125.19030945288289,100
star,quality,200,0.0,1.0,spline3,DRF,regret,90.81593433109529,90.47856959217219,100
star,quality,200,0.0,1.0,spline3,DRF,selected_lambda,0.62,0.04329835418058607,100
star,quality,200,0.0,1.0,spline3,DRF,selected_omega,0.44,0.042360883423796125,100
star,quality,200,0.0,1.0,spline3,DRF,oracle_sieve_lambda,0.9422506642509545,0.010006522544190556,100
star,quality,200,0.0,1.0,spline3,DRF,oracle_sieve_omega,0.3112319077854468,0.04007097896359589,100
star,quality,200,0.0,1.0,spline3,DRF,risk_selected_minus_rct,71.79788553633314,84.99551710108918,100
star,quality,200,0.0,1.0,spline3,DRF,score_selected_minus_rct,-275.8991996595458,262.1355361200246,100
star,quality,200,0.0,1.0,spline3,DRF,a_p2,0.004192074032620261,0.00013862776985695122,100
star,quality,200,0.0,1.0,spline3,DRF,risk_at_0.0_0.0,19.839553409457675,11.364660160284094,100
star,quality,200,0.0,1.0,spline3,DRF,risk_at_0.5_0.0,5.719786714790007,2.7654054692173373,100
star,quality,200,0.0,1.0,spline3,DRF,risk_at_0.0_0.5,58.170102413926635,36.82293332202729,100
star,quality,200,0.0,1.0,spline3,DRF,risk_at_0.5_0.5,15.045587406735526,9.107563537208488,100
star,quality,200,0.0,1.0,spline3,RF,risk_selected,104.60409307170953,103.36798670764597,100
star,quality,200,0.0,1.0,spline3,RF,risk_rct_only,14.637695007082895,6.895246461706222,100
star,quality,200,0.0,1.0,spline3,RF,risk_grid_oracle,0.8348038534971144,0.04303568222809698,100
star,quality,200,0.0,1.0,spline3,RF,risk_lambda_only,5.280902505241375,4.09345860036538,100
star,quality,200,0.0,1.0,spline3,RF,risk_omega_only,245.1155285165169,234.62784740346174,100
star,quality,200,0.0,1.0,spline3,RF,regret,103.76928921821239,103.36627773637738,100
star,quality,200,0.0,1.0,spline3,RF,selected_lambda,0.61,0.045131681631296286,100
star,quality,200,0.0,1.0,spline3,RF,selected_omega,0.46,0.04245020850384839,100
star,quality,200,0.0,1.0,spline3,RF,risk_selected_minus_rct,89.96639806462663,99.52790035696837,100
star,quality,200,0.0,1.0,spline3,RF,score_selected_minus_rct,-286.46471654065925,278.7026610802001,100
star,quality,200,0.0,1.0,spline3,RF,risk_at_0.0_0.0,14.637695007082895,6.895246461706222,100
star,quality,200,0.0,1.0,spline3,RF,risk_at_0.5_0.0,5.353393007117773,2.290638537303639,100
star,quality,200,0.0,1.0,spline3,RF,risk_at_0.0_0.5,36.93075718066636,20.520471291128917,100
star,quality,200,0.0,1.0,spline3,RF,risk_at_0.5_0.5,11.096118829080947,5.544993227691132,100
star,quality,200,0.0,1.0,spline3,domain_indicator_pool,risk_selected,5.804310382738155,2.5843510019402482,100
star,quality,200,0.0,1.0,spline3,domain_indicator_pool,risk_rct_only,19.839553409457675,11.364660160284094,100
star,quality,200,0.0,1.0,spline3,experimental_grounding,risk_selected,20.492064149590945,11.301032195905318,100
star,quality,200,0.0,1.0,spline3,experimental_grounding,risk_rct_only,19.839553409457675,11.364660160284094,100
star,quality,200,0.0,1.0,spline5,DRF,risk_selected,0.9906027975155834,0.09183678132504286,100
star,quality,200,0.0,1.0,spline5,DRF,risk_rct_only,26.6083166844467,15.004632079350866,100
star,quality,200,0.0,1.0,spline5,DRF,risk_grid_oracle,0.7249469584615325,0.040462972271526496,100
star,quality,200,0.0,1.0,spline5,DRF,risk_lambda_only,0.9971919354700163,0.0655261492627948,100
star,quality,200,0.0,1.0,spline5,DRF,risk_omega_only,25.97407011936773,14.7376380283814,100
star,quality,200,0.0,1.0,spline5,DRF,regret,0.2656558390540507,0.0773963318360128,100
star,quality,200,0.0,1.0,spline5,DRF,selected_lambda,0.685,0.042583844805088214,100
star,quality,200,0.0,1.0,spline5,DRF,selected_omega,0.42,0.04142048485540174,100
star,quality,200,0.0,1.0,spline5,DRF,oracle_sieve_lambda,0.9421715593610172,0.010678192161942011,100
star,quality,200,0.0,1.0,spline5,DRF,oracle_sieve_omega,0.32267790602169844,0.041772138729878755,100
star,quality,200,0.0,1.0,spline5,DRF,risk_selected_minus_rct,-25.61771388693112,15.004888295441447,100
star,quality,200,0.0,1.0,spline5,DRF,score_selected_minus_rct,-27.472713172825706,18.99360963291345,100
star,quality,200,0.0,1.0,spline5,DRF,a_p2,0.0043065584062923256,0.0001248881953666285,100
star,quality,200,0.0,1.0,spline5,DRF,risk_at_0.0_0.0,26.6083166844467,15.004632079350866,100
star,quality,200,0.0,1.0,spline5,DRF,risk_at_0.5_0.0,7.367400501646596,3.7797129400627867,100
star,quality,200,0.0,1.0,spline5,DRF,risk_at_0.0_0.5,61.778914288665284,39.95182589141264,100
star,quality,200,0.0,1.0,spline5,DRF,risk_at_0.5_0.5,16.01852047909287,10.030787027819908,100
star,quality,200,0.0,1.0,spline5,RF,risk_selected,1.1243858188243017,0.15013269219162323,100
star,quality,200,0.0,1.0,spline5,RF,risk_rct_only,48.21306153732017,23.10109934175689,100
star,quality,200,0.0,1.0,spline5,RF,risk_grid_oracle,0.7510236242057878,0.04220612351028844,100
star,quality,200,0.0,1.0,spline5,RF,risk_lambda_only,1.1636170108072181,0.13994879928966017,100
star,quality,200,0.0,1.0,spline5,RF,risk_omega_only,41.57309978993667,19.330396795969303,100
star,quality,200,0.0,1.0,spline5,RF,regret,0.3733621946185138,0.14518553435134895,100
star,quality,200,0.0,1.0,spline5,RF,selected_lambda,0.69,0.04206176314887334,100
star,quality,200,0.0,1.0,spline5,RF,selected_omega,0.425,0.04166666666666667,100
star,quality,200,0.0,1.0,spline5,RF,risk_selected_minus_rct,-47.08867571849587,23.099097897998902,100
star,quality,200,0.0,1.0,spline5,RF,score_selected_minus_rct,-50.49655535688083,41.04524678531052,100
star,quality,200,0.0,1.0,spline5,RF,risk_at_0.0_0.0,48.21306153732017,23.10109934175689,100
star,quality,200,0.0,1.0,spline5,RF,risk_at_0.5_0.0,12.53750477582477,5.712132092835901,100
star,quality,200,0.0,1.0,spline5,RF,risk_at_0.0_0.5,91.29168553135084,48.259596491422826,100
star,quality,200,0.0,1.0,spline5,RF,risk_at_0.5_0.5,23.405045262465638,12.034700946158924,100
star,quality,200,0.0,1.0,spline5,domain_indicator_pool,risk_selected,5.894961037157421,2.9542779396369805,100
star,quality,200,0.0,1.0,spline5,domain_indicator_pool,risk_rct_only,26.6083166844467,15.004632079350866,100
star,quality,200,0.0,1.0,spline5,experimental_grounding,risk_selected,27.67040766130616,15.33973809397568,100
star,quality,200,0.0,1.0,spline5,experimental_grounding,risk_rct_only,26.6083166844467,15.004632079350866,100
star,quality,200,2.0,1.0,spline3,DRF,risk_selected,1.0413404868568314,0.06934583704269581,100
star,quality,200,2.0,1.0,spline3,DRF,risk_rct_only,34.032915430564664,14.528467787630987,100
star,quality,200,2.0,1.0,spline3,DRF,risk_grid_oracle,0.7692525485605435,0.035722598854872306,100
star,quality,200,2.0,1.0,spline3,DRF,risk_lambda_only,1.0801975451429202,0.06353315366528907,100
star,quality,200,2.0,1.0,spline3,DRF,risk_omega_only,29.148654209100574,11.911169492157153,100
star,quality,200,2.0,1.0,spline3,DRF,regret,0.2720879382962878,0.056496833705264385,100
star,quality,200,2.0,1.0,spline3,DRF,selected_lambda,0.7225,0.04127008234750322,100
star,quality,200,2.0,1.0,spline3,DRF,selected_omega,0.3825,0.04027290113285316,100
star,quality,200,2.0,1.0,spline3,DRF,oracle_sieve_lambda,0.944401440121468,0.013100851370208347,100
star,quality,200,2.0,1.0,spline3,DRF,oracle_sieve_omega,0.2890550188838482,0.039937087071749366,100
star,quality,200,2.0,1.0,spline3,DRF,risk_selected_minus_rct,-32.99157494370784,14.525947547254361,100
star,quality,200,2.0,1.0,spline3,DRF,score_selected_minus_rct,-31.953266180873907,16.30691419073991,100
star,quality,200,2.0,1.0,spline3,DRF,a_p2,0.004187138337246005,0.00014088704677569459,100
star,quality,200,2.0,1.0,spline3,DRF,risk_at_0.0_0.0,34.032915430564664,14.528467787630987,100
star,quality,200,2.0,1.0,spline3,DRF,risk_at_0.5_0.0,9.037850582833741,3.525800487004806,100
star,quality,200,2.0,1.0,spline3,DRF,risk_at_0.0_0.5,57.389294011086,25.593234083210618,100
star,quality,200,2.0,1.0,spline3,DRF,risk_at_0.5_0.5,14.745866861448851,6.3832745934730735,100
star,quality,200,2.0,1.0,spline3,RF,risk_selected,1.1673581977436458,0.11495423483733846,100
star,quality,200,2.0,1.0,spline3,RF,risk_rct_only,233.39319443617975,121.50825464950931,100
star,quality,200,2.0,1.0,spline3,RF,risk_grid_oracle,0.9035763720397928,0.10515612432346444,100
star,quality,200,2.0,1.0,spline3,RF,risk_lambda_only,1.3460649500312156,0.16985758935971068,100
star,quality,200,2.0,1.0,spline3,RF,risk_omega_only,151.62507145017634,74.02866100088633,100
star,quality,200,2.0,1.0,spline3,RF,regret,0.2637818257038529,0.05099642220392818,100
star,quality,200,2.0,1.0,spline3,RF,selected_lambda,0.7225,0.04172647223104877,100
star,quality,200,2.0,1.0,spline3,RF,selected_omega,0.3775,0.03964727690089908,100
star,quality,200,2.0,1.0,spline3,RF,risk_selected_minus_rct,-232.2258362384361,121.434227856768,100
star,quality,200,2.0,1.0,spline3,RF,score_selected_minus_rct,-256.4710111292701,149.55050377706195,100
star,quality,200,2.0,1.0,spline3,RF,risk_at_0.0_0.0,233.39319443617975,121.50825464950931,100
star,quality,200,2.0,1.0,spline3,RF,risk_at_0.5_0.0,67.23714650094215,34.624580335867634,100
star,quality,200,2.0,1.0,spline3,RF,risk_at_0.0_0.5,232.93270482512264,113.57223528977276,100
star,quality,200,2.0,1.0,spline3,RF,risk_at_0.5_0.5,61.11335844922899,29.281933246121696,100
star,quality,200,2.0,1.0,spline3,domain_indicator_pool,risk_selected,4.1278241636920425,1.3428775577384262,100
star,quality,200,2.0,1.0,spline3,domain_indicator_pool,risk_rct_only,34.032915430564664,14.528467787630987,100
star,quality,200,2.0,1.0,spline3,experimental_grounding,risk_selected,34.731532337666515,14.349208801136687,100
star,quality,200,2.0,1.0,spline3,experimental_grounding,risk_rct_only,34.032915430564664,14.528467787630987,100
star,quality,200,2.0,1.0,spline5,DRF,risk_selected,1.3462771413042223,0.28192748196655226,100
star,quality,200,2.0,1.0,spline5,DRF,risk_rct_only,184.68011358293748,124.02425858311346,100
star,quality,200,2.0,1.0,spline5,DRF,risk_grid_oracle,0.7661324985853275,0.045472694842340844,100
star,quality,200,2.0,1.0,spline5,DRF,risk_lambda_only,1.312950498907148,0.27259461200504964,100
star,quality,200,2.0,1.0,spline5,DRF,risk_omega_only,158.0490004078358,99.28516826957025,100
star,quality,200,2.0,1.0,spline5,DRF,regret,0.5801446427188947,0.2528120297307014,100
star,quality,200,2.0,1.0,spline5,DRF,selected_lambda,0.6225,0.04241673364285955,100
star,quality,200,2.0,1.0,spline5,DRF,selected_omega,0.4975,0.04515615442913936,100
star,quality,200,2.0,1.0,spline5,DRF,oracle_sieve_lambda,0.9206714587433993,0.012693805808366335,100
star,quality,200,2.0,1.0,spline5,DRF,oracle_sieve_omega,0.21935169073949956,0.03748848127801589,100
star,quality,200,2.0,1.0,spline5,DRF,risk_selected_minus_rct,-183.33383644163325,124.0294658188033,100
star,quality,200,2.0,1.0,spline5,DRF,score_selected_minus_rct,-178.13781253239947,152.04915257220807,100
star,quality,200,2.0,1.0,spline5,DRF,a_p2,0.0043290104699425045,0.0001303202176124437,100
star,quality,200,2.0,1.0,spline5,DRF,risk_at_0.0_0.0,184.68011358293748,124.02425858311346,100
star,quality,200,2.0,1.0,spline5,DRF,risk_at_0.5_0.0,45.69782467747615,30.252264496359043,100
star,quality,200,2.0,1.0,spline5,DRF,risk_at_0.0_0.5,224.77936986269833,130.54025718021893,100
star,quality,200,2.0,1.0,spline5,DRF,risk_at_0.5_0.5,56.063846577547686,32.23996621994673,100
star,quality,200,2.0,1.0,spline5,RF,risk_selected,1.389763196174298,0.19286460297624805,100
star,quality,200,2.0,1.0,spline5,RF,risk_rct_only,88.92991373895677,55.13260370093947,100
star,quality,200,2.0,1.0,spline5,RF,risk_grid_oracle,0.8068193307550499,0.06785422854929192,100
star,quality,200,2.0,1.0,spline5,RF,risk_lambda_only,1.4001158725124079,0.19959223394884656,100
star,quality,200,2.0,1.0,spline5,RF,risk_omega_only,77.61245621019948,46.54258162976258,100
star,quality,200,2.0,1.0,spline5,RF,regret,0.5829438654192485,0.16986885695837384,100
star,quality,200,2.0,1.0,spline5,RF,selected_lambda,0.635,0.042405569483645926,100
star,quality,200,2.0,1.0,spline5,RF,selected_omega,0.45,0.0436642377302714,100
star,quality,200,2.0,1.0,spline5,RF,risk_selected_minus_rct,-87.54015054278247,55.13464330296985,100
star,quality,200,2.0,1.0,spline5,RF,score_selected_minus_rct,-84.70355915051724,66.71849691397168,100
star,quality,200,2.0,1.0,spline5,RF,risk_at_0.0_0.0,88.92991373895677,55.13260370093947,100
star,quality,200,2.0,1.0,spline5,RF,risk_at_0.5_0.0,25.695501559783196,14.01205869660075,100
star,quality,200,2.0,1.0,spline5,RF,risk_at_0.0_0.5,136.66254902450683,80.15710486385323,100
star,quality,200,2.0,1.0,spline5,RF,risk_at_0.5_0.5,35.10089708785402,19.801875630931153,100
star,quality,200,2.0,1.0,spline5,domain_indicator_pool,risk_selected,11.233924740292302,5.804813008047817,100
star,quality,200,2.0,1.0,spline5,domain_indicator_pool,risk_rct_only,184.68011358293748,124.02425858311346,100
star,quality,200,2.0,1.0,spline5,experimental_grounding,risk_selected,186.06260212615535,124.66248475388991,100
star,quality,200,2.0,1.0,spline5,experimental_grounding,risk_rct_only,184.68011358293748,124.02425858311346,100
star,rct_size,100,1.0,1.0,spline3,DRF,risk_selected,2.0770850065997424,0.23401555620203524,100
star,rct_size,100,1.0,1.0,spline3,DRF,risk_rct_only,56.262216922967006,33.79036265475777,100
star,rct_size,100,1.0,1.0,spline3,DRF,risk_grid_oracle,1.3881314917817438,0.07428853182522276,100
star,rct_size,100,1.0,1.0,spline3,DRF,risk_lambda_only,2.2611250360788557,0.1282405669090819,100
star,rct_size,100,1.0,1.0,spline3,DRF,risk_omega_only,73.54299163056751,39.1204935496351,100
star,rct_size,100,1.0,1.0,spline3,DRF,regret,0.6889535148179986,0.2098425278248556,100
star,rct_size,100,1.0,1.0,spline3,DRF,selected_lambda,0.74,0.03725424523297698,100
star,rct_size,100,1.0,1.0,spline3,DRF,selected_omega,0.475,0.04136252634763242,100
star,rct_size,100,1.0,1.0,spline3,DRF,oracle_sieve_lambda,0.9530395806267958,0.012433462165889314,100
star,rct_size,100,1.0,1.0,spline3,DRF,oracle_sieve_omega,0.31803952158924187,0.04156513038986257,100
star,rct_size,100,1.0,1.0,spline3,DRF,risk_selected_minus_rct,-54.185131916367254,33.79978821388571,100
star,rct_size,100,1.0,1.0,spline3,DRF,score_selected_minus_rct,-33.312843084037056,23.224890959774136,100
star,rct_size,100,1.0,1.0,spline3,DRF,a_p2,0.004929552455939155,0.00010105588501743278,100
star,rct_size,100,1.0,1.0,spline3,DRF,risk_at_0.0_0.0,56.262216922967006,33.79036265475777,100
star,rct_size,100,1.0,1.0,spline3,DRF,risk_at_0.5_0.0,15.627150711606296,8.428904974632934,100
star,rct_size,100,1.0,1.0,spline3,DRF,risk_at_0.0_0.5,66.22452818353796,40.25148853431396,100
star,rct_size,100,1.0,1.0,spline3,DRF,risk_at_0.5_0.5,17.888457892802457,10.126667698022192,100
star,rct_size,100,1.0,1.0,spline3,RF,risk_selected,2.1778343047186692,0.2494864576964791,100
star,rct_size,100,1.0,1.0,spline3,RF,risk_rct_only,424.41966879020765,277.4418959088754,100
star,rct_size,100,1.0,1.0,spline3,RF,risk_grid_oracle,1.4851041076949736,0.11143035056240982,100
star,rct_size,100,1.0,1.0,spline3,RF,risk_lambda_only,2.6936936122596045,0.31215792214810323,100
star,rct_size,100,1.0,1.0,spline3,RF,risk_omega_only,406.7965446571306,277.00941236613903,100
star,rct_size,100,1.0,1.0,spline3,RF,regret,0.6927301970236955,0.21231103355789793,100
star,rct_size,100,1.0,1.0,spline3,RF,selected_lambda,0.705,0.039148125850106255,100
star,rct_size,100,1.0,1.0,spline3,RF,selected_omega,0.47,0.04163331998932265,100
star,rct_size,100,1.0,1.0,spline3,RF,risk_selected_minus_rct,-422.241834485489,277.44257466183075,100
star,rct_size,100,1.0,1.0,spline3,RF,score_selected_minus_rct,-146.83742702436425,105.70169490463438,100
star,rct_size,100,1.0,1.0,spline3,RF,risk_at_0.0_0.0,424.41966879020765,277.4418959088754,100
star,rct_size,100,1.0,1.0,spline3,RF,risk_at_0.5_0.0,109.55800291992128,69.90499346561856,100
star,rct_size,100,1.0,1.0,spline3,RF,risk_at_0.0_0.5,304.70301590256173,201.51615888512407,100
star,rct_size,100,1.0,1.0,spline3,RF,risk_at_0.5_0.5,92.65739535542731,60.87280543074377,100
star,rct_size,100,1.0,1.0,spline3,domain_indicator_pool,risk_selected,4.518566097058562,1.6548627947521095,100
star,rct_size,100,1.0,1.0,spline3,domain_indicator_pool,risk_rct_only,56.262216922967006,33.79036265475777,100
star,rct_size,100,1.0,1.0,spline3,experimental_grounding,risk_selected,57.86605461560108,33.843331053599385,100
star,rct_size,100,1.0,1.0,spline3,experimental_grounding,risk_rct_only,56.262216922967006,33.79036265475777,100
star,rct_size,100,1.0,1.0,spline5,DRF,risk_selected,2.392229052913653,0.43284577447158645,100
star,rct_size,100,1.0,1.0,spline5,DRF,risk_rct_only,12.988172307958516,7.68138167187576,100
star,rct_size,100,1.0,1.0,spline5,DRF,risk_grid_oracle,1.4611999331766325,0.11130794533221755,100
star,rct_size,100,1.0,1.0,spline5,DRF,risk_lambda_only,2.7653997430064425,0.4293273510261134,100
star,rct_size,100,1.0,1.0,spline5,DRF,risk_omega_only,12.211484673142923,7.689422942233877,100
star,rct_size,100,1.0,1.0,spline5,DRF,regret,0.9310291197370207,0.4206873871925508,100
star,rct_size,100,1.0,1.0,spline5,DRF,selected_lambda,0.66,0.042271369588276736,100
star,rct_size,100,1.0,1.0,spline5,DRF,selected_omega,0.5025,0.038516525379020464,100
star,rct_size,100,1.0,1.0,spline5,DRF,oracle_sieve_lambda,0.9490428343049279,0.011749678440560875,100
star,rct_size,100,1.0,1.0,spline5,DRF,oracle_sieve_omega,0.2710815774510359,0.03988788129836571,100
star,rct_size,100,1.0,1.0,spline5,DRF,risk_selected_minus_rct,-10.595943255044865,7.60421658442402,100
star,rct_size,100,1.0,1.0,spline5,DRF,score_selected_minus_rct,-2.891493590394421,0.4909696458560453,100
star,rct_size,100,1.0,1.0,spline5,DRF,a_p2,0.0049008249521261755,9.905716547391659e-05,100
star,rct_size,100,1.0,1.0,spline5,DRF,risk_at_0.0_0.0,12.988172307958516,7.68138167187576,100
star,rct_size,100,1.0,1.0,spline5,DRF,risk_at_0.5_0.0,5.270967755973049,2.258648504551455,100
star,rct_size,100,1.0,1.0,spline5,DRF,risk_at_0.0_0.5,18.205572445720946,12.232063786540293,100
star,rct_size,100,1.0,1.0,spline5,DRF,risk_at_0.5_0.5,6.182346528190849,3.5507009320166425,100
star,rct_size,100,1.0,1.0,spline5,RF,risk_selected,2.160427141288418,0.2513016829839233,100
star,rct_size,100,1.0,1.0,spline5,RF,risk_rct_only,4.758036239052248,0.6838866322367649,100
star,rct_size,100,1.0,1.0,spline5,RF,risk_grid_oracle,1.431712978430248,0.0829116746759813,100
star,rct_size,100,1.0,1.0,spline5,RF,risk_lambda_only,2.6619407984592733,0.2527422194963752,100
star,rct_size,100,1.0,1.0,spline5,RF,risk_omega_only,3.915651572382204,0.6857829792951041,100
star,rct_size,100,1.0,1.0,spline5,RF,regret,0.7287141628581706,0.23932619504383962,100
star,rct_size,100,1.0,1.0,spline5,RF,selected_lambda,0.65,0.0414387707005374,100
star,rct_size,100,1.0,1.0,spline5,RF,selected_omega,0.5275,0.0385820325063783,100
star,rct_size,100,1.0,1.0,spline5,RF,risk_selected_minus_rct,-2.5976090977638284,0.6431026201754971,100
star,rct_size,100,1.0,1.0,spline5,RF,score_selected_minus_rct,-2.885438106663303,0.49087898830095006,100
star,rct_size,100,1.0,1.0,spline5,RF,risk_at_0.0_0.0,4.758036239052248,0.6838866322367649,100
star,rct_size,100,1.0,1.0,spline5,RF,risk_at_0.5_0.0,2.958568991008319,0.23567087850348822,100
star,rct_size,100,1.0,1.0,spline5,RF,risk_at_0.0_0.5,5.493779211348072,1.8394887311565735,100
star,rct_size,100,1.0,1.0,spline5,RF,risk_at_0.5_0.5,2.510434438539812,0.44900358600091206,100
star,rct_size,100,1.0,1.0,spline5,domain_indicator_pool,risk_selected,2.7334271074820937,0.5841939269117692,100
star,rct_size,100,1.0,1.0,spline5,domain_indicator_pool,risk_rct_only,12.988172307958516,7.68138167187576,100
star,rct_size,100,1.0,1.0,spline5,experimental_grounding,risk_selected,14.093725518536683,7.356672047439885,100
star,rct_size,100,1.0,1.0,spline5,experimental_grounding,risk_rct_only,12.988172307958516,7.68138167187576,100
star,rct_size,200,1.0,1.0,spline3,DRF,risk_selected,1.6814726843806718,0.6487322730071073,100
star,rct_size,200,1.0,1.0,spline3,DRF,risk_rct_only,235.54677116207952,162.68593890622904,100
star,rct_size,200,1.0,1.0,spline3,DRF,risk_grid_oracle,0.7813821861641047,0.03954724085438883,100
star,rct_size,200,1.0,1.0,spline3,DRF,risk_lambda_only,1.2873643611932246,0.13013316513814455,100
star,rct_size,200,1.0,1.0,spline3,DRF,risk_omega_only,207.8502166704274,147.8431916156199,100
star,rct_size,200,1.0,1.0,spline3,DRF,regret,0.9000904982165672,0.6485934825648175,100
star,rct_size,200,1.0,1.0,spline3,DRF,selected_lambda,0.6875,0.0414958620305274,100
star,rct_size,200,1.0,1.0,spline3,DRF,selected_omega,0.405,0.03953326179154445,100
star,rct_size,200,1.0,1.0,spline3,DRF,oracle_sieve_lambda,0.959863164610005,0.00868718165446945,100
star,rct_size,200,1.0,1.0,spline3,DRF,oracle_sieve_omega,0.19415268477332912,0.03503775690605189,100
star,rct_size,200,1.0,1.0,spline3,DRF,risk_selected_minus_rct,-233.86529847769893,162.69551799257584,100
star,rct_size,200,1.0,1.0,spline3,DRF,score_selected_minus_rct,-129.15256759692008,122.52382173125459,100
star,rct_size,200,1.0,1.0,spline3,DRF,a_p2,0.0043376040004113915,0.00014621628589662783,100
star,rct_size,200,1.0,1.0,spline3,DRF,risk_at_0.0_0.0,235.54677116207952,162.68593890622904,100
star,rct_size,200,1.0,1.0,spline3,DRF,risk_at_0.5_0.0,59.54319890391807,40.58124156298016,100
star,rct_size,200,1.0,1.0,spline3,DRF,risk_at_0.0_0.5,166.50982151215106,107.98501478769253,100
star,rct_size,200,1.0,1.0,spline3,DRF,risk_at_0.5_0.5,42.17635360403823,26.903655482099605,100
star,rct_size,200,1.0,1.0,spline3,RF,risk_selected,2.315175120953823,1.2756590269287973,100
star,rct_size,200,1.0,1.0,spline3,RF,risk_rct_only,116.63478611758165,64.55634112189796,100
star,rct_size,200,1.0,1.0,spline3,RF,risk_grid_oracle,0.8014659259247131,0.044602162828269565,100
star,rct_size,200,1.0,1.0,spline3,RF,risk_lambda_only,1.4820604150211414,0.2412645721877845,100
star,rct_size,200,1.0,1.0,spline3,RF,risk_omega_only,107.34308148569121,62.057039475656495,100
star,rct_size,200,1.0,1.0,spline3,RF,regret,1.5137091950291102,1.2765868179623667,100
star,rct_size,200,1.0,1.0,spline3,RF,selected_lambda,0.6875,0.04179903217670346,100
star,rct_size,200,1.0,1.0,spline3,RF,selected_omega,0.4425,0.040335555911714796,100
star,rct_size,200,1.0,1.0,spline3,RF,risk_selected_minus_rct,-114.31961099662786,64.51620705033687,100
star,rct_size,200,1.0,1.0,spline3,RF,score_selected_minus_rct,-53.05139400117241,38.637051655225896,100
star,rct_size,200,1.0,1.0,spline3,RF,risk_at_0.0_0.0,116.63478611758165,64.55634112189796,100
star,rct_size,200,1.0,1.0,spline3,RF,risk_at_0.5_0.0,29.94908442564697,16.094387754717996,100
star,rct_size,200,1.0,1.0,spline3,RF,risk_at_0.0_0.5,123.04973229876896,67.75320068854288,100
star,rct_size,200,1.0,1.0,spline3,RF,risk_at_0.5_0.5,33.16400360945643,18.06281192802566,100
star,rct_size,200,1.0,1.0,spline3,domain_indicator_pool,risk_selected,8.082750060235552,3.7050162427996973,100
star,rct_size,200,1.0,1.0,spline3,domain_indicator_pool,risk_rct_only,235.54677116207952,162.68593890622904,100
star,rct_size,200,1.0,1.0,spline3,experimental_grounding,risk_selected,237.44129994473488,162.55406100053477,100
star,rct_size,200,1.0,1.0,spline3,experimental_grounding,risk_rct_only,235.54677116207952,162.68593890622904,100
star,rct_size,200,1.0,1.0,spline5,DRF,risk_selected,1.127614845939035,0.09333389036182213,100
star,rct_size,200,1.0,1.0,spline5,DRF,risk_rct_only,40.727054511363654,20.473345413717826,100
star,rct_size,200,1.0,1.0,spline5,DRF,risk_grid_oracle,0.8028299446007852,0.05000167127725243,100
star,rct_size,200,1.0,1.0,spline5,DRF,risk_lambda_only,1.105664259072932,0.06849723715128833,100
star,rct_size,200,1.0,1.0,spline5,DRF,risk_omega_only,40.20474350153511,20.332053602213335,100
star,rct_size,200,1.0,1.0,spline5,DRF,regret,0.3247849013382496,0.07613079670391038,100
star,rct_size,200,1.0,1.0,spline5,DRF,selected_lambda,0.5975,0.043937369336846104,100
star,rct_size,200,1.0,1.0,spline5,DRF,selected_omega,0.495,0.04051125295719223,100
star,rct_size,200,1.0,1.0,spline5,DRF,oracle_sieve_lambda,0.9318126402473034,0.010422150134323292,100
star,rct_size,200,1.0,1.0,spline5,DRF,oracle_sieve_omega,0.2866542050873541,0.03943765259506497,100
star,rct_size,200,1.0,1.0,spline5,DRF,risk_selected_minus_rct,-39.59943966542461,20.45360783989436,100
star,rct_size,200,1.0,1.0,spline5,DRF,score_selected_minus_rct,-17.359946689012602,11.378322256325184,100
star,rct_size,200,1.0,1.0,spline5,DRF,a_p2,0.004428843644048994,0.00013651978320937681,100
star,rct_size,200,1.0,1.0,spline5,DRF,risk_at_0.0_0.0,40.727054511363654,20.473345413717826,100
star,rct_size,200,1.0,1.0,spline5,DRF,risk_at_0.5_0.0,10.71603977247737,4.9330115527120455,100
star,rct_size,200,1.0,1.0,spline5,DRF,risk_at_0.0_0.5,70.82225608462916,38.36162693507438,100
star,rct_size,200,1.0,1.0,spline5,DRF,risk_at_0.5_0.5,18.090548421668384,9.428929407213314,100
star,rct_size,200,1.0,1.0,spline5,RF,risk_selected,1.111266828131364,0.08133307996138281,100
star,rct_size,200,1.0,1.0,spline5,RF,risk_rct_only,51.73592383345488,42.01124213635951,100
star,rct_size,200,1.0,1.0,spline5,RF,risk_grid_oracle,0.7634247433448546,0.03793846638866294,100
star,rct_size,200,1.0,1.0,spline5,RF,risk_lambda_only,1.1390351961194363,0.0999272175904323,100
star,rct_size,200,1.0,1.0,spline5,RF,risk_omega_only,51.6143220869675,42.012488402038,100
star,rct_size,200,1.0,1.0,spline5,RF,regret,0.3478420847865095,0.06817632044076508,100
star,rct_size,200,1.0,1.0,spline5,RF,selected_lambda,0.6125,0.043428653902670984,100
star,rct_size,200,1.0,1.0,spline5,RF,selected_omega,0.5025,0.04105536419632554,100
star,rct_size,200,1.0,1.0,spline5,RF,risk_selected_minus_rct,-50.62465700532353,42.01369856154397,100
star,rct_size,200,1.0,1.0,spline5,RF,score_selected_minus_rct,-40.5898598099469,39.34065167231814,100
star,rct_size,200,1.0,1.0,spline5,RF,risk_at_0.0_0.0,51.73592383345488,42.01124213635951,100
star,rct_size,200,1.0,1.0,spline5,RF,risk_at_0.5_0.0,13.697462070142272,10.57343062235946,100
star,rct_size,200,1.0,1.0,spline5,RF,risk_at_0.0_0.5,115.11493495121223,90.03658238550659,100
star,rct_size,200,1.0,1.0,spline5,RF,risk_at_0.5_0.5,29.935546754892375,23.056954447487676,100
star,rct_size,200,1.0,1.0,spline5,domain_indicator_pool,risk_selected,4.290600409109893,1.8902569127662487,100
star,rct_size,200,1.0,1.0,spline5,domain_indicator_pool,risk_rct_only,40.727054511363654,20.473345413717826,100
star,rct_size,200,1.0,1.0,spline5,experimental_grounding,risk_selected,41.696893149779136,20.54388273807061,100
star,rct_size,200,1.0,1.0,spline5,experimental_grounding,risk_rct_only,40.727054511363654,20.473345413717826,100
star,rct_size,400,1.0,1.0,spline3,DRF,risk_selected,5.033445685933547,2.8395520443740008,100
star,rct_size,400,1.0,1.0,spline3,DRF,risk_rct_only,259.56700055556286,151.89718456742088,100
star,rct_size,400,1.0,1.0,spline3,DRF,risk_grid_oracle,0.4907449542279001,0.028609502360879814,100
star,rct_size,400,1.0,1.0,spline3,DRF,risk_lambda_only,2.797797409714261,1.5274792940150281,100
star,rct_size,400,1.0,1.0,spline3,DRF,risk_omega_only,172.8641790969656,88.3323879132651,100
star,rct_size,400,1.0,1.0,spline3,DRF,regret,4.542700731705647,2.8395894213980246,100
star,rct_size,400,1.0,1.0,spline3,DRF,selected_lambda,0.6925,0.0423213714906368,100
star,rct_size,400,1.0,1.0,spline3,DRF,selected_omega,0.425,0.04473547391346856,100
star,rct_size,400,1.0,1.0,spline3,DRF,oracle_sieve_lambda,0.9432863165661565,0.011360910904145899,100
star,rct_size,400,1.0,1.0,spline3,DRF,oracle_sieve_omega,0.2772248738831758,0.04247953303358247,100
star,rct_size,400,1.0,1.0,spline3,DRF,risk_selected_minus_rct,-254.53355486962928,151.768639503228,100
star,rct_size,400,1.0,1.0,spline3,DRF,score_selected_minus_rct,-393.1393758965764,287.75204233086924,100
star,rct_size,400,1.0,1.0,spline3,DRF,a_p2,0.0028958271593465313,0.00014364343913796234,100
star,rct_size,400,1.0,1.0,spline3,DRF,risk_at_0.0_0.0,259.56700055556286,151.89718456742088,100
star,rct_size,400,1.0,1.0,spline3,DRF,risk_at_0.5_0.0,64.8534624897358,38.076186808315825,100
star,rct_size,400,1.0,1.0,spline3,DRF,risk_at_0.0_0.5,180.55140428554506,90.18026674977096,100
star,rct_size,400,1.0,1.0,spline3,DRF,risk_at_0.5_0.5,45.15767876363153,22.559057590463475,100
star,rct_size,400,1.0,1.0,spline3,RF,risk_selected,83.48362326577887,75.43755203062157,100
star,rct_size,400,1.0,1.0,spline3,RF,risk_rct_only,768.2859010821717,288.44705124202204,100
star,rct_size,400,1.0,1.0,spline3,RF,risk_grid_oracle,0.5249600591059188,0.06256321810619347,100
star,rct_size,400,1.0,1.0,spline3,RF,risk_lambda_only,77.43594669350826,75.22570576878992,100
star,rct_size,400,1.0,1.0,spline3,RF,risk_omega_only,414.4944051474274,176.94447133945673,100
star,rct_size,400,1.0,1.0,spline3,RF,regret,82.95866320667297,75.43612768488609,100
star,rct_size,400,1.0,1.0,spline3,RF,selected_lambda,0.69,0.04160905107441326,100
star,rct_size,400,1.0,1.0,spline3,RF,selected_omega,0.445,0.044605453306142566,100
star,rct_size,400,1.0,1.0,spline3,RF,risk_selected_minus_rct,-684.8022778163927,264.4226396586667,100
star,rct_size,400,1.0,1.0,spline3,RF,score_selected_minus_rct,-853.8096578542213,397.8653339228403,100
star,rct_size,400,1.0,1.0,spline3,RF,risk_at_0.0_0.0,768.2859010821717,288.44705124202204,100
star,rct_size,400,1.0,1.0,spline3,RF,risk_at_0.5_0.0,191.2675324019375,71.72086623291261,100
star,rct_size,400,1.0,1.0,spline3,RF,risk_at_0.0_0.5,362.10117150195896,151.43891956859574,100
star,rct_size,400,1.0,1.0,spline3,RF,risk_at_0.5_0.5,90.25970406227889,37.71062539707197,100
star,rct_size,400,1.0,1.0,spline3,domain_indicator_pool,risk_selected,8.893457885145784,3.0774892511509573,100
star,rct_size,400,1.0,1.0,spline3,domain_indicator_pool,risk_rct_only,259.56700055556286,151.89718456742088,100
star,rct_size,400,1.0,1.0,spline3,experimental_grounding,risk_selected,260.74042803275034,151.88459994334622,100
star,rct_size,400,1.0,1.0,spline3,experimental_grounding,risk_rct_only,259.56700055556286,151.89718456742088,100
star,rct_size,400,1.0,1.0,spline5,DRF,risk_selected,43.429971587748014,29.944085197064148,100
star,rct_size,400,1.0,1.0,spline5,DRF,risk_rct_only,79.26139087669446,67.97825759538111,100
star,rct_size,400,1.0,1.0,spline5,DRF,risk_grid_oracle,0.44500501336457476,0.02481579677496853,100
star,rct_size,400,1.0,1.0,spline5,DRF,risk_lambda_only,5.566507272768469,3.0944369680818107,100
star,rct_size,400,1.0,1.0,spline5,DRF,risk_omega_only,116.64887486473884,73.8422109143117,100
star,rct_size,400,1.0,1.0,spline5,DRF,regret,42.984966574383435,29.94434037058114,100
star,rct_size,400,1.0,1.0,spline5,DRF,selected_lambda,0.6125,0.04386258961434867,100
star,rct_size,400,1.0,1.0,spline5,DRF,selected_omega,0.42,0.04450627012914114,100
star,rct_size,400,1.0,1.0,spline5,DRF,oracle_sieve_lambda,0.9570536438369115,0.007788027929371352,100
star,rct_size,400,1.0,1.0,spline5,DRF,oracle_sieve_omega,0.2917084097706091,0.04210978697979062,100
star,rct_size,400,1.0,1.0,spline5,DRF,risk_selected_minus_rct,-35.83141928894647,73.5141261100041,100
star,rct_size,400,1.0,1.0,spline5,DRF,score_selected_minus_rct,-73.50869133192684,43.90904452301548,100
star,rct_size,400,1.0,1.0,spline5,DRF,a_p2,0.0032274555048239493,0.00015227194831521804,100
star,rct_size,400,1.0,1.0,spline5,DRF,risk_at_0.0_0.0,79.26139087669446,67.97825759538111,100
star,rct_size,400,1.0,1.0,spline5,DRF,risk_at_0.5_0.0,19.862213339090662,16.696637099221682,100
star,rct_size,400,1.0,1.0,spline5,DRF,risk_at_0.0_0.5,53.677452804370105,32.96339254216831,100
star,rct_size,400,1.0,1.0,spline5,DRF,risk_at_0.5_0.5,13.49534425051009,8.001011212795087,100
star,rct_size,400,1.0,1.0,spline5,RF,risk_selected,55.5806032019211,39.580668414018746,100
star,rct_size,400,1.0,1.0,spline5,RF,risk_rct_only,676.5776247782638,632.6460065858965,100
star,rct_size,400,1.0,1.0,spline5,RF,risk_grid_oracle,0.46569264036223,0.03852560651371084,100
star,rct_size,400,1.0,1.0,spline5,RF,risk_lambda_only,9.617454693312508,5.700040743056038,100
star,rct_size,400,1.0,1.0,spline5,RF,risk_omega_only,720.8101903410787,634.1665325700026,100
star,rct_size,400,1.0,1.0,spline5,RF,regret,55.11491056155887,39.58028127698994,100
star,rct_size,400,1.0,1.0,spline5,RF,selected_lambda,0.6175,0.043440281776343036,100
star,rct_size,400,1.0,1.0,spline5,RF,selected_omega,0.4425,0.04407509088321471,100
star,rct_size,400,1.0,1.0,spline5,RF,risk_selected_minus_rct,-620.997021576343,633.1627011963735,100
star,rct_size,400,1.0,1.0,spline5,RF,score_selected_minus_rct,-91.169088088342,58.33075110448276,100
star,rct_size,400,1.0,1.0,spline5,RF,risk_at_0.0_0.0,676.5776247782638,632.6460065858965,100
star,rct_size,400,1.0,1.0,spline5,RF,risk_at_0.5_0.0,184.53299593058523,173.21367658277762,100
star,rct_size,400,1.0,1.0,spline5,RF,risk_at_0.0_0.5,212.76242583678527,147.21707619796177,100
star,rct_size,400,1.0,1.0,spline5,RF,risk_at_0.5_0.5,52.46063241310112,35.825829996859866,100
star,rct_size,400,1.0,1.0,spline5,domain_indicator_pool,risk_selected,2.886973220313804,0.9380564574180091,100
star,rct_size,400,1.0,1.0,spline5,domain_indicator_pool,risk_rct_only,79.26139087669446,67.97825759538111,100
star,rct_size,400,1.0,1.0,spline5,experimental_grounding,risk_selected,79.40542230688877,67.6839795124342,100
star,rct_size,400,1.0,1.0,spline5,experimental_grounding,risk_rct_only,79.26139087669446,67.97825759538111,100
