scm_id,regime,n,N,replication,estimator,true_theta,estimate,error,estimated_variance,standard_error,ci_lower,ci_upper,coverage,lambda,omega,calibration_A,calibration_B,calibration_C,calibration_D,calibration_cov_delta_g,calibration_ratio_bias_functional,nominal_unconstrained_lambda_gain,nominal_unconstrained_omega_gain,predicted_clipped_lambda_gain,predicted_clipped_omega_gain,calibration_g_tau_correlation,calibration_between_x_share,train_rct_arm0,train_rct_arm1,ratio_mode,variance_scope,feasible_minus_oracle_ratio_channel,fitted_ratio_mean_minus_one,fitted_ratio_ess,fitted_ratio_max,fitted_ratio_clip_fraction,fitted_ratio_l2_oracle,fitted_ratio_bias_functional
0,shared,20,5000,0,estimated_r_datafusion,0.8647259144,1.178519165,0.3137932504,0.2633662572,0.5131922224,0.1726808917,2.184357438,1,1.296779016,2,5.238233906,0.2492667379,-6.792831811,0.535190503,-0.2155328546,-0.04905834562,0.4404400876,0.05745429113,0.4404400876,0.05718475303,0.9120146144,0.02134367,13,7,estimated,evaluation_variance_excludes_fit_tuning_uncertainty,-0.1030270949,-0.01861577003,3766.613361,7.0872535,0,0.5618904531,-0.05151354745
0,shared,20,5000,0,rct_aipw,0.8647259144,0.6411880084,-0.223537906,0.5429957882,0.7368824792,-0.8030751117,2.085451128,1,0,0,5.238233906,0.2492667379,-6.792831811,0.535190503,-0.2155328546,-0.04905834562,0.4404400876,0.05745429113,0.4404400876,0.05718475303,0.9120146144,0.02134367,13,7,neutral,evaluation_variance_given_rct_nuisance_fit,-0,-0.01861577003,3766.613361,7.0872535,0,0.5618904531,-0.05151354745
0,shared,20,5000,1,estimated_r_datafusion,0.8647259144,0.4461644085,-0.4185615059,0.3043782684,0.5517048744,-0.6351572754,1.527486092,1,1.082457734,-0.2556518505,10.89652314,0.04114186034,-11.79502574,-0.01051799273,-0.06631466645,-0.07202327905,0.6383808418,0.0001344472152,0.6383808418,0.0001344472152,0.9548449525,0.00339747222,12,8,estimated,evaluation_variance_excludes_fit_tuning_uncertainty,0.01946661259,-0.006420968699,4120.241976,6.55973105,0,0.4591611586,-0.07614500953
0,shared,20,5000,1,rct_aipw,0.8647259144,-0.8220138502,-1.686739765,1.116449761,1.056621863,-2.892954647,1.248926946,1,0,0,10.89652314,0.04114186034,-11.79502574,-0.01051799273,-0.06631466645,-0.07202327905,0.6383808418,0.0001344472152,0.6383808418,0.0001344472152,0.9548449525,0.00339747222,12,8,neutral,evaluation_variance_given_rct_nuisance_fit,-0,-0.006420968699,4120.241976,6.55973105,0,0.4591611586,-0.07614500953
0,shared,20,5000,2,estimated_r_datafusion,0.8647259144,0.5676661542,-0.2970597602,0.1568984333,0.3961040687,-0.2086835546,1.344015863,1,1.170167746,1.594463312,1.851930728,0.202271479,-2.167069606,0.3225144524,-0.01908912073,0.02229672735,0.1267917478,0.0257118731,0.1267917478,0.0257118731,0.9366280659,0.02744856214,8,12,estimated,evaluation_variance_excludes_fit_tuning_uncertainty,0.0358283819,-0.00436536956,4233.603278,3.445409447,0,0.423637886,0.02247049627
0,shared,20,5000,2,rct_aipw,0.8647259144,0.7958145901,-0.06891132426,0.3202932818,0.5659445925,-0.3134164285,1.905045609,1,0,0,1.851930728,0.202271479,-2.167069606,0.3225144524,-0.01908912073,0.02229672735,0.1267917478,0.0257118731,0.1267917478,0.0257118731,0.9366280659,0.02744856214,8,12,neutral,evaluation_variance_given_rct_nuisance_fit,0,-0.00436536956,4233.603278,3.445409447,0,0.423637886,0.02247049627
0,shared,20,5000,3,estimated_r_datafusion,0.8647259144,1.483939503,0.6192135886,0.2938002782,0.5420334659,0.4215734314,2.546305575,1,0.5185333703,-1.463009381,9.714795276,0.4245117033,-5.037445537,-0.6210646044,1.479390669,-0.01471967181,0.1306041806,0.04543116712,0.1306041806,0.04543116712,0.9658697,0.05416410839,11,9,estimated,evaluation_variance_excludes_fit_tuning_uncertainty,0.02104810423,0.02459926992,4704.717639,2.597393295,0,0.2578642837,-0.01438685527
0,shared,20,5000,3,rct_aipw,0.8647259144,1.279368412,0.4146424973,0.4140307623,0.6434522222,0.01822523036,2.540511593,1,0,0,9.714795276,0.4245117033,-5.037445537,-0.6210646044,1.479390669,-0.01471967181,0.1306041806,0.04543116712,0.1306041806,0.04543116712,0.9658697,0.05416410839,11,9,neutral,evaluation_variance_given_rct_nuisance_fit,-0,0.02459926992,4704.717639,2.597393295,0,0.2578642837,-0.01438685527
0,shared,20,5000,4,estimated_r_datafusion,0.8647259144,0.2859021474,-0.578823767,0.388927048,0.6236401591,-0.9364101037,1.508214399,1,1.058036675,2,6.007160074,0.5126124258,-6.355795672,1.588994102,-1.278259161,0.06823423564,0.3362332461,0.2462779021,0.3362332461,0.2152763353,0.9743660576,0.02933414775,10,10,estimated,evaluation_variance_excludes_fit_tuning_uncertainty,0.1370444123,0.001740874624,3167.567009,9.568665333,0,0.7619170184,0.06852220617
0,shared,20,5000,4,rct_aipw,0.8647259144,0.3518027634,-0.512923151,0.7931497216,0.890589536,-1.393720652,2.097326179,1,0,0,6.007160074,0.5126124258,-6.355795672,1.588994102,-1.278259161,0.06823423564,0.3362332461,0.2462779021,0.3362332461,0.2152763353,0.9743660576,0.02933414775,10,10,neutral,evaluation_variance_given_rct_nuisance_fit,0,0.001740874624,3167.567009,9.568665333,0,0.7619170184,0.06852220617
0,shared,20,5000,5,estimated_r_datafusion,0.8647259144,1.660929017,0.7962031028,0.1870640776,0.4325090492,0.8132268578,2.508631177,1,1.053539983,0.5586737868,6.456360924,0.4526687553,-6.802034378,0.2528941677,0.5972639054,0.009464971873,0.3583107592,0.007064267115,0.3583107592,0.007064267115,0.9919623966,0.0317588699,12,8,estimated,evaluation_variance_excludes_fit_tuning_uncertainty,0.006052334339,-0.0023910189,4418.409944,3.059474845,0,0.3619472729,0.01083339595
0,shared,20,5000,5,rct_aipw,0.8647259144,1.462692358,0.5979664436,0.484921458,0.6963630217,0.09784591536,2.827538801,1,0,0,6.456360924,0.4526687553,-6.802034378,0.2528941677,0.5972639054,0.009464971873,0.3583107592,0.007064267115,0.3583107592,0.007064267115,0.9919623966,0.0317588699,12,8,neutral,evaluation_variance_given_rct_nuisance_fit,0,-0.0023910189,4418.409944,3.059474845,0,0.3619472729,0.01083339595
0,shared,20,5000,6,estimated_r_datafusion,0.8647259144,1.35776342,0.4930375052,0.4174769648,0.6461245738,0.09138252542,2.624144314,1,0.7991398352,-1.605790611,3.551798845,0.09226609855,-2.838383944,-0.1481600348,0.09335722347,-0.01530550093,0.1134132838,0.01189569964,0.1134132838,0.01189569964,0.9465551618,0.01277062613,11,9,estimated,evaluation_variance_excludes_fit_tuning_uncertainty,0.01586511194,0.004797701236,4663.473406,2.446726381,0,0.2699617095,-0.009879938162
0,shared,20,5000,6,rct_aipw,0.8647259144,1.953137394,1.08841148,0.8759760269,0.9359359096,0.1187367194,3.787538069,1,0,0,3.551798845,0.09226609855,-2.838383944,-0.1481600348,0.09335722347,-0.01530550093,0.1134132838,0.01189569964,0.1134132838,0.01189569964,0.9465551618,0.01277062613,11,9,neutral,evaluation_variance_given_rct_nuisance_fit,-0,0.004797701236,4663.473406,2.446726381,0,0.2699617095,-0.009879938162
0,shared,20,5000,7,estimated_r_datafusion,0.8647259144,1.235161601,0.3704356865,0.1974619595,0.4443669199,0.3642184419,2.10610476,1,0.9971461199,2,4.300685387,0.2012951372,-4.288411747,0.4761577605,-0.3459517577,0.02071922407,0.2138086567,0.05631686291,0.2138086567,0.05497252466,0.9736846284,0.01380724156,9,11,estimated,evaluation_variance_excludes_fit_tuning_uncertainty,0.02966932293,0.007521986726,3476.85355,9.422628986,0,0.6668985778,0.01483466146
0,shared,20,5000,7,rct_aipw,0.8647259144,2.159550862,1.294824948,0.6029234433,0.7764814507,0.6376751844,3.68142654,1,0,0,4.300685387,0.2012951372,-4.288411747,0.4761577605,-0.3459517577,0.02071922407,0.2138086567,0.05631686291,0.2138086567,0.05497252466,0.9736846284,0.01380724156,9,11,neutral,evaluation_variance_given_rct_nuisance_fit,0,0.007521986726,3476.85355,9.422628986,0,0.6668985778,0.01483466146
0,shared,20,5000,8,estimated_r_datafusion,0.8647259144,1.040987216,0.1762613017,0.3323955947,0.5765375918,-0.08900569952,2.170980132,1,0.6848010824,-1.856170239,9.752469059,0.4945798465,-6.678501368,-0.9180243917,1.185061701,0.07030184737,0.2286722483,0.0852004777,0.2286722483,0.0852004777,0.9811269929,0.0384989453,11,9,estimated,evaluation_variance_excludes_fit_tuning_uncertainty,-0.1422137301,0.01011290567,4100.407516,5.356969868,0,0.4732367948,0.07661674945
0,shared,20,5000,8,rct_aipw,0.8647259144,1.58645858,0.7217326659,0.5095127124,0.7138015918,0.1874331683,2.985483992,1,0,0,9.752469059,0.4945798465,-6.678501368,-0.9180243917,1.185061701,0.07030184737,0.2286722483,0.0852004777,0.2286722483,0.0852004777,0.9811269929,0.0384989453,11,9,neutral,evaluation_variance_given_rct_nuisance_fit,0,0.01011290567,4100.407516,5.356969868,0,0.4732367948,0.07661674945
0,shared,20,5000,9,estimated_r_datafusion,0.8647259144,0.7742758904,-0.09045002398,0.2054551453,0.4532716021,-0.1141201249,1.662671906,1,1.225811799,-0.323614163,2.8351126,0.1659816713,-3.475314477,-0.05371401965,0.1339156766,-0.1366575531,0.2130040747,0.0008691308756,0.2130040747,0.0008691308756,0.9819842798,0.02146276319,12,8,estimated,evaluation_variance_excludes_fit_tuning_uncertainty,0.03923852381,0.004436949501,3454.809738,7.204436176,0,0.6717552475,-0.1212509473
0,shared,20,5000,9,rct_aipw,0.8647259144,1.391703187,0.5269772726,0.4436702704,0.6660857831,0.08619904158,2.697207332,1,0,0,2.8351126,0.1659816713,-3.475314477,-0.05371401965,0.1339156766,-0.1366575531,0.2130040747,0.0008691308756,0.2130040747,0.0008691308756,0.9819842798,0.02146276319,12,8,neutral,evaluation_variance_given_rct_nuisance_fit,-0,0.004436949501,3454.809738,7.204436176,0,0.6717552475,-0.1212509473
0,shared,20,5000,10,estimated_r_datafusion,0.8647259144,0.3018764636,-0.5628494508,0.1956590951,0.4423336921,-0.565081642,1.168834569,1,1.003639612,0.4173123191,7.042427933,0.2010852748,-7.068059642,0.08391536237,-0.2158702171,0.001792681481,0.354689232,0.001750945724,0.354689232,0.001750945724,0.9804064898,0.01723568068,4,16,estimated,evaluation_variance_excludes_fit_tuning_uncertainty,0.003315675176,0.006222705024,4573.225572,2.597783444,0,0.3074475022,0.007945308645
0,shared,20,5000,10,rct_aipw,0.8647259144,0.7764466168,-0.08827929763,0.7255095065,0.8517684582,-0.8929888846,2.445882118,1,0,0,7.042427933,0.2010852748,-7.068059642,0.08391536237,-0.2158702171,0.001792681481,0.354689232,0.001750945724,0.354689232,0.001750945724,0.9804064898,0.01723568068,4,16,neutral,evaluation_variance_given_rct_nuisance_fit,0,0.006222705024,4573.225572,2.597783444,0,0.3074475022,0.007945308645
0,shared,20,5000,11,estimated_r_datafusion,0.8647259144,0.8541245951,-0.0106013193,0.2243713925,0.4736785751,-0.07426835235,1.782517543,1,1.130666054,0.4917312544,2.981734845,0.09162637907,-3.37134637,0.04505555432,0.01209490177,-0.0546474846,0.1905933448,0.001107761212,0.1905933448,0.001107761212,0.9293048268,0.01781411526,6,14,estimated,evaluation_variance_excludes_fit_tuning_uncertainty,-0.03046767228,0.001894059693,3730.551889,9.840075726,0,0.5844468425,-0.06196000764
0,shared,20,5000,11,rct_aipw,0.8647259144,-0.3882493641,-1.252975278,0.2901292913,0.5386365113,-1.443957527,0.6674587988,0,0,0,2.981734845,0.09162637907,-3.37134637,0.04505555432,0.01209490177,-0.0546474846,0.1905933448,0.001107761212,0.1905933448,0.001107761212,0.9293048268,0.01781411526,6,14,neutral,evaluation_variance_given_rct_nuisance_fit,-0,0.001894059693,3730.551889,9.840075726,0,0.5844468425,-0.06196000764
0,shared,20,5000,12,estimated_r_datafusion,0.8647259144,1.33278782,0.4680619059,0.3382790478,0.581617613,0.1928382459,2.472737395,1,1.013240913,-0.2383691047,5.787366954,0.2313646765,-5.863996974,-0.0551501908,-0.1710718425,0.03658574749,0.2970820823,0.0006573050803,0.2970820823,0.0006573050803,0.9392505976,0.01672571351,14,6,estimated,evaluation_variance_excludes_fit_tuning_uncertainty,-0.005687698515,-0.003541505407,4536.09075,2.901834727,0,0.3186850428,0.02386088802
0,shared,20,5000,12,rct_aipw,0.8647259144,1.757208212,0.8924822971,0.7915369176,0.8896836053,0.01346038749,3.500956036,1,0,0,5.787366954,0.2313646765,-5.863996974,-0.0551501908,-0.1710718425,0.03658574749,0.2970820823,0.0006573050803,0.2970820823,0.0006573050803,0.9392505976,0.01672571351,14,6,neutral,evaluation_variance_given_rct_nuisance_fit,0,-0.003541505407,4536.09075,2.901834727,0,0.3186850428,0.02386088802
0,shared,20,5000,13,estimated_r_datafusion,0.8647259144,1.275542502,0.4108165877,0.4200532656,0.6481151638,0.005260123134,2.545824881,1,1.192031599,-2,9.41180853,0.2891875049,-11.21917318,-0.6060404167,0.270266002,-0.101976669,0.6686804473,0.06350291427,0.6686804473,0.06337058236,0.9354143174,0.01650552912,8,12,estimated,evaluation_variance_excludes_fit_tuning_uncertainty,0.2230508922,-0.003021369524,4136.802658,4.315903507,0,0.4554262427,-0.1115254461
0,shared,20,5000,13,rct_aipw,0.8647259144,1.066252905,0.201526991,0.4541495303,0.6739061732,-0.2545789231,2.387084734,1,0,0,9.41180853,0.2891875049,-11.21917318,-0.6060404167,0.270266002,-0.101976669,0.6686804473,0.06350291427,0.6686804473,0.06337058236,0.9354143174,0.01650552912,8,12,neutral,evaluation_variance_given_rct_nuisance_fit,-0,-0.003021369524,4136.802658,4.315903507,0,0.4554262427,-0.1115254461
0,shared,20,5000,14,estimated_r_datafusion,0.8647259144,0.3458501373,-0.5188757771,0.2540278846,0.5040117901,-0.6419948191,1.333695094,1,1.051051863,0.0417418026,3.506153161,0.1906618004,-3.685148811,0.007958567238,0.2051902683,0.03799036729,0.1936641261,1.661024713e-05,0.1936641261,1.661024713e-05,0.956353977,0.02823348591,12,8,estimated,evaluation_variance_excludes_fit_tuning_uncertainty,0.001466914863,0.006599871112,4363.509881,3.49402937,0,0.3845020932,0.03514258541
0,shared,20,5000,14,rct_aipw,0.8647259144,0.5736672828,-0.2910586316,0.2681126138,0.5177959191,-0.4411940699,1.588528636,1,0,0,3.506153161,0.1906618004,-3.685148811,0.007958567238,0.2051902683,0.03799036729,0.1936641261,1.661024713e-05,0.1936641261,1.661024713e-05,0.956353977,0.02823348591,12,8,neutral,evaluation_variance_given_rct_nuisance_fit,0,0.006599871112,4363.509881,3.49402937,0,0.3845020932,0.03514258541
0,shared,20,5000,15,estimated_r_datafusion,0.8647259144,1.217836002,0.3531100875,0.1244994832,0.3528448429,0.5262728176,1.909399186,1,1.282460248,2,3.227909166,0.1537600599,-4.139665188,0.3645508119,-0.3383206175,0.03936278744,0.2654478021,0.04321580472,0.2654478021,0.0421581504,0.9630198768,0.007900491414,12,8,estimated,evaluation_variance_excludes_fit_tuning_uncertainty,0.0380442251,-0.001039970954,3415.260317,7.28140741,0,0.6804804915,0.01902211255
0,shared,20,5000,15,rct_aipw,0.8647259144,1.604310077,0.739584163,0.3588558555,0.5990457875,0.4302019089,2.778418246,1,0,0,3.227909166,0.1537600599,-4.139665188,0.3645508119,-0.3383206175,0.03936278744,0.2654478021,0.04321580472,0.2654478021,0.0421581504,0.9630198768,0.007900491414,12,8,neutral,evaluation_variance_given_rct_nuisance_fit,0,-0.001039970954,3415.260317,7.28140741,0,0.6804804915,0.01902211255
0,shared,20,5000,16,estimated_r_datafusion,0.8647259144,1.370268216,0.5055423017,0.3952228949,0.6286675552,0.1381024497,2.602433983,1,1.270757455,-0.1020513257,3.298631237,0.126105155,-4.191760236,-0.01286919825,0.02265297794,-0.03803528074,0.2663355285,6.56659371e-05,0.2663355285,6.56659371e-05,0.9358470083,0.009574323848,10,10,estimated,evaluation_variance_excludes_fit_tuning_uncertainty,0.004896334338,-0.001806615231,4343.726649,3.456167752,0,0.3879989376,-0.04797913506
0,shared,20,5000,16,rct_aipw,0.8647259144,1.391065387,0.5263394731,0.6237267318,0.789763719,-0.156843058,2.938973833,1,0,0,3.298631237,0.126105155,-4.191760236,-0.01286919825,0.02265297794,-0.03803528074,0.2663355285,6.56659371e-05,0.2663355285,6.56659371e-05,0.9358470083,0.009574323848,10,10,neutral,evaluation_variance_given_rct_nuisance_fit,-0,-0.001806615231,4343.726649,3.456167752,0,0.3879989376,-0.04797913506
0,shared,20,5000,17,estimated_r_datafusion,0.8647259144,0.9541693483,0.08944343393,0.3800240748,0.6164609272,-0.2540718669,2.162410563,1,0.8543860779,0.3765763827,2.505294136,0.184589554,-2.140488431,0.06951206652,-0.2490414466,-0.04182127239,0.09144017577,0.001308830128,0.09144017577,0.001308830128,0.9628883503,0.0226282268,10,10,estimated,evaluation_variance_excludes_fit_tuning_uncertainty,-0.016448919,-0.001411065819,4529.712225,2.666963188,0,0.3217640087,-0.04368016625
0,shared,20,5000,17,rct_aipw,0.8647259144,1.561713522,0.6969876078,1.941593337,1.393410685,-1.169321236,4.29274828,1,0,0,2.505294136,0.184589554,-2.140488431,0.06951206652,-0.2490414466,-0.04182127239,0.09144017577,0.001308830128,0.09144017577,0.001308830128,0.9628883503,0.0226282268,10,10,neutral,evaluation_variance_given_rct_nuisance_fit,-0,-0.001411065819,4529.712225,2.666963188,0,0.3217640087,-0.04368016625
0,shared,20,5000,18,estimated_r_datafusion,0.8647259144,0.9264877963,0.06176188187,0.2001690941,0.4474026086,0.04959479691,1.803380796,1,1.248678172,1.042707277,3.134924466,0.0676399451,-3.914511751,0.07052866297,-0.001028451932,-0.004788901315,0.2443982689,0.003677037506,0.2443982689,0.003677037506,0.9652957189,0.009459562853,14,6,estimated,evaluation_variance_excludes_fit_tuning_uncertainty,-0.009653630918,-0.007601460027,3752.374286,6.200620272,0,0.5722865167,-0.009258236832
0,shared,20,5000,18,rct_aipw,0.8647259144,0.9427785846,0.07805267021,0.3102239294,0.5569774945,-0.1488772449,2.034434414,1,0,0,3.134924466,0.0676399451,-3.914511751,0.07052866297,-0.001028451932,-0.004788901315,0.2443982689,0.003677037506,0.2443982689,0.003677037506,0.9652957189,0.009459562853,14,6,neutral,evaluation_variance_given_rct_nuisance_fit,-0,-0.007601460027,3752.374286,6.200620272,0,0.5722865167,-0.009258236832
0,shared,20,5000,19,estimated_r_datafusion,0.8647259144,0.5628685169,-0.3018573975,0.3663509582,0.605269327,-0.623437565,1.749174599,1,1.018830689,2,3.839266178,0.1554796838,-3.911562205,0.4196718686,-0.1420234621,0.009214212732,0.1992609808,0.05663906467,0.1992609808,0.05283843697,0.9835949995,0.01303565754,12,8,estimated,evaluation_variance_excludes_fit_tuning_uncertainty,0.005594858215,0.01965927334,4830.528886,1.946962579,0,0.1919969219,0.002797429107
0,shared,20,5000,19,rct_aipw,0.8647259144,-0.1071346548,-0.9718605692,0.7496291237,0.8658112518,-1.804093526,1.589824216,1,0,0,3.839266178,0.1554796838,-3.911562205,0.4196718686,-0.1420234621,0.009214212732,0.1992609808,0.05663906467,0.1992609808,0.05283843697,0.9835949995,0.01303565754,12,8,neutral,evaluation_variance_given_rct_nuisance_fit,0,0.01965927334,4830.528886,1.946962579,0,0.1919969219,0.002797429107
0,shared,30,5000,0,estimated_r_datafusion,0.8647259144,1.226823547,0.362097633,0.08193489077,0.286242713,0.665798139,1.787848956,1,0.9740107753,0.8966306088,2.885748947,0.08342130365,-2.81075057,0.07479809428,0.0341767996,0.00457464062,0.09125671138,0.002235542027,0.09125671138,0.002235542027,0.9047397466,0.01461717581,17,13,estimated,evaluation_variance_excludes_fit_tuning_uncertainty,0.006573727157,0.01184778118,4871.58544,1.80395201,0,0.1647076023,0.007331589054
0,shared,30,5000,0,rct_aipw,0.8647259144,1.145936644,0.2812107299,0.230067355,0.4796533696,0.2058333148,2.086039974,1,0,0,2.885748947,0.08342130365,-2.81075057,0.07479809428,0.0341767996,0.00457464062,0.09125671138,0.002235542027,0.09125671138,0.002235542027,0.9047397466,0.01461717581,17,13,neutral,evaluation_variance_given_rct_nuisance_fit,0,0.01184778118,4871.58544,1.80395201,0,0.1647076023,0.007331589054
0,shared,30,5000,1,estimated_r_datafusion,0.8647259144,1.397886187,0.5331602721,0.1832019562,0.4280209763,0.5589804883,2.236791885,1,0.9952867349,-1.03842986,3.783011793,0.2519010605,-3.765181456,-0.261581583,0.4228724189,0.04688558228,0.1249145052,0.009054470887,0.1249145052,0.009054470887,0.9912325888,0.05249745087,16,14,estimated,evaluation_variance_excludes_fit_tuning_uncertainty,-0.05161326423,0.02839755871,4058.588252,4.852974223,0,0.4961077344,0.04970317806
0,shared,30,5000,1,rct_aipw,0.8647259144,0.8803799344,0.01565402005,0.2180065139,0.4669116767,-0.03475013594,1.795510005,1,0,0,3.783011793,0.2519010605,-3.765181456,-0.261581583,0.4228724189,0.04688558228,0.1249145052,0.009054470887,0.1249145052,0.009054470887,0.9912325888,0.05249745087,16,14,neutral,evaluation_variance_given_rct_nuisance_fit,0,0.02839755871,4058.588252,4.852974223,0,0.4961077344,0.04970317806
0,shared,30,5000,2,estimated_r_datafusion,0.8647259144,0.986167588,0.1214416736,0.2145950806,0.4632440832,0.07822586884,1.894109307,1,1.074031044,-0.04182942103,3.474727571,0.1773947922,-3.731965279,-0.007420321451,0.06816035377,-0.01933148273,0.1336082188,1.034625834e-05,0.1336082188,1.034625834e-05,0.9421256759,0.03170207493,21,9,estimated,evaluation_variance_excludes_fit_tuning_uncertainty,0.0008979099768,0.01044221058,4640.665408,2.493637159,0,0.281365056,-0.02146599104
0,shared,30,5000,2,rct_aipw,0.8647259144,0.1186770106,-0.7460489038,0.6415801017,0.8009869548,-1.451228573,1.688582594,1,0,0,3.474727571,0.1773947922,-3.731965279,-0.007420321451,0.06816035377,-0.01933148273,0.1336082188,1.034625834e-05,0.1336082188,1.034625834e-05,0.9421256759,0.03170207493,21,9,neutral,evaluation_variance_given_rct_nuisance_fit,-0,0.01044221058,4640.665408,2.493637159,0,0.281365056,-0.02146599104
0,shared,30,5000,3,estimated_r_datafusion,0.8647259144,0.9569932199,0.09226730549,0.1463130489,0.3825088873,0.207289577,1.706696863,1,0.9996558797,-0.2271997873,6.420363311,0.5042761332,-6.418153934,-0.1145714302,0.361491847,0.01421139431,0.2138648439,0.000867686819,0.2138648439,0.000867686819,0.9693558657,0.06008992449,18,12,estimated,evaluation_variance_excludes_fit_tuning_uncertainty,-0.00163642564,0.009053672216,4523.070349,3.125991596,0,0.3277860621,0.007202584385
0,shared,30,5000,3,rct_aipw,0.8647259144,0.1044871123,-0.7602388021,0.2750758358,0.5244767257,-0.9234683808,1.132442605,1,0,0,6.420363311,0.5042761332,-6.418153934,-0.1145714302,0.361491847,0.01421139431,0.2138648439,0.000867686819,0.2138648439,0.000867686819,0.9693558657,0.06008992449,18,12,neutral,evaluation_variance_given_rct_nuisance_fit,0,0.009053672216,4523.070349,3.125991596,0,0.3277860621,0.007202584385
0,shared,30,5000,4,estimated_r_datafusion,0.8647259144,0.8326116109,-0.03211430345,0.1183956298,0.3440866602,0.1582141493,1.507009073,1,0.6752355639,0.4010149723,1.546879592,0.1910255892,-1.044508114,0.07660412135,0.0065197178,-0.0154012254,0.02350963417,0.001023979987,0.02350963417,0.001023979987,0.9707679748,0.03635502437,13,17,estimated,evaluation_variance_excludes_fit_tuning_uncertainty,-0.004246656199,0.007151998908,4808.551925,1.940399351,0,0.2010889579,-0.01058976969
0,shared,30,5000,4,rct_aipw,0.8647259144,0.572481491,-0.2922444234,0.132573686,0.3641066958,-0.1411545193,1.286117501,1,0,0,1.546879592,0.1910255892,-1.044508114,0.07660412135,0.0065197178,-0.0154012254,0.02350963417,0.001023979987,0.02350963417,0.001023979987,0.9707679748,0.03635502437,13,17,neutral,evaluation_variance_given_rct_nuisance_fit,-0,0.007151998908,4808.551925,1.940399351,0,0.2010889579,-0.01058976969
0,shared,30,5000,5,estimated_r_datafusion,0.8647259144,0.8939983237,0.02927240933,0.3911355374,0.6254082966,-0.3317794132,2.119776061,1,0.9364574456,1.010697922,3.876673169,0.2737246378,-3.630339454,0.2766529225,-0.05752905285,0.004603565819,0.1133219471,0.009320417792,0.1133219471,0.009320417792,0.9581417993,0.02768024563,21,9,estimated,evaluation_variance_excludes_fit_tuning_uncertainty,-5.192300357e-05,0.01035912319,4474.004707,3.329968642,0,0.3465872266,-5.137341481e-05
0,shared,30,5000,5,rct_aipw,0.8647259144,0.4855156378,-0.3792102766,0.6019185353,0.77583409,-1.035091237,2.006122512,1,0,0,3.876673169,0.2737246378,-3.630339454,0.2766529225,-0.05752905285,0.004603565819,0.1133219471,0.009320417792,0.1133219471,0.009320417792,0.9581417993,0.02768024563,21,9,neutral,evaluation_variance_given_rct_nuisance_fit,-0,0.01035912319,4474.004707,3.329968642,0,0.3465872266,-5.137341481e-05
0,shared,30,5000,6,estimated_r_datafusion,0.8647259144,0.6057667494,-0.258959165,0.2064420144,0.4543589048,-0.2847603401,1.496293839,1,1.145343224,-1.893654714,6.782935372,0.2975201281,-7.768789066,-0.563400393,0.7376489806,-0.04740872687,0.2965976638,0.03556286033,0.2965976638,0.03556286033,0.922380066,0.01557699381,18,12,estimated,evaluation_variance_excludes_fit_tuning_uncertainty,0.06495669809,0.009456140131,3380.575875,7.855377436,0,0.6987344987,-0.03430229261
0,shared,30,5000,6,rct_aipw,0.8647259144,0.4499805513,-0.4147453631,0.4463882751,0.6681229491,-0.8595163662,1.759477469,1,0,0,6.782935372,0.2975201281,-7.768789066,-0.563400393,0.7376489806,-0.04740872687,0.2965976638,0.03556286033,0.2965976638,0.03556286033,0.922380066,0.01557699381,18,12,neutral,evaluation_variance_given_rct_nuisance_fit,-0,0.009456140131,3380.575875,7.855377436,0,0.6987344987,-0.03430229261
0,shared,30,5000,7,estimated_r_datafusion,0.8647259144,1.378930288,0.5142043738,0.1514315046,0.3891420109,0.616225962,2.141634614,1,1.177825084,-2,3.104189882,0.1444895073,-3.656192709,-0.3845961697,0.3319759158,0.007729339268,0.1435451828,0.03412340374,0.1435451828,0.03201422166,0.9650852292,0.01410935062,11,19,estimated,evaluation_variance_excludes_fit_tuning_uncertainty,-0.01453771437,0.001031465122,4938.863552,1.55836867,0,0.1113789045,0.007268857186
0,shared,30,5000,7,rct_aipw,0.8647259144,1.324589502,0.4598635873,0.2145930353,0.4632418756,0.4166521093,2.232526894,1,0,0,3.104189882,0.1444895073,-3.656192709,-0.3845961697,0.3319759158,0.007729339268,0.1435451828,0.03412340374,0.1435451828,0.03201422166,0.9650852292,0.01410935062,11,19,neutral,evaluation_variance_given_rct_nuisance_fit,0,0.001031465122,4938.863552,1.55836867,0,0.1113789045,0.007268857186
0,shared,30,5000,8,estimated_r_datafusion,0.8647259144,0.9274378438,0.06271192938,0.1422267674,0.3771296427,0.1882773266,1.666598361,1,0.953026658,-0.2236926929,4.125208922,0.2418148616,-3.931434072,-0.05409221759,0.1895777607,0.0382715626,0.1248920492,0.0004033344606,0.1248920492,0.0004033344606,0.978255845,0.02341385855,15,15,estimated,evaluation_variance_excludes_fit_tuning_uncertainty,-0.01015702862,0.01262420832,4314.559952,4.194316735,0,0.4038100503,0.04540617081
0,shared,30,5000,8,rct_aipw,0.8647259144,1.264319251,0.399593337,0.250293069,0.5002929832,0.2837630227,2.24487548,1,0,0,4.125208922,0.2418148616,-3.931434072,-0.05409221759,0.1895777607,0.0382715626,0.1248920492,0.0004033344606,0.1248920492,0.0004033344606,0.978255845,0.02341385855,15,15,neutral,evaluation_variance_given_rct_nuisance_fit,0,0.01262420832,4314.559952,4.194316735,0,0.4038100503,0.04540617081
0,shared,30,5000,9,estimated_r_datafusion,0.8647259144,0.6210154491,-0.2437104653,0.1756677251,0.4191273376,-0.2004590376,1.442489936,1,0.6727555602,0.06328554699,6.542066378,0.233142345,-4.401211531,0.01475454083,-0.1550004202,0.009283231943,0.0986979843,3.112497291e-05,0.0986979843,3.112497291e-05,0.9805549802,0.02687859947,15,15,estimated,evaluation_variance_excludes_fit_tuning_uncertainty,0.0004302064707,0.004862081971,4611.308898,2.586065737,0,0.2917809638,0.00679786288
0,shared,30,5000,9,rct_aipw,0.8647259144,0.9502504792,0.08552456478,0.328006163,0.572718223,-0.1722566113,2.07275757,1,0,0,6.542066378,0.233142345,-4.401211531,0.01475454083,-0.1550004202,0.009283231943,0.0986979843,3.112497291e-05,0.0986979843,3.112497291e-05,0.9805549802,0.02687859947,15,15,neutral,evaluation_variance_given_rct_nuisance_fit,0,0.004862081971,4611.308898,2.586065737,0,0.2917809638,0.00679786288
0,shared,30,5000,10,estimated_r_datafusion,0.8647259144,1.38131603,0.5165901155,0.1193673578,0.3454958144,0.7041566768,2.058475383,1,1.110839806,-0.8346104446,8.516704906,0.4528529517,-9.460694825,-0.3779558034,0.6990588076,-0.01884908287,0.3503105468,0.01051486204,0.3503105468,0.01051486204,0.981507528,0.03391307341,15,15,estimated,evaluation_variance_excludes_fit_tuning_uncertainty,0.03286700851,0.03072962044,3861.068408,7.975764944,0,0.5606517252,-0.03938005895
0,shared,30,5000,10,rct_aipw,0.8647259144,0.1980425802,-0.6666833342,0.4216283669,0.6493291668,-1.074619201,1.470704361,1,0,0,8.516704906,0.4528529517,-9.460694825,-0.3779558034,0.6990588076,-0.01884908287,0.3503105468,0.01051486204,0.3503105468,0.01051486204,0.981507528,0.03391307341,15,15,neutral,evaluation_variance_given_rct_nuisance_fit,-0,0.03072962044,3861.068408,7.975764944,0,0.5606517252,-0.03938005895
0,shared,30,5000,11,estimated_r_datafusion,0.8647259144,1.37020894,0.5054830259,0.1550462234,0.3937590931,0.5984552993,2.141962581,1,1.122128969,-0.9019530802,4.333874891,0.150328081,-4.863166562,-0.1355888757,0.08412630637,-0.03658424866,0.181903336,0.00407649347,0.181903336,0.00407649347,0.9534319259,0.02178546696,14,16,estimated,evaluation_variance_excludes_fit_tuning_uncertainty,0.02934173908,0.01712600168,3802.448329,5.606528289,0,0.5710650893,-0.03253133642
0,shared,30,5000,11,rct_aipw,0.8647259144,1.245721805,0.3809958908,0.255232745,0.5052056462,0.2555369338,2.235906677,1,0,0,4.333874891,0.150328081,-4.863166562,-0.1355888757,0.08412630637,-0.03658424866,0.181903336,0.00407649347,0.181903336,0.00407649347,0.9534319259,0.02178546696,14,16,neutral,evaluation_variance_given_rct_nuisance_fit,-0,0.01712600168,3802.448329,5.606528289,0,0.5710650893,-0.03253133642
0,shared,30,5000,12,estimated_r_datafusion,0.8647259144,1.408773387,0.5440474723,0.1761382471,0.4196882737,0.5861994854,2.231347288,1,1.320396328,0.7519933488,5.794697254,0.2793835442,-7.651296978,0.210094567,-0.06650826507,-0.01526714176,0.3367581479,0.005266323901,0.3367581479,0.005266323901,0.9713362696,0.01736811347,16,14,estimated,evaluation_variance_excludes_fit_tuning_uncertainty,-0.01220401818,0.002634079584,4873.160696,1.783829355,0,0.1617787945,-0.01622889112
0,shared,30,5000,12,rct_aipw,0.8647259144,1.530509436,0.6657835217,0.3801709167,0.6165800165,0.3220348103,2.738984062,1,0,0,5.794697254,0.2793835442,-7.651296978,0.210094567,-0.06650826507,-0.01526714176,0.3367581479,0.005266323901,0.3367581479,0.005266323901,0.9713362696,0.01736811347,16,14,neutral,evaluation_variance_given_rct_nuisance_fit,-0,0.002634079584,4873.160696,1.783829355,0,0.1617787945,-0.01622889112
0,shared,30,5000,13,estimated_r_datafusion,0.8647259144,0.07119574005,-0.7935301743,0.198660595,0.4457135796,-0.8023868234,0.9447783035,1,0.8113397294,0.4880232909,11.5657906,0.1854752879,-9.383785416,0.09051626038,0.238140313,-0.04105548746,0.253781264,0.001472468109,0.253781264,0.001472468109,0.985895286,0.02367529437,16,14,estimated,evaluation_variance_excludes_fit_tuning_uncertainty,-0.02077727071,0.01087394197,4023.681168,5.498348204,0,0.4980633481,-0.04257434245
0,shared,30,5000,13,rct_aipw,0.8647259144,-0.115552839,-0.9802787534,0.474792295,0.689051736,-1.466069425,1.234963747,1,0,0,11.5657906,0.1854752879,-9.383785416,0.09051626038,0.238140313,-0.04105548746,0.253781264,0.001472468109,0.253781264,0.001472468109,0.985895286,0.02367529437,16,14,neutral,evaluation_variance_given_rct_nuisance_fit,-0,0.01087394197,4023.681168,5.498348204,0,0.4980633481,-0.04257434245
0,shared,30,5000,14,estimated_r_datafusion,0.8647259144,0.7344428942,-0.1302830202,0.1428782853,0.3779924408,-0.006408676108,1.475294465,1,1.460569777,1.819989916,0.7058609605,0.2468534141,-1.030959186,0.4492707245,-0.06868083866,-0.07657616631,0.05019292759,0.02725560627,0.05019292759,0.02725560627,0.9890852885,0.04406145089,22,8,estimated,evaluation_variance_excludes_fit_tuning_uncertainty,-0.1351598164,0.01158303602,4004.394198,4.533583436,0,0.5045350196,-0.07426404686
0,shared,30,5000,14,rct_aipw,0.8647259144,0.2443376639,-0.6203882505,0.2387929613,0.488664467,-0.713427092,1.20210242,1,0,0,0.7058609605,0.2468534141,-1.030959186,0.4492707245,-0.06868083866,-0.07657616631,0.05019292759,0.02725560627,0.05019292759,0.02725560627,0.9890852885,0.04406145089,22,8,neutral,evaluation_variance_given_rct_nuisance_fit,-0,0.01158303602,4004.394198,4.533583436,0,0.5045350196,-0.07426404686
0,shared,30,5000,15,estimated_r_datafusion,0.8647259144,0.9405805121,0.07585459772,0.1907394596,0.436737289,0.08459115494,1.796569869,1,0.8685313599,2,0.415178267,0.1888152006,-0.3605953449,0.4206215721,-0.05337711141,0.008823556575,0.01043961218,0.03123380362,0.01043961218,0.0309075162,0.9825428334,0.03770635236,16,14,estimated,evaluation_variance_excludes_fit_tuning_uncertainty,-0.005937298135,-0.008171729198,4103.250574,4.897702521,0,0.4637409577,-0.002968649067
0,shared,30,5000,15,rct_aipw,0.8647259144,1.002370609,0.1376446943,0.250139221,0.5001392017,0.02211578624,1.982625431,1,0,0,0.415178267,0.1888152006,-0.3605953449,0.4206215721,-0.05337711141,0.008823556575,0.01043961218,0.03123380362,0.01043961218,0.0309075162,0.9825428334,0.03770635236,16,14,neutral,evaluation_variance_given_rct_nuisance_fit,-0,-0.008171729198,4103.250574,4.897702521,0,0.4637409577,-0.002968649067
0,shared,30,5000,16,estimated_r_datafusion,0.8647259144,0.2046968148,-0.6600290996,0.11878228,0.3446480523,-0.4708009551,0.8801945848,1,0.791069971,1.002099259,3.891590707,0.3969532078,-3.078520548,0.3977865152,0.1378270602,0.01534970108,0.08117750535,0.01328738573,0.08117750535,0.01328738573,0.9844724737,0.05193724952,14,16,estimated,evaluation_variance_excludes_fit_tuning_uncertainty,0.01915641592,0.02715834226,4604.124924,2.884644265,0,0.3024136006,0.01911628589
0,shared,30,5000,16,rct_aipw,0.8647259144,-0.2152887808,-1.080014695,0.2228652128,0.4720860227,-1.140560383,0.7099828213,0,0,0,3.891590707,0.3969532078,-3.078520548,0.3977865152,0.1378270602,0.01534970108,0.08117750535,0.01328738573,0.08117750535,0.01328738573,0.9844724737,0.05193724952,14,16,neutral,evaluation_variance_given_rct_nuisance_fit,0,0.02715834226,4604.124924,2.884644265,0,0.3024136006,0.01911628589
0,shared,30,5000,17,estimated_r_datafusion,0.8647259144,0.8299167281,-0.03480918631,0.1075268024,0.327912797,0.1872194559,1.472614,1,0.6084064739,0.388107186,2.977821052,0.5861361398,-1.811725606,0.2274836478,0.3218257524,-0.03852967457,0.03674218625,0.002942934614,0.03674218625,0.002942934614,0.9898788326,0.07622258631,18,12,estimated,evaluation_variance_excludes_fit_tuning_uncertainty,-0.0138224412,0.009908754787,4300.870028,3.94504209,0,0.4072972669,-0.03561500972
0,shared,30,5000,17,rct_aipw,0.8647259144,0.9635912616,0.09886534726,0.1882577776,0.4338868258,0.1131887097,1.813993814,1,0,0,2.977821052,0.5861361398,-1.811725606,0.2274836478,0.3218257524,-0.03852967457,0.03674218625,0.002942934614,0.03674218625,0.002942934614,0.9898788326,0.07622258631,18,12,neutral,evaluation_variance_given_rct_nuisance_fit,-0,0.009908754787,4300.870028,3.94504209,0,0.4072972669,-0.03561500972
0,shared,30,5000,18,estimated_r_datafusion,0.8647259144,0.4452138711,-0.4195120433,0.1935313332,0.4399219626,-0.4170173316,1.307445074,1,1.142588788,-0.0006325837758,2.802453594,0.4008415133,-3.202052057,-0.000253565838,0.04874615094,-0.007370958017,0.1219542927,5.346721173e-09,0.1219542927,5.346721173e-09,0.9782193707,0.04595474516,16,14,estimated,evaluation_variance_excludes_fit_tuning_uncertainty,8.870647957e-08,-0.008067201963,4312.36176,3.564864657,0,0.3961819824,-0.000140228825
0,shared,30,5000,18,rct_aipw,0.8647259144,1.115766028,0.2510401141,0.273909209,0.5233633623,0.08999268744,2.141539369,1,0,0,2.802453594,0.4008415133,-3.202052057,-0.000253565838,0.04874615094,-0.007370958017,0.1219542927,5.346721173e-09,0.1219542927,5.346721173e-09,0.9782193707,0.04595474516,16,14,neutral,evaluation_variance_given_rct_nuisance_fit,-0,-0.008067201963,4312.36176,3.564864657,0,0.3961819824,-0.000140228825
0,shared,30,5000,19,estimated_r_datafusion,0.8647259144,0.6933748817,-0.1713510327,0.1732755036,0.4162637428,-0.1224870623,1.509236826,1,0.9302986732,1.212170779,3.880514644,0.3421342024,-3.610037625,0.4147250826,0.2361699665,-0.02449580406,0.1119471071,0.01675725421,0.1119471071,0.01675725421,0.9811646217,0.03408489213,11,19,estimated,evaluation_variance_excludes_fit_tuning_uncertainty,-0.02334162704,0.01288503408,4379.608486,4.035555784,0,0.3814374784,-0.01925605488
0,shared,30,5000,19,rct_aipw,0.8647259144,0.7875353443,-0.07719057007,0.2653265549,0.5150985876,-0.2220393358,1.797110024,1,0,0,3.880514644,0.3421342024,-3.610037625,0.4147250826,0.2361699665,-0.02449580406,0.1119471071,0.01675725421,0.1119471071,0.01675725421,0.9811646217,0.03408489213,11,19,neutral,evaluation_variance_given_rct_nuisance_fit,-0,0.01288503408,4379.608486,4.035555784,0,0.3814374784,-0.01925605488
0,shifted,20,5000,0,estimated_r_datafusion,0.7936427743,0.9730712427,0.1794284684,0.1056581127,0.3250509386,0.33598311,1.610159375,1,1.017791727,-2,0.8175552273,0.1418725728,-0.8321009465,-0.4601058475,0.00709579242,0.002114949869,0.04234527295,0.07460828643,0.04234527295,0.06364665495,0.8719640384,0.02919816916,12,8,estimated,evaluation_variance_excludes_fit_tuning_uncertainty,-0.01659324591,-0.006020790591,2274.581283,15.12698529,0.002,0.6265874008,0.008296622953
0,shifted,20,5000,0,rct_aipw,0.7936427743,-0.02372125647,-0.8173640308,0.4162493484,0.64517389,-1.288238845,1.240796332,1,0,0,0.8175552273,0.1418725728,-0.8321009465,-0.4601058475,0.00709579242,0.002114949869,0.04234527295,0.07460828643,0.04234527295,0.06364665495,0.8719640384,0.02919816916,12,8,neutral,evaluation_variance_given_rct_nuisance_fit,0,-0.006020790591,2274.581283,15.12698529,0.002,0.6265874008,0.008296622953
0,shifted,20,5000,1,estimated_r_datafusion,0.7936427743,1.606077237,0.8124344623,0.1768002791,0.4204762527,0.781958925,2.430195548,1,1.21627801,-0.06809410037,5.145630554,0.5937673119,-6.258517293,-0.04043205094,0.7718780182,0.01175065316,0.3806048481,0.0001376592067,0.3806048481,0.0001376592067,0.9724059471,0.06818854405,9,11,estimated,evaluation_variance_excludes_fit_tuning_uncertainty,-0.0009069846731,0.0007070895064,3311.739845,7.127081784,0,0.584210114,0.01331957788
0,shifted,20,5000,1,rct_aipw,0.7936427743,0.9418999899,0.1482572156,0.4641699139,0.6813001643,-0.3934237949,2.277223775,1,0,0,5.145630554,0.5937673119,-6.258517293,-0.04043205094,0.7718780182,0.01175065316,0.3806048481,0.0001376592067,0.3806048481,0.0001376592067,0.9724059471,0.06818854405,9,11,neutral,evaluation_variance_given_rct_nuisance_fit,0,0.0007070895064,3311.739845,7.127081784,0,0.584210114,0.01331957788
0,shifted,20,5000,2,estimated_r_datafusion,0.7936427743,0.4748924335,-0.3187503408,0.2150589889,0.4637445297,-0.4340301428,1.38381501,1,1.277758311,1.666736328,3.797783525,0.1478307436,-4.852649462,0.2463948708,-0.006018917661,0.003911091363,0.310025659,0.02053376411,0.310025659,0.02053376411,0.8561448216,0.00782935367,10,10,estimated,evaluation_variance_excludes_fit_tuning_uncertainty,0.009523239317,-0.001388736184,2312.648204,17.40781083,0.001,0.5453308266,0.005713704775
0,shifted,20,5000,2,rct_aipw,0.7936427743,0.4702988713,-0.323343903,0.2583429293,0.5082744626,-0.5259007695,1.466498512,1,0,0,3.797783525,0.1478307436,-4.852649462,0.2463948708,-0.006018917661,0.003911091363,0.310025659,0.02053376411,0.310025659,0.02053376411,0.8561448216,0.00782935367,10,10,neutral,evaluation_variance_given_rct_nuisance_fit,0,-0.001388736184,2312.648204,17.40781083,0.001,0.5453308266,0.005713704775
0,shifted,20,5000,3,estimated_r_datafusion,0.7936427743,0.2651663896,-0.5284763847,0.1542650774,0.3927659321,-0.5046406917,1.034973471,1,0.9031735744,-0.9945880034,10.77623126,0.557087144,-9.732807304,-0.5540721903,1.106192828,0.05966261007,0.4395207181,0.02755367767,0.4395207181,0.02755367767,0.9922865997,0.03364724014,8,12,estimated,evaluation_variance_excludes_fit_tuning_uncertainty,-0.07075126875,0.01140485069,4623.044255,3.039863,0,0.520140969,0.07113625794
0,shifted,20,5000,3,rct_aipw,0.7936427743,1.126332165,0.3326893911,0.9250213932,0.9617803248,-0.7587226323,3.011386963,1,0,0,10.77623126,0.557087144,-9.732807304,-0.5540721903,1.106192828,0.05966261007,0.4395207181,0.02755367767,0.4395207181,0.02755367767,0.9922865997,0.03364724014,8,12,neutral,evaluation_variance_given_rct_nuisance_fit,0,0.01140485069,4623.044255,3.039863,0,0.520140969,0.07113625794
0,shifted,20,5000,4,estimated_r_datafusion,0.7936427743,0.7347137157,-0.05892905865,0.1142961345,0.3380771133,0.07209474962,1.397332682,1,1.163431376,2,3.791179647,0.2063172741,-4.410777354,0.854428759,-0.3430286536,-0.017692014,0.2565818383,0.1769237471,0.2565818383,0.129622297,0.9558448032,0.01448609728,11,9,estimated,evaluation_variance_excludes_fit_tuning_uncertainty,-0.06724847769,-0.00881706656,2118.023886,20,0.0036,0.6078009609,-0.03362423884
0,shifted,20,5000,4,rct_aipw,0.7936427743,0.9355343904,0.1418916161,0.3719211841,0.609853412,-0.2597563328,2.130825114,1,0,0,3.791179647,0.2063172741,-4.410777354,0.854428759,-0.3430286536,-0.017692014,0.2565818383,0.1769237471,0.2565818383,0.129622297,0.9558448032,0.01448609728,11,9,neutral,evaluation_variance_given_rct_nuisance_fit,-0,-0.00881706656,2118.023886,20,0.0036,0.6078009609,-0.03362423884
0,shifted,20,5000,5,estimated_r_datafusion,0.7936427743,0.7493394725,-0.0443033018,0.3041109812,0.5514625837,-0.3315073303,1.830186275,1,0.9292232488,0.9052019087,15.54058538,0.2565359569,-14.44067324,0.2322168378,-0.2865296673,0.0438429703,0.6709304651,0.01051015624,0.6709304651,0.01051015624,0.9770795377,0.01303073805,16,4,estimated,evaluation_variance_excludes_fit_tuning_uncertainty,0.04258152112,0.003351037961,3859.382263,5.498405495,0,0.4981461811,0.04704090956
0,shifted,20,5000,5,rct_aipw,0.7936427743,0.7221132804,-0.07152949394,2.083658576,1.443488336,-2.10707187,3.551298431,1,0,0,15.54058538,0.2565359569,-14.44067324,0.2322168378,-0.2865296673,0.0438429703,0.6709304651,0.01051015624,0.6709304651,0.01051015624,0.9770795377,0.01303073805,16,4,neutral,evaluation_variance_given_rct_nuisance_fit,0,0.003351037961,3859.382263,5.498405495,0,0.4981461811,0.04704090956
0,shifted,20,5000,6,estimated_r_datafusion,0.7936427743,0.7974434737,0.003800699365,0.3767722583,0.6138177729,-0.4056172543,2.000504202,1,1.438745613,2,8.52005329,0.2310159586,-12.25818929,0.5156900281,-0.2950338007,0.04212614219,0.8818208034,0.05755797277,0.8818208034,0.05693481391,0.9717452846,0.00829164683,9,11,estimated,evaluation_variance_excludes_fit_tuning_uncertainty,0.1204547895,0.003448095246,4344.733545,3.718469739,0,0.517351881,0.06022739473
0,shifted,20,5000,6,rct_aipw,0.7936427743,0.6239790119,-0.1696637624,0.9970237646,0.9985107734,-1.333066142,2.581024166,1,0,0,8.52005329,0.2310159586,-12.25818929,0.5156900281,-0.2950338007,0.04212614219,0.8818208034,0.05755797277,0.8818208034,0.05693481391,0.9717452846,0.00829164683,9,11,neutral,evaluation_variance_given_rct_nuisance_fit,0,0.003448095246,4344.733545,3.718469739,0,0.517351881,0.06022739473
0,shifted,20,5000,7,estimated_r_datafusion,0.7936427743,0.5260019206,-0.2676408537,0.2674504722,0.5171561391,-0.4876054865,1.539609328,1,1.061584136,0.9732159588,11.07630237,0.2139652668,-11.75842688,0.2082344122,-0.1712449223,0.04185391225,0.6241279724,0.01013285266,0.6241279724,0.01013285266,0.8970783636,0.009964221257,11,9,estimated,evaluation_variance_excludes_fit_tuning_uncertainty,0.03057284795,0.01575143762,2721.643709,12.60066293,0.0004,0.6980099596,0.03141424847
0,shifted,20,5000,7,rct_aipw,0.7936427743,-0.002841732874,-0.7964845072,1.165052123,1.079375802,-2.118379431,2.112695966,1,0,0,11.07630237,0.2139652668,-11.75842688,0.2082344122,-0.1712449223,0.04185391225,0.6241279724,0.01013285266,0.6241279724,0.01013285266,0.8970783636,0.009964221257,11,9,neutral,evaluation_variance_given_rct_nuisance_fit,0,0.01575143762,2721.643709,12.60066293,0.0004,0.6980099596,0.03141424847
0,shifted,20,5000,8,estimated_r_datafusion,0.7936427743,1.141676613,0.3480338388,0.2456885911,0.4956698408,0.1701815769,2.113171649,1,1.100867313,0.6744072222,21.94017294,0.4598804892,-24.15321924,0.3101467233,-0.4009761347,0.02168186024,1.329474479,0.01045825951,1.329474479,0.01045825951,0.9688049766,0.02117118304,13,7,estimated,evaluation_variance_excludes_fit_tuning_uncertainty,0.02415298133,0.02090607325,4490.087143,3.065172588,0,0.4857097036,0.03581364572
0,shifted,20,5000,8,rct_aipw,0.7936427743,0.04556666168,-0.7480761126,0.8125307717,0.9014048878,-1.721154454,1.812287777,1,0,0,21.94017294,0.4598804892,-24.15321924,0.3101467233,-0.4009761347,0.02168186024,1.329474479,0.01045825951,1.329474479,0.01045825951,0.9688049766,0.02117118304,13,7,neutral,evaluation_variance_given_rct_nuisance_fit,0,0.02090607325,4490.087143,3.065172588,0,0.4857097036,0.03581364572
0,shifted,20,5000,9,estimated_r_datafusion,0.7936427743,1.188092621,0.3944498467,0.3312301585,0.5755259842,0.06008241977,2.316102822,1,1.041866934,1.576320053,3.709155683,0.2967454292,-3.86444666,0.4677657707,-0.4607179657,0.02315834784,0.2013119597,0.03686742822,0.2013119597,0.03686742822,0.9562602695,0.0254558852,11,9,estimated,evaluation_variance_excludes_fit_tuning_uncertainty,0.05024718268,0.008740268893,3992.776299,4.818699722,0,0.5634202719,0.03187625672
0,shifted,20,5000,9,rct_aipw,0.7936427743,1.108209106,0.3145663317,0.4765728314,0.6903425464,-0.244837422,2.461255634,1,0,0,3.709155683,0.2967454292,-3.86444666,0.4677657707,-0.4607179657,0.02315834784,0.2013119597,0.03686742822,0.2013119597,0.03686742822,0.9562602695,0.0254558852,11,9,neutral,evaluation_variance_given_rct_nuisance_fit,0,0.008740268893,3992.776299,4.818699722,0,0.5634202719,0.03187625672
0,shifted,20,5000,10,estimated_r_datafusion,0.7936427743,0.6999561894,-0.09368658492,0.1460667527,0.3821868034,-0.0491161806,1.449028559,1,1.022871686,2,2.901670973,0.134642041,-2.968037081,0.4559094834,-0.3185714852,0.005507399623,0.1517960547,0.07718742805,0.1517960547,0.06425348848,0.9869551593,0.0221051901,15,5,estimated,evaluation_variance_excludes_fit_tuning_uncertainty,0.01176098007,-0.006840901427,3623.767662,6.867194482,0,0.298285562,0.005880490034
0,shifted,20,5000,10,rct_aipw,0.7936427743,0.4161866759,-0.3774560984,0.315253131,0.5614740697,-0.684282279,1.516655631,1,0,0,2.901670973,0.134642041,-2.968037081,0.4559094834,-0.3185714852,0.005507399623,0.1517960547,0.07718742805,0.1517960547,0.06425348848,0.9869551593,0.0221051901,15,5,neutral,evaluation_variance_given_rct_nuisance_fit,0,-0.006840901427,3623.767662,6.867194482,0,0.298285562,0.005880490034
0,shifted,20,5000,11,estimated_r_datafusion,0.7936427743,0.6981299604,-0.09551281388,0.1255520225,0.3543332083,0.003649633676,1.392610287,1,1.202008071,0.9175725364,5.982708846,0.1475022175,-7.191264319,0.1353439838,-0.07331815137,0.03530679441,0.4321978876,0.006209396127,0.4321978876,0.006209396127,0.9642567073,0.00982758607,8,12,estimated,evaluation_variance_excludes_fit_tuning_uncertainty,0.02886971016,-0.02041781809,3614.965292,7.553297414,0,0.2465764985,0.03146313671
0,shifted,20,5000,11,rct_aipw,0.7936427743,0.9712317882,0.1775890139,0.6357322564,0.7973281987,-0.5915027651,2.533966341,1,0,0,5.982708846,0.1475022175,-7.191264319,0.1353439838,-0.07331815137,0.03530679441,0.4321978876,0.006209396127,0.4321978876,0.006209396127,0.9642567073,0.00982758607,8,12,neutral,evaluation_variance_given_rct_nuisance_fit,0,-0.02041781809,3614.965292,7.553297414,0,0.2465764985,0.03146313671
0,shifted,20,5000,12,estimated_r_datafusion,0.7936427743,1.425843622,0.6322008478,0.138424209,0.3720540404,0.6966311027,2.155056142,1,1.223233103,0.6636320418,3.637230048,0.901512529,-4.449180198,0.5982726003,0.3089688674,-0.04948440546,0.272119225,0.01985164337,0.272119225,0.01985164337,0.9841630858,0.0665166272,14,6,estimated,evaluation_variance_excludes_fit_tuning_uncertainty,-0.03465996705,0.0001689108254,3004.395636,9.745108204,0,0.2820251184,-0.05222768773
0,shifted,20,5000,12,rct_aipw,0.7936427743,1.952188014,1.15854524,0.2294458917,0.4790051062,1.013355258,2.891020771,0,0,0,3.637230048,0.901512529,-4.449180198,0.5982726003,0.3089688674,-0.04948440546,0.272119225,0.01985164337,0.272119225,0.01985164337,0.9841630858,0.0665166272,14,6,neutral,evaluation_variance_given_rct_nuisance_fit,-0,0.0001689108254,3004.395636,9.745108204,0,0.2820251184,-0.05222768773
0,shifted,20,5000,13,estimated_r_datafusion,0.7936427743,1.00276449,0.209121716,0.2925533348,0.5408819971,-0.05734474399,2.062873725,1,1.395799707,-2,1.95391417,0.1722630682,-2.727272826,-0.4055446605,0.1173867243,0.02272794351,0.1903363306,0.0477370087,0.1903363306,0.04665631847,0.9899863211,0.02908301025,15,5,estimated,evaluation_variance_excludes_fit_tuning_uncertainty,-0.04864559158,0.01755479296,3610.618568,10.09900889,0,0.5350234076,0.02432279579
0,shifted,20,5000,13,rct_aipw,0.7936427743,0.7292210245,-0.06442174985,0.5990215855,0.7739648477,-0.7877222024,2.246164251,1,0,0,1.95391417,0.1722630682,-2.727272826,-0.4055446605,0.1173867243,0.02272794351,0.1903363306,0.0477370087,0.1903363306,0.04665631847,0.9899863211,0.02908301025,15,5,neutral,evaluation_variance_given_rct_nuisance_fit,0,0.01755479296,3610.618568,10.09900889,0,0.5350234076,0.02432279579
0,shifted,20,5000,14,estimated_r_datafusion,0.7936427743,1.141432868,0.3477900938,0.2925596538,0.5408878384,0.08131218504,2.201553551,1,0.8787372433,-0.564975399,7.013809453,0.478346275,-6.163295584,-0.2702538776,0.9067554527,-0.1737737188,0.2707958685,0.007634339616,0.2707958685,0.007634339616,0.9729895062,0.05155823327,10,10,estimated,evaluation_variance_excludes_fit_tuning_uncertainty,0.09935643,0.04955240094,1708.266898,20,0.0134,1.065199632,-0.1758597457
0,shifted,20,5000,14,rct_aipw,0.7936427743,1.133289869,0.3396470951,0.6669732381,0.8166842952,-0.467381936,2.733961675,1,0,0,7.013809453,0.478346275,-6.163295584,-0.2702538776,0.9067554527,-0.1737737188,0.2707958685,0.007634339616,0.2707958685,0.007634339616,0.9729895062,0.05155823327,10,10,neutral,evaluation_variance_given_rct_nuisance_fit,-0,0.04955240094,1708.266898,20,0.0134,1.065199632,-0.1758597457
0,shifted,20,5000,15,estimated_r_datafusion,0.7936427743,1.044362848,0.250720074,0.4292295513,0.6551561274,-0.2397195657,2.328445262,1,0.8309812596,-1.999381871,8.038038197,0.1916252378,-6.679459106,-0.3831320264,0.2342505368,-0.06892247112,0.2775252671,0.03830136138,0.2775252671,0.03830136138,0.9636783952,0.02220580231,11,9,estimated,evaluation_variance_excludes_fit_tuning_uncertainty,0.1441292639,0.01735368332,2061.173739,20,0.0054,0.7299790999,-0.07208691144
0,shifted,20,5000,15,rct_aipw,0.7936427743,1.24824164,0.4545988658,0.9748876048,0.9873639677,-0.6869561763,3.183439456,1,0,0,8.038038197,0.1916252378,-6.679459106,-0.3831320264,0.2342505368,-0.06892247112,0.2775252671,0.03830136138,0.2775252671,0.03830136138,0.9636783952,0.02220580231,11,9,neutral,evaluation_variance_given_rct_nuisance_fit,-0,0.01735368332,2061.173739,20,0.0054,0.7299790999,-0.07208691144
0,shifted,20,5000,16,estimated_r_datafusion,0.7936427743,-0.2239542633,-1.017597038,0.4957917046,0.7041247791,-1.604013471,1.156104944,1,1.16458868,-2,8.158661154,0.3880274429,-9.501484423,-1.246572328,0.6500094013,0.03972226619,0.5532660601,0.2002361684,0.5532660601,0.171708977,0.9255041679,0.01280611303,14,6,estimated,evaluation_variance_excludes_fit_tuning_uncertainty,-0.05196216088,-0.02766602329,1551.665238,19.66278406,0.0158,1.145027342,0.02598108044
0,shifted,20,5000,16,rct_aipw,0.7936427743,0.6967053605,-0.09693741378,0.8102812534,0.9001562383,-1.067568447,2.460979168,1,0,0,8.158661154,0.3880274429,-9.501484423,-1.246572328,0.6500094013,0.03972226619,0.5532660601,0.2002361684,0.5532660601,0.171708977,0.9255041679,0.01280611303,14,6,neutral,evaluation_variance_given_rct_nuisance_fit,0,-0.02766602329,1551.665238,19.66278406,0.0158,1.145027342,0.02598108044
0,shifted,20,5000,17,estimated_r_datafusion,0.7936427743,0.1499271591,-0.6437156152,0.4495674538,0.6704979148,-1.164224606,1.464078924,1,0.8228618456,-1.581183706,5.992296672,0.2968804813,-4.930832299,-0.4694225795,0.5818982085,0.01931919838,0.2028696883,0.03711216669,0.2028696883,0.03711216669,0.9773263771,0.03399935762,11,9,estimated,evaluation_variance_excludes_fit_tuning_uncertainty,-0.04219981692,0.01881135296,2327.063192,18.25937672,0.0024,0.6092698099,0.02668875019
0,shifted,20,5000,17,rct_aipw,0.7936427743,1.029775926,0.2361331514,1.068236037,1.033555048,-0.9959547442,3.055506596,1,0,0,5.992296672,0.2968804813,-4.930832299,-0.4694225795,0.5818982085,0.01931919838,0.2028696883,0.03711216669,0.2028696883,0.03711216669,0.9773263771,0.03399935762,11,9,neutral,evaluation_variance_given_rct_nuisance_fit,0,0.01881135296,2327.063192,18.25937672,0.0024,0.6092698099,0.02668875019
0,shifted,20,5000,18,estimated_r_datafusion,0.7936427743,0.1333990814,-0.6602436929,0.2734270324,0.5229025076,-0.8914710009,1.158269164,1,1.189411313,2,4.230320081,0.1349746494,-5.03159056,0.5293387343,-0.2352139158,-0.06754026897,0.2992315367,0.1037970822,0.2992315367,0.07887281698,0.9737406202,0.01482476683,13,7,estimated,evaluation_variance_excludes_fit_tuning_uncertainty,-0.1895448979,0.01545761788,3164.968133,7.928833442,0,0.6925457625,-0.09477244897
0,shifted,20,5000,18,rct_aipw,0.7936427743,1.091967681,0.2983249065,0.5214313202,0.7221020151,-0.3233262619,2.507261624,1,0,0,4.230320081,0.1349746494,-5.03159056,0.5293387343,-0.2352139158,-0.06754026897,0.2992315367,0.1037970822,0.2992315367,0.07887281698,0.9737406202,0.01482476683,13,7,neutral,evaluation_variance_given_rct_nuisance_fit,-0,0.01545761788,3164.968133,7.928833442,0,0.6925457625,-0.09477244897
0,shifted,20,5000,19,estimated_r_datafusion,0.7936427743,0.998456025,0.2048132507,0.27564817,0.5250220662,-0.03056831574,2.027480366,1,1.079197439,2,3.900763503,0.1934326102,-4.209693983,0.7009766645,-0.3753603978,-0.0001918121704,0.2271545483,0.1270127833,0.2271545483,0.1015088109,0.9820261095,0.01760946527,11,9,estimated,evaluation_variance_excludes_fit_tuning_uncertainty,0.002477699736,0.01658896326,3681.200524,5.070945667,0,0.2119925402,0.001238849868
0,shifted,20,5000,19,rct_aipw,0.7936427743,0.9176229748,0.1239802005,0.6517988853,0.8073406253,-0.6647355741,2.499981524,1,0,0,3.900763503,0.1934326102,-4.209693983,0.7009766645,-0.3753603978,-0.0001918121704,0.2271545483,0.1270127833,0.2271545483,0.1015088109,0.9820261095,0.01760946527,11,9,neutral,evaluation_variance_given_rct_nuisance_fit,0,0.01658896326,3681.200524,5.070945667,0,0.2119925402,0.001238849868
0,shifted,30,5000,0,estimated_r_datafusion,0.7936427743,0.5111209527,-0.2825218216,0.1658028913,0.4071890117,-0.2869548452,1.309196751,1,0.9628540166,-1.19194205,1.343144732,0.2444714166,-1.2932523,-0.2913957614,0.1367393092,0.03406597808,0.04150710571,0.01157756204,0.04150710571,0.01157756204,0.9734194205,0.03576161475,17,13,estimated,evaluation_variance_excludes_fit_tuning_uncertainty,-0.04210400488,-0.006440530986,3949.062723,5.373433682,0,0.3846310974,0.03532386904
0,shifted,30,5000,0,rct_aipw,0.7936427743,0.8340241329,0.04038135859,0.2369400772,0.4867649096,-0.1200175588,1.788065825,1,0,0,1.343144732,0.2444714166,-1.2932523,-0.2913957614,0.1367393092,0.03406597808,0.04150710571,0.01157756204,0.04150710571,0.01157756204,0.9734194205,0.03576161475,17,13,neutral,evaluation_variance_given_rct_nuisance_fit,0,-0.006440530986,3949.062723,5.373433682,0,0.3846310974,0.03532386904
0,shifted,30,5000,1,estimated_r_datafusion,0.7936427743,0.9042252977,0.1105825234,0.2930240278,0.5413169384,-0.1567364057,1.965187001,1,1.119482798,1.128358165,6.00042237,0.1871640682,-6.717369623,0.2111881045,0.02395424867,-0.01148034621,0.2506659913,0.007943194067,0.2506659913,0.007943194067,0.9736200845,0.0212332026,14,16,estimated,evaluation_variance_excludes_fit_tuning_uncertainty,-0.015741564,-0.0240321628,3276.591181,8.176162835,0.0002,0.1154687696,-0.01395085753
0,shifted,30,5000,1,rct_aipw,0.7936427743,0.7112774403,-0.08236533402,0.4681218559,0.6841943115,-0.6297187687,2.052273649,1,0,0,6.00042237,0.1871640682,-6.717369623,0.2111881045,0.02395424867,-0.01148034621,0.2506659913,0.007943194067,0.2506659913,0.007943194067,0.9736200845,0.0212332026,14,16,neutral,evaluation_variance_given_rct_nuisance_fit,-0,-0.0240321628,3276.591181,8.176162835,0.0002,0.1154687696,-0.01395085753
0,shifted,30,5000,2,estimated_r_datafusion,0.7936427743,0.06745790076,-0.7261848735,0.2026034608,0.4501149418,-0.8147511741,0.9496669756,1,1.050619276,0.5010110918,2.799905302,0.2016395605,-2.941634481,0.1010236564,-0.1407811451,0.05685246435,0.1030179296,0.001687132413,0.1030179296,0.001687132413,0.9473197473,0.0253954401,11,19,estimated,evaluation_variance_excludes_fit_tuning_uncertainty,0.02714853803,0.01987400816,3525.567693,5.888127325,0,0.3333221336,0.054187499
0,shifted,30,5000,2,rct_aipw,0.7936427743,-0.5758527057,-1.36949548,0.3869157892,0.6220255535,-1.795000388,0.6432949766,0,0,0,2.799905302,0.2016395605,-2.941634481,0.1010236564,-0.1407811451,0.05685246435,0.1030179296,0.001687132413,0.1030179296,0.001687132413,0.9473197473,0.0253954401,11,19,neutral,evaluation_variance_given_rct_nuisance_fit,0,0.01987400816,3525.567693,5.888127325,0,0.3333221336,0.054187499
0,shifted,30,5000,3,estimated_r_datafusion,0.7936427743,1.480814477,0.6871717025,0.1256807726,0.3545148411,0.7859781563,2.175650797,1,1.033518235,2,12.90799722,0.2709916506,-13.3406505,0.8189485427,-0.3834848735,0.02359084378,0.4595935186,0.08249660264,0.4595935186,0.07306091895,0.9710844443,0.01440180344,19,11,estimated,evaluation_variance_excludes_fit_tuning_uncertainty,0.05325206001,0.009391425513,3377.307491,6.327390991,0,0.526721968,0.02662603
0,shifted,30,5000,3,rct_aipw,0.7936427743,0.7701239086,-0.02351886575,0.3786242919,0.6153245419,-0.4358900324,1.976137849,1,0,0,12.90799722,0.2709916506,-13.3406505,0.8189485427,-0.3834848735,0.02359084378,0.4595935186,0.08249660264,0.4595935186,0.07306091895,0.9710844443,0.01440180344,19,11,neutral,evaluation_variance_given_rct_nuisance_fit,0,0.009391425513,3377.307491,6.327390991,0,0.526721968,0.02662603
0,shifted,30,5000,4,estimated_r_datafusion,0.7936427743,1.191591697,0.3979489231,0.2058631403,0.4537214347,0.3023140264,2.080869368,1,1.398017709,1.310709344,3.439786184,0.7674301601,-4.808882001,1.005877882,-0.2958789831,0.04468461681,0.2240967399,0.04394711796,0.2240967399,0.04394711796,0.9523539211,0.08225903631,21,9,estimated,evaluation_variance_excludes_fit_tuning_uncertainty,0.04752693296,0.01260760063,3565.125055,6.279285772,0,0.8539833449,0.03626046703
0,shifted,30,5000,4,rct_aipw,0.7936427743,1.615091366,0.8214485914,0.1953748975,0.4420123273,0.7487631235,2.481419608,1,0,0,3.439786184,0.7674301601,-4.808882001,1.005877882,-0.2958789831,0.04468461681,0.2240967399,0.04394711796,0.2240967399,0.04394711796,0.9523539211,0.08225903631,21,9,neutral,evaluation_variance_given_rct_nuisance_fit,0,0.01260760063,3565.125055,6.279285772,0,0.8539833449,0.03626046703
0,shifted,30,5000,5,estimated_r_datafusion,0.7936427743,0.3721002253,-0.421542549,0.184154556,0.4291323293,-0.4689836847,1.213184135,1,0.9975198711,2,3.857899462,0.131562263,-3.848331374,0.3395739432,-0.1861387961,-0.1092329328,0.1279595672,0.02921568852,0.1279595672,0.02773489069,0.9238148526,0.01432197888,15,15,estimated,evaluation_variance_excludes_fit_tuning_uncertainty,-0.2050863525,-0.03827168896,2294.353867,13.1684258,0.002,0.8245566059,-0.1025431762
0,shifted,30,5000,5,rct_aipw,0.7936427743,0.05768102818,-0.7359617461,0.3328163246,0.5769023527,-1.073026806,1.188388862,1,0,0,3.857899462,0.131562263,-3.848331374,0.3395739432,-0.1861387961,-0.1092329328,0.1279595672,0.02921568852,0.1279595672,0.02773489069,0.9238148526,0.01432197888,15,15,neutral,evaluation_variance_given_rct_nuisance_fit,-0,-0.03827168896,2294.353867,13.1684258,0.002,0.8245566059,-0.1025431762
0,shifted,30,5000,6,estimated_r_datafusion,0.7936427743,1.039018411,0.2453756369,0.3086575272,0.5555695521,-0.04987790185,2.127914724,1,1.152699138,1.710307368,5.787970062,0.5658819239,-6.671788101,0.9678320239,-0.1521156307,-0.05649988569,0.2563521464,0.05517634139,0.2563521464,0.05517634139,0.9860270646,0.03177794894,20,10,estimated,evaluation_variance_excludes_fit_tuning_uncertainty,-0.09040575606,0.01256687497,3576.993715,5.679541277,0,0.4166671493,-0.05285936185
0,shifted,30,5000,6,rct_aipw,0.7936427743,0.9278851344,0.1342423601,0.3632620883,0.6027122765,-0.2534092206,2.109179489,1,0,0,5.787970062,0.5658819239,-6.671788101,0.9678320239,-0.1521156307,-0.05649988569,0.2563521464,0.05517634139,0.2563521464,0.05517634139,0.9860270646,0.03177794894,20,10,neutral,evaluation_variance_given_rct_nuisance_fit,-0,0.01256687497,3576.993715,5.679541277,0,0.4166671493,-0.05285936185
0,shifted,30,5000,7,estimated_r_datafusion,0.7936427743,1.895382888,1.101740114,0.1584183476,0.3980180242,1.115281896,2.675483881,0,1.005154718,0.3407374495,4.150669947,0.5946931273,-4.172065481,0.2026342194,-0.1378463846,-0.05221432707,0.1397857101,0.002301502236,0.1397857101,0.002301502236,0.9790001827,0.07983386794,18,12,estimated,evaluation_variance_excludes_fit_tuning_uncertainty,-0.02054011042,-0.01388763141,3181.879537,9.822314307,0,0.3176435904,-0.06028134112
0,shifted,30,5000,7,rct_aipw,0.7936427743,1.680451977,0.8868092028,0.193536757,0.4399281271,0.8182086923,2.542695262,0,0,0,4.150669947,0.5946931273,-4.172065481,0.2026342194,-0.1378463846,-0.05221432707,0.1397857101,0.002301502236,0.1397857101,0.002301502236,0.9790001827,0.07983386794,18,12,neutral,evaluation_variance_given_rct_nuisance_fit,-0,-0.01388763141,3181.879537,9.822314307,0,0.3176435904,-0.06028134112
0,shifted,30,5000,8,estimated_r_datafusion,0.7936427743,0.6762250352,-0.1174177391,0.1392044864,0.3731011744,-0.05503982922,1.4074899,1,1.046905396,1.426906029,7.336035761,0.3211864016,-7.68013542,0.4583028128,0.2655639884,0.03278601816,0.268012507,0.02179850156,0.268012507,0.02179850156,0.9638753564,0.01835659378,15,15,estimated,evaluation_variance_excludes_fit_tuning_uncertainty,0.04894648308,0.01440679556,4008.767736,4.558073522,0,0.3369418101,0.03430252735
0,shifted,30,5000,8,rct_aipw,0.7936427743,0.4463189353,-0.347323839,0.3565132718,0.5970873235,-0.7239507143,1.616588585,1,0,0,7.336035761,0.3211864016,-7.68013542,0.4583028128,0.2655639884,0.03278601816,0.268012507,0.02179850156,0.268012507,0.02179850156,0.9638753564,0.01835659378,15,15,neutral,evaluation_variance_given_rct_nuisance_fit,0,0.01440679556,4008.767736,4.558073522,0,0.3369418101,0.03430252735
0,shifted,30,5000,9,estimated_r_datafusion,0.7936427743,0.4808485641,-0.3127942102,0.2375868976,0.4874288641,-0.4744944546,1.436191583,1,1.106844939,1.534606678,1.373593703,0.1544798637,-1.520355238,0.2370658304,-0.1379760241,-0.04887497463,0.05609325001,0.01212676021,0.05609325001,0.01212676021,0.9444110159,0.01790221585,16,14,estimated,evaluation_variance_excludes_fit_tuning_uncertainty,-0.09415108573,-0.004990658526,2842.36372,12.82463051,0,0.3440306649,-0.06135193279
0,shifted,30,5000,9,rct_aipw,0.7936427743,0.5401620708,-0.2534807036,0.1975980763,0.4445200517,-0.331081221,1.411405362,1,0,0,1.373593703,0.1544798637,-1.520355238,0.2370658304,-0.1379760241,-0.04887497463,0.05609325001,0.01212676021,0.05609325001,0.01212676021,0.9444110159,0.01790221585,16,14,neutral,evaluation_variance_given_rct_nuisance_fit,-0,-0.004990658526,2842.36372,12.82463051,0,0.3440306649,-0.06135193279
0,shifted,30,5000,10,estimated_r_datafusion,0.7936427743,0.8928611921,0.09921841778,0.2084621904,0.4565765986,-0.002012497403,1.787734882,1,1.137049401,0.9946519823,2.936183709,0.2302057865,-3.338585928,0.2289746419,0.05411675146,0.002056889796,0.1265379044,0.007591669382,0.1265379044,0.007591669382,0.9752720255,0.02832904633,22,8,estimated,evaluation_variance_excludes_fit_tuning_uncertainty,0.003589619165,0.01476484949,3201.459604,7.7804295,0,0.2767607634,0.003608919731
0,shifted,30,5000,10,rct_aipw,0.7936427743,0.7586980146,-0.03494475974,0.2785734395,0.5278005679,-0.2757720895,1.793168119,1,0,0,2.936183709,0.2302057865,-3.338585928,0.2289746419,0.05411675146,0.002056889796,0.1265379044,0.007591669382,0.1265379044,0.007591669382,0.9752720255,0.02832904633,22,8,neutral,evaluation_variance_given_rct_nuisance_fit,0,0.01476484949,3201.459604,7.7804295,0,0.2767607634,0.003608919731
0,shifted,30,5000,11,estimated_r_datafusion,0.7936427743,1.157876646,0.3642338713,0.1275570405,0.3571512852,0.4578729897,1.857880302,1,0.7997093073,1.426314027,6.02023481,0.1301599274,-4.81443781,0.1856489303,-0.16232007,0.01022928582,0.1283383575,0.008826455782,0.1283383575,0.008826455782,0.9007306792,0.01407274061,17,13,estimated,evaluation_variance_excludes_fit_tuning_uncertainty,0.01061113514,-0.01483954285,3028.865349,7.165079936,0.0002,0.3909264676,0.007439550432
0,shifted,30,5000,11,rct_aipw,0.7936427743,0.9219795046,0.1283367303,0.2135012128,0.4620619145,0.01635479352,1.827604216,1,0,0,6.02023481,0.1301599274,-4.81443781,0.1856489303,-0.16232007,0.01022928582,0.1283383575,0.008826455782,0.1283383575,0.008826455782,0.9007306792,0.01407274061,17,13,neutral,evaluation_variance_given_rct_nuisance_fit,0,-0.01483954285,3028.865349,7.165079936,0.0002,0.3909264676,0.007439550432
0,shifted,30,5000,12,estimated_r_datafusion,0.7936427743,0.5682963707,-0.2253464036,0.2981977183,0.5460748285,-0.501990626,1.638583368,1,1.293547993,2,4.198917209,0.2202969625,-5.431500928,0.9873203444,-0.2548773447,-0.02180465483,0.2341969041,0.147498094,0.2341969041,0.1022697843,0.9252050843,0.02012159321,17,13,estimated,evaluation_variance_excludes_fit_tuning_uncertainty,-0.04073342674,0.03211222281,3418.042102,9.740685023,0.0002,0.3905562861,-0.02036671337
0,shifted,30,5000,12,rct_aipw,0.7936427743,0.8024223311,0.008779556775,0.4144656485,0.6437900655,-0.459383011,2.064227673,1,0,0,4.198917209,0.2202969625,-5.431500928,0.9873203444,-0.2548773447,-0.02180465483,0.2341969041,0.147498094,0.2341969041,0.1022697843,0.9252050843,0.02012159321,17,13,neutral,evaluation_variance_given_rct_nuisance_fit,-0,0.03211222281,3418.042102,9.740685023,0.0002,0.3905562861,-0.02036671337
0,shifted,30,5000,13,estimated_r_datafusion,0.7936427743,0.5328937855,-0.2607489888,0.1006368128,0.3172330576,-0.08887158211,1.154659153,1,1.100806214,0.4141415372,3.669314546,0.218380719,-4.039204254,0.09044052666,-0.03906559379,-0.02569353116,0.1482127048,0.001248505958,0.1482127048,0.001248505958,0.9318533912,0.02106589881,16,14,estimated,evaluation_variance_excludes_fit_tuning_uncertainty,-0.01278065641,0.02566990882,2915.393156,10.10448369,0.0002,0.7189476809,-0.0308606002
0,shifted,30,5000,13,rct_aipw,0.7936427743,-0.001409131607,-0.7950519059,0.180952763,0.4253854287,-0.8351492515,0.8323309883,1,0,0,3.669314546,0.218380719,-4.039204254,0.09044052666,-0.03906559379,-0.02569353116,0.1482127048,0.001248505958,0.1482127048,0.001248505958,0.9318533912,0.02106589881,16,14,neutral,evaluation_variance_given_rct_nuisance_fit,-0,0.02566990882,2915.393156,10.10448369,0.0002,0.7189476809,-0.0308606002
0,shifted,30,5000,14,estimated_r_datafusion,0.7936427743,1.24113469,0.4474919158,0.1449676453,0.3807461691,0.4948859113,1.987383469,1,1.414053657,2,5.406133447,0.681597783,-7.64456277,1.4254609,-1.102618607,0.03488606727,0.3603273979,0.0993713511,0.3603273979,0.09918174897,0.9707081559,0.02324513119,16,14,estimated,evaluation_variance_excludes_fit_tuning_uncertainty,0.08358928931,0.02624624367,3482.276844,6.357421487,0,0.3647538768,0.04179464466
0,shifted,30,5000,14,rct_aipw,0.7936427743,1.385741049,0.5920982743,0.4558494742,0.6751662567,0.06243950191,2.709042595,1,0,0,5.406133447,0.681597783,-7.64456277,1.4254609,-1.102618607,0.03488606727,0.3603273979,0.0993713511,0.3603273979,0.09918174897,0.9707081559,0.02324513119,16,14,neutral,evaluation_variance_given_rct_nuisance_fit,0,0.02624624367,3482.276844,6.357421487,0,0.3647538768,0.04179464466
0,shifted,30,5000,15,estimated_r_datafusion,0.7936427743,0.675660815,-0.1179819593,0.1846294962,0.4296853456,-0.166506987,1.517828617,1,1.392406814,0.2637037528,1.276747548,0.5488692352,-1.777751986,0.1447388771,0.02340942899,0.03418291545,0.08251179932,0.001272272836,0.08251179932,0.001272272836,0.9803176919,0.06255856597,14,16,estimated,evaluation_variance_excludes_fit_tuning_uncertainty,0.01090984632,0.003500452451,3340.400325,7.617973936,0,0.290480841,0.04137160053
0,shifted,30,5000,15,rct_aipw,0.7936427743,1.074720808,0.2810780335,0.2277686567,0.4772511463,0.1393257495,2.010115866,1,0,0,1.276747548,0.5488692352,-1.777751986,0.1447388771,0.02340942899,0.03418291545,0.08251179932,0.001272272836,0.08251179932,0.001272272836,0.9803176919,0.06255856597,14,16,neutral,evaluation_variance_given_rct_nuisance_fit,0,0.003500452451,3340.400325,7.617973936,0,0.290480841,0.04137160053
0,shifted,30,5000,16,estimated_r_datafusion,0.7936427743,0.294641133,-0.4990016413,0.2812053944,0.5302880297,-0.7447043066,1.333986573,1,1.242447374,0.7095574572,8.741289837,0.4086274315,-10.8605926,0.2899446412,-0.07333461641,-0.04402219315,0.4497904917,0.006857746079,0.4497904917,0.006857746079,0.9377777734,0.02050994056,18,12,estimated,evaluation_variance_excludes_fit_tuning_uncertainty,-0.03601063382,-0.03216578345,2114.23299,20,0.0034,0.6213954653,-0.05075083555
0,shifted,30,5000,16,rct_aipw,0.7936427743,0.4170189373,-0.376623837,0.3084552935,0.5553875165,-0.6715205924,1.505558467,1,0,0,8.741289837,0.4086274315,-10.8605926,0.2899446412,-0.07333461641,-0.04402219315,0.4497904917,0.006857746079,0.4497904917,0.006857746079,0.9377777734,0.02050994056,18,12,neutral,evaluation_variance_given_rct_nuisance_fit,-0,-0.03216578345,2114.23299,20,0.0034,0.6213954653,-0.05075083555
0,shifted,30,5000,17,estimated_r_datafusion,0.7936427743,1.146747415,0.3531046403,0.1225867439,0.350123898,0.4605171845,1.832977645,1,0.8009991946,-0.9816414186,4.417926772,0.1366243836,-3.538755786,-0.1341161538,0.1664656296,-0.01383345656,0.09448468447,0.004388465715,0.09448468447,0.004388465715,0.9592030211,0.01931276544,18,12,estimated,evaluation_variance_excludes_fit_tuning_uncertainty,0.0121251293,0.02724462735,2453.165757,13.98694011,0.0008,0.3810321695,-0.01235189252
0,shifted,30,5000,17,rct_aipw,0.7936427743,1.166952357,0.3733095823,0.1979199459,0.444881946,0.294999765,2.038904948,1,0,0,4.417926772,0.1366243836,-3.538755786,-0.1341161538,0.1664656296,-0.01383345656,0.09448468447,0.004388465715,0.09448468447,0.004388465715,0.9592030211,0.01931276544,18,12,neutral,evaluation_variance_given_rct_nuisance_fit,-0,0.02724462735,2453.165757,13.98694011,0.0008,0.3810321695,-0.01235189252
0,shifted,30,5000,18,estimated_r_datafusion,0.7936427743,0.5617059262,-0.2319368481,0.1041031874,0.3226502555,-0.07067695429,1.194088807,1,0.814909166,1.239924367,3.530959593,0.3055924885,-2.877411337,0.3789115728,-0.2828417346,-0.0210460499,0.07816096243,0.01566072307,0.07816096243,0.01566072307,0.9397052475,0.06831685087,12,18,estimated,evaluation_variance_excludes_fit_tuning_uncertainty,-0.03589472959,-0.01133794854,2492.60011,20,0.0004,0.6142764655,-0.0289491283
0,shifted,30,5000,18,rct_aipw,0.7936427743,0.3337307806,-0.4599119937,0.1967518449,0.4435671819,-0.5356449207,1.203106482,1,0,0,3.530959593,0.3055924885,-2.877411337,0.3789115728,-0.2828417346,-0.0210460499,0.07816096243,0.01566072307,0.07816096243,0.01566072307,0.9397052475,0.06831685087,12,18,neutral,evaluation_variance_given_rct_nuisance_fit,-0,-0.01133794854,2492.60011,20,0.0004,0.6142764655,-0.0289491283
0,shifted,30,5000,19,estimated_r_datafusion,0.7936427743,0.9084071785,0.1147644042,0.1724440438,0.4152638244,0.09450503872,1.722309318,1,1.620139228,1.783395514,2.379294338,0.9154068222,-3.854788093,1.63253242,-0.472757242,-0.1180537561,0.2081764469,0.09704836652,0.2081764469,0.09704836652,0.9928882649,0.07649416407,21,9,estimated,evaluation_variance_excludes_fit_tuning_uncertainty,-0.1619690603,-0.003391717964,2569.584807,13.84371198,0.001,0.5636180206,-0.09082060542
0,shifted,30,5000,19,rct_aipw,0.7936427743,0.3746400851,-0.4190026892,0.1669247288,0.4085642285,-0.426131088,1.175411258,1,0,0,2.379294338,0.9154068222,-3.854788093,1.63253242,-0.472757242,-0.1180537561,0.2081764469,0.09704836652,0.2081764469,0.09704836652,0.9928882649,0.07649416407,21,9,neutral,evaluation_variance_given_rct_nuisance_fit,-0,-0.003391717964,2569.584807,13.84371198,0.001,0.5636180206,-0.09082060542
1,shared,20,5000,0,estimated_r_datafusion,0.8178858033,0.5139563012,-0.3039295022,0.2860715019,0.5348565246,-0.534343224,1.562255826,1,0.8654205902,1.201767873,6.747615297,0.2706426913,-5.839525213,0.3252496915,-0.2732640761,0.02366083271,0.2526822678,0.0195437315,0.2526822678,0.0195437315,0.9679795023,0.03270750715,8,12,estimated,evaluation_variance_excludes_fit_tuning_uncertainty,0.05245791877,0.008278955191,3580.810594,9.668524707,0,0.634814947,0.043650625
1,shared,20,5000,0,rct_aipw,0.8178858033,0.153022998,-0.6648628054,0.4569175286,0.6759567506,-1.171827888,1.477873884,1,0,0,6.747615297,0.2706426913,-5.839525213,0.3252496915,-0.2732640761,0.02366083271,0.2526822678,0.0195437315,0.2526822678,0.0195437315,0.9679795023,0.03270750715,8,12,neutral,evaluation_variance_given_rct_nuisance_fit,0,0.008278955191,3580.810594,9.668524707,0,0.634814947,0.043650625
1,shared,20,5000,1,estimated_r_datafusion,0.8178858033,1.41245084,0.5945650366,0.2252511042,0.4746062622,0.4822396591,2.342662021,1,1.07488907,1.701985207,4.897873389,0.4259205686,-5.264670573,0.7249105071,-0.09207059178,0.09016943669,0.2829468428,0.06168934796,0.2829468428,0.06168934796,0.9925902057,0.04540394071,5,15,estimated,evaluation_variance_excludes_fit_tuning_uncertainty,0.1432906464,0.002730434202,4494.631837,2.927208232,0,0.3362446581,0.08419030072
1,shared,20,5000,1,rct_aipw,0.8178858033,0.03991598888,-0.7779698145,0.6911278175,0.8313409754,-1.589482382,1.66931436,1,0,0,4.897873389,0.4259205686,-5.264670573,0.7249105071,-0.09207059178,0.09016943669,0.2829468428,0.06168934796,0.2829468428,0.06168934796,0.9925902057,0.04540394071,5,15,neutral,evaluation_variance_given_rct_nuisance_fit,0,0.002730434202,4494.631837,2.927208232,0,0.3362446581,0.08419030072
1,shared,20,5000,2,estimated_r_datafusion,0.8178858033,0.9698619046,0.1519761012,0.2769712386,0.5262805702,-0.06162905876,2.001352868,1,1.085893977,0.9085124012,3.702607579,0.3239361779,-4.020639268,0.2943000349,0.1090378151,0.06268126333,0.2182993982,0.01336876157,0.2182993982,0.01336876157,0.9773065192,0.05772050943,11,9,estimated,evaluation_variance_excludes_fit_tuning_uncertainty,0.05817744944,0.03046831837,4903.964401,1.774007184,0,0.1473875626,0.06403594421
1,shared,20,5000,2,rct_aipw,0.8178858033,1.315140286,0.4972544828,0.4187749151,0.6471282061,0.04679230877,2.583488263,1,0,0,3.702607579,0.3239361779,-4.020639268,0.2943000349,0.1090378151,0.06268126333,0.2182993982,0.01336876157,0.2182993982,0.01336876157,0.9773065192,0.05772050943,11,9,neutral,evaluation_variance_given_rct_nuisance_fit,0,0.03046831837,4903.964401,1.774007184,0,0.1473875626,0.06403594421
1,shared,20,5000,3,estimated_r_datafusion,0.8178858033,0.2619835783,-0.5559022251,0.2418058449,0.4917375772,-0.7018043629,1.225771519,1,0.5905293383,1.693403381,3.023191112,0.6082507423,-1.785283047,1.030013864,-0.05822693331,-0.03596289729,0.0527131008,0.08721144797,0.0527131008,0.08721144797,0.986325616,0.1027262538,11,9,estimated,evaluation_variance_excludes_fit_tuning_uncertainty,-0.04173058975,-0.005504711362,3881.541951,4.860788227,0,0.5338675513,-0.02464302966
1,shared,20,5000,3,rct_aipw,0.8178858033,0.4264193183,-0.391466485,0.3427421705,0.5854418592,-0.7210256407,1.573864277,1,0,0,3.023191112,0.6082507423,-1.785283047,1.030013864,-0.05822693331,-0.03596289729,0.0527131008,0.08721144797,0.0527131008,0.08721144797,0.986325616,0.1027262538,11,9,neutral,evaluation_variance_given_rct_nuisance_fit,-0,-0.005504711362,3881.541951,4.860788227,0,0.5338675513,-0.02464302966
1,shared,20,5000,4,estimated_r_datafusion,0.8178858033,-0.0787762074,-0.8966620107,0.3055190307,0.5527377594,-1.162122309,1.004569894,1,0.7506712052,0.02191417245,4.053499257,0.4254326537,-3.042845172,0.00932300454,0.1663978899,-0.05649519259,0.1142088126,1.021529646e-05,0.1142088126,1.021529646e-05,0.9800761692,0.08164820136,14,6,estimated,evaluation_variance_excludes_fit_tuning_uncertainty,-0.001062070099,0.003947373245,4608.321929,2.476401167,0,0.2927141145,-0.0484649877
1,shared,20,5000,4,rct_aipw,0.8178858033,-0.376736754,-1.194622557,0.5095767175,0.7138464243,-1.775850036,1.022376528,1,0,0,4.053499257,0.4254326537,-3.042845172,0.00932300454,0.1663978899,-0.05649519259,0.1142088126,1.021529646e-05,0.1142088126,1.021529646e-05,0.9800761692,0.08164820136,14,6,neutral,evaluation_variance_given_rct_nuisance_fit,-0,0.003947373245,4608.321929,2.476401167,0,0.2927141145,-0.0484649877
1,shared,20,5000,5,estimated_r_datafusion,0.8178858033,1.675844763,0.85795896,0.1403002677,0.3745667734,0.9417073777,2.409982149,0,1.066315262,0.1329118163,3.358352115,0.3820192306,-3.581062117,0.05077486981,0.2283962279,-0.01126060144,0.1909270595,0.0003374290085,0.1909270595,0.0003374290085,0.9404361294,0.07259456461,8,12,estimated,evaluation_variance_excludes_fit_tuning_uncertainty,-0.004130849694,-0.01227387399,3821.607626,7.381793781,0,0.5486143599,-0.03107962714
1,shared,20,5000,5,rct_aipw,0.8178858033,0.8068559808,-0.01102982256,0.3513847796,0.5927771753,-0.3549659337,1.968677895,1,0,0,3.358352115,0.3820192306,-3.581062117,0.05077486981,0.2283962279,-0.01126060144,0.1909270595,0.0003374290085,0.1909270595,0.0003374290085,0.9404361294,0.07259456461,8,12,neutral,evaluation_variance_given_rct_nuisance_fit,-0,-0.01227387399,3821.607626,7.381793781,0,0.5486143599,-0.03107962714
1,shared,20,5000,6,estimated_r_datafusion,0.8178858033,0.6908099087,-0.1270758946,0.3957108306,0.6290555068,-0.5421162288,1.923736046,1,0.6130528723,0.2115971883,5.820416355,0.3036649263,-3.568222964,0.06425464457,0.2023078012,0.0637785657,0.1093754669,0.0006798051062,0.1093754669,0.0006798051062,0.9823440084,0.05902004408,12,8,estimated,evaluation_variance_excludes_fit_tuning_uncertainty,0.01106867302,-0.003267245663,4479.29679,3.328900662,0,0.3398513571,0.05231011391
1,shared,20,5000,6,rct_aipw,0.8178858033,0.1756996396,-0.6421861638,0.7671731391,0.8758842042,-1.541001855,1.892401134,1,0,0,5.820416355,0.3036649263,-3.568222964,0.06425464457,0.2023078012,0.0637785657,0.1093754669,0.0006798051062,0.1093754669,0.0006798051062,0.9823440084,0.05902004408,12,8,neutral,evaluation_variance_given_rct_nuisance_fit,0,-0.003267245663,4479.29679,3.328900662,0,0.3398513571,0.05231011391
1,shared,20,5000,7,estimated_r_datafusion,0.8178858033,1.861561527,1.043675724,0.222869264,0.4720903134,0.9362815155,2.786841539,0,0.6886406271,-0.663673519,1.630131098,0.5442211381,-1.122574501,-0.3611851578,0.1530282271,-0.5031474359,0.03865252043,0.01198545124,0.03865252043,0.01198545124,0.9846909484,0.08723763291,5,15,estimated,evaluation_variance_excludes_fit_tuning_uncertainty,0.333506927,-0.05702214,2599.169985,13.64506017,0.0002,0.9080772459,-0.5025165499
1,shared,20,5000,7,rct_aipw,0.8178858033,1.203768573,0.3858827694,0.2891344009,0.5377121915,0.1498720434,2.257665102,1,0,0,1.630131098,0.5442211381,-1.122574501,-0.3611851578,0.1530282271,-0.5031474359,0.03865252043,0.01198545124,0.03865252043,0.01198545124,0.9846909484,0.08723763291,5,15,neutral,evaluation_variance_given_rct_nuisance_fit,-0,-0.05702214,2599.169985,13.64506017,0.0002,0.9080772459,-0.5025165499
1,shared,20,5000,8,estimated_r_datafusion,0.8178858033,1.039601122,0.2217153191,0.1639575989,0.4049167802,0.2459788166,1.833223428,1,1.643556334,2,1.436994698,0.3684147226,-2.361781738,0.940956404,-0.3843174578,-0.1324122354,0.1940860668,0.1201633512,0.1940860668,0.1145083363,0.9898347864,0.03910740472,11,9,estimated,evaluation_variance_excludes_fit_tuning_uncertainty,-0.240322923,0.004042458025,4554.863505,2.76083343,0,0.3139041167,-0.1201614615
1,shared,20,5000,8,rct_aipw,0.8178858033,1.027180148,0.2092943445,0.3372410516,0.5807245919,-0.1110191372,2.165379433,1,0,0,1.436994698,0.3684147226,-2.361781738,0.940956404,-0.3843174578,-0.1324122354,0.1940860668,0.1201633512,0.1940860668,0.1145083363,0.9898347864,0.03910740472,11,9,neutral,evaluation_variance_given_rct_nuisance_fit,-0,0.004042458025,4554.863505,2.76083343,0,0.3139041167,-0.1201614615
1,shared,20,5000,9,estimated_r_datafusion,0.8178858033,1.016738818,0.1988530149,0.1406174494,0.3749899324,0.2817720562,1.75170558,1,0.8304970988,2,3.851358774,0.4214964828,-3.198542288,0.8441770729,-0.5516397855,-0.002351669566,0.1328190045,0.08453628436,0.1328190045,0.08453611803,0.9906315055,0.04440663551,12,8,estimated,evaluation_variance_excludes_fit_tuning_uncertainty,-0.0183509844,-0.009323488688,4595.70346,2.887415752,0,0.2939844737,-0.009175492199
1,shared,20,5000,9,rct_aipw,0.8178858033,0.3094918041,-0.5083939992,0.2799308308,0.5290848994,-0.7274955435,1.346479152,1,0,0,3.851358774,0.4214964828,-3.198542288,0.8441770729,-0.5516397855,-0.002351669566,0.1328190045,0.08453628436,0.1328190045,0.08453611803,0.9906315055,0.04440663551,12,8,neutral,evaluation_variance_given_rct_nuisance_fit,-0,-0.009323488688,4595.70346,2.887415752,0,0.2939844737,-0.009175492199
1,shared,20,5000,10,estimated_r_datafusion,0.8178858033,0.808868562,-0.009017241325,0.1115432795,0.3339809569,0.154277915,1.463459209,1,1.06701894,-0.02797263123,2.416729216,0.3085149317,-2.578695846,-0.008629974412,0.2070814162,0.2261850854,0.1375758653,1.207015459e-05,0.1375758653,1.207015459e-05,0.9439942833,0.04157139814,8,12,estimated,evaluation_variance_excludes_fit_tuning_uncertainty,-0.005619056908,0.007080708869,3730.565437,5.199055581,0,0.5875078162,0.2008769522
1,shared,20,5000,10,rct_aipw,0.8178858033,0.7466293806,-0.07125642275,0.4330097016,0.6580347267,-0.5430949844,2.036353746,1,0,0,2.416729216,0.3085149317,-2.578695846,-0.008629974412,0.2070814162,0.2261850854,0.1375758653,1.207015459e-05,0.1375758653,1.207015459e-05,0.9439942833,0.04157139814,8,12,neutral,evaluation_variance_given_rct_nuisance_fit,0,0.007080708869,3730.565437,5.199055581,0,0.5875078162,0.2008769522
1,shared,20,5000,11,estimated_r_datafusion,0.8178858033,0.5008438252,-0.3170419782,0.2372043303,0.487036272,-0.4537297272,1.455417378,1,0.8960835864,1.696147904,3.480608827,0.3890203542,-3.118916441,0.6598360584,-0.2638953935,0.008434500513,0.1397404915,0.05595897738,0.1397404915,0.05595897738,0.9783475401,0.03425255896,9,11,estimated,evaluation_variance_excludes_fit_tuning_uncertainty,0.01216879217,0.02574618424,4812.058938,2.040071539,0,0.204343149,0.007174369725
1,shared,20,5000,11,rct_aipw,0.8178858033,1.284096647,0.4662108435,0.2830998189,0.5320712536,0.2412561526,2.326937141,1,0,0,3.480608827,0.3890203542,-3.118916441,0.6598360584,-0.2638953935,0.008434500513,0.1397404915,0.05595897738,0.1397404915,0.05595897738,0.9783475401,0.03425255896,9,11,neutral,evaluation_variance_given_rct_nuisance_fit,0,0.02574618424,4812.058938,2.040071539,0,0.204343149,0.007174369725
1,shared,20,5000,12,estimated_r_datafusion,0.8178858033,0.5280401436,-0.2898456598,0.2603161778,0.510211895,-0.4719567951,1.528037082,1,1.611813561,1.083430449,0.4823042711,0.3228578629,-0.7773845648,0.3497940393,-0.05896059017,-0.1660118198,0.06264994919,0.01894887565,0.06264994919,0.01894887565,0.9928048587,0.05836828506,10,10,estimated,evaluation_variance_excludes_fit_tuning_uncertainty,-0.1802928965,0.00400436991,4420.748863,3.070367348,0,0.3634523566,-0.1664092943
1,shared,20,5000,12,rct_aipw,0.8178858033,0.2632979782,-0.5545878251,0.4776558432,0.6911265031,-1.091285077,1.617881033,1,0,0,0.4823042711,0.3228578629,-0.7773845648,0.3497940393,-0.05896059017,-0.1660118198,0.06264994919,0.01894887565,0.06264994919,0.01894887565,0.9928048587,0.05836828506,10,10,neutral,evaluation_variance_given_rct_nuisance_fit,-0,0.00400436991,4420.748863,3.070367348,0,0.3634523566,-0.1664092943
1,shared,20,5000,13,estimated_r_datafusion,0.8178858033,0.5283302048,-0.2895555985,0.2660768929,0.5158264174,-0.4826709955,1.539331405,1,1.089141468,1.185912927,3.576126119,0.3533897619,-3.894907251,0.419089487,-0.3605283192,-0.01014112208,0.21210525,0.02485018201,0.21210525,0.02485018201,0.9812201654,0.04392457764,7,13,estimated,evaluation_variance_excludes_fit_tuning_uncertainty,-0.003190114676,0.01055798807,3757.361695,4.684075858,0,0.5812510672,-0.002690007507
1,shared,20,5000,13,rct_aipw,0.8178858033,0.3352316907,-0.4826541126,0.2140020656,0.4626035728,-0.5714546511,1.241918033,1,0,0,3.576126119,0.3533897619,-3.894907251,0.419089487,-0.3605283192,-0.01014112208,0.21210525,0.02485018201,0.21210525,0.02485018201,0.9812201654,0.04392457764,7,13,neutral,evaluation_variance_given_rct_nuisance_fit,-0,0.01055798807,3757.361695,4.684075858,0,0.5812510672,-0.002690007507
1,shared,20,5000,14,estimated_r_datafusion,0.8178858033,1.20749518,0.389609377,0.1158723425,0.3404002681,0.5403229146,1.874667446,1,1.172351822,0.5113122784,2.327129983,0.583568691,-2.728215076,0.298385837,-0.3217220376,-0.03084014248,0.1599213957,0.007628417108,0.1599213957,0.007628417108,0.9884597526,0.1070264076,7,13,estimated,evaluation_variance_excludes_fit_tuning_uncertainty,-0.01994609037,0.004908850047,4568.128816,2.996015537,0,0.3090220113,-0.03900960569
1,shared,20,5000,14,rct_aipw,0.8178858033,0.4114768398,-0.4064089636,0.2892875708,0.5378546,-0.6426988052,1.465652485,1,0,0,2.327129983,0.583568691,-2.728215076,0.298385837,-0.3217220376,-0.03084014248,0.1599213957,0.007628417108,0.1599213957,0.007628417108,0.9884597526,0.1070264076,7,13,neutral,evaluation_variance_given_rct_nuisance_fit,-0,0.004908850047,4568.128816,2.996015537,0,0.3090220113,-0.03900960569
1,shared,20,5000,15,estimated_r_datafusion,0.8178858033,0.7295069548,-0.08837884851,0.1815542971,0.4260918881,-0.1056178,1.56463171,1,1.164896224,0.9680882668,1.050262672,0.357907096,-1.223447021,0.3464856602,-0.03879309121,-0.1601209175,0.07125944071,0.01677143511,0.07125944071,0.01677143511,0.9476975236,0.05211266648,12,8,estimated,evaluation_variance_excludes_fit_tuning_uncertainty,-0.1515342219,0.005150097872,4249.114895,3.79850425,0,0.4225719673,-0.1565293446
1,shared,20,5000,15,rct_aipw,0.8178858033,0.9327036547,0.1148178514,0.24443001,0.4943986347,-0.03629986334,1.901707173,1,0,0,1.050262672,0.357907096,-1.223447021,0.3464856602,-0.03879309121,-0.1601209175,0.07125944071,0.01677143511,0.07125944071,0.01677143511,0.9476975236,0.05211266648,12,8,neutral,evaluation_variance_given_rct_nuisance_fit,-0,0.005150097872,4249.114895,3.79850425,0,0.4225719673,-0.1565293446
1,shared,20,5000,16,estimated_r_datafusion,0.8178858033,1.489268843,0.6713830395,0.4035634116,0.6352664099,0.2441695588,2.734368127,1,1.029926804,2,1.989030354,0.260832226,-2.048555675,0.6052949572,-0.05480930455,0.113781548,0.1054931199,0.07023326658,0.1054931199,0.06889254624,0.9732474375,0.04003216686,10,10,estimated,evaluation_variance_excludes_fit_tuning_uncertainty,0.2156928344,0.02120870519,4838.047006,2.159756852,0,0.1880416275,0.1078464172
1,shared,20,5000,16,rct_aipw,0.8178858033,1.127086786,0.3092009826,0.3355689542,0.5792831382,-0.00828730178,2.262460874,1,0,0,1.989030354,0.260832226,-2.048555675,0.6052949572,-0.05480930455,0.113781548,0.1054931199,0.07023326658,0.1054931199,0.06889254624,0.9732474375,0.04003216686,10,10,neutral,evaluation_variance_given_rct_nuisance_fit,0,0.02120870519,4838.047006,2.159756852,0,0.1880416275,0.1078464172
1,shared,20,5000,17,estimated_r_datafusion,0.8178858033,0.1369653107,-0.6809204927,0.09807617527,0.3131711597,-0.4768388834,0.7507695047,0,0.2449465019,1.361781871,2.203449476,0.3317738756,-0.5397272412,0.451803649,-0.2661056571,-0.1799439072,0.006610214985,0.03076290091,0.006610214985,0.03076290091,0.9849300024,0.06605234225,8,12,estimated,evaluation_variance_excludes_fit_tuning_uncertainty,-0.2733131488,-0.01431102352,3476.187464,7.745840468,0,0.6527674222,-0.2007025903
1,shared,20,5000,17,rct_aipw,0.8178858033,0.6273094364,-0.1905763669,0.1047205353,0.3236055241,-0.006945736073,1.261564609,1,0,0,2.203449476,0.3317738756,-0.5397272412,0.451803649,-0.2661056571,-0.1799439072,0.006610214985,0.03076290091,0.006610214985,0.03076290091,0.9849300024,0.06605234225,8,12,neutral,evaluation_variance_given_rct_nuisance_fit,-0,-0.01431102352,3476.187464,7.745840468,0,0.6527674222,-0.2007025903
1,shared,20,5000,18,estimated_r_datafusion,0.8178858033,0.5705207561,-0.2473650472,0.1854767694,0.4306701399,-0.2735772072,1.41461872,1,0.9818511839,0.02067721852,7.853723537,0.3282967227,-7.711187753,0.006788263074,0.4002337994,0.02214483392,0.3785619413,7.018119946e-06,0.3785619413,7.018119946e-06,0.9716492775,0.02157949486,12,8,estimated,evaluation_variance_excludes_fit_tuning_uncertainty,0.0004487173774,0.02413158691,4895.116294,1.744571425,0,0.1518390587,0.02170105118
1,shared,20,5000,18,rct_aipw,0.8178858033,0.213896387,-0.6039894163,0.3744448548,0.6119189937,-0.985442802,1.413235576,1,0,0,7.853723537,0.3282967227,-7.711187753,0.006788263074,0.4002337994,0.02214483392,0.3785619413,7.018119946e-06,0.3785619413,7.018119946e-06,0.9716492775,0.02157949486,12,8,neutral,evaluation_variance_given_rct_nuisance_fit,0,0.02413158691,4895.116294,1.744571425,0,0.1518390587,0.02170105118
1,shared,20,5000,19,estimated_r_datafusion,0.8178858033,0.3728487212,-0.4450370821,0.2687527827,0.5184137177,-0.6432234945,1.388920937,1,0.8401461216,-0.4946170481,9.405615205,0.6027383356,-7.902091136,-0.2981246563,0.8713055876,0.06697215763,0.331945561,0.007372876874,0.331945561,0.007372876874,0.9899639716,0.05903381146,12,8,estimated,evaluation_variance_excludes_fit_tuning_uncertainty,-0.03732157922,0.01673303714,4327.959833,4.171314091,0,0.4009972391,0.07545550514
1,shared,20,5000,19,rct_aipw,0.8178858033,1.187436706,0.3695509024,0.6395071846,0.799691931,-0.3799306778,2.754804089,1,0,0,9.405615205,0.6027383356,-7.902091136,-0.2981246563,0.8713055876,0.06697215763,0.331945561,0.007372876874,0.331945561,0.007372876874,0.9899639716,0.05903381146,12,8,neutral,evaluation_variance_given_rct_nuisance_fit,0,0.01673303714,4327.959833,4.171314091,0,0.4009972391,0.07545550514
1,shared,30,5000,0,estimated_r_datafusion,0.8178858033,0.9188548557,0.1009690524,0.1540960433,0.3925506888,0.1494696436,1.688240068,1,0.3786416549,0.1808574233,1.657358239,0.4149359573,-0.6275448664,0.07504424809,0.2845205502,-0.1113313639,0.007920487557,0.0004524103115,0.007920487557,0.0004524103115,0.9599329349,0.09362520781,13,17,estimated,evaluation_variance_excludes_fit_tuning_uncertainty,-0.01779841421,0.01097265494,3817.834797,4.826952082,0,0.5626683983,-0.09841130034
1,shared,30,5000,0,rct_aipw,0.8178858033,0.8376696682,0.01978386488,0.2576830268,0.5076248879,-0.1572568298,1.832596166,1,0,0,1.657358239,0.4149359573,-0.6275448664,0.07504424809,0.2845205502,-0.1113313639,0.007920487557,0.0004524103115,0.007920487557,0.0004524103115,0.9599329349,0.09362520781,13,17,neutral,evaluation_variance_given_rct_nuisance_fit,-0,0.01097265494,3817.834797,4.826952082,0,0.5626683983,-0.09841130034
1,shared,30,5000,1,estimated_r_datafusion,0.8178858033,1.141860458,0.323974655,0.1597281122,0.3996599958,0.3585412605,1.925179656,1,1.259371382,0.2399182722,2.79754533,0.451654573,-3.523148528,0.1083601848,-0.1298764006,0.1651900591,0.1478984143,0.0008665862767,0.1478984143,0.0008665862767,0.9865670582,0.06988398491,14,16,estimated,evaluation_variance_excludes_fit_tuning_uncertainty,0.03909938932,0.0164218626,3631.904954,6.650119607,0,0.6240441558,0.1629696186
1,shared,30,5000,1,rct_aipw,0.8178858033,1.907360356,1.089474553,0.2503340597,0.5003339482,0.9267238376,2.887996875,0,0,0,2.79754533,0.451654573,-3.523148528,0.1083601848,-0.1298764006,0.1651900591,0.1478984143,0.0008665862767,0.1478984143,0.0008665862767,0.9865670582,0.06988398491,14,16,neutral,evaluation_variance_given_rct_nuisance_fit,0,0.0164218626,3631.904954,6.650119607,0,0.6240441558,0.1629696186
1,shared,30,5000,2,estimated_r_datafusion,0.8178858033,0.7818703635,-0.03601543987,0.1168611095,0.3418495422,0.1118575727,1.451883154,1,0.809731622,1.174141437,2.776616034,0.2809085095,-2.248313805,0.329826321,0.02095650896,-0.07859112172,0.06068435947,0.01290875834,0.06068435947,0.01290875834,0.9806417664,0.04918594398,19,11,estimated,evaluation_variance_excludes_fit_tuning_uncertainty,-0.06540614015,0.01167146606,4135.394993,5.495267658,0,0.4627304388,-0.0557055037
1,shared,30,5000,2,rct_aipw,0.8178858033,0.948935559,0.1310497556,0.1971900376,0.444060849,0.07859228801,1.81927883,1,0,0,2.776616034,0.2809085095,-2.248313805,0.329826321,0.02095650896,-0.07859112172,0.06068435947,0.01290875834,0.06068435947,0.01290875834,0.9806417664,0.04918594398,19,11,neutral,evaluation_variance_given_rct_nuisance_fit,-0,0.01167146606,4135.394993,5.495267658,0,0.4627304388,-0.0557055037
1,shared,30,5000,3,estimated_r_datafusion,0.8178858033,0.9527114985,0.1348256952,0.1714601983,0.414077527,0.1411344588,1.764288538,1,1.004184736,1.025856786,4.560807395,0.3289342099,-4.579893168,0.3374393913,-0.02162912125,0.01790801753,0.1533019603,0.01153881631,0.1533019603,0.01153881631,0.9821912926,0.0381753782,15,15,estimated,evaluation_variance_excludes_fit_tuning_uncertainty,0.0228117547,0.008334301373,4221.004782,4.329735235,0,0.4332557977,0.02223678297
1,shared,30,5000,3,rct_aipw,0.8178858033,1.410759326,0.5928735227,0.4789032755,0.6920283776,0.05440862957,2.767110022,1,0,0,4.560807395,0.3289342099,-4.579893168,0.3374393913,-0.02162912125,0.01790801753,0.1533019603,0.01153881631,0.1533019603,0.01153881631,0.9821912926,0.0381753782,15,15,neutral,evaluation_variance_given_rct_nuisance_fit,0,0.008334301373,4221.004782,4.329735235,0,0.4332557977,0.02223678297
1,shared,30,5000,4,estimated_r_datafusion,0.8178858033,0.8982536479,0.08036784457,0.1675798006,0.409365119,0.09591275822,1.700594538,1,1.202655454,-0.1219734185,0.6965985471,0.6378196492,-0.837768042,-0.07779704297,0.1110820377,0.150534167,0.03358487684,0.0003163057092,0.03358487684,0.0003163057092,0.9944868667,0.1069166026,15,15,estimated,evaluation_variance_excludes_fit_tuning_uncertainty,-0.01954421154,0.02602103999,4353.501899,3.296815559,0,0.3962406264,0.1602333672
1,shared,30,5000,4,rct_aipw,0.8178858033,0.8686525388,0.0507667355,0.2141478293,0.4627610931,-0.03834253702,1.775647615,1,0,0,0.6965985471,0.6378196492,-0.837768042,-0.07779704297,0.1110820377,0.150534167,0.03358487684,0.0003163057092,0.03358487684,0.0003163057092,0.9944868667,0.1069166026,15,15,neutral,evaluation_variance_given_rct_nuisance_fit,0,0.02602103999,4353.501899,3.296815559,0,0.3962406264,0.1602333672
1,shared,30,5000,5,estimated_r_datafusion,0.8178858033,0.8420258145,0.02414001113,0.1429325423,0.3780642039,0.1010335909,1.583018038,1,0.8834955834,0.6205770346,8.649074089,0.772206171,-7.641418758,0.4792134157,0.9722552895,0.253608578,0.2250386574,0.009912961349,0.2250386574,0.009912961349,0.9871961961,0.04915132882,13,17,estimated,evaluation_variance_excludes_fit_tuning_uncertainty,0.1641415805,0.009765183802,3724.403755,7.123075688,0,0.5910278112,0.2644983158
1,shared,30,5000,5,rct_aipw,0.8178858033,0.7174990017,-0.1003868017,0.2719629443,0.5215006657,-0.304623521,1.739621524,1,0,0,8.649074089,0.772206171,-7.641418758,0.4792134157,0.9722552895,0.253608578,0.2250386574,0.009912961349,0.2250386574,0.009912961349,0.9871961961,0.04915132882,13,17,neutral,evaluation_variance_given_rct_nuisance_fit,0,0.009765183802,3724.403755,7.123075688,0,0.5910278112,0.2644983158
1,shared,30,5000,6,estimated_r_datafusion,0.8178858033,0.9866072804,0.168721477,0.1196771693,0.3459438817,0.3085697316,1.664644829,1,1.119296485,0.6570232469,0.9096485788,0.5482150887,-1.018166457,0.3601900576,0.1474665299,0.07069946845,0.03798767123,0.007888441372,0.03798767123,0.007888441372,0.9848275271,0.1049253607,7,23,estimated,evaluation_variance_excludes_fit_tuning_uncertainty,0.04279109313,0.00405802577,4843.858313,1.748642013,0,0.1803152837,0.0651287353
1,shared,30,5000,6,rct_aipw,0.8178858033,0.8303173455,0.01243154215,0.1184612581,0.3441820131,0.1557329957,1.504901695,1,0,0,0.9096485788,0.5482150887,-1.018166457,0.3601900576,0.1474665299,0.07069946845,0.03798767123,0.007888441372,0.03798767123,0.007888441372,0.9848275271,0.1049253607,7,23,neutral,evaluation_variance_given_rct_nuisance_fit,0,0.00405802577,4843.858313,1.748642013,0,0.1803152837,0.0651287353
1,shared,30,5000,7,estimated_r_datafusion,0.8178858033,-0.08754811096,-0.9054339143,0.1247589736,0.3532123633,-0.7798316219,0.6047354,0,1.28339219,1.999738946,2.470734015,0.3847175771,-3.170920739,0.7693347222,-0.256242339,-0.2222603494,0.1356511637,0.05128228688,0.1356511637,0.05128228688,0.989126325,0.03681383796,13,17,estimated,evaluation_variance_excludes_fit_tuning_uncertainty,-0.4364110238,0.03102598098,3974.444046,4.638269188,0,0.5246525782,-0.2182339973
1,shared,30,5000,7,rct_aipw,0.8178858033,1.193058549,0.3751727456,0.1487450571,0.3856748074,0.4371498167,1.948967281,1,0,0,2.470734015,0.3847175771,-3.170920739,0.7693347222,-0.256242339,-0.2222603494,0.1356511637,0.05128228688,0.1356511637,0.05128228688,0.989126325,0.03681383796,13,17,neutral,evaluation_variance_given_rct_nuisance_fit,-0,0.03102598098,3974.444046,4.638269188,0,0.5246525782,-0.2182339973
1,shared,30,5000,8,estimated_r_datafusion,0.8178858033,0.8861078361,0.06822203273,0.2846154127,0.533493592,-0.1595203902,1.931736062,1,0.663427332,0.0400835276,5.454407673,0.6225248842,-3.61860313,0.02495299337,0.5575440852,0.08767631177,0.08002267401,3.334013328e-05,0.08002267401,3.334013328e-05,0.9937742367,0.08554474937,16,14,estimated,evaluation_variance_excludes_fit_tuning_uncertainty,0.003138827255,0.001422713375,4646.585638,2.687776674,0,0.2761838785,0.07830716116
1,shared,30,5000,8,rct_aipw,0.8178858033,1.161405643,0.3435198401,0.3989404829,0.6316173548,-0.07654162401,2.399352911,1,0,0,5.454407673,0.6225248842,-3.61860313,0.02495299337,0.5575440852,0.08767631177,0.08002267401,3.334013328e-05,0.08002267401,3.334013328e-05,0.9937742367,0.08554474937,16,14,neutral,evaluation_variance_given_rct_nuisance_fit,0,0.001422713375,4646.585638,2.687776674,0,0.2761838785,0.07830716116
1,shared,30,5000,9,estimated_r_datafusion,0.8178858033,0.2553139959,-0.5625718074,0.1382706636,0.371847635,-0.4734939763,0.9841219682,1,0.8681787442,0.3908978276,1.455586633,0.4648162359,-1.263709375,0.1816956568,0.009782613094,0.0372740991,0.03657085394,0.002367481251,0.03657085394,0.002367481251,0.9811158737,0.1213523933,13,17,estimated,evaluation_variance_excludes_fit_tuning_uncertainty,0.01485071372,0.005368912947,4831.042143,1.972038559,0,0.1880923928,0.03799129253
1,shared,30,5000,9,rct_aipw,0.8178858033,0.2275909075,-0.5902948958,0.1526276843,0.3906759326,-0.5381198499,0.993301665,1,0,0,1.455586633,0.4648162359,-1.263709375,0.1816956568,0.009782613094,0.0372740991,0.03657085394,0.002367481251,0.03657085394,0.002367481251,0.9811158737,0.1213523933,13,17,neutral,evaluation_variance_given_rct_nuisance_fit,0,0.005368912947,4831.042143,1.972038559,0,0.1880923928,0.03799129253
1,shared,30,5000,10,estimated_r_datafusion,0.8178858033,0.9697144547,0.1518286514,0.1793232438,0.4234657529,0.1397368304,1.799692079,1,0.7977604229,-0.1945339327,4.410896139,0.1773059097,-3.518838369,-0.0344920159,-0.06132624835,0.0527280363,0.09357299952,0.00022366225,0.09357299952,0.00022366225,0.98500389,0.03515865412,14,16,estimated,evaluation_variance_excludes_fit_tuning_uncertainty,-0.004937876867,-0.005968568841,4372.08757,3.578120499,0,0.3767556164,0.02538311337
1,shared,30,5000,10,rct_aipw,0.8178858033,1.124850373,0.3069645697,0.3337934108,0.5777485706,-0.007516017421,2.257216764,1,0,0,4.410896139,0.1773059097,-3.518838369,-0.0344920159,-0.06132624835,0.0527280363,0.09357299952,0.00022366225,0.09357299952,0.00022366225,0.98500389,0.03515865412,14,16,neutral,evaluation_variance_given_rct_nuisance_fit,0,-0.005968568841,4372.08757,3.578120499,0,0.3767556164,0.02538311337
1,shared,30,5000,11,estimated_r_datafusion,0.8178858033,1.304154209,0.4862684056,0.09350756022,0.3057900591,0.7048167063,1.903491711,1,1.03371185,1.07723633,1.087318427,0.3700384792,-1.123973943,0.3986188933,0.08335725287,-0.05704977141,0.03872883946,0.01431355846,0.03872883946,0.01431355846,0.9859482563,0.08882077694,18,12,estimated,evaluation_variance_excludes_fit_tuning_uncertainty,-0.04693506351,0.008759587187,4470.068123,2.975836665,0,0.3474391048,-0.04356988546
1,shared,30,5000,11,rct_aipw,0.8178858033,0.8156886012,-0.00219720219,0.1597712427,0.3997139511,0.03226365281,1.599113549,1,0,0,1.087318427,0.3700384792,-1.123973943,0.3986188933,0.08335725287,-0.05704977141,0.03872883946,0.01431355846,0.03872883946,0.01431355846,0.9859482563,0.08882077694,18,12,neutral,evaluation_variance_given_rct_nuisance_fit,-0,0.008759587187,4470.068123,2.975836665,0,0.3474391048,-0.04356988546
1,shared,30,5000,12,estimated_r_datafusion,0.8178858033,0.1842807013,-0.633605102,0.0853975033,0.2922285121,-0.3884766577,0.7570380604,0,0.643298622,0.4211265605,2.193586058,0.3870228309,-1.411130888,0.1629855936,0.2760204576,-0.06278602227,0.03025928519,0.002287918748,0.03025928519,0.002287918748,0.9853830694,0.118266553,20,10,estimated,evaluation_variance_excludes_fit_tuning_uncertainty,-0.01941866449,0.01475749026,4310.168689,4.551489776,0,0.4062312637,-0.04611123189
1,shared,30,5000,12,rct_aipw,0.8178858033,0.1098667135,-0.7080190898,0.156119629,0.3951197654,-0.6645537961,0.8842872232,1,0,0,2.193586058,0.3870228309,-1.411130888,0.1629855936,0.2760204576,-0.06278602227,0.03025928519,0.002287918748,0.03025928519,0.002287918748,0.9853830694,0.118266553,20,10,neutral,evaluation_variance_given_rct_nuisance_fit,-0,0.01475749026,4310.168689,4.551489776,0,0.4062312637,-0.04611123189
1,shared,30,5000,13,estimated_r_datafusion,0.8178858033,0.2413575757,-0.5765282276,0.2189199972,0.4678888727,-0.6756877636,1.158402915,1,0.953710665,-0.9448746383,4.420047871,0.2673329365,-4.215446794,-0.2525961116,0.4426091714,0.05058647295,0.1340105522,0.007955721987,0.1340105522,0.007955721987,0.9833896284,0.04506442582,17,13,estimated,evaluation_variance_excludes_fit_tuning_uncertainty,-0.04467966723,-0.0008352560104,4869.26304,1.885785931,0,0.1637232381,0.04728634405
1,shared,30,5000,13,rct_aipw,0.8178858033,0.7890275274,-0.02885827594,0.3952241294,0.628668537,-0.4431401633,2.021195218,1,0,0,4.420047871,0.2673329365,-4.215446794,-0.2525961116,0.4426091714,0.05058647295,0.1340105522,0.007955721987,0.1340105522,0.007955721987,0.9833896284,0.04506442582,17,13,neutral,evaluation_variance_given_rct_nuisance_fit,0,-0.0008352560104,4869.26304,1.885785931,0,0.1637232381,0.04728634405
1,shared,30,5000,14,estimated_r_datafusion,0.8178858033,0.6412077628,-0.1766780406,0.120291505,0.3468306575,-0.03856783464,1.32098336,1,1.151926818,1.078651464,1.787161899,0.324309974,-2.05867972,0.3498174283,-0.09401926277,-0.05156261095,0.07904827935,0.0125777027,0.07904827935,0.0125777027,0.9667718283,0.05635596726,16,14,estimated,evaluation_variance_excludes_fit_tuning_uncertainty,-0.05458071735,0.008170786911,4624.696505,2.439075095,0,0.2873157817,-0.05060088376
1,shared,30,5000,14,rct_aipw,0.8178858033,0.9607427531,0.1428569497,0.2002417018,0.4474837447,0.0836907297,1.837794776,1,0,0,1.787161899,0.324309974,-2.05867972,0.3498174283,-0.09401926277,-0.05156261095,0.07904827935,0.0125777027,0.07904827935,0.0125777027,0.9667718283,0.05635596726,16,14,neutral,evaluation_variance_given_rct_nuisance_fit,-0,0.008170786911,4624.696505,2.439075095,0,0.2873157817,-0.05060088376
1,shared,30,5000,15,estimated_r_datafusion,0.8178858033,1.150759102,0.3328732984,0.2179884104,0.4668922899,0.235667029,2.065851175,1,1.03065388,0.003549363154,1.883535658,0.3530479087,-1.941273335,0.001253095239,0.1607882058,-0.0695098323,0.0666926965,1.482563356e-07,0.0666926965,1.482563356e-07,0.9796536426,0.07551227751,11,19,estimated,evaluation_variance_excludes_fit_tuning_uncertainty,-0.0002609767156,0.002247628958,4344.779781,3.323378823,0,0.3892172142,-0.07352775816
1,shared,30,5000,15,rct_aipw,0.8178858033,0.994462302,0.1765764987,0.2161792733,0.4649508289,0.08317542274,1.905749181,1,0,0,1.883535658,0.3530479087,-1.941273335,0.001253095239,0.1607882058,-0.0695098323,0.0666926965,1.482563356e-07,0.0666926965,1.482563356e-07,0.9796536426,0.07551227751,11,19,neutral,evaluation_variance_given_rct_nuisance_fit,-0,0.002247628958,4344.779781,3.323378823,0,0.3892172142,-0.07352775816
1,shared,30,5000,16,estimated_r_datafusion,0.8178858033,0.7562566009,-0.06162920246,0.1840548692,0.4290161643,-0.08459962997,1.597112832,1,0.6362124806,1.724654355,5.763951366,0.5029717239,-3.667097797,0.8674523739,-0.1383607264,-0.05142511994,0.0777684462,0.04986851714,0.0777684462,0.04986851714,0.9723272231,0.06334573824,16,14,estimated,evaluation_variance_excludes_fit_tuning_uncertainty,-0.09147934217,0.00495405795,4626.480431,2.679314673,0,0.28558992,-0.05304213097
1,shared,30,5000,16,rct_aipw,0.8178858033,0.5041176607,-0.3137681427,0.2564114362,0.5063708485,-0.4883509652,1.496586287,1,0,0,5.763951366,0.5029717239,-3.667097797,0.8674523739,-0.1383607264,-0.05142511994,0.0777684462,0.04986851714,0.0777684462,0.04986851714,0.9723272231,0.06334573824,16,14,neutral,evaluation_variance_given_rct_nuisance_fit,-0,0.00495405795,4626.480431,2.679314673,0,0.28558992,-0.05304213097
1,shared,30,5000,17,estimated_r_datafusion,0.8178858033,1.162379745,0.3444939414,0.1463476075,0.3825540583,0.4125875684,1.912171921,1,0.606253421,1.637584117,4.005371876,0.5941708774,-2.428270402,0.9730047915,-0.5420372799,0.06590232104,0.04907157461,0.05311257307,0.04907157461,0.05311257307,0.9772700491,0.0751275982,13,17,estimated,evaluation_variance_excludes_fit_tuning_uncertainty,0.109397778,0.003657675041,4824.285803,2.05060082,0,0.19158067,0.0668043717
1,shared,30,5000,17,rct_aipw,0.8178858033,0.8700986718,0.05221286846,0.1303104634,0.3609854061,0.1625802769,1.577617067,1,0,0,4.005371876,0.5941708774,-2.428270402,0.9730047915,-0.5420372799,0.06590232104,0.04907157461,0.05311257307,0.04907157461,0.05311257307,0.9772700491,0.0751275982,13,17,neutral,evaluation_variance_given_rct_nuisance_fit,0,0.003657675041,4824.285803,2.05060082,0,0.19158067,0.0668043717
1,shared,30,5000,18,estimated_r_datafusion,0.8178858033,1.642959663,0.82507386,0.1459191908,0.3819937052,0.8942657589,2.391653568,0,0.6722826739,0.2768467168,1.884609492,0.3191982939,-1.266990308,0.08836899965,0.08153920209,0.133154536,0.02839252107,0.0008154889139,0.02839252107,0.0008154889139,0.9752857503,0.05045754785,9,21,estimated,evaluation_variance_excludes_fit_tuning_uncertainty,0.03515188193,0.01513561096,4639.460162,2.944771638,0,0.2833917905,0.1269723634
1,shared,30,5000,18,rct_aipw,0.8178858033,1.458004219,0.6401184154,0.2104678209,0.45876772,0.5588360102,2.357172427,1,0,0,1.884609492,0.3191982939,-1.266990308,0.08836899965,0.08153920209,0.133154536,0.02839252107,0.0008154889139,0.02839252107,0.0008154889139,0.9752857503,0.05045754785,9,21,neutral,evaluation_variance_given_rct_nuisance_fit,0,0.01513561096,4639.460162,2.944771638,0,0.2833917905,0.1269723634
1,shared,30,5000,19,estimated_r_datafusion,0.8178858033,0.774623053,-0.04326275034,0.1054350481,0.3247076347,0.1382077834,1.411038323,1,0.8523585324,2,3.481924032,0.3787005669,-2.967847658,0.8456859209,-0.1152109188,0.0364295655,0.08432234247,0.06295076192,0.08432234247,0.06226471386,0.9964334506,0.06497569739,14,16,estimated,evaluation_variance_excludes_fit_tuning_uncertainty,0.08210718588,0.002977314689,4943.232204,1.467621466,0,0.1075234469,0.04105359294
1,shared,30,5000,19,rct_aipw,0.8178858033,0.9282043295,0.1103185261,0.2386414513,0.4885094178,-0.02925653552,1.885665194,1,0,0,3.481924032,0.3787005669,-2.967847658,0.8456859209,-0.1152109188,0.0364295655,0.08432234247,0.06295076192,0.08432234247,0.06226471386,0.9964334506,0.06497569739,14,16,neutral,evaluation_variance_given_rct_nuisance_fit,0,0.002977314689,4943.232204,1.467621466,0,0.1075234469,0.04105359294
1,shifted,20,5000,0,estimated_r_datafusion,0.6128955804,1.059570969,0.446675389,0.1784932491,0.4224846141,0.2315163418,1.887625597,1,0.8683035846,-0.09399009371,0.8071122937,0.2429164972,-0.7008184978,-0.02283174434,0.09498668673,0.06187428285,0.03042616069,0.0001072978895,0.03042616069,0.0001072978895,0.9924012135,0.06399744911,11,9,estimated,evaluation_variance_excludes_fit_tuning_uncertainty,-0.007036848153,0.01685579106,3098.399785,15.26364094,0,0.4029022924,0.07486797677
1,shifted,20,5000,0,rct_aipw,0.6128955804,1.372065813,0.7591702324,0.2785362056,0.5277652941,0.3376648441,2.406466782,1,0,0,0.8071122937,0.2429164972,-0.7008184978,-0.02283174434,0.09498668673,0.06187428285,0.03042616069,0.0001072978895,0.03042616069,0.0001072978895,0.9924012135,0.06399744911,11,9,neutral,evaluation_variance_given_rct_nuisance_fit,0,0.01685579106,3098.399785,15.26364094,0,0.4029022924,0.07486797677
1,shifted,20,5000,1,estimated_r_datafusion,0.6128955804,0.3668670296,-0.2460285508,0.1445797532,0.3802364438,-0.3783827059,1.112116765,1,0.9781188876,1.705843284,2.332768797,0.2458031746,-2.28172522,0.4193016948,-0.1213067411,0.07754893387,0.1115899267,0.03576314901,0.1115899267,0.03576314901,0.9631782686,0.04117564038,8,12,estimated,evaluation_variance_excludes_fit_tuning_uncertainty,0.1118003193,0.0005976832403,3982.119523,4.848079471,0,0.2699896623,0.0655396192
1,shifted,20,5000,1,rct_aipw,0.6128955804,0.9422239749,0.3293283945,0.2510159715,0.5010149414,-0.03974726599,1.924195216,1,0,0,2.332768797,0.2458031746,-2.28172522,0.4193016948,-0.1213067411,0.07754893387,0.1115899267,0.03576314901,0.1115899267,0.03576314901,0.9631782686,0.04117564038,8,12,neutral,evaluation_variance_given_rct_nuisance_fit,0,0.0005976832403,3982.119523,4.848079471,0,0.2699896623,0.0655396192
1,shifted,20,5000,2,estimated_r_datafusion,0.6128955804,0.6020641681,-0.01083141236,0.2175811172,0.4664559113,-0.3121726184,1.516300955,1,1.03310177,2,2.961441661,0.277298116,-3.059470623,1.050430437,-0.1703122377,0.04394418267,0.1580372259,0.1989562928,0.1580372259,0.1546264642,0.9720041707,0.02946185523,10,10,estimated,evaluation_variance_excludes_fit_tuning_uncertainty,0.1206027273,0.05414352609,1741.814909,20,0.0076,1.122666613,0.06030136365
1,shifted,20,5000,2,rct_aipw,0.6128955804,0.5213866964,-0.09150888409,0.4998960691,0.7070332871,-0.8643730822,1.907146475,1,0,0,2.961441661,0.277298116,-3.059470623,1.050430437,-0.1703122377,0.04394418267,0.1580372259,0.1989562928,0.1580372259,0.1546264642,0.9720041707,0.02946185523,10,10,neutral,evaluation_variance_given_rct_nuisance_fit,0,0.05414352609,1741.814909,20,0.0076,1.122666613,0.06030136365
1,shifted,20,5000,3,estimated_r_datafusion,0.6128955804,0.17455928,-0.4383363005,0.152419091,0.3904088767,-0.5906280575,0.9397466175,1,1.155186834,2,1.436170373,0.4901321575,-1.659045106,1.141018714,-0.09104942803,-0.1000194921,0.0958253532,0.1328135366,0.0958253532,0.1301773112,0.9868432421,0.07349953729,4,16,estimated,evaluation_variance_excludes_fit_tuning_uncertainty,-0.2114976347,-0.02221583125,2501.057071,11.63188553,0.001,0.5491948524,-0.1057488173
1,shifted,20,5000,3,rct_aipw,0.6128955804,0.06048987274,-0.5524057077,0.6199332062,0.7873583721,-1.48270418,1.603683925,1,0,0,1.436170373,0.4901321575,-1.659045106,1.141018714,-0.09104942803,-0.1000194921,0.0958253532,0.1328135366,0.0958253532,0.1301773112,0.9868432421,0.07349953729,4,16,neutral,evaluation_variance_given_rct_nuisance_fit,-0,-0.02221583125,2501.057071,11.63188553,0.001,0.5491948524,-0.1057488173
1,shifted,20,5000,4,estimated_r_datafusion,0.6128955804,1.181538135,0.5686425546,0.3058036006,0.5529951181,0.09768761996,2.26538865,1,1.550670408,2,3.429967741,0.42128943,-5.318749475,1.732765843,-0.7506688643,0.2159960161,0.4123813708,0.3563437929,0.4123813708,0.2622952827,0.9825380417,0.03279259758,11,9,estimated,evaluation_variance_excludes_fit_tuning_uncertainty,0.4314795044,0.003883275399,4276.845532,4.067064309,0,0.4706354373,0.2157397522
1,shifted,20,5000,4,rct_aipw,0.6128955804,0.0620060025,-0.5508895779,0.5164096296,0.7186164691,-1.346456396,1.470468401,1,0,0,3.429967741,0.42128943,-5.318749475,1.732765843,-0.7506688643,0.2159960161,0.4123813708,0.3563437929,0.4123813708,0.2622952827,0.9825380417,0.03279259758,11,9,neutral,evaluation_variance_given_rct_nuisance_fit,0,0.003883275399,4276.845532,4.067064309,0,0.4706354373,0.2157397522
1,shifted,20,5000,5,estimated_r_datafusion,0.6128955804,1.349137976,0.7362423954,0.2336803625,0.4834049674,0.4016816498,2.296594302,1,1.095476237,1.016002259,5.72207814,0.6616339188,-6.268400629,0.6722215563,0.09162750553,0.1334365272,0.3433441967,0.034148931,0.3433441967,0.034148931,0.9870017187,0.05386199277,10,10,estimated,evaluation_variance_excludes_fit_tuning_uncertainty,0.134693264,-0.003681540347,3590.371658,7.682509768,0,0.4061596898,0.1325718155
1,shifted,20,5000,5,rct_aipw,0.6128955804,1.215480962,0.6025853819,0.396968254,0.6300541675,-0.01940251427,2.450364439,1,0,0,5.72207814,0.6616339188,-6.268400629,0.6722215563,0.09162750553,0.1334365272,0.3433441967,0.034148931,0.3433441967,0.034148931,0.9870017187,0.05386199277,10,10,neutral,evaluation_variance_given_rct_nuisance_fit,0,-0.003681540347,3590.371658,7.682509768,0,0.4061596898,0.1325718155
1,shifted,20,5000,6,estimated_r_datafusion,0.6128955804,1.683106184,1.070210604,0.1366192829,0.3696204579,0.9586633985,2.407548969,0,0.9472413859,-1.968580268,1.983120697,0.1383025159,-1.878493998,-0.2722596038,0.3905624106,-0.04794063416,0.0889693629,0.02679824419,0.0889693629,0.02679824419,0.9602704965,0.03195171006,5,15,estimated,evaluation_variance_excludes_fit_tuning_uncertainty,0.103929166,0.004445583641,2998.318001,13.53463638,0,0.2664790991,-0.05279396917
1,shifted,20,5000,6,rct_aipw,0.6128955804,0.8798011974,0.266905617,0.3121185873,0.5586757443,-0.2151831405,1.974785535,1,0,0,1.983120697,0.1383025159,-1.878493998,-0.2722596038,0.3905624106,-0.04794063416,0.0889693629,0.02679824419,0.0889693629,0.02679824419,0.9602704965,0.03195171006,5,15,neutral,evaluation_variance_given_rct_nuisance_fit,-0,0.004445583641,2998.318001,13.53463638,0,0.2664790991,-0.05279396917
1,shifted,20,5000,7,estimated_r_datafusion,0.6128955804,1.245854976,0.6329593956,0.1598951832,0.3998689575,0.4621262207,2.029583731,1,0.5990871272,1.577344029,3.521756883,0.4964632937,-2.109839214,0.7830934121,0.2445264264,0.05457342557,0.06319887567,0.0617603859,0.06319887567,0.0617603859,0.9688298805,0.08358159522,13,7,estimated,evaluation_variance_excludes_fit_tuning_uncertainty,0.1143299372,0.04528052168,2758.73031,20,0.0002,0.6849755703,0.07248256249
1,shifted,20,5000,7,rct_aipw,0.6128955804,1.405258204,0.7923626232,0.201602204,0.4490013407,0.5252317468,2.28528466,1,0,0,3.521756883,0.4964632937,-2.109839214,0.7830934121,0.2445264264,0.05457342557,0.06319887567,0.0617603859,0.06319887567,0.0617603859,0.9688298805,0.08358159522,13,7,neutral,evaluation_variance_given_rct_nuisance_fit,0,0.04528052168,2758.73031,20,0.0002,0.6849755703,0.07248256249
1,shifted,20,5000,8,estimated_r_datafusion,0.6128955804,0.1573136495,-0.4555819309,0.2312604371,0.4808954534,-0.7852241194,1.099851418,1,1.127742414,2,2.89579133,0.3986959415,-3.265706705,0.9616940688,-0.5831540445,-0.0615449111,0.1841437981,0.1159850635,0.1841437981,0.1125996255,0.9857079495,0.05665140799,12,8,estimated,evaluation_variance_excludes_fit_tuning_uncertainty,-0.0857427914,-0.0008862374634,2892.119312,15.44572964,0,0.7949297238,-0.0428713957
1,shifted,20,5000,8,rct_aipw,0.6128955804,0.9501559124,0.337260332,0.7694895532,0.8772055365,-0.7691353461,2.669447171,1,0,0,2.89579133,0.3986959415,-3.265706705,0.9616940688,-0.5831540445,-0.0615449111,0.1841437981,0.1159850635,0.1841437981,0.1125996255,0.9857079495,0.05665140799,12,8,neutral,evaluation_variance_given_rct_nuisance_fit,-0,-0.0008862374634,2892.119312,15.44572964,0,0.7949297238,-0.0428713957
1,shifted,20,5000,9,estimated_r_datafusion,0.6128955804,0.3680975386,-0.2447980419,0.1816842031,0.4262442997,-0.4673259375,1.203521015,1,0.963632807,0.7791472539,8.12120448,0.1902996687,-7.825859069,0.1482714643,-0.2054604133,0.1018925678,0.3770627271,0.005776265212,0.3770627271,0.005776265212,0.9911924886,0.02192183525,9,11,estimated,evaluation_variance_excludes_fit_tuning_uncertainty,0.08416885897,0.01653163465,3700.031717,5.382860712,0,0.4593951532,0.1080268955
1,shifted,20,5000,9,rct_aipw,0.6128955804,0.1925881548,-0.4203074256,0.9408428377,0.9699705344,-1.708519159,2.093695468,1,0,0,8.12120448,0.1902996687,-7.825859069,0.1482714643,-0.2054604133,0.1018925678,0.3770627271,0.005776265212,0.3770627271,0.005776265212,0.9911924886,0.02192183525,9,11,neutral,evaluation_variance_given_rct_nuisance_fit,0,0.01653163465,3700.031717,5.382860712,0,0.4593951532,0.1080268955
1,shifted,20,5000,10,estimated_r_datafusion,0.6128955804,0.878226653,0.2653310726,0.2769021312,0.5262149098,-0.1531356182,1.909588924,1,0.6646008572,1.236337695,5.385724139,0.5628268719,-3.57935688,0.6958440776,0.5700316511,-0.2094218474,0.1189421825,0.04301491316,0.1189421825,0.04301491316,0.9731829441,0.05840352044,8,12,estimated,evaluation_variance_excludes_fit_tuning_uncertainty,-0.270262107,0.001034034977,2555.999399,18.12340576,0.0002,0.6236087292,-0.2185989378
1,shifted,20,5000,10,rct_aipw,0.6128955804,0.7179454809,0.1050499004,0.3608862624,0.600738098,-0.4594795553,1.895370517,1,0,0,5.385724139,0.5628268719,-3.57935688,0.6958440776,0.5700316511,-0.2094218474,0.1189421825,0.04301491316,0.1189421825,0.04301491316,0.9731829441,0.05840352044,8,12,neutral,evaluation_variance_given_rct_nuisance_fit,-0,0.001034034977,2555.999399,18.12340576,0.0002,0.6236087292,-0.2185989378
1,shifted,20,5000,11,estimated_r_datafusion,0.6128955804,1.242628375,0.6297327944,0.2802277104,0.5293653846,0.2050912864,2.280165463,1,0.9825047407,-0.5687416453,7.04631879,0.2495836916,-6.923041615,-0.1419486394,0.1623076812,0.09358444085,0.3400960604,0.004036605136,0.3400960604,0.004036605136,0.9718405039,0.02106562843,8,12,estimated,evaluation_variance_excludes_fit_tuning_uncertainty,-0.04805675615,-0.01530216491,4141.056013,3.570199987,0,0.3885971976,0.08449663664
1,shifted,20,5000,11,rct_aipw,0.6128955804,0.7691252664,0.1562296859,0.5216821023,0.7222756415,-0.6465089779,2.184759511,1,0,0,7.04631879,0.2495836916,-6.923041615,-0.1419486394,0.1623076812,0.09358444085,0.3400960604,0.004036605136,0.3400960604,0.004036605136,0.9718405039,0.02106562843,8,12,neutral,evaluation_variance_given_rct_nuisance_fit,0,-0.01530216491,4141.056013,3.570199987,0,0.3885971976,0.08449663664
1,shifted,20,5000,12,estimated_r_datafusion,0.6128955804,0.5858796803,-0.02701590011,0.1670351989,0.4086993992,-0.2151564225,1.386915783,1,0.8135288176,-0.9800202284,6.00623113,0.3292211751,-4.886242109,-0.3226434112,-0.02808232703,-0.06848924092,0.1987549383,0.01580985348,0.1987549383,0.01580985348,0.9654179,0.03270083274,10,10,estimated,evaluation_variance_excludes_fit_tuning_uncertainty,0.05996936041,0.008141180593,3889.270831,5.125713513,0,0.4390644655,-0.06119196183
1,shifted,20,5000,12,rct_aipw,0.6128955804,0.53182088,-0.08107470043,0.328761518,0.5733772911,-0.5919779601,1.65561972,1,0,0,6.00623113,0.3292211751,-4.886242109,-0.3226434112,-0.02808232703,-0.06848924092,0.1987549383,0.01580985348,0.1987549383,0.01580985348,0.9654179,0.03270083274,10,10,neutral,evaluation_variance_given_rct_nuisance_fit,-0,0.008141180593,3889.270831,5.125713513,0,0.4390644655,-0.06119196183
1,shifted,20,5000,13,estimated_r_datafusion,0.6128955804,1.021060676,0.4081650954,0.1323316242,0.363774139,0.308076465,1.734044887,1,0.6887053018,0.6385755433,2.653894471,0.4639103085,-1.827751193,0.2962417773,0.008096461268,0.06131488798,0.06293909684,0.009458637695,0.06293909684,0.009458637695,0.993172589,0.1801085133,6,14,estimated,evaluation_variance_excludes_fit_tuning_uncertainty,0.04659142752,-0.002781620088,4332.309134,3.388637559,0,0.3184518787,0.0729614969
1,shifted,20,5000,13,rct_aipw,0.6128955804,0.9872063461,0.3743107656,0.1432102711,0.3784313294,0.2454945698,1.728918122,1,0,0,2.653894471,0.4639103085,-1.827751193,0.2962417773,0.008096461268,0.06131488798,0.06293909684,0.009458637695,0.06293909684,0.009458637695,0.993172589,0.1801085133,6,14,neutral,evaluation_variance_given_rct_nuisance_fit,0,-0.002781620088,4332.309134,3.388637559,0,0.3184518787,0.0729614969
1,shifted,20,5000,14,estimated_r_datafusion,0.6128955804,1.469444953,0.8565493729,0.2949111813,0.5430572542,0.4050722936,2.533817613,1,0.8400385099,2,3.616665456,0.387231791,-3.03813826,1.041587785,-0.4134404108,-0.0675791883,0.1276076569,0.1400847165,0.1276076569,0.1308711988,0.9854914219,0.05453002138,7,13,estimated,evaluation_variance_excludes_fit_tuning_uncertainty,-0.1260786721,0.002688664805,3366.849426,8.856180292,0,0.2973356193,-0.06303933603
1,shifted,20,5000,14,rct_aipw,0.6128955804,1.995149258,1.382253677,0.3260141891,0.5709765224,0.8760558377,3.114242678,0,0,0,3.616665456,0.387231791,-3.03813826,1.041587785,-0.4134404108,-0.0675791883,0.1276076569,0.1400847165,0.1276076569,0.1308711988,0.9854914219,0.05453002138,7,13,neutral,evaluation_variance_given_rct_nuisance_fit,-0,0.002688664805,3366.849426,8.856180292,0,0.2973356193,-0.06303933603
1,shifted,20,5000,15,estimated_r_datafusion,0.6128955804,0.4719686382,-0.1409269423,0.3170696396,0.5630893709,-0.6316662489,1.575603525,1,1.962232119,0.8657987426,2.706184597,0.5312751862,-5.310162335,0.4599773881,0.07496698464,0.1816931357,0.5209885545,0.01991239221,0.5209885545,0.01991239221,0.9813032909,0.03910945946,10,10,estimated,evaluation_variance_excludes_fit_tuning_uncertainty,0.1584510257,0.02826908402,2453.834552,20,0.0008,0.7777291312,0.1830113835
1,shifted,20,5000,15,rct_aipw,0.6128955804,-0.3102673047,-0.9231628852,0.3945740054,0.62815126,-1.541421151,0.9208865417,1,0,0,2.706184597,0.5312751862,-5.310162335,0.4599773881,0.07496698464,0.1816931357,0.5209885545,0.01991239221,0.5209885545,0.01991239221,0.9813032909,0.03910945946,10,10,neutral,evaluation_variance_given_rct_nuisance_fit,0,0.02826908402,2453.834552,20,0.0008,0.7777291312,0.1830113835
1,shifted,20,5000,16,estimated_r_datafusion,0.6128955804,0.9162829108,0.3033873303,0.2463154448,0.4963017679,-0.05645067981,1.889016501,1,0.3053659998,0.4520776037,2.562315822,0.6126185923,-0.7824441329,0.2769511452,-0.0470946966,0.192109957,0.01194659175,0.006260170503,0.01194659175,0.006260170503,0.9824251727,0.2021622554,8,12,estimated,evaluation_variance_excludes_fit_tuning_uncertainty,0.08033060721,0.02846182329,4826.742571,2.017030487,0,0.5068333935,0.1776920745
1,shifted,20,5000,16,rct_aipw,0.6128955804,0.934833258,0.3219376776,0.3516760792,0.5930228319,-0.2274701346,2.097136651,1,0,0,2.562315822,0.6126185923,-0.7824441329,0.2769511452,-0.0470946966,0.192109957,0.01194659175,0.006260170503,0.01194659175,0.006260170503,0.9824251727,0.2021622554,8,12,neutral,evaluation_variance_given_rct_nuisance_fit,0,0.02846182329,4826.742571,2.017030487,0,0.5068333935,0.1776920745
1,shifted,20,5000,17,estimated_r_datafusion,0.6128955804,0.2365595907,-0.3763359897,0.1507004888,0.3882016084,-0.5243015805,0.997420762,1,0.9488436041,1.456464546,4.505859277,0.5362175089,-4.275355756,0.7809817908,0.25294313,-0.2762206691,0.2028321982,0.05687361448,0.2028321982,0.05687361448,0.9940785008,0.0506866697,12,8,estimated,evaluation_variance_excludes_fit_tuning_uncertainty,-0.3906542731,0.01927572339,1838.681491,20,0.0088,1.070398578,-0.2682209286
1,shifted,20,5000,17,rct_aipw,0.6128955804,0.5109584247,-0.1019371557,0.3130454508,0.5595046477,-0.5856505339,1.607567383,1,0,0,4.505859277,0.5362175089,-4.275355756,0.7809817908,0.25294313,-0.2762206691,0.2028321982,0.05687361448,0.2028321982,0.05687361448,0.9940785008,0.0506866697,12,8,neutral,evaluation_variance_given_rct_nuisance_fit,-0,0.01927572339,1838.681491,20,0.0088,1.070398578,-0.2682209286
1,shifted,20,5000,18,estimated_r_datafusion,0.6128955804,1.316854346,0.7039587656,0.1049650161,0.323983049,0.6818592384,1.951849454,0,1.096462676,-0.5386732776,3.790842052,0.2458287009,-4.156516819,-0.1324213521,0.194920048,-0.01380104358,0.2278732777,0.003566592187,0.2278732777,0.003566592187,0.9836026682,0.02654417833,8,12,estimated,evaluation_variance_excludes_fit_tuning_uncertainty,0.006428171322,0.002238130874,3689.666186,5.44567915,0,0.5416960434,-0.01193333991
1,shifted,20,5000,18,rct_aipw,0.6128955804,1.315202239,0.7023066584,0.2871252655,0.535840709,0.2649737476,2.36543073,1,0,0,3.790842052,0.2458287009,-4.156516819,-0.1324213521,0.194920048,-0.01380104358,0.2278732777,0.003566592187,0.2278732777,0.003566592187,0.9836026682,0.02654417833,8,12,neutral,evaluation_variance_given_rct_nuisance_fit,-0,0.002238130874,3689.666186,5.44567915,0,0.5416960434,-0.01193333991
1,shifted,20,5000,19,estimated_r_datafusion,0.6128955804,1.025025681,0.4121301008,0.2654303247,0.5151993058,0.01525359698,2.034797765,1,1.10336095,1.999898662,12.46043305,0.3403861437,-13.74835524,0.6807377935,-0.7454476887,-0.006967759923,0.7584699148,0.06807033012,0.7584699148,0.06807033012,0.9476291128,0.02035200248,10,10,estimated,evaluation_variance_excludes_fit_tuning_uncertainty,-0.01343782734,0.02014009186,3565.497691,6.741842686,0,0.2314852768,-0.006719254129
1,shifted,20,5000,19,rct_aipw,0.6128955804,1.811311014,1.198415434,0.8265860567,0.9091677825,0.02937490468,3.593247124,1,0,0,12.46043305,0.3403861437,-13.74835524,0.6807377935,-0.7454476887,-0.006967759923,0.7584699148,0.06807033012,0.7584699148,0.06807033012,0.9476291128,0.02035200248,10,10,neutral,evaluation_variance_given_rct_nuisance_fit,-0,0.02014009186,3565.497691,6.741842686,0,0.2314852768,-0.006719254129
1,shifted,30,5000,0,estimated_r_datafusion,0.6128955804,0.599849777,-0.01304580342,0.1528442157,0.3909529585,-0.1664039413,1.366103495,1,0.8698591197,1.313667767,1.731380037,0.7154413539,-1.506056715,0.9398522456,-0.07904133073,-0.2716720051,0.04366857226,0.04115512001,0.04366857226,0.04115512001,0.9805362548,0.05224771604,16,14,estimated,evaluation_variance_excludes_fit_tuning_uncertainty,-0.3665219301,0.02388304252,2149.631572,20,0.0008,0.7385660061,-0.2790065642
1,shifted,30,5000,0,rct_aipw,0.6128955804,1.206002293,0.5931067126,0.2619848464,0.5118445529,0.2028054036,2.209199182,1,0,0,1.731380037,0.7154413539,-1.506056715,0.9398522456,-0.07904133073,-0.2716720051,0.04366857226,0.04115512001,0.04366857226,0.04115512001,0.9805362548,0.05224771604,16,14,neutral,evaluation_variance_given_rct_nuisance_fit,-0,0.02388304252,2149.631572,20,0.0008,0.7385660061,-0.2790065642
1,shifted,30,5000,1,estimated_r_datafusion,0.6128955804,0.06007716213,-0.5528184183,0.1091191826,0.330331928,-0.5873615196,0.7075158439,1,0.7547309259,0.5866474976,1.115633664,0.3169442176,-0.842003228,0.1859345321,0.272839628,0.1374846901,0.02118286253,0.003635934266,0.02118286253,0.003635934266,0.9656335475,0.06124570704,13,17,estimated,evaluation_variance_excludes_fit_tuning_uncertainty,0.08962933535,0.02985734504,2560.830086,12.40720373,0.0002,0.8320984614,0.1527822683
1,shifted,30,5000,1,rct_aipw,0.6128955804,-0.3522208204,-0.9651164009,0.2017501523,0.4491660631,-1.232570127,0.5281284864,0,0,0,1.115633664,0.3169442176,-0.842003228,0.1859345321,0.272839628,0.1374846901,0.02118286253,0.003635934266,0.02118286253,0.003635934266,0.9656335475,0.06124570704,13,17,neutral,evaluation_variance_given_rct_nuisance_fit,0,0.02985734504,2560.830086,12.40720373,0.0002,0.8320984614,0.1527822683
1,shifted,30,5000,2,estimated_r_datafusion,0.6128955804,0.2058916347,-0.4070039457,0.27814709,0.5273965206,-0.8277865513,1.239569821,1,0.9793898566,-0.09143968121,1.961256165,0.338205218,-1.920834394,-0.03092537732,0.03040860059,0.004488544213,0.06270819072,9.426022144e-05,0.06270819072,9.426022144e-05,0.983357442,0.0496374244,18,12,estimated,evaluation_variance_excludes_fit_tuning_uncertainty,-0.000809259952,0.01058630484,3914.481868,5.304558384,0,0.2635514108,0.008850205308
1,shifted,30,5000,2,rct_aipw,0.6128955804,0.1411621788,-0.4717334017,0.5733784366,0.7572175623,-1.342956972,1.625281329,1,0,0,1.961256165,0.338205218,-1.920834394,-0.03092537732,0.03040860059,0.004488544213,0.06270819072,9.426022144e-05,0.06270819072,9.426022144e-05,0.983357442,0.0496374244,18,12,neutral,evaluation_variance_given_rct_nuisance_fit,0,0.01058630484,3914.481868,5.304558384,0,0.2635514108,0.008850205308
1,shifted,30,5000,3,estimated_r_datafusion,0.6128955804,0.5525226064,-0.060372974,0.1537195196,0.3920708094,-0.2159220594,1.320967272,1,1.307355411,1.676088432,3.080922907,0.4897874715,-4.027861234,0.8209271152,-0.2805024741,0.1773439336,0.175528206,0.04586488138,0.175528206,0.04586488138,0.9828880527,0.06283799234,17,13,estimated,evaluation_variance_excludes_fit_tuning_uncertainty,0.2938872227,0.01321394224,4634.073265,2.672073418,0,0.3931102487,0.1753411199
1,shifted,30,5000,3,rct_aipw,0.6128955804,0.5518823492,-0.06101323126,0.1215845098,0.3486897042,-0.1315369129,1.235301611,1,0,0,3.080922907,0.4897874715,-4.027861234,0.8209271152,-0.2805024741,0.1773439336,0.175528206,0.04586488138,0.175528206,0.04586488138,0.9828880527,0.06283799234,17,13,neutral,evaluation_variance_given_rct_nuisance_fit,0,0.01321394224,4634.073265,2.672073418,0,0.3931102487,0.1753411199
1,shifted,30,5000,4,estimated_r_datafusion,0.6128955804,-0.1476385699,-0.7605341503,0.2914284357,0.5398411208,-1.205707724,0.9104305843,1,1.341095813,2,1.719971572,0.3801318974,-2.306646672,0.8797386784,-0.5351567287,0.02565620887,0.1031144731,0.06786593001,0.1031144731,0.06661423747,0.9879134503,0.04652197637,12,18,estimated,evaluation_variance_excludes_fit_tuning_uncertainty,0.05576456498,0.02718568378,3589.823047,8.463477107,0,0.09481923578,0.02788228249
1,shifted,30,5000,4,rct_aipw,0.6128955804,0.6011582883,-0.0117372921,0.1418105513,0.3765774174,-0.1369198872,1.339236464,1,0,0,1.719971572,0.3801318974,-2.306646672,0.8797386784,-0.5351567287,0.02565620887,0.1031144731,0.06786593001,0.1031144731,0.06661423747,0.9879134503,0.04652197637,12,18,neutral,evaluation_variance_given_rct_nuisance_fit,0,0.02718568378,3589.823047,8.463477107,0,0.09481923578,0.02788228249
1,shifted,30,5000,5,estimated_r_datafusion,0.6128955804,0.5940355949,-0.01885998551,0.2877112011,0.5363871746,-0.457263949,1.645335139,1,0.6149447408,0.3200630136,0.9052518889,0.314956701,-0.5566798882,0.1008059909,-0.03598060013,0.1027961658,0.01141091232,0.001075475641,0.01141091232,0.001075475641,0.9919301118,0.06330957972,14,16,estimated,evaluation_variance_excludes_fit_tuning_uncertainty,0.03307590456,0.02380320082,4054.62067,4.436352709,0,0.21056604,0.1033418519
1,shifted,30,5000,5,rct_aipw,0.6128955804,0.4717239103,-0.1411716702,0.3534535314,0.5945195803,-0.6935130553,1.636960876,1,0,0,0.9052518889,0.314956701,-0.5566798882,0.1008059909,-0.03598060013,0.1027961658,0.01141091232,0.001075475641,0.01141091232,0.001075475641,0.9919301118,0.06330957972,14,16,neutral,evaluation_variance_given_rct_nuisance_fit,0,0.02380320082,4054.62067,4.436352709,0,0.21056604,0.1033418519
1,shifted,30,5000,6,estimated_r_datafusion,0.6128955804,0.4060337655,-0.206861815,0.1735812114,0.4166307854,-0.4105475688,1.2226151,1,1.676671302,0.5942417624,1.902290642,0.2267544589,-3.189516127,0.1347469693,0.1733768022,0.03808882472,0.1782590053,0.002669075884,0.1782590053,0.002669075884,0.984054861,0.01414595111,11,19,estimated,evaluation_variance_excludes_fit_tuning_uncertainty,0.02782066602,0.007810388491,4038.086056,4.593549785,0,0.3045848394,0.04681708317
1,shifted,30,5000,6,rct_aipw,0.6128955804,0.4034278728,-0.2094677077,0.1949995954,0.4415875852,-0.4620678903,1.268923636,1,0,0,1.902290642,0.2267544589,-3.189516127,0.1347469693,0.1733768022,0.03808882472,0.1782590053,0.002669075884,0.1782590053,0.002669075884,0.984054861,0.01414595111,11,19,neutral,evaluation_variance_given_rct_nuisance_fit,0,0.007810388491,4038.086056,4.593549785,0,0.3045848394,0.04681708317
1,shifted,30,5000,7,estimated_r_datafusion,0.6128955804,0.7370992686,0.1242036882,0.2990852473,0.5468868688,-0.3347792978,1.808977835,1,1.215541927,-1.332430763,3.201500169,0.1910877445,-3.891557686,-0.2546111892,0.1117663509,0.01668762623,0.1576783844,0.01130839271,0.1576783844,0.01130839271,0.960913171,0.02187798326,16,14,estimated,evaluation_variance_excludes_fit_tuning_uncertainty,-0.02033685312,0.03081008237,3193.324528,8.913723777,0,0.295466773,0.01526297176
1,shifted,30,5000,7,rct_aipw,0.6128955804,0.5770356028,-0.03585997765,0.2281644041,0.4776655777,-0.3591717261,1.513242932,1,0,0,3.201500169,0.1910877445,-3.891557686,-0.2546111892,0.1117663509,0.01668762623,0.1576783844,0.01130839271,0.1576783844,0.01130839271,0.960913171,0.02187798326,16,14,neutral,evaluation_variance_given_rct_nuisance_fit,0,0.03081008237,3193.324528,8.913723777,0,0.295466773,0.01526297176
1,shifted,30,5000,8,estimated_r_datafusion,0.6128955804,0.4037397525,-0.2091558279,0.2225176243,0.471717738,-0.5208100248,1.32828953,1,0.720644884,0.5526854762,1.149265159,0.6989566185,-0.8282120574,0.3863031715,0.1016682784,-0.05136371018,0.01989489273,0.007116805077,0.01989489273,0.007116805077,0.9884179392,0.1520922073,13,17,estimated,evaluation_variance_excludes_fit_tuning_uncertainty,-0.02808567664,0.03709551395,3284.839566,11.37768991,0,0.4146495737,-0.05081674452
1,shifted,30,5000,8,rct_aipw,0.6128955804,0.1111550205,-0.5017405599,0.3569741021,0.5974730974,-1.059870732,1.282180773,1,0,0,1.149265159,0.6989566185,-0.8282120574,0.3863031715,0.1016682784,-0.05136371018,0.01989489273,0.007116805077,0.01989489273,0.007116805077,0.9884179392,0.1520922073,13,17,neutral,evaluation_variance_given_rct_nuisance_fit,-0,0.03709551395,3284.839566,11.37768991,0,0.4146495737,-0.05081674452
1,shifted,30,5000,9,estimated_r_datafusion,0.6128955804,0.2915747837,-0.3213207968,0.2227609882,0.4719756225,-0.633480438,1.216630005,1,1.050744575,1.547641009,5.171736815,0.3767414023,-5.434174401,0.5830604439,-0.4247833859,0.04075725634,0.1903309757,0.03007894179,0.1903309757,0.03007894179,0.961009057,0.04073218113,15,15,estimated,evaluation_variance_excludes_fit_tuning_uncertainty,0.05354646067,0.02975182676,3190.20529,8.857900921,0,0.3128263,0.03459876055
1,shifted,30,5000,9,rct_aipw,0.6128955804,1.120580226,0.5076846457,0.281288426,0.530366313,0.08108135404,2.160079098,1,0,0,5.171736815,0.3767414023,-5.434174401,0.5830604439,-0.4247833859,0.04075725634,0.1903309757,0.03007894179,0.1903309757,0.03007894179,0.961009057,0.04073218113,15,15,neutral,evaluation_variance_given_rct_nuisance_fit,0,0.02975182676,3190.20529,8.857900921,0,0.3128263,0.03459876055
1,shifted,30,5000,10,estimated_r_datafusion,0.6128955804,1.172133331,0.5592377503,0.1154264699,0.3397447128,0.5062459297,1.838020732,1,0.6422453969,0.5383044488,5.299300725,0.5199222437,-3.403451498,0.2798764568,0.3016517819,-0.02746313403,0.07286170194,0.005021958061,0.07286170194,0.005021958061,0.9726162678,0.06239747085,17,13,estimated,evaluation_variance_excludes_fit_tuning_uncertainty,-0.01760943637,0.009914751681,3581.992424,7.914489459,0,0.2881889734,-0.03271278252
1,shifted,30,5000,10,rct_aipw,0.6128955804,1.411036978,0.7981413973,0.3005242376,0.5482009099,0.336582938,2.485491017,1,0,0,5.299300725,0.5199222437,-3.403451498,0.2798764568,0.3016517819,-0.02746313403,0.07286170194,0.005021958061,0.07286170194,0.005021958061,0.9726162678,0.06239747085,17,13,neutral,evaluation_variance_given_rct_nuisance_fit,-0,0.009914751681,3581.992424,7.914489459,0,0.2881889734,-0.03271278252
1,shifted,30,5000,11,estimated_r_datafusion,0.6128955804,0.5369336934,-0.07596188706,0.1751938466,0.4185616401,-0.2834320466,1.357299433,1,0.9550514058,0.9994309483,2.035827986,0.4527897191,-1.94432038,0.4525320584,-0.05447236067,-0.1135781908,0.0618975304,0.01507581814,0.0618975304,0.01507581814,0.9903189786,0.06520819086,13,17,estimated,evaluation_variance_excludes_fit_tuning_uncertainty,-0.1193400383,-0.001592472539,3462.041767,6.570445986,0,0.4784523427,-0.1194079876
1,shifted,30,5000,11,rct_aipw,0.6128955804,0.7580355025,0.145139922,0.4391908697,0.6627147725,-0.5408615836,2.056932589,1,0,0,2.035827986,0.4527897191,-1.94432038,0.4525320584,-0.05447236067,-0.1135781908,0.0618975304,0.01507581814,0.0618975304,0.01507581814,0.9903189786,0.06520819086,13,17,neutral,evaluation_variance_given_rct_nuisance_fit,-0,-0.001592472539,3462.041767,6.570445986,0,0.4784523427,-0.1194079876
1,shifted,30,5000,12,estimated_r_datafusion,0.6128955804,0.122667182,-0.4902283985,0.1865165357,0.4318756021,-0.723793444,0.9691278079,1,0.8276381621,0.7656057285,4.841279432,0.4678571256,-4.006827612,0.3581940955,-0.4230411243,0.007368618726,0.1105401147,0.009141181714,0.1105401147,0.009141181714,0.9819111491,0.081336137,16,14,estimated,evaluation_variance_excludes_fit_tuning_uncertainty,0.01952449999,0.01514583838,3342.409507,9.394415038,0,0.4257696978,0.02550202965
1,shifted,30,5000,12,rct_aipw,0.6128955804,-0.3219628254,-0.9348584059,0.5244146737,0.7241648112,-1.741299774,1.097374123,1,0,0,4.841279432,0.4678571256,-4.006827612,0.3581940955,-0.4230411243,0.007368618726,0.1105401147,0.009141181714,0.1105401147,0.009141181714,0.9819111491,0.081336137,16,14,neutral,evaluation_variance_given_rct_nuisance_fit,0,0.01514583838,3342.409507,9.394415038,0,0.4257696978,0.02550202965
1,shifted,30,5000,13,estimated_r_datafusion,0.6128955804,1.643451099,1.030555519,0.1782414351,0.4221864933,0.8159807778,2.470921421,0,0.873369652,0.7935207355,5.18016239,0.3519837068,-4.524196624,0.2793063699,-0.3357075896,0.05796075319,0.1317098677,0.007387846536,0.1317098677,0.007387846536,0.9827009274,0.04851274942,16,14,estimated,evaluation_variance_excludes_fit_tuning_uncertainty,0.04739393148,0.005559742086,4242.175944,4.385325663,0,0.1792138697,0.05972614119
1,shifted,30,5000,13,rct_aipw,0.6128955804,1.446675095,0.8337795141,0.3211277075,0.5666813104,0.3360001355,2.557350054,1,0,0,5.18016239,0.3519837068,-4.524196624,0.2793063699,-0.3357075896,0.05796075319,0.1317098677,0.007387846536,0.1317098677,0.007387846536,0.9827009274,0.04851274942,16,14,neutral,evaluation_variance_given_rct_nuisance_fit,0,0.005559742086,4242.175944,4.385325663,0,0.1792138697,0.05972614119
1,shifted,30,5000,14,estimated_r_datafusion,0.6128955804,0.8125622663,0.1996666858,0.1191792361,0.3452234582,0.1359367216,1.489187811,1,0.7783548821,1.715828933,4.466750381,0.5580083068,-3.476716966,0.9574467978,-0.3095679523,-0.02933956959,0.09020398747,0.05476049726,0.09020398747,0.05476049726,0.9838974514,0.08569041951,14,16,estimated,evaluation_variance_excludes_fit_tuning_uncertainty,-0.05335842107,0.01024117274,3380.428114,9.470359685,0,0.3541335526,-0.03109775109
1,shifted,30,5000,14,rct_aipw,0.6128955804,0.9572973059,0.3444017254,0.1427358955,0.3778040438,0.2168149868,1.697779625,1,0,0,4.466750381,0.5580083068,-3.476716966,0.9574467978,-0.3095679523,-0.02933956959,0.09020398747,0.05476049726,0.09020398747,0.05476049726,0.9838974514,0.08569041951,14,16,neutral,evaluation_variance_given_rct_nuisance_fit,-0,0.01024117274,3380.428114,9.470359685,0,0.3541335526,-0.03109775109
1,shifted,30,5000,15,estimated_r_datafusion,0.6128955804,0.01867021204,-0.5942253684,0.2300598422,0.479645538,-0.9214177678,0.9587581919,1,1.130107059,2,3.770630096,0.2046469399,-4.261215687,0.6631847726,-0.4593444104,-0.1740088592,0.1605209976,0.07163785636,0.1605209976,0.06113837769,0.9688151885,0.02853360883,11,19,estimated,evaluation_variance_excludes_fit_tuning_uncertainty,-0.3302936157,-0.02277658913,2999.445666,8.780847256,0.0002,0.4000756245,-0.1651468078
1,shifted,30,5000,15,rct_aipw,0.6128955804,0.2492114687,-0.3636841118,0.4677322388,0.6839095253,-1.09122657,1.589649507,1,0,0,3.770630096,0.2046469399,-4.261215687,0.6631847726,-0.4593444104,-0.1740088592,0.1605209976,0.07163785636,0.1605209976,0.06113837769,0.9688151885,0.02853360883,11,19,neutral,evaluation_variance_given_rct_nuisance_fit,-0,-0.02277658913,2999.445666,8.780847256,0.0002,0.4000756245,-0.1651468078
1,shifted,30,5000,16,estimated_r_datafusion,0.6128955804,0.2576653782,-0.3552302022,0.1694093206,0.4115936353,-0.5490433233,1.06437408,1,1.032165974,0.997810909,1.020509496,0.4371757369,-1.053335178,0.4362187195,-0.1775665463,-0.04964427934,0.03624055768,0.01450879323,0.03624055768,0.01450879323,0.9862215264,0.05830308784,17,13,estimated,evaluation_variance_excludes_fit_tuning_uncertainty,-0.05746170048,0.01975085715,3375.833859,7.657442058,0,0.304271664,-0.05758776534
1,shifted,30,5000,16,rct_aipw,0.6128955804,1.041349834,0.4284542535,0.3072277236,0.5542812676,-0.04502148787,2.127721156,1,0,0,1.020509496,0.4371757369,-1.053335178,0.4362187195,-0.1775665463,-0.04964427934,0.03624055768,0.01450879323,0.03624055768,0.01450879323,0.9862215264,0.05830308784,17,13,neutral,evaluation_variance_given_rct_nuisance_fit,-0,0.01975085715,3375.833859,7.657442058,0,0.304271664,-0.05758776534
1,shifted,30,5000,17,estimated_r_datafusion,0.6128955804,1.373601509,0.7607059282,0.2286539996,0.4781777908,0.4363902605,2.310812757,1,1.192674365,0.8279538404,1.259187133,0.3038839876,-1.501800214,0.2516019146,0.09333044998,0.1507051383,0.0597052872,0.006943825715,0.0597052872,0.006943825715,0.9739203125,0.02937046951,13,17,estimated,evaluation_variance_excludes_fit_tuning_uncertainty,0.1428507699,-0.001369810328,3507.534968,5.984877184,0,0.6991391778,0.1725347029
1,shifted,30,5000,17,rct_aipw,0.6128955804,1.893841325,1.280945744,0.2382591776,0.4881179956,0.9371476333,2.850535016,0,0,0,1.259187133,0.3038839876,-1.501800214,0.2516019146,0.09333044998,0.1507051383,0.0597052872,0.006943825715,0.0597052872,0.006943825715,0.9739203125,0.02937046951,13,17,neutral,evaluation_variance_given_rct_nuisance_fit,0,-0.001369810328,3507.534968,5.984877184,0,0.6991391778,0.1725347029
1,shifted,30,5000,18,estimated_r_datafusion,0.6128955804,0.8617682753,0.2488726949,0.1409795456,0.3754724299,0.1258558356,1.597680715,1,0.9065092922,-0.1241015136,1.31714536,0.2376416987,-1.194004508,-0.02949169452,0.02143335918,0.1769578769,0.03607920605,0.0001219987976,0.03607920605,0.0001219987976,0.9754386832,0.04790604923,11,19,estimated,evaluation_variance_excludes_fit_tuning_uncertainty,-0.02314240991,-0.006671474691,4199.589877,4.989851384,0,0.4093645378,0.1864796748
1,shifted,30,5000,18,rct_aipw,0.6128955804,0.9720570307,0.3591614503,0.2082481307,0.4563421202,0.07764291051,1.866471151,1,0,0,1.31714536,0.2376416987,-1.194004508,-0.02949169452,0.02143335918,0.1769578769,0.03607920605,0.0001219987976,0.03607920605,0.0001219987976,0.9754386832,0.04790604923,11,19,neutral,evaluation_variance_given_rct_nuisance_fit,0,-0.006671474691,4199.589877,4.989851384,0,0.4093645378,0.1864796748
1,shifted,30,5000,19,estimated_r_datafusion,0.6128955804,0.7123832182,0.09948763777,0.1706540503,0.4131029536,-0.09728369273,1.522050129,1,1.2474376,0.1558143802,2.66504351,0.3804338851,-3.32447548,0.05927707,0.2104371599,0.0408331205,0.1382358571,0.0003078739974,0.1382358571,0.0003078739974,0.949658869,0.05796845635,16,14,estimated,evaluation_variance_excludes_fit_tuning_uncertainty,0.005094150734,0.01430024421,3889.503926,5.43868572,0,0.2589589969,0.03269371369
1,shifted,30,5000,19,rct_aipw,0.6128955804,0.9261641372,0.3132685567,0.2568201986,0.5067743074,-0.06709525358,1.919423528,1,0,0,2.66504351,0.3804338851,-3.32447548,0.05927707,0.2104371599,0.0408331205,0.1382358571,0.0003078739974,0.1382358571,0.0003078739974,0.949658869,0.05796845635,16,14,neutral,evaluation_variance_given_rct_nuisance_fit,0,0.01430024421,3889.503926,5.43868572,0,0.2589589969,0.03269371369
2,shared,20,5000,0,estimated_r_datafusion,0.5177838647,0.1668831684,-0.3509006963,0.3381700524,0.5815239053,-0.9728827421,1.306649079,1,1.102332881,2,2.168965234,0.3412465176,-2.390921696,0.6896779723,-0.2002739289,-0.09683987628,0.1317795801,0.06969385487,0.1317795801,0.06968629094,0.9755856143,0.02642749344,6,14,estimated,evaluation_variance_excludes_fit_tuning_uncertainty,-0.1875328377,0.008262628709,4395.369899,3.645693144,0,0.3740475569,-0.09376641884
2,shared,20,5000,0,rct_aipw,0.5177838647,0.6116383528,0.09385448814,0.2107466298,0.4590714866,-0.2881252272,1.511401933,1,0,0,2.168965234,0.3412465176,-2.390921696,0.6896779723,-0.2002739289,-0.09683987628,0.1317795801,0.06969385487,0.1317795801,0.06968629094,0.9755856143,0.02642749344,6,14,neutral,evaluation_variance_given_rct_nuisance_fit,-0,0.008262628709,4395.369899,3.645693144,0,0.3740475569,-0.09376641884
2,shared,20,5000,1,estimated_r_datafusion,0.5177838647,-0.1000973079,-0.6178811726,0.5602066482,0.7484695373,-1.567070644,1.366876029,1,0.6829069781,1.158196282,1.862238883,1.599340152,-1.271735928,1.852349817,0.2979204709,0.1131134367,0.04342386699,0.1072692335,0.04342386699,0.1072692335,0.9918714478,0.1572274643,9,11,estimated,evaluation_variance_excludes_fit_tuning_uncertainty,0.1061154795,0.01105914822,4070.331054,4.703313927,0,0.4833253536,0.0916213264
2,shared,20,5000,1,rct_aipw,0.5177838647,0.537697274,0.0199134093,0.6768882385,0.8227321791,-1.074828166,2.150222714,1,0,0,1.862238883,1.599340152,-1.271735928,1.852349817,0.2979204709,0.1131134367,0.04342386699,0.1072692335,0.04342386699,0.1072692335,0.9918714478,0.1572274643,9,11,neutral,evaluation_variance_given_rct_nuisance_fit,0,0.01105914822,4070.331054,4.703313927,0,0.4833253536,0.0916213264
2,shared,20,5000,2,estimated_r_datafusion,0.5177838647,0.8403818414,0.3225979767,0.3462720012,0.5884488093,-0.3129566316,1.993720314,1,0.9183454399,0.2937520567,14.95887257,0.6347476394,-13.73741241,0.1864584246,0.6231938749,0.01101662038,0.630784502,0.002738627286,0.630784502,0.002738627286,0.9772913606,0.03097966407,9,11,estimated,evaluation_variance_excludes_fit_tuning_uncertainty,0.005467186329,-0.0002159257839,4566.489218,2.920921151,0,0.3080456317,0.01861156783
2,shared,20,5000,2,rct_aipw,0.5177838647,1.073034397,0.5552505325,0.4811516008,0.6936509214,-0.2864964266,2.432565221,1,0,0,14.95887257,0.6347476394,-13.73741241,0.1864584246,0.6231938749,0.01101662038,0.630784502,0.002738627286,0.630784502,0.002738627286,0.9772913606,0.03097966407,9,11,neutral,evaluation_variance_given_rct_nuisance_fit,0,-0.0002159257839,4566.489218,2.920921151,0,0.3080456317,0.01861156783
2,shared,20,5000,3,estimated_r_datafusion,0.5177838647,0.2789797531,-0.2388041116,0.239228579,0.4891099866,-0.6796582051,1.237617711,1,1.494685416,2,4.526724225,0.6816947275,-6.766028681,2.534135914,-0.8563687005,-0.0230094231,0.5056542197,0.4710205737,0.5056542197,0.3704882374,0.9686217429,0.0443591727,6,14,estimated,evaluation_variance_excludes_fit_tuning_uncertainty,-0.06314805668,0.01582399408,4326.959563,3.285751524,0,0.4009462195,-0.03157402834
2,shared,20,5000,3,rct_aipw,0.5177838647,0.2389852384,-0.2787986263,0.2638671249,0.513679983,-0.7678090279,1.245779505,1,0,0,4.526724225,0.6816947275,-6.766028681,2.534135914,-0.8563687005,-0.0230094231,0.5056542197,0.4710205737,0.5056542197,0.3704882374,0.9686217429,0.0443591727,6,14,neutral,evaluation_variance_given_rct_nuisance_fit,-0,0.01582399408,4326.959563,3.285751524,0,0.4009462195,-0.03157402834
2,shared,20,5000,4,estimated_r_datafusion,0.5177838647,0.7027539142,0.1849700495,0.2648417402,0.5146277686,-0.3058979777,1.711405806,1,0.8194505921,0.7378555597,3.141202274,1.68476047,-2.574060063,1.24310988,0.5127507914,-0.2321519671,0.1054657521,0.0458617768,0.1054657521,0.0458617768,0.9939997958,0.1413363372,7,13,estimated,evaluation_variance_excludes_fit_tuning_uncertainty,-0.1666273375,0.01429280839,3711.069426,6.486509832,0,0.5979332161,-0.2258264985
2,shared,20,5000,4,rct_aipw,0.5177838647,1.369054151,0.8512702861,0.5252619913,0.7247496059,-0.05142897463,2.789537276,1,0,0,3.141202274,1.68476047,-2.574060063,1.24310988,0.5127507914,-0.2321519671,0.1054657521,0.0458617768,0.1054657521,0.0458617768,0.9939997958,0.1413363372,7,13,neutral,evaluation_variance_given_rct_nuisance_fit,-0,0.01429280839,3711.069426,6.486509832,0,0.5979332161,-0.2258264985
2,shared,20,5000,5,estimated_r_datafusion,0.5177838647,0.4910265997,-0.02675726504,0.2110195145,0.4593686042,-0.4093193201,1.391372519,1,1.220961873,1.990843895,5.438434081,0.1937670142,-6.640120662,0.3857598771,0.01123723001,0.02626368799,0.405366708,0.03839938481,0.405366708,0.03839938481,0.969195271,0.01403600055,10,10,estimated,evaluation_variance_excludes_fit_tuning_uncertainty,0.05077427724,0.009360263245,4438.632119,3.323899448,0,0.3590814825,0.02550389681
2,shared,20,5000,5,rct_aipw,0.5177838647,1.050262545,0.5324786805,0.7023313051,0.8380520897,-0.5922893678,2.692814458,1,0,0,5.438434081,0.1937670142,-6.640120662,0.3857598771,0.01123723001,0.02626368799,0.405366708,0.03839938481,0.405366708,0.03839938481,0.969195271,0.01403600055,10,10,neutral,evaluation_variance_given_rct_nuisance_fit,0,0.009360263245,4438.632119,3.323899448,0,0.3590814825,0.02550389681
2,shared,20,5000,6,estimated_r_datafusion,0.5177838647,-0.1128428087,-0.6306266734,0.3862673491,0.6215041022,-1.330968465,1.105282848,1,0.1817753297,0.7350466959,1.981868112,0.49574082,-0.3602547295,0.3643926518,0.3848397567,0.04811550603,0.003274271112,0.01339228073,0.003274271112,0.01339228073,0.9860948152,0.07722701153,6,14,estimated,evaluation_variance_excludes_fit_tuning_uncertainty,0.02831820621,0.00709994952,3955.273544,4.689205601,0,0.5176383735,0.03852572411
2,shared,20,5000,6,rct_aipw,0.5177838647,-0.1848213708,-0.7026052355,0.3965148116,0.6296942207,-1.418999365,1.049356623,1,0,0,1.981868112,0.49574082,-0.3602547295,0.3643926518,0.3848397567,0.04811550603,0.003274271112,0.01339228073,0.003274271112,0.01339228073,0.9860948152,0.07722701153,6,14,neutral,evaluation_variance_given_rct_nuisance_fit,0,0.00709994952,3955.273544,4.689205601,0,0.5176383735,0.03852572411
2,shared,20,5000,7,estimated_r_datafusion,0.5177838647,-0.1185260307,-0.6363098954,0.2178961564,0.4667934837,-1.033424447,0.7963723856,1,0.8188815926,1.89896387,6.627148539,0.5372820153,-5.42684995,1.020279135,-0.7016125579,-0.1051069255,0.2221973765,0.09687366074,0.2221973765,0.09687366074,0.9965839271,0.05130190572,7,13,estimated,evaluation_variance_excludes_fit_tuning_uncertainty,-0.2159921339,0.001200886093,4422.409064,3.606332468,0,0.3618298118,-0.1137420976
2,shared,20,5000,7,rct_aipw,0.5177838647,0.7774907863,0.2597069216,0.4085270352,0.6391611966,-0.4752421393,2.030223712,1,0,0,6.627148539,0.5372820153,-5.42684995,1.020279135,-0.7016125579,-0.1051069255,0.2221973765,0.09687366074,0.2221973765,0.09687366074,0.9965839271,0.05130190572,7,13,neutral,evaluation_variance_given_rct_nuisance_fit,-0,0.001200886093,4422.409064,3.606332468,0,0.3618298118,-0.1137420976
2,shared,20,5000,8,estimated_r_datafusion,0.5177838647,1.284997611,0.7672137468,0.1065519447,0.3264229536,0.6452203787,1.924774844,0,1.223916279,0.4582869307,3.775375632,0.1214894564,-4.620743696,0.05567703007,0.1697998034,-0.01963583899,0.2827701716,0.001275802761,0.2827701716,0.001275802761,0.9208251718,0.01276726153,5,15,estimated,evaluation_variance_excludes_fit_tuning_uncertainty,-0.008970249181,-0.0109476666,3701.419878,7.429233329,0,0.5859294006,-0.01957343441
2,shared,20,5000,8,rct_aipw,0.5177838647,0.4605179649,-0.05726589978,0.3441891202,0.5866763334,-0.6893465192,1.610382449,1,0,0,3.775375632,0.1214894564,-4.620743696,0.05567703007,0.1697998034,-0.01963583899,0.2827701716,0.001275802761,0.2827701716,0.001275802761,0.9208251718,0.01276726153,5,15,neutral,evaluation_variance_given_rct_nuisance_fit,-0,-0.0109476666,3701.419878,7.429233329,0,0.5859294006,-0.01957343441
2,shared,20,5000,9,estimated_r_datafusion,0.5177838647,-0.1191069565,-0.6368908212,0.3250258549,0.5701103883,-1.236502785,0.9982888719,1,0.9924558662,1.421620219,7.166552975,0.3498545072,-7.112487541,0.4973602412,0.09514661684,-0.0671058931,0.3529414991,0.03535286875,0.3529414991,0.03535286875,0.9623051689,0.02047345409,7,13,estimated,evaluation_variance_excludes_fit_tuning_uncertainty,-0.08552832364,-0.003055622757,4620.408459,2.555489423,0,0.2857681576,-0.06016256838
2,shared,20,5000,9,rct_aipw,0.5177838647,-0.4954332846,-1.013217149,0.8070995579,0.8983871982,-2.256239837,1.265373268,1,0,0,7.166552975,0.3498545072,-7.112487541,0.4973602412,0.09514661684,-0.0671058931,0.3529414991,0.03535286875,0.3529414991,0.03535286875,0.9623051689,0.02047345409,7,13,neutral,evaluation_variance_given_rct_nuisance_fit,-0,-0.003055622757,4620.408459,2.555489423,0,0.2857681576,-0.06016256838
2,shared,20,5000,10,estimated_r_datafusion,0.5177838647,0.03604526117,-0.4817386035,0.2759954829,0.5253527224,-0.9936271538,1.065717676,1,1.254566807,2,1.421573596,0.4135666562,-1.783459048,0.8881400176,-0.06286020107,0.01749945026,0.1118734262,0.0953646382,0.1118734262,0.09491467227,0.9929070246,0.06161175374,9,11,estimated,evaluation_variance_excludes_fit_tuning_uncertainty,0.06742079435,0.0044712514,4394.537805,3.50120686,0,0.3728684623,0.03371039717
2,shared,20,5000,10,rct_aipw,0.5177838647,-0.2082572707,-0.7260411354,0.4802177464,0.6929774501,-1.566468115,1.149953574,1,0,0,1.421573596,0.4135666562,-1.783459048,0.8881400176,-0.06286020107,0.01749945026,0.1118734262,0.0953646382,0.1118734262,0.09491467227,0.9929070246,0.06161175374,9,11,neutral,evaluation_variance_given_rct_nuisance_fit,0,0.0044712514,4394.537805,3.50120686,0,0.3728684623,0.03371039717
2,shared,20,5000,11,estimated_r_datafusion,0.5177838647,2.532510496,2.014726632,1.236475819,1.111969343,0.3530906327,4.71193036,1,0.8191994413,2,4.732834229,0.4223055638,-3.877135156,0.9252238577,0.08008055288,-0.05990361934,0.1588073477,0.1013530557,0.1588073477,0.1005836588,0.985725784,0.04151847264,10,10,estimated,evaluation_variance_excludes_fit_tuning_uncertainty,-0.115683677,0.03008748918,4719.877234,2.350402698,0,0.2527447944,-0.0578418385
2,shared,20,5000,11,rct_aipw,0.5177838647,3.396663822,2.878879957,1.922740188,1.386629074,0.6789207776,6.114406867,0,0,0,4.732834229,0.4223055638,-3.877135156,0.9252238577,0.08008055288,-0.05990361934,0.1588073477,0.1013530557,0.1588073477,0.1005836588,0.985725784,0.04151847264,10,10,neutral,evaluation_variance_given_rct_nuisance_fit,-0,0.03008748918,4719.877234,2.350402698,0,0.2527447944,-0.0578418385
2,shared,20,5000,12,estimated_r_datafusion,0.5177838647,0.8463738468,0.3285899821,0.3567009498,0.597244464,-0.3242037926,2.016951486,1,0.7944982175,1.255317607,18.22163397,1.031814279,-14.47705571,1.295254632,-0.6494397451,0.002543621041,0.5750997477,0.08129779725,0.5750997477,0.08129779725,0.9794166465,0.0749255454,12,8,estimated,evaluation_variance_excludes_fit_tuning_uncertainty,0.004546475764,-0.003037900166,4277.054415,4.649954137,0,0.4098934644,0.003621773278
2,shared,20,5000,12,rct_aipw,0.5177838647,0.4431030309,-0.07468083377,1.350437392,1.162083212,-1.834538212,2.720744274,1,0,0,18.22163397,1.031814279,-14.47705571,1.295254632,-0.6494397451,0.002543621041,0.5750997477,0.08129779725,0.5750997477,0.08129779725,0.9794166465,0.0749255454,12,8,neutral,evaluation_variance_given_rct_nuisance_fit,0,-0.003037900166,4277.054415,4.649954137,0,0.4098934644,0.003621773278
2,shared,20,5000,13,estimated_r_datafusion,0.5177838647,0.08136925601,-0.4364146087,0.3282122907,0.5728981504,-1.041490486,1.204228998,1,0.9714899381,1.251780594,6.543191107,0.9077287193,-6.356644324,1.136277196,0.1622486292,-0.0313761526,0.3087708,0.07111848717,0.3087708,0.07111848717,0.9931430938,0.06776570261,7,13,estimated,evaluation_variance_excludes_fit_tuning_uncertainty,-0.04766789749,0.02308538925,4812.087609,1.926903015,0,0.2034865984,-0.03808007386
2,shared,20,5000,13,rct_aipw,0.5177838647,-0.03268407706,-0.5504679418,0.5159787485,0.7183166074,-1.440558757,1.375190603,1,0,0,6.543191107,0.9077287193,-6.356644324,1.136277196,0.1622486292,-0.0313761526,0.3087708,0.07111848717,0.3087708,0.07111848717,0.9931430938,0.06776570261,7,13,neutral,evaluation_variance_given_rct_nuisance_fit,-0,0.02308538925,4812.087609,1.926903015,0,0.2034865984,-0.03808007386
2,shared,20,5000,14,estimated_r_datafusion,0.5177838647,1.078525086,0.5607412213,0.4332015238,0.6581804645,-0.2114849197,2.368535092,1,0.7170411783,0.1701670071,2.724486574,0.3231818226,-1.953569064,0.05499488349,0.0149002896,-0.1275221976,0.07003947316,0.0004679157364,0.07003947316,0.0004679157364,0.9732503669,0.05214564811,9,11,estimated,evaluation_variance_excludes_fit_tuning_uncertainty,-0.01838772384,-0.00630901838,3958.113104,5.376858889,0,0.5098598191,-0.1080569269
2,shared,20,5000,14,rct_aipw,0.5177838647,1.127437466,0.6096536017,0.5611696507,0.7491125754,-0.3407962018,2.595671135,1,0,0,2.724486574,0.3231818226,-1.953569064,0.05499488349,0.0149002896,-0.1275221976,0.07003947316,0.0004679157364,0.07003947316,0.0004679157364,0.9732503669,0.05214564811,9,11,neutral,evaluation_variance_given_rct_nuisance_fit,-0,-0.00630901838,3958.113104,5.376858889,0,0.5098598191,-0.1080569269
2,shared,20,5000,15,estimated_r_datafusion,0.5177838647,0.06444877332,-0.4533350914,0.4213365283,0.6491044048,-1.207772482,1.336670029,1,1.033346718,0.1418900124,2.34454471,0.3479558494,-2.422727581,0.04937145977,-0.08184593583,-0.08600595727,0.1251758796,0.0003502658519,0.1251758796,0.0003502658519,0.9771930221,0.05151402166,8,12,estimated,evaluation_variance_excludes_fit_tuning_uncertainty,-0.01080008561,0.01281810101,4443.527735,2.834555571,0,0.3586466853,-0.07611589728
2,shared,20,5000,15,rct_aipw,0.5177838647,0.5093166902,-0.008467174463,0.4309125255,0.6564392779,-0.7772806524,1.795914033,1,0,0,2.34454471,0.3479558494,-2.422727581,0.04937145977,-0.08184593583,-0.08600595727,0.1251758796,0.0003502658519,0.1251758796,0.0003502658519,0.9771930221,0.05151402166,8,12,neutral,evaluation_variance_given_rct_nuisance_fit,-0,0.01281810101,4443.527735,2.834555571,0,0.3586466853,-0.07611589728
2,shared,20,5000,16,estimated_r_datafusion,0.5177838647,-0.5261329207,-1.043916785,0.2070009575,0.4549735789,-1.417864749,0.3655989078,0,1.117819458,1.473981894,5.55186795,0.6270842326,-6.205986023,0.9243108049,-0.04627588918,-0.08355963706,0.3468585966,0.06812086954,0.3468585966,0.06812086954,0.9871856242,0.05145157177,10,10,estimated,evaluation_variance_excludes_fit_tuning_uncertainty,-0.1146024348,-0.0007158829817,3743.901168,5.197171147,0,0.5788140104,-0.07775023241
2,shared,20,5000,16,rct_aipw,0.5177838647,-0.003269332745,-0.5210531974,0.4927431778,0.701956678,-1.37907914,1.372540475,1,0,0,5.55186795,0.6270842326,-6.205986023,0.9243108049,-0.04627588918,-0.08355963706,0.3468585966,0.06812086954,0.3468585966,0.06812086954,0.9871856242,0.05145157177,10,10,neutral,evaluation_variance_given_rct_nuisance_fit,-0,-0.0007158829817,3743.901168,5.197171147,0,0.5788140104,-0.07775023241
2,shared,20,5000,17,estimated_r_datafusion,0.5177838647,0.8164792001,0.2986953354,0.1449210449,0.3806849681,0.07035037329,1.562608027,1,1.332651455,2,4.646153659,0.3475481178,-6.191703433,1.051197054,-0.3202733181,0.009633926043,0.4125691294,0.1589729868,0.4125691294,0.1407297873,0.958968841,0.01837207802,9,11,estimated,evaluation_variance_excludes_fit_tuning_uncertainty,0.002575060209,0.004988409422,4574.727353,2.601920864,0,0.3064571186,0.001287530105
2,shared,20,5000,17,rct_aipw,0.5177838647,0.2800724102,-0.2377114545,0.8511815576,0.9225950128,-1.528180587,2.088325408,1,0,0,4.646153659,0.3475481178,-6.191703433,1.051197054,-0.3202733181,0.009633926043,0.4125691294,0.1589729868,0.4125691294,0.1407297873,0.958968841,0.01837207802,9,11,neutral,evaluation_variance_given_rct_nuisance_fit,0,0.004988409422,4574.727353,2.601920864,0,0.3064571186,0.001287530105
2,shared,20,5000,18,estimated_r_datafusion,0.5177838647,1.245935286,0.7281514216,0.1754676576,0.4188885981,0.4249287205,2.066941852,1,1.357357563,1.415432682,1.927805255,0.7359189459,-2.616721044,1.041643727,-0.3594043564,0.09564481856,0.177591305,0.07371882873,0.177591305,0.07371882873,0.9668962074,0.1396172096,8,12,estimated,evaluation_variance_excludes_fit_tuning_uncertainty,0.129003347,0.01075274427,3221.293635,10.92662209,0.0002,0.7511495374,0.09114057392
2,shared,20,5000,18,rct_aipw,0.5177838647,2.175985737,1.658201872,0.3907487246,0.6250989718,0.9508142653,3.401157208,0,0,0,1.927805255,0.7359189459,-2.616721044,1.041643727,-0.3594043564,0.09564481856,0.177591305,0.07371882873,0.177591305,0.07371882873,0.9668962074,0.1396172096,8,12,neutral,evaluation_variance_given_rct_nuisance_fit,0,0.01075274427,3221.293635,10.92662209,0.0002,0.7511495374,0.09114057392
2,shared,20,5000,19,estimated_r_datafusion,0.5177838647,-0.7340477964,-1.251831661,0.3785130884,0.6152341736,-1.939884619,0.471789026,0,0.8738000279,1.532785289,7.536514341,0.2221436566,-6.585406442,0.3404985288,-0.08357833438,-0.05152232398,0.2877164166,0.02609555679,0.2877164166,0.02609555679,0.94995281,0.0322558391,5,15,estimated,evaluation_variance_excludes_fit_tuning_uncertainty,-0.07609643417,-0.0008712717266,4352.013972,3.821466319,0,0.3855318266,-0.04964585368
2,shared,20,5000,19,rct_aipw,0.5177838647,-0.2769683133,-0.794752178,0.6665171423,0.8164050112,-1.877092732,1.323156105,1,0,0,7.536514341,0.2221436566,-6.585406442,0.3404985288,-0.08357833438,-0.05152232398,0.2877164166,0.02609555679,0.2877164166,0.02609555679,0.94995281,0.0322558391,5,15,neutral,evaluation_variance_given_rct_nuisance_fit,-0,-0.0008712717266,4352.013972,3.821466319,0,0.3855318266,-0.04964585368
2,shared,30,5000,0,estimated_r_datafusion,0.5177838647,-0.07137761087,-0.5891614756,0.1659031643,0.4073121215,-0.8696946994,0.7269394777,1,1.1679398,0.3537381526,3.485137016,0.6026683178,-4.070430228,0.2131867774,-0.09058678758,-0.2057882723,0.1584672488,0.002513743227,0.1584672488,0.002513743227,0.9394004923,0.05329095966,7,23,estimated,evaluation_variance_excludes_fit_tuning_uncertainty,-0.06945040589,0.007623667699,3848.297979,7.388780385,0,0.5512842804,-0.1963328111
2,shared,30,5000,0,rct_aipw,0.5177838647,0.1134823614,-0.4043015033,0.3212841853,0.5668193586,-0.9974631672,1.22442789,1,0,0,3.485137016,0.6026683178,-4.070430228,0.2131867774,-0.09058678758,-0.2057882723,0.1584672488,0.002513743227,0.1584672488,0.002513743227,0.9394004923,0.05329095966,7,23,neutral,evaluation_variance_given_rct_nuisance_fit,-0,0.007623667699,3848.297979,7.388780385,0,0.5512842804,-0.1963328111
2,shared,30,5000,1,estimated_r_datafusion,0.5177838647,-0.2480641303,-0.765847995,0.2813562661,0.530430265,-1.287688346,0.7915600855,1,1.309431745,0.4576808924,3.641910996,0.5849100931,-4.768833869,0.2677021734,0.2415875219,0.0786223684,0.2081487484,0.004084072321,0.2081487484,0.004084072321,0.9864797713,0.05349370623,14,16,estimated,evaluation_variance_excludes_fit_tuning_uncertainty,0.04065430226,0.003409318923,4552.289611,2.937732586,0,0.3146931306,0.08882674137
2,shared,30,5000,1,rct_aipw,0.5177838647,0.1905527859,-0.3272310788,0.2461128247,0.496097596,-0.781780635,1.162886207,1,0,0,3.641910996,0.5849100931,-4.768833869,0.2677021734,0.2415875219,0.0786223684,0.2081487484,0.004084072321,0.2081487484,0.004084072321,0.9864797713,0.05349370623,14,16,neutral,evaluation_variance_given_rct_nuisance_fit,0,0.003409318923,4552.289611,2.937732586,0,0.3146931306,0.08882674137
2,shared,30,5000,2,estimated_r_datafusion,0.5177838647,0.2231647394,-0.2946191253,0.1702024921,0.4125560472,-0.5854302548,1.031759734,1,0.7821840854,0.8211576893,2.593596664,0.6135512604,-2.028670034,0.5038223352,0.2564279837,0.02883777596,0.05289311384,0.01379058615,0.05289311384,0.01379058615,0.977589805,0.05203222099,9,21,estimated,evaluation_variance_excludes_fit_tuning_uncertainty,0.02964555929,0.01094447627,4744.551819,2.214237016,0,0.2348298478,0.03610215148
2,shared,30,5000,2,rct_aipw,0.5177838647,-0.5040154447,-1.021799309,0.447497735,0.6689527151,-1.815138674,0.8071077842,1,0,0,2.593596664,0.6135512604,-2.028670034,0.5038223352,0.2564279837,0.02883777596,0.05289311384,0.01379058615,0.05289311384,0.01379058615,0.977589805,0.05203222099,9,21,neutral,evaluation_variance_given_rct_nuisance_fit,0,0.01094447627,4744.551819,2.214237016,0,0.2348298478,0.03610215148
2,shared,30,5000,3,estimated_r_datafusion,0.5177838647,0.5946090275,0.07682516275,0.1619400086,0.4024177042,-0.1941151795,1.383333234,1,0.5856604375,0.00802611052,3.157791805,0.6521023087,-1.84939373,0.0052338452,0.417643963,0.01013036206,0.03610389137,1.400247334e-06,0.03610389137,1.400247334e-06,0.9811075416,0.1490661068,17,13,estimated,evaluation_variance_excludes_fit_tuning_uncertainty,0.0001207741012,0.01003085834,4618.361368,2.511674376,0,0.2905198925,0.0150476499
2,shared,30,5000,3,rct_aipw,0.5177838647,0.5227457337,0.004961868968,0.2023685158,0.4498538827,-0.3589516747,1.404443142,1,0,0,3.157791805,0.6521023087,-1.84939373,0.0052338452,0.417643963,0.01013036206,0.03610389137,1.400247334e-06,0.03610389137,1.400247334e-06,0.9811075416,0.1490661068,17,13,neutral,evaluation_variance_given_rct_nuisance_fit,0,0.01003085834,4618.361368,2.511674376,0,0.2905198925,0.0150476499
2,shared,30,5000,4,estimated_r_datafusion,0.5177838647,0.5562570005,0.03847313582,0.3869661683,0.6220660482,-0.66297005,1.775484051,1,0.7736986813,1.525763414,5.802124519,0.5195102775,-4.489096089,0.7926497744,0.2170060769,-0.0643822942,0.1157735908,0.04031320086,0.1157735908,0.04031320086,0.9851837445,0.07188274891,12,18,estimated,evaluation_variance_excludes_fit_tuning_uncertainty,-0.09012272053,0.004238844589,4820.364116,2.01431532,0,0.1939087615,-0.05906729689
2,shared,30,5000,4,rct_aipw,0.5177838647,0.7716275591,0.2538436944,0.7841911902,0.885545702,-0.9640101234,2.507265242,1,0,0,5.802124519,0.5195102775,-4.489096089,0.7926497744,0.2170060769,-0.0643822942,0.1157735908,0.04031320086,0.1157735908,0.04031320086,0.9851837445,0.07188274891,12,18,neutral,evaluation_variance_given_rct_nuisance_fit,-0,0.004238844589,4820.364116,2.01431532,0,0.1939087615,-0.05906729689
2,shared,30,5000,5,estimated_r_datafusion,0.5177838647,-0.1403532703,-0.658137135,0.1908135187,0.4368220675,-0.9965087902,0.7158022497,1,1.371369824,2,4.167981871,0.6707949649,-5.715844567,1.49574781,-0.4099775535,0.02758633784,0.2612845587,0.1111746325,0.2612845587,0.1099937127,0.9852162484,0.04949056021,15,15,estimated,evaluation_variance_excludes_fit_tuning_uncertainty,0.06409989292,0.01503192632,4560.909633,3.153740433,0,0.3153007747,0.03204994646
2,shared,30,5000,5,rct_aipw,0.5177838647,-0.2713542248,-0.7891380895,0.5856639931,0.7652868698,-1.771288927,1.228580478,1,0,0,4.167981871,0.6707949649,-5.715844567,1.49574781,-0.4099775535,0.02758633784,0.2612845587,0.1111746325,0.2612845587,0.1099937127,0.9852162484,0.04949056021,15,15,neutral,evaluation_variance_given_rct_nuisance_fit,0,0.01503192632,4560.909633,3.153740433,0,0.3153007747,0.03204994646
2,shared,30,5000,6,estimated_r_datafusion,0.5177838647,0.3633929771,-0.1543908876,0.3035670634,0.5509692037,-0.7164868188,1.443272773,1,0.7566765735,2,1.396960814,0.811539215,-1.057047522,1.974773241,-0.08560543932,-0.04466285338,0.02666143656,0.1601783081,0.02666143656,0.1550978701,0.9893519269,0.06709445571,12,18,estimated,evaluation_variance_excludes_fit_tuning_uncertainty,-0.1063213362,0.00935928046,4655.759103,2.872409863,0,0.27462124,-0.0531606681
2,shared,30,5000,6,rct_aipw,0.5177838647,0.5493095957,0.03152573097,0.2535900106,0.5035772142,-0.4376836075,1.536302799,1,0,0,1.396960814,0.811539215,-1.057047522,1.974773241,-0.08560543932,-0.04466285338,0.02666143656,0.1601783081,0.02666143656,0.1550978701,0.9893519269,0.06709445571,12,18,neutral,evaluation_variance_given_rct_nuisance_fit,-0,0.00935928046,4655.759103,2.872409863,0,0.27462124,-0.0531606681
2,shared,30,5000,7,estimated_r_datafusion,0.5177838647,0.3251135268,-0.1926703379,0.3874013357,0.6224157258,-0.8947988791,1.545025933,1,1.011953102,1.404164743,1.785202784,0.3089352428,-1.806541495,0.4337959756,0.1233182856,-0.008045237629,0.06093784235,0.02030403381,0.06093784235,0.02030403381,0.9789270884,0.03502706967,14,16,estimated,evaluation_variance_excludes_fit_tuning_uncertainty,-0.01565761483,0.006813953037,4676.817205,2.393025486,0,0.264753694,-0.0111508389
2,shared,30,5000,7,rct_aipw,0.5177838647,-0.07094428877,-0.5887281535,0.7079872463,0.8414197801,-1.720096754,1.578208176,1,0,0,1.785202784,0.3089352428,-1.806541495,0.4337959756,0.1233182856,-0.008045237629,0.06093784235,0.02030403381,0.06093784235,0.02030403381,0.9789270884,0.03502706967,14,16,neutral,evaluation_variance_given_rct_nuisance_fit,-0,0.006813953037,4676.817205,2.393025486,0,0.264753694,-0.0111508389
2,shared,30,5000,8,estimated_r_datafusion,0.5177838647,-0.1134141812,-0.6311980459,0.1679948356,0.4098717306,-0.9167480115,0.6899196492,1,0.7711840465,1.575182349,7.953130827,0.4953485019,-6.133327613,0.780264217,-0.2818819416,-0.05737750324,0.1576641469,0.04096861408,0.1576641469,0.04096861408,0.9824822233,0.04907021879,11,19,estimated,evaluation_variance_excludes_fit_tuning_uncertainty,-0.08090708673,0.007473050802,4321.008872,3.619571477,0,0.3994375865,-0.05136363213
2,shared,30,5000,8,rct_aipw,0.5177838647,0.693996876,0.1762130113,0.2571570703,0.507106567,-0.2999137316,1.687907484,1,0,0,7.953130827,0.4953485019,-6.133327613,0.780264217,-0.2818819416,-0.05737750324,0.1576641469,0.04096861408,0.1576641469,0.04096861408,0.9824822233,0.04907021879,11,19,neutral,evaluation_variance_given_rct_nuisance_fit,-0,0.007473050802,4321.008872,3.619571477,0,0.3994375865,-0.05136363213
2,shared,30,5000,9,estimated_r_datafusion,0.5177838647,0.4687281988,-0.0490556659,0.1728118058,0.4157063937,-0.346041361,1.283497759,1,1.338032497,1.382363322,2.376233619,0.6549381407,-3.179477804,0.9053624641,-0.1953387046,-0.07879438832,0.1418081542,0.04171799546,0.1418081542,0.04171799546,0.9828778569,0.0531029806,19,11,estimated,evaluation_variance_excludes_fit_tuning_uncertainty,-0.1023523101,0.005379615207,4721.880581,2.435488878,0,0.2440584015,-0.0740415406
2,shared,30,5000,9,rct_aipw,0.5177838647,1.092612048,0.5748281837,0.1473481715,0.3838595727,0.3402611109,1.844962986,1,0,0,2.376233619,0.6549381407,-3.179477804,0.9053624641,-0.1953387046,-0.07879438832,0.1418081542,0.04171799546,0.1418081542,0.04171799546,0.9828778569,0.0531029806,19,11,neutral,evaluation_variance_given_rct_nuisance_fit,-0,0.005379615207,4721.880581,2.435488878,0,0.2440584015,-0.0740415406
2,shared,30,5000,10,estimated_r_datafusion,0.5177838647,0.8679932072,0.3502093425,0.1657192539,0.4070862979,0.07011872469,1.66586769,1,0.8502054628,0.9266919444,4.674470229,0.2828344705,-3.974260124,0.2621004254,0.09640289777,-0.04815875553,0.1126312556,0.008096211763,0.1126312556,0.008096211763,0.9892772273,0.03814553949,8,22,estimated,evaluation_variance_excludes_fit_tuning_uncertainty,-0.04661317851,0.0001585338102,4883.616546,1.773204149,0,0.1543987983,-0.05030061909
2,shared,30,5000,10,rct_aipw,0.5177838647,1.505434228,0.9876503634,0.288757081,0.5373612203,0.4522255897,2.558642867,1,0,0,4.674470229,0.2828344705,-3.974260124,0.2621004254,0.09640289777,-0.04815875553,0.1126312556,0.008096211763,0.1126312556,0.008096211763,0.9892772273,0.03814553949,8,22,neutral,evaluation_variance_given_rct_nuisance_fit,-0,0.0001585338102,4883.616546,1.773204149,0,0.1543987983,-0.05030061909
2,shared,30,5000,11,estimated_r_datafusion,0.5177838647,0.7741459756,0.2563621109,0.207902335,0.4559630851,-0.1195252495,1.667817201,1,0.8064476878,-0.8022019123,1.631619337,0.5550858573,-1.315815642,-0.4452909362,0.1815220575,0.02399977062,0.03537121606,0.01190710802,0.03537121606,0.01190710802,0.99160878,0.1520856808,10,20,estimated,evaluation_variance_excludes_fit_tuning_uncertainty,-0.01984462961,0.005554495494,4976.553898,1.264274557,0,0.06924340088,0.02473769921
2,shared,30,5000,11,rct_aipw,0.5177838647,0.6898184816,0.1720346169,0.1708941192,0.4133934194,-0.1204177319,1.500054695,1,0,0,1.631619337,0.5550858573,-1.315815642,-0.4452909362,0.1815220575,0.02399977062,0.03537121606,0.01190710802,0.03537121606,0.01190710802,0.99160878,0.1520856808,10,20,neutral,evaluation_variance_given_rct_nuisance_fit,0,0.005554495494,4976.553898,1.264274557,0,0.06924340088,0.02473769921
2,shared,30,5000,12,estimated_r_datafusion,0.5177838647,0.4018505428,-0.1159333219,0.1410959156,0.3756273627,-0.3343655596,1.138066645,1,0.9364598492,-1.304993865,5.962047116,0.2715895299,-5.583217743,-0.3544226702,0.4454331447,-0.05951570637,0.1742819749,0.01541731367,0.1742819749,0.01541731367,0.9739742073,0.02872264559,14,16,estimated,evaluation_variance_excludes_fit_tuning_uncertainty,0.0492914639,0.005269020237,4312.110189,3.84422175,0,0.4015449835,-0.03777141429
2,shared,30,5000,12,rct_aipw,0.5177838647,-0.17805911,-0.6958429747,0.432415819,0.6575833171,-1.466898728,1.110780508,1,0,0,5.962047116,0.2715895299,-5.583217743,-0.3544226702,0.4454331447,-0.05951570637,0.1742819749,0.01541731367,0.1742819749,0.01541731367,0.9739742073,0.02872264559,14,16,neutral,evaluation_variance_given_rct_nuisance_fit,-0,0.005269020237,4312.110189,3.84422175,0,0.4015449835,-0.03777141429
2,shared,30,5000,13,estimated_r_datafusion,0.5177838647,0.5281051821,0.01032131744,0.182908062,0.4276775211,-0.3101273561,1.36633772,1,0.8362440723,2,8.001268072,0.3184429295,-6.691012996,0.7565905904,-0.5497947232,-0.01075437315,0.1865106652,0.05991961389,0.1865106652,0.05841968812,0.9746069829,0.03042657681,12,18,estimated,evaluation_variance_excludes_fit_tuning_uncertainty,-0.007888600587,-0.0004260236816,3913.600776,5.611232937,0,0.5266493416,-0.003944300293
2,shared,30,5000,13,rct_aipw,0.5177838647,0.6764213952,0.1586375305,0.223610275,0.4728744812,-0.2503955572,1.603238348,1,0,0,8.001268072,0.3184429295,-6.691012996,0.7565905904,-0.5497947232,-0.01075437315,0.1865106652,0.05991961389,0.1865106652,0.05841968812,0.9746069829,0.03042657681,12,18,neutral,evaluation_variance_given_rct_nuisance_fit,-0,-0.0004260236816,3913.600776,5.611232937,0,0.5266493416,-0.003944300293
2,shared,30,5000,14,estimated_r_datafusion,0.5177838647,0.8425724633,0.3247885986,0.2229671581,0.4721939835,-0.08291073809,1.768055665,1,0.317365674,1.930172076,0.9678678233,0.478236043,-0.3071680241,0.9230778557,0.1507154628,0.02471675981,0.003249486233,0.05938997002,0.003249486233,0.05938997002,0.9907652257,0.06762438749,17,13,estimated,evaluation_variance_excludes_fit_tuning_uncertainty,0.04406834436,-0.007011491966,3281.267526,7.461855716,0,0.7187009378,0.02283130345
2,shared,30,5000,14,rct_aipw,0.5177838647,0.6449720006,0.1271881359,0.2283438909,0.4778534199,-0.2916034923,1.581547494,1,0,0,0.9678678233,0.478236043,-0.3071680241,0.9230778557,0.1507154628,0.02471675981,0.003249486233,0.05938997002,0.003249486233,0.05938997002,0.9907652257,0.06762438749,17,13,neutral,evaluation_variance_given_rct_nuisance_fit,0,-0.007011491966,3281.267526,7.461855716,0,0.7187009378,0.02283130345
2,shared,30,5000,15,estimated_r_datafusion,0.5177838647,-0.1177422139,-0.6355260786,0.1505920368,0.3880618981,-0.878329558,0.6428451301,1,0.5723420237,0.549647457,3.237836477,0.5882188008,-1.853149882,0.323312968,-0.08670034961,0.07124153513,0.03535451846,0.005923605023,0.03535451846,0.005923605023,0.9693447372,0.1240976294,13,17,estimated,evaluation_variance_excludes_fit_tuning_uncertainty,0.0431811899,0.01940007996,4155.351882,4.381343231,0,0.4600078363,0.07856161137
2,shared,30,5000,15,rct_aipw,0.5177838647,-0.639121173,-1.156905038,0.2360261291,0.4858252042,-1.591321076,0.3130787301,0,0,0,3.237836477,0.5882188008,-1.853149882,0.323312968,-0.08670034961,0.07124153513,0.03535451846,0.005923605023,0.03535451846,0.005923605023,0.9693447372,0.1240976294,13,17,neutral,evaluation_variance_given_rct_nuisance_fit,0,0.01940007996,4155.351882,4.381343231,0,0.4600078363,0.07856161137
2,shared,30,5000,16,estimated_r_datafusion,0.5177838647,-0.385071466,-0.9028553307,0.2576636423,0.5076057941,-1.379960541,0.6098176089,1,0.673319009,0.9892011773,4.50267282,0.5510111191,-3.031735201,0.5450608477,0.4137344305,-0.0510331806,0.0680441647,0.01797249441,0.0680441647,0.01797249441,0.9876988006,0.07806489168,10,20,estimated,evaluation_variance_excludes_fit_tuning_uncertainty,-0.05100672406,0.008712103342,4639.400157,2.352534121,0,0.2813567795,-0.05156354969
2,shared,30,5000,16,rct_aipw,0.5177838647,-0.5529561777,-1.070740042,0.3040578203,0.5514143817,-1.633708506,0.527796151,1,0,0,4.50267282,0.5510111191,-3.031735201,0.5450608477,0.4137344305,-0.0510331806,0.0680441647,0.01797249441,0.0680441647,0.01797249441,0.9876988006,0.07806489168,10,20,neutral,evaluation_variance_given_rct_nuisance_fit,-0,0.008712103342,4639.400157,2.352534121,0,0.2813567795,-0.05156354969
2,shared,30,5000,17,estimated_r_datafusion,0.5177838647,0.9216726648,0.4038888001,0.1187639856,0.3446215107,0.2462269155,1.597118414,1,1.121060722,1.520499836,4.478642657,0.2904188283,-5.02083037,0.4415817808,-0.09519921716,-0.06639200894,0.1876218573,0.02238083418,0.1876218573,0.02238083418,0.9825516471,0.03028526489,11,19,estimated,evaluation_variance_excludes_fit_tuning_uncertainty,-0.09912950426,-0.002992980348,4693.547265,2.434154302,0,0.254776483,-0.06519534031
2,shared,30,5000,17,rct_aipw,0.5177838647,1.027452503,0.509668638,0.256463589,0.5064223425,0.03488295034,2.020022055,1,0,0,4.478642657,0.2904188283,-5.02083037,0.4415817808,-0.09519921716,-0.06639200894,0.1876218573,0.02238083418,0.1876218573,0.02238083418,0.9825516471,0.03028526489,11,19,neutral,evaluation_variance_given_rct_nuisance_fit,-0,-0.002992980348,4693.547265,2.434154302,0,0.254776483,-0.06519534031
2,shared,30,5000,18,estimated_r_datafusion,0.5177838647,0.1737303198,-0.3440535449,0.1790598493,0.4231546399,-0.6556375343,1.003098174,1,1.470604232,2,3.689127749,0.2771810856,-5.425246882,0.6067741055,0.08437814338,-0.02498949725,0.2659463676,0.04427608692,0.2659463676,0.04394573599,0.9837421332,0.01811036476,12,18,estimated,evaluation_variance_excludes_fit_tuning_uncertainty,-0.04950978174,0.006476582808,4901.971832,1.726593881,0,0.1424763828,-0.02475489087
2,shared,30,5000,18,rct_aipw,0.5177838647,0.6969002622,0.1791163975,0.2740098016,0.5234594555,-0.3290614179,1.722861942,1,0,0,3.689127749,0.2771810856,-5.425246882,0.6067741055,0.08437814338,-0.02498949725,0.2659463676,0.04427608692,0.2659463676,0.04394573599,0.9837421332,0.01811036476,12,18,neutral,evaluation_variance_given_rct_nuisance_fit,-0,0.006476582808,4901.971832,1.726593881,0,0.1424763828,-0.02475489087
2,shared,30,5000,19,estimated_r_datafusion,0.5177838647,0.4978382762,-0.0199455885,0.2388390681,0.488711641,-0.460018939,1.455695491,1,0.6511800487,1.565440213,1.603421102,0.4390314764,-1.044115831,0.6872775278,-0.02115770736,-0.005153798614,0.02266357993,0.03586306264,0.02266357993,0.03586306264,0.9861129137,0.06927266821,17,13,estimated,evaluation_variance_excludes_fit_tuning_uncertainty,-0.01826732315,0.005631608626,3689.257641,6.686823396,0,0.5994421216,-0.01166912859
2,shared,30,5000,19,rct_aipw,0.5177838647,0.571433199,0.05364933429,0.4112113614,0.6412576404,-0.685408681,1.828275079,1,0,0,1.603421102,0.4390314764,-1.044115831,0.6872775278,-0.02115770736,-0.005153798614,0.02266357993,0.03586306264,0.02266357993,0.03586306264,0.9861129137,0.06927266821,17,13,neutral,evaluation_variance_given_rct_nuisance_fit,-0,0.005631608626,3689.257641,6.686823396,0,0.5994421216,-0.01166912859
2,shifted,20,5000,0,estimated_r_datafusion,0.4390594372,0.8876213567,0.4485619195,0.3960877388,0.6293550181,-0.3458918123,2.121134526,1,0.8600072193,1.658421467,9.064171826,0.3142024147,-7.795253208,0.5210800295,0.2538060971,0.1804358273,0.3351987018,0.04320851534,0.3351987018,0.04320851534,0.9823995025,0.03373121736,5,15,estimated,evaluation_variance_excludes_fit_tuning_uncertainty,0.2645929912,-0.002721201256,3661.529719,7.174299447,0,0.5590817462,0.1595450834
2,shifted,20,5000,0,rct_aipw,0.4390594372,0.4432371377,0.004177700485,1.318591151,1.148299243,-1.807388021,2.693862297,1,0,0,9.064171826,0.3142024147,-7.795253208,0.5210800295,0.2538060971,0.1804358273,0.3351987018,0.04320851534,0.3351987018,0.04320851534,0.9823995025,0.03373121736,5,15,neutral,evaluation_variance_given_rct_nuisance_fit,0,-0.002721201256,3661.529719,7.174299447,0,0.5590817462,0.1595450834
2,shifted,20,5000,1,estimated_r_datafusion,0.4390594372,1.966522282,1.527462844,0.2449064589,0.4948802471,0.9965748207,2.936469742,0,0.9611680796,0.2164375611,3.106210016,0.5929059688,-2.985589915,0.1283271219,0.6949265825,-0.01316739184,0.1434826863,0.001388740464,0.1434826863,0.001388740464,0.979773452,0.07057234414,6,14,estimated,evaluation_variance_excludes_fit_tuning_uncertainty,-0.00278019324,0.03393859158,3014.840744,10.85240525,0,0.4733809732,-0.0128452438
2,shifted,20,5000,1,rct_aipw,0.4390594372,2.008751703,1.569692266,0.1847324977,0.4298051857,1.166349019,2.851154387,0,0,0,3.106210016,0.5929059688,-2.985589915,0.1283271219,0.6949265825,-0.01316739184,0.1434826863,0.001388740464,0.1434826863,0.001388740464,0.979773452,0.07057234414,6,14,neutral,evaluation_variance_given_rct_nuisance_fit,-0,0.03393859158,3014.840744,10.85240525,0,0.4733809732,-0.0128452438
2,shifted,20,5000,2,estimated_r_datafusion,0.4390594372,0.4740862308,0.03502679361,0.3339678458,0.5778995119,-0.6585759991,1.606748461,1,0.7793782187,0.8162151899,8.326438755,1.037055903,-6.489445005,0.8464607808,0.07452284541,0.009431633811,0.2528866044,0.03454470735,0.2528866044,0.03454470735,0.9927243716,0.08721669155,8,12,estimated,evaluation_variance_excludes_fit_tuning_uncertainty,0.009552120593,-0.001624025518,3718.923864,6.303520582,0,0.4177362668,0.01170294392
2,shifted,20,5000,2,rct_aipw,0.4390594372,0.07691709241,-0.3621423448,0.502243831,0.7086916332,-1.312092985,1.46592717,1,0,0,8.326438755,1.037055903,-6.489445005,0.8464607808,0.07452284541,0.009431633811,0.2528866044,0.03454470735,0.2528866044,0.03454470735,0.9927243716,0.08721669155,8,12,neutral,evaluation_variance_given_rct_nuisance_fit,0,-0.001624025518,3718.923864,6.303520582,0,0.4177362668,0.01170294392
2,shifted,20,5000,3,estimated_r_datafusion,0.4390594372,0.6654978069,0.2264383697,0.525249191,0.724740775,-0.7549680103,2.085963624,1,1.224864603,0.4128550918,6.099999322,1.354722223,-7.471673245,0.5593039676,0.4272053635,-0.1902274894,0.457589404,0.01154557455,0.457589404,0.01154557455,0.9957819088,0.09180155505,9,11,estimated,evaluation_variance_excludes_fit_tuning_uncertainty,-0.07640531526,0.01854103138,2720.022837,10.96836109,0.0002,0.6323161258,-0.1850656968
2,shifted,20,5000,3,rct_aipw,0.4390594372,0.0777858096,-0.3612736276,0.7853789476,0.886216084,-1.659165798,1.814737417,1,0,0,6.099999322,1.354722223,-7.471673245,0.5593039676,0.4272053635,-0.1902274894,0.457589404,0.01154557455,0.457589404,0.01154557455,0.9957819088,0.09180155505,9,11,neutral,evaluation_variance_given_rct_nuisance_fit,-0,0.01854103138,2720.022837,10.96836109,0.0002,0.6323161258,-0.1850656968
2,shifted,20,5000,4,estimated_r_datafusion,0.4390594372,0.1511202419,-0.2879391953,0.2677092206,0.5174062433,-0.8629773603,1.165217844,1,1.132111476,1.885862534,6.300247027,0.3603306212,-7.132581962,0.6795340184,-0.0673215236,-0.1672633613,0.4037438947,0.06407538729,0.4037438947,0.06407538729,0.9867267999,0.0303177761,5,15,estimated,evaluation_variance_excludes_fit_tuning_uncertainty,-0.2732010042,-0.01928260931,2345.059233,11.4167098,0.003,0.6935895198,-0.1448679314
2,shifted,20,5000,4,rct_aipw,0.4390594372,0.2408008453,-0.1982585919,0.7634879436,0.8737779716,-1.471772509,1.9533742,1,0,0,6.300247027,0.3603306212,-7.132581962,0.6795340184,-0.0673215236,-0.1672633613,0.4037438947,0.06407538729,0.4037438947,0.06407538729,0.9867267999,0.0303177761,5,15,neutral,evaluation_variance_given_rct_nuisance_fit,-0,-0.01928260931,2345.059233,11.4167098,0.003,0.6935895198,-0.1448679314
2,shifted,20,5000,5,estimated_r_datafusion,0.4390594372,1.028471622,0.5894121846,0.267813442,0.5175069488,0.01417664051,2.042766603,1,0.602473206,0.84634591,5.409808498,0.3077586748,-3.259264669,0.2604702957,0.0653053126,-0.09033284321,0.09818098172,0.01102239847,0.09818098172,0.01102239847,0.9183176773,0.06250438558,5,15,estimated,evaluation_variance_excludes_fit_tuning_uncertainty,-0.1014331029,0.01493516383,2926.93862,9.788011425,0,0.5577521945,-0.1198482816
2,shifted,20,5000,5,rct_aipw,0.4390594372,1.700741014,1.261681577,0.5950528496,0.7713966876,0.1888312884,3.212650739,1,0,0,5.409808498,0.3077586748,-3.259264669,0.2604702957,0.0653053126,-0.09033284321,0.09818098172,0.01102239847,0.09818098172,0.01102239847,0.9183176773,0.06250438558,5,15,neutral,evaluation_variance_given_rct_nuisance_fit,-0,0.01493516383,2926.93862,9.788011425,0,0.5577521945,-0.1198482816
2,shifted,20,5000,6,estimated_r_datafusion,0.4390594372,0.1456454406,-0.2934139966,0.168649119,0.4106691114,-0.6592512272,0.9505421085,1,0.8998251623,2,6.521348106,0.5801506945,-5.868073118,1.674825386,-0.879628486,-0.0211516626,0.2640119923,0.241750988,0.2640119923,0.2189349382,0.9869667893,0.04326782796,11,9,estimated,evaluation_variance_excludes_fit_tuning_uncertainty,-0.02845273899,-0.009083493298,4443.205772,3.597903076,0,0.2574201514,-0.0142263695
2,shifted,20,5000,6,rct_aipw,0.4390594372,-0.05667468987,-0.4957341271,0.3741247664,0.611657393,-1.255501151,1.142151771,1,0,0,6.521348106,0.5801506945,-5.868073118,1.674825386,-0.879628486,-0.0211516626,0.2640119923,0.241750988,0.2640119923,0.2189349382,0.9869667893,0.04326782796,11,9,neutral,evaluation_variance_given_rct_nuisance_fit,-0,-0.009083493298,4443.205772,3.597903076,0,0.2574201514,-0.0142263695
2,shifted,20,5000,7,estimated_r_datafusion,0.4390594372,0.6059842654,0.1669248282,0.3593960216,0.5994964734,-0.5690072313,1.780975762,1,1.24905442,2,19.63146473,0.5527110487,-24.5207678,2.696645489,-1.715608648,-0.000468878122,1.531388671,0.6578389298,1.531388671,0.4287868881,0.9650052344,0.01660849068,9,11,estimated,evaluation_variance_excludes_fit_tuning_uncertainty,0.001015881055,0.0005548123104,4492.518031,2.803365581,0,0.337901608,0.0005079405273
2,shifted,20,5000,7,rct_aipw,0.4390594372,0.3418531964,-0.09720624075,0.4705358284,0.6859561417,-1.002596136,1.686302529,1,0,0,19.63146473,0.5527110487,-24.5207678,2.696645489,-1.715608648,-0.000468878122,1.531388671,0.6578389298,1.531388671,0.4287868881,0.9650052344,0.01660849068,9,11,neutral,evaluation_variance_given_rct_nuisance_fit,0,0.0005548123104,4492.518031,2.803365581,0,0.337901608,0.0005079405273
2,shifted,20,5000,8,estimated_r_datafusion,0.4390594372,0.3982134665,-0.04084597074,0.1703067032,0.4126823272,-0.4106290319,1.207055965,1,1.083267441,1.232214861,1.896059471,0.7931707783,-2.053939492,0.9773568203,0.3075284195,0.04109485231,0.1112482889,0.06021567992,0.1112482889,0.06021567992,0.9872765911,0.07965816798,10,10,estimated,evaluation_variance_excludes_fit_tuning_uncertainty,0.05012921777,0.01546523842,2670.074246,11.95772132,0,0.6296406531,0.04068220516
2,shifted,20,5000,8,rct_aipw,0.4390594372,0.3314080845,-0.1076513527,0.2786835574,0.5279048754,-0.7032664585,1.366082627,1,0,0,1.896059471,0.7931707783,-2.053939492,0.9773568203,0.3075284195,0.04109485231,0.1112482889,0.06021567992,0.1112482889,0.06021567992,0.9872765911,0.07965816798,10,10,neutral,evaluation_variance_given_rct_nuisance_fit,0,0.01546523842,2670.074246,11.95772132,0,0.6296406531,0.04068220516
2,shifted,20,5000,9,estimated_r_datafusion,0.4390594372,0.5161740366,0.07711459944,0.2850315339,0.533883446,-0.5302182895,1.562566363,1,0.1851824495,1.544464927,0.7055241129,1.742870094,-0.1306506834,2.691801733,0.373860781,-0.03867968509,0.00120971068,0.2078696683,0.00120971068,0.2078696683,0.9919309502,0.2434024701,8,12,estimated,evaluation_variance_excludes_fit_tuning_uncertainty,-0.06204769613,0.01046641577,3991.820572,5.046492424,0,0.5997718553,-0.04017423449
2,shifted,20,5000,9,rct_aipw,0.4390594372,0.8020499136,0.3629904764,0.352411432,0.593642512,-0.3614680296,1.965567857,1,0,0,0.7055241129,1.742870094,-0.1306506834,2.691801733,0.373860781,-0.03867968509,0.00120971068,0.2078696683,0.00120971068,0.2078696683,0.9919309502,0.2434024701,8,12,neutral,evaluation_variance_given_rct_nuisance_fit,-0,0.01046641577,3991.820572,5.046492424,0,0.5997718553,-0.04017423449
2,shifted,20,5000,10,estimated_r_datafusion,0.4390594372,0.08273118537,-0.3563282518,0.4360757808,0.6603603416,-1.211551301,1.377013672,1,1.053296418,2,2.981245406,0.6027679172,-3.140135109,1.270102376,-0.2071358603,-0.09161846216,0.1653746532,0.1338126997,0.1653746532,0.1334668917,0.9919639055,0.03946616386,7,13,estimated,evaluation_variance_excludes_fit_tuning_uncertainty,-0.2218435875,-0.02167344804,1797.922342,20,0.0082,0.9501677357,-0.1109217938
2,shifted,20,5000,10,rct_aipw,0.4390594372,0.5921618961,0.1531024589,0.6235798175,0.789670702,-0.9555642394,2.139888032,1,0,0,2.981245406,0.6027679172,-3.140135109,1.270102376,-0.2071358603,-0.09161846216,0.1653746532,0.1338126997,0.1653746532,0.1334668917,0.9919639055,0.03946616386,7,13,neutral,evaluation_variance_given_rct_nuisance_fit,-0,-0.02167344804,1797.922342,20,0.0082,0.9501677357,-0.1109217938
2,shifted,20,5000,11,estimated_r_datafusion,0.4390594372,0.1561384214,-0.2829210158,0.1667973607,0.4084083259,-0.6443271884,0.9566040313,1,0.6579006662,-0.1985341107,4.465558462,0.8818652108,-2.937893887,-0.1750803254,0.6663242177,0.05675698748,0.09664211729,0.001737970836,0.09664211729,0.001737970836,0.9946023437,0.1043985839,9,11,estimated,evaluation_variance_excludes_fit_tuning_uncertainty,-0.01244239945,-0.01008943159,3901.983597,5.467755211,0,0.4497562893,0.06267134351
2,shifted,20,5000,11,rct_aipw,0.4390594372,-0.2013771861,-0.6404366233,0.3336345928,0.5776111086,-1.333474156,0.9307197837,1,0,0,4.465558462,0.8818652108,-2.937893887,-0.1750803254,0.6663242177,0.05675698748,0.09664211729,0.001737970836,0.09664211729,0.001737970836,0.9946023437,0.1043985839,9,11,neutral,evaluation_variance_given_rct_nuisance_fit,0,-0.01008943159,3901.983597,5.467755211,0,0.4497562893,0.06267134351
2,shifted,20,5000,12,estimated_r_datafusion,0.4390594372,0.5072051669,0.06814572966,0.1782453638,0.4221911461,-0.320274274,1.334684608,1,1.040408883,0.3648720146,1.56375223,0.7145004855,-1.62694171,0.2607012316,0.1772572535,-0.09983785124,0.08463423035,0.004756129179,0.08463423035,0.004756129179,0.994386462,0.06809020599,11,9,estimated,evaluation_variance_excludes_fit_tuning_uncertainty,-0.0384420723,0.006774666566,3369.704344,8.05593853,0,0.5245541159,-0.1053576892
2,shifted,20,5000,12,rct_aipw,0.4390594372,0.3805983346,-0.05846110263,0.2976346468,0.5455590223,-0.6886777006,1.44987437,1,0,0,1.56375223,0.7145004855,-1.62694171,0.2607012316,0.1772572535,-0.09983785124,0.08463423035,0.004756129179,0.08463423035,0.004756129179,0.994386462,0.06809020599,11,9,neutral,evaluation_variance_given_rct_nuisance_fit,-0,0.006774666566,3369.704344,8.05593853,0,0.5245541159,-0.1053576892
2,shifted,20,5000,13,estimated_r_datafusion,0.4390594372,0.4891358632,0.05007642599,0.2673713672,0.5170796527,-0.5243216332,1.50259336,1,0.9586910017,2,19.70830461,0.6524481925,-18.89417429,2.142349194,-1.884835587,-0.1051378295,0.9056837437,0.3517260161,0.9056837437,0.2979802003,0.991788344,0.02153701375,9,11,estimated,evaluation_variance_excludes_fit_tuning_uncertainty,-0.2249744842,0.02160272077,3322.624689,8.681470405,0,0.3275389981,-0.1124872421
2,shifted,20,5000,13,rct_aipw,0.4390594372,1.496446371,1.057386934,0.5652973782,0.7518626059,0.02282274181,2.97007,1,0,0,19.70830461,0.6524481925,-18.89417429,2.142349194,-1.884835587,-0.1051378295,0.9056837437,0.3517260161,0.9056837437,0.2979802003,0.991788344,0.02153701375,9,11,neutral,evaluation_variance_given_rct_nuisance_fit,-0,0.02160272077,3322.624689,8.681470405,0,0.3275389981,-0.1124872421
2,shifted,20,5000,14,estimated_r_datafusion,0.4390594372,0.6670201956,0.2279607584,0.3807579063,0.6170558373,-0.542387022,1.876427413,1,0.2017287234,0.3974547017,2.10477349,0.6436704002,-0.4245932692,0.2558298269,0.6733491584,-0.1051064815,0.004282632908,0.005084038376,0.004282632908,0.005084038376,0.98650584,0.07675648518,9,11,estimated,evaluation_variance_excludes_fit_tuning_uncertainty,-0.04166162333,-0.00169687126,4077.524604,4.159512087,0,0.5403435692,-0.1048210605
2,shifted,20,5000,14,rct_aipw,0.4390594372,0.7817188023,0.3426593651,0.4969781003,0.704966737,-0.5999906126,2.163428217,1,0,0,2.10477349,0.6436704002,-0.4245932692,0.2558298269,0.6733491584,-0.1051064815,0.004282632908,0.005084038376,0.004282632908,0.005084038376,0.98650584,0.07675648518,9,11,neutral,evaluation_variance_given_rct_nuisance_fit,-0,-0.00169687126,4077.524604,4.159512087,0,0.5403435692,-0.1048210605
2,shifted,20,5000,15,estimated_r_datafusion,0.4390594372,0.2684240645,-0.1706353727,0.1697153107,0.4119651815,-0.5390128541,1.075860983,1,1.199107534,1.216195146,1.444067949,0.5260390883,-1.731592758,0.6397661858,-0.02805665088,-0.05137117858,0.1038182961,0.03890402649,0.1038182961,0.03890402649,0.9910387652,0.04128065207,5,15,estimated,evaluation_variance_excludes_fit_tuning_uncertainty,-0.0604261494,0.009099918445,3187.335615,15.27777441,0,0.3704788958,-0.04968458359
2,shifted,20,5000,15,rct_aipw,0.4390594372,0.8174290427,0.3783696055,0.3801569425,0.6165686843,-0.3910233725,2.025881458,1,0,0,1.444067949,0.5260390883,-1.731592758,0.6397661858,-0.02805665088,-0.05137117858,0.1038182961,0.03890402649,0.1038182961,0.03890402649,0.9910387652,0.04128065207,5,15,neutral,evaluation_variance_given_rct_nuisance_fit,-0,0.009099918445,3187.335615,15.27777441,0,0.3704788958,-0.04968458359
2,shifted,20,5000,16,estimated_r_datafusion,0.4390594372,0.1360746696,-0.3029847676,0.2618497725,0.5117125878,-0.8668635729,1.139012912,1,0.7554610014,-0.5171652704,12.40335751,0.2989214971,-9.370252886,-0.1545918168,0.1427007489,-0.03316943678,0.3539430314,0.003997475938,0.3539430314,0.003997475938,0.9805838492,0.02523068177,7,13,estimated,evaluation_variance_excludes_fit_tuning_uncertainty,0.01931936372,0.009784902047,3914.641541,5.191506872,0,0.3738852748,-0.0373562666
2,shifted,20,5000,16,rct_aipw,0.4390594372,-1.055988853,-1.495048291,0.8544604374,0.9243702924,-2.867721335,0.755743628,1,0,0,12.40335751,0.2989214971,-9.370252886,-0.1545918168,0.1427007489,-0.03316943678,0.3539430314,0.003997475938,0.3539430314,0.003997475938,0.9805838492,0.02523068177,7,13,neutral,evaluation_variance_given_rct_nuisance_fit,-0,0.009784902047,3914.641541,5.191506872,0,0.3738852748,-0.0373562666
2,shifted,20,5000,17,estimated_r_datafusion,0.4390594372,-0.7438307694,-1.182890207,0.2612081201,0.5110852376,-1.745539428,0.2578778893,0,0.755507387,-0.2344478188,5.393406666,0.4103196151,-4.074758577,-0.09619853875,0.2164128296,0.05909447622,0.1539255103,0.001127676879,0.1539255103,0.001127676879,0.9729106244,0.04170307732,12,8,estimated,evaluation_variance_excludes_fit_tuning_uncertainty,-0.01364077186,0.004034356837,4233.821703,4.273304007,0,0.5653031371,0.05818254969
2,shifted,20,5000,17,rct_aipw,0.4390594372,-0.7176940535,-1.156753491,0.2836222063,0.5325619272,-1.76149625,0.3261081433,0,0,0,5.393406666,0.4103196151,-4.074758577,-0.09619853875,0.2164128296,0.05909447622,0.1539255103,0.001127676879,0.1539255103,0.001127676879,0.9729106244,0.04170307732,12,8,neutral,evaluation_variance_given_rct_nuisance_fit,0,0.004034356837,4233.821703,4.273304007,0,0.5653031371,0.05818254969
2,shifted,20,5000,18,estimated_r_datafusion,0.4390594372,0.1615273972,-0.27753204,0.5371278249,0.7328900496,-1.274910705,1.597965499,1,2,0.6009787787,2.154862554,0.6552083236,-4.341305645,0.3937662981,0.1952710824,-0.2716442493,0.4373117596,0.01183225944,0.4372886182,0.01183225944,0.9955016089,0.04849541905,5,15,estimated,evaluation_variance_excludes_fit_tuning_uncertainty,-0.1641551036,0.02170799684,2531.792074,17.29065935,0.0002,0.7830300981,-0.2731462564
2,shifted,20,5000,18,rct_aipw,0.4390594372,0.4365966599,-0.002462777268,0.1671923628,0.4088916272,-0.3648162029,1.238009523,1,0,0,2.154862554,0.6552083236,-4.341305645,0.3937662981,0.1952710824,-0.2716442493,0.4373117596,0.01183225944,0.4372886182,0.01183225944,0.9955016089,0.04849541905,5,15,neutral,evaluation_variance_given_rct_nuisance_fit,-0,0.02170799684,2531.792074,17.29065935,0.0002,0.7830300981,-0.2731462564
2,shifted,20,5000,19,estimated_r_datafusion,0.4390594372,0.9853427165,0.5462832793,0.5652664396,0.751842031,-0.4882405864,2.458926019,1,0.5415561109,-0.04525741313,9.598310436,0.831380976,-5.198023671,-0.0376261523,1.553642372,-0.0142701753,0.1407510742,8.514311595e-05,0.1407510742,8.514311595e-05,0.9519856728,0.1040572729,8,12,estimated,evaluation_variance_excludes_fit_tuning_uncertainty,0.0005952280749,0.01600079767,4145.397409,5.515725084,0,0.1439563814,-0.01315205695
2,shifted,20,5000,19,rct_aipw,0.4390594372,1.367938949,0.928879512,2.030148774,1.424832893,-1.424682206,4.160560104,1,0,0,9.598310436,0.831380976,-5.198023671,-0.0376261523,1.553642372,-0.0142701753,0.1407510742,8.514311595e-05,0.1407510742,8.514311595e-05,0.9519856728,0.1040572729,8,12,neutral,evaluation_variance_given_rct_nuisance_fit,-0,0.01600079767,4145.397409,5.515725084,0,0.1439563814,-0.01315205695
2,shifted,30,5000,0,estimated_r_datafusion,0.4390594372,0.5360338955,0.09697445835,0.2927275483,0.5410430189,-0.5243909356,1.596458727,1,0.8275393949,0.5553363447,8.524405956,0.7097060682,-7.054281747,0.3941255737,-0.5922966137,-0.0535747324,0.1945898683,0.007295741848,0.1945898683,0.007295741848,0.9417888795,0.05572348177,9,21,estimated,evaluation_variance_excludes_fit_tuning_uncertainty,-0.02846978812,0.01342067457,4028.659878,4.63121434,0,0.2121165397,-0.05126584708
2,shifted,30,5000,0,rct_aipw,0.4390594372,-0.04119592708,-0.4802553643,0.2563870623,0.5063467807,-1.033617381,0.9512255268,1,0,0,8.524405956,0.7097060682,-7.054281747,0.3941255737,-0.5922966137,-0.0535747324,0.1945898683,0.007295741848,0.1945898683,0.007295741848,0.9417888795,0.05572348177,9,21,neutral,evaluation_variance_given_rct_nuisance_fit,-0,0.01342067457,4028.659878,4.63121434,0,0.2121165397,-0.05126584708
2,shifted,30,5000,1,estimated_r_datafusion,0.4390594372,0.3031331373,-0.1359262999,0.3537452162,0.5947648411,-0.8625845306,1.468850805,1,1.185318942,1.199783924,4.455044237,0.6269302498,-5.280648322,0.7521808348,-0.147886495,0.1099345956,0.2086417494,0.03008181577,0.2086417494,0.03008181577,0.9816820081,0.04266988262,19,11,estimated,evaluation_variance_excludes_fit_tuning_uncertainty,0.1322615661,0.001439728307,4809.320388,2.092196387,0,0.5596937086,0.1102378216
2,shifted,30,5000,1,rct_aipw,0.4390594372,-0.5113937187,-0.9504531559,0.4824889675,0.694614258,-1.872812648,0.8500252101,1,0,0,4.455044237,0.6269302498,-5.280648322,0.7521808348,-0.147886495,0.1099345956,0.2086417494,0.03008181577,0.2086417494,0.03008181577,0.9816820081,0.04266988262,19,11,neutral,evaluation_variance_given_rct_nuisance_fit,0,0.001439728307,4809.320388,2.092196387,0,0.5596937086,0.1102378216
2,shifted,30,5000,2,estimated_r_datafusion,0.4390594372,0.02121151402,-0.4178479232,0.1452214178,0.3810792802,-0.7256901504,0.7681131784,1,0.9438418405,-1.030500117,16.33030393,0.4415624182,-15.41322412,-0.4550301236,0.781584567,0.01056372679,0.4849215273,0.01563028652,0.4849215273,0.01563028652,0.9762928653,0.02043036369,14,16,estimated,evaluation_variance_excludes_fit_tuning_uncertainty,-0.01239431857,0.005823799772,4677.103754,2.431176967,0,0.2213053803,0.01202747906
2,shifted,30,5000,2,rct_aipw,0.4390594372,-0.8970172473,-1.336076685,0.2901498302,0.5386555766,-1.952762777,0.1587282829,0,0,0,16.33030393,0.4415624182,-15.41322412,-0.4550301236,0.781584567,0.01056372679,0.4849215273,0.01563028652,0.4849215273,0.01563028652,0.9762928653,0.02043036369,14,16,neutral,evaluation_variance_given_rct_nuisance_fit,0,0.005823799772,4677.103754,2.431176967,0,0.2213053803,0.01202747906
2,shifted,30,5000,3,estimated_r_datafusion,0.4390594372,0.5590707127,0.1200112755,0.5495311249,0.7413036658,-0.8938577739,2.011999199,1,0.8496179638,-0.08427142955,3.058952099,0.2775213366,-2.598940654,-0.02338711977,0.1205142948,-0.03547126049,0.07360355555,6.569553387e-05,0.07360355555,6.569553387e-05,0.9580588331,0.06246899025,11,19,estimated,evaluation_variance_excludes_fit_tuning_uncertainty,0.003351901002,0.009869522521,4479.802419,3.262646744,0,0.2903864437,-0.03977505805
2,shifted,30,5000,3,rct_aipw,0.4390594372,1.174431375,0.7353719376,0.7500621267,0.8660612719,-0.5230175265,2.871880276,1,0,0,3.058952099,0.2775213366,-2.598940654,-0.02338711977,0.1205142948,-0.03547126049,0.07360355555,6.569553387e-05,0.07360355555,6.569553387e-05,0.9580588331,0.06246899025,11,19,neutral,evaluation_variance_given_rct_nuisance_fit,-0,0.009869522521,4479.802419,3.262646744,0,0.2903864437,-0.03977505805
2,shifted,30,5000,4,estimated_r_datafusion,0.4390594372,0.4972285944,0.05816915725,0.1680851444,0.409981883,-0.3063211306,1.30077832,1,1.091258352,0.4210856562,14.67586026,0.8021993887,-16.01515508,0.337794656,0.4822131911,0.04164686746,0.5825557248,0.00474134948,0.5825557248,0.00474134948,0.9798568103,0.03367358492,12,18,estimated,evaluation_variance_excludes_fit_tuning_uncertainty,0.01273442811,0.007698931528,4144.430601,4.697857888,0,0.2449813599,0.03024189479
2,shifted,30,5000,4,rct_aipw,0.4390594372,0.8107202882,0.371660851,0.3569712585,0.5974707177,-0.3603008003,1.981741377,1,0,0,14.67586026,0.8021993887,-16.01515508,0.337794656,0.4822131911,0.04164686746,0.5825557248,0.00474134948,0.5825557248,0.00474134948,0.9798568103,0.03367358492,12,18,neutral,evaluation_variance_given_rct_nuisance_fit,0,0.007698931528,4144.430601,4.697857888,0,0.2449813599,0.03024189479
2,shifted,30,5000,5,estimated_r_datafusion,0.4390594372,-0.09753685073,-0.5365962879,0.1776895835,0.4215324228,-0.9237252178,0.7286515163,1,0.9517031246,1.693854777,3.524997056,0.6650469047,-3.354750713,1.126492876,-0.6749994347,0.005029284634,0.1064242245,0.06360384466,0.1064242245,0.06360384466,0.971044429,0.06082466206,16,14,estimated,evaluation_variance_excludes_fit_tuning_uncertainty,0.01167953705,0.008639140436,3939.006327,5.554414445,0,0.2612049496,0.006895241083
2,shifted,30,5000,5,rct_aipw,0.4390594372,0.287207086,-0.1518523512,0.190407206,0.4363567417,-0.5680364121,1.142450584,1,0,0,3.524997056,0.6650469047,-3.354750713,1.126492876,-0.6749994347,0.005029284634,0.1064242245,0.06360384466,0.1064242245,0.06360384466,0.971044429,0.06082466206,16,14,neutral,evaluation_variance_given_rct_nuisance_fit,0,0.008639140436,3939.006327,5.554414445,0,0.2612049496,0.006895241083
2,shifted,30,5000,6,estimated_r_datafusion,0.4390594372,0.3571891892,-0.08187024798,0.1952583825,0.441880507,-0.5088806901,1.223259068,1,1.188552523,0.2888173977,9.619188836,0.3007857956,-11.43291116,0.08687217074,0.1983593464,-0.0449749706,0.4529538471,0.0008363398095,0.4529538471,0.0008363398095,0.9778357313,0.01597411308,12,18,estimated,evaluation_variance_excludes_fit_tuning_uncertainty,-0.01306436804,-0.008739622349,4104.35144,3.842357498,0,0.300633087,-0.04523400649
2,shifted,30,5000,6,rct_aipw,0.4390594372,-0.7434997966,-1.182559234,0.5404382065,0.7351450241,-2.184357567,0.6973579741,1,0,0,9.619188836,0.3007857956,-11.43291116,0.08687217074,0.1983593464,-0.0449749706,0.4529538471,0.0008363398095,0.4529538471,0.0008363398095,0.9778357313,0.01597411308,12,18,neutral,evaluation_variance_given_rct_nuisance_fit,-0,-0.008739622349,4104.35144,3.842357498,0,0.300633087,-0.04523400649
2,shifted,30,5000,7,estimated_r_datafusion,0.4390594372,0.5221203973,0.08306096011,0.1295655353,0.3599521292,-0.1833728122,1.227613607,1,0.7166404468,0.6683924793,2.579699035,1.286120004,-1.848716669,0.8596329379,0.734881717,-0.07495151335,0.04416217133,0.01915240636,0.04416217133,0.01915240636,0.9891850122,0.06093213874,12,18,estimated,evaluation_variance_excludes_fit_tuning_uncertainty,-0.04769191812,-0.006710370532,3934.349048,5.676430855,0,0.2967258882,-0.07135316389
2,shifted,30,5000,7,rct_aipw,0.4390594372,0.7391167729,0.3000573357,0.3014589732,0.5490527964,-0.3370069336,1.815240479,1,0,0,2.579699035,1.286120004,-1.848716669,0.8596329379,0.734881717,-0.07495151335,0.04416217133,0.01915240636,0.04416217133,0.01915240636,0.9891850122,0.06093213874,12,18,neutral,evaluation_variance_given_rct_nuisance_fit,-0,-0.006710370532,3934.349048,5.676430855,0,0.2967258882,-0.07135316389
2,shifted,30,5000,8,estimated_r_datafusion,0.4390594372,0.5437024824,0.1046430452,0.2624348583,0.5122839626,-0.4603556342,1.547760599,1,1.560735893,1.721673687,3.026622906,0.9541424681,-4.723759004,1.642721981,-0.6381446751,0.07306477381,0.2457513409,0.09427437369,0.2457513409,0.09427437369,0.9863616054,0.05963042879,11,19,estimated,evaluation_variance_excludes_fit_tuning_uncertainty,0.1327726766,0.001821982786,4099.525624,5.26832757,0,0.3621834927,0.07711837473
2,shifted,30,5000,8,rct_aipw,0.4390594372,-0.3054749343,-0.7445343715,0.2285424413,0.4780611272,-1.242457526,0.6315076574,1,0,0,3.026622906,0.9541424681,-4.723759004,1.642721981,-0.6381446751,0.07306477381,0.2457513409,0.09427437369,0.2457513409,0.09427437369,0.9863616054,0.05963042879,11,19,neutral,evaluation_variance_given_rct_nuisance_fit,0,0.001821982786,4099.525624,5.26832757,0,0.3621834927,0.07711837473
2,shifted,30,5000,9,estimated_r_datafusion,0.4390594372,0.2796936697,-0.1593657675,0.2068004873,0.4547532158,-0.6116062552,1.170993594,1,0.8096117372,1.249296601,4.521551432,0.475990163,-3.66070111,0.5946528928,0.05069836384,-0.07746919751,0.09879155284,0.02476326126,0.09879155284,0.02476326126,0.9236590882,0.04971657212,9,21,estimated,evaluation_variance_excludes_fit_tuning_uncertainty,-0.08781417258,0.03584733051,4073.814348,4.812345122,0,0.3957614691,-0.07029089209
2,shifted,30,5000,9,rct_aipw,0.4390594372,1.024344882,0.5852854451,0.4113801208,0.6413892116,-0.2327548725,2.281444637,1,0,0,4.521551432,0.475990163,-3.66070111,0.5946528928,0.05069836384,-0.07746919751,0.09879155284,0.02476326126,0.09879155284,0.02476326126,0.9236590882,0.04971657212,9,21,neutral,evaluation_variance_given_rct_nuisance_fit,-0,0.03584733051,4073.814348,4.812345122,0,0.3957614691,-0.07029089209
2,shifted,30,5000,10,estimated_r_datafusion,0.4390594372,0.4568835579,0.01782412066,0.1731745452,0.4161424578,-0.3587406719,1.272507788,1,1.21055216,-0.2902702024,2.240494317,0.1401759883,-2.712235235,-0.04068891249,0.07092082961,0.0622790944,0.1094434075,0.0003936926288,0.1094434075,0.0003936926288,0.9209275966,0.01800434568,13,17,estimated,evaluation_variance_excludes_fit_tuning_uncertainty,-0.01827524457,0.003718182254,4466.778293,2.972725084,0,0.2887580627,0.06295942339
2,shifted,30,5000,10,rct_aipw,0.4390594372,0.8113488737,0.3722894365,0.1818925813,0.426488665,-0.02455354943,1.647251297,1,0,0,2.240494317,0.1401759883,-2.712235235,-0.04068891249,0.07092082961,0.0622790944,0.1094434075,0.0003936926288,0.1094434075,0.0003936926288,0.9209275966,0.01800434568,13,17,neutral,evaluation_variance_given_rct_nuisance_fit,0,0.003718182254,4466.778293,2.972725084,0,0.2887580627,0.06295942339
2,shifted,30,5000,11,estimated_r_datafusion,0.4390594372,0.6774263424,0.2383669052,0.1893478083,0.4351411361,-0.1754346125,1.530287297,1,1.174481184,0.7395589308,1.823731747,0.6297031246,-2.141938621,0.4657025696,-0.01324558489,-0.06385078039,0.08385555359,0.01148048315,0.08385555359,0.01148048315,0.9852274661,0.08534009959,7,23,estimated,evaluation_variance_excludes_fit_tuning_uncertainty,-0.05311306602,0.006667603538,3614.208104,8.007077437,0,0.3694459908,-0.07181721943
2,shifted,30,5000,11,rct_aipw,0.4390594372,0.9936482773,0.5545888401,0.2247541507,0.4740824302,0.06446378826,1.922832766,1,0,0,1.823731747,0.6297031246,-2.141938621,0.4657025696,-0.01324558489,-0.06385078039,0.08385555359,0.01148048315,0.08385555359,0.01148048315,0.9852274661,0.08534009959,7,23,neutral,evaluation_variance_given_rct_nuisance_fit,-0,0.006667603538,3614.208104,8.007077437,0,0.3694459908,-0.07181721943
2,shifted,30,5000,12,estimated_r_datafusion,0.4390594372,0.8631273649,0.4240679277,0.1175099943,0.3427973079,0.1912569874,1.534997742,1,1.06205951,0.2385132959,3.343342385,1.300225612,-3.550828574,0.3101210961,0.2690327141,0.06561373134,0.1257063752,0.002465600159,0.1257063752,0.002465600159,0.9880474697,0.1048717748,17,13,estimated,evaluation_variance_excludes_fit_tuning_uncertainty,0.01673345064,0.005087722015,4675.399974,2.233301618,0,0.3248350101,0.07015730748
2,shifted,30,5000,12,rct_aipw,0.4390594372,1.354421597,0.9153621601,0.1657833601,0.4071650281,0.5563928066,2.152450388,0,0,0,3.343342385,1.300225612,-3.550828574,0.3101210961,0.2690327141,0.06561373134,0.1257063752,0.002465600159,0.1257063752,0.002465600159,0.9880474697,0.1048717748,17,13,neutral,evaluation_variance_given_rct_nuisance_fit,0,0.005087722015,4675.399974,2.233301618,0,0.3248350101,0.07015730748
2,shifted,30,5000,13,estimated_r_datafusion,0.4390594372,-0.2068967844,-0.6459562216,0.217383928,0.4662444938,-1.1207192,0.7069256314,1,0.8887529817,0.03506532452,2.657328609,1.071059666,-2.361708725,0.03755705478,0.8406434169,0.02098015047,0.0699658557,4.38983438e-05,0.0699658557,4.38983438e-05,0.9754744029,0.09566966105,11,19,estimated,evaluation_variance_excludes_fit_tuning_uncertainty,0.0007276079168,-0.006522416683,3281.470016,7.943432572,0,0.7608954605,0.02075006938
2,shifted,30,5000,13,rct_aipw,0.4390594372,0.05376237096,-0.3852970662,0.3201199039,0.5657913961,-1.055168388,1.16269313,1,0,0,2.657328609,1.071059666,-2.361708725,0.03755705478,0.8406434169,0.02098015047,0.0699658557,4.38983438e-05,0.0699658557,4.38983438e-05,0.9754744029,0.09566966105,11,19,neutral,evaluation_variance_given_rct_nuisance_fit,0,-0.006522416683,3281.470016,7.943432572,0,0.7608954605,0.02075006938
2,shifted,30,5000,14,estimated_r_datafusion,0.4390594372,0.3659221391,-0.07313729812,0.1202549498,0.3467779546,-0.3137501625,1.045594441,1,0.9069957467,0.8958436804,1.900924128,0.2782159588,-1.724130099,0.2492380085,0.1882298947,-0.09682111328,0.05212595554,0.007442609827,0.05212595554,0.007442609827,0.9519788086,0.02353147732,8,22,estimated,evaluation_variance_excludes_fit_tuning_uncertainty,-0.1067499064,0.01892361549,3296.425323,9.472283325,0,0.4368067288,-0.1191613099
2,shifted,30,5000,14,rct_aipw,0.4390594372,0.2502740924,-0.1887853448,0.2945939481,0.5427650948,-0.8135259455,1.31407413,1,0,0,1.900924128,0.2782159588,-1.724130099,0.2492380085,0.1882298947,-0.09682111328,0.05212595554,0.007442609827,0.05212595554,0.007442609827,0.9519788086,0.02353147732,8,22,neutral,evaluation_variance_given_rct_nuisance_fit,-0,0.01892361549,3296.425323,9.472283325,0,0.4368067288,-0.1191613099
2,shifted,30,5000,15,estimated_r_datafusion,0.4390594372,0.01353264334,-0.4255267939,0.2293507275,0.4789057605,-0.9251053993,0.952170686,1,1.047529516,2,5.100224739,0.320779432,-5.342635953,0.8024760275,-0.3635301801,-0.005400203806,0.1865522952,0.06691698515,0.1865522952,0.06422621273,0.9793265066,0.03771401448,12,18,estimated,evaluation_variance_excludes_fit_tuning_uncertainty,-0.0003950292031,0.0150815735,3704.699338,6.250302762,0,0.4512869872,-0.0001975146016
2,shifted,30,5000,15,rct_aipw,0.4390594372,0.924259574,0.4852001368,0.1777642006,0.4216209205,0.09789775464,1.750621393,1,0,0,5.100224739,0.320779432,-5.342635953,0.8024760275,-0.3635301801,-0.005400203806,0.1865522952,0.06691698515,0.1865522952,0.06422621273,0.9793265066,0.03771401448,12,18,neutral,evaluation_variance_given_rct_nuisance_fit,-0,0.0150815735,3704.699338,6.250302762,0,0.4512869872,-0.0001975146016
2,shifted,30,5000,16,estimated_r_datafusion,0.4390594372,0.4438951639,0.004835726744,0.315747547,0.5619141812,-0.6574363936,1.545226721,1,1.233812355,-0.2199768256,6.692256315,0.345251009,-8.256988522,-0.07594722099,0.1954344758,0.03286238792,0.339585815,0.0005568876195,0.339585815,0.0005568876195,0.984549444,0.02497237109,14,16,estimated,evaluation_variance_excludes_fit_tuning_uncertainty,-0.005894766411,0.004593770217,3736.111728,6.160857159,0,0.3616576481,0.02679721555
2,shifted,30,5000,16,rct_aipw,0.4390594372,-0.2182867429,-0.6573461801,0.734743807,0.8571719821,-1.898312956,1.461739471,1,0,0,6.692256315,0.345251009,-8.256988522,-0.07594722099,0.1954344758,0.03286238792,0.339585815,0.0005568876195,0.339585815,0.0005568876195,0.984549444,0.02497237109,14,16,neutral,evaluation_variance_given_rct_nuisance_fit,0,0.004593770217,3736.111728,6.160857159,0,0.3616576481,0.02679721555
2,shifted,30,5000,17,estimated_r_datafusion,0.4390594372,-0.315225322,-0.7542847592,0.4164995076,0.6453677305,-1.580122831,0.9496721865,1,1.126407433,1.242792008,2.218224727,0.4545689625,-2.49862482,0.5649346736,0.1411218034,-0.05382945199,0.09381565233,0.02340320991,0.09381565233,0.02340320991,0.9694796849,0.03885467064,14,16,estimated,evaluation_variance_excludes_fit_tuning_uncertainty,-0.07756815173,0.01059784634,4535.49907,3.489153919,0,0.3596461925,-0.06241442755
2,shifted,30,5000,17,rct_aipw,0.4390594372,0.04882036561,-0.3902390716,0.3950384699,0.6285208588,-1.183057881,1.280698612,1,0,0,2.218224727,0.4545689625,-2.49862482,0.5649346736,0.1411218034,-0.05382945199,0.09381565233,0.02340320991,0.09381565233,0.02340320991,0.9694796849,0.03885467064,14,16,neutral,evaluation_variance_given_rct_nuisance_fit,-0,0.01059784634,4535.49907,3.489153919,0,0.3596461925,-0.06241442755
2,shifted,30,5000,18,estimated_r_datafusion,0.4390594372,1.206842427,0.7677829897,0.1356492402,0.3683059058,0.4849761163,1.928708737,0,1.369544427,1.026950099,1.064329074,0.6008368542,-1.457645951,0.6170294668,-0.2330663849,-0.02090481677,0.0665436963,0.02112194906,0.0665436963,0.02112194906,0.9783152896,0.1489265908,12,18,estimated,evaluation_variance_excludes_fit_tuning_uncertainty,-0.02101735166,0.006623173057,4318.205914,3.637012371,0,0.134311535,-0.02046579642
2,shifted,30,5000,18,rct_aipw,0.4390594372,0.5313518457,0.09229240846,0.1866478406,0.4320275924,-0.3154066758,1.378110367,1,0,0,1.064329074,0.6008368542,-1.457645951,0.6170294668,-0.2330663849,-0.02090481677,0.0665436963,0.02112194906,0.0665436963,0.02112194906,0.9783152896,0.1489265908,12,18,neutral,evaluation_variance_given_rct_nuisance_fit,-0,0.006623173057,4318.205914,3.637012371,0,0.134311535,-0.02046579642
2,shifted,30,5000,19,estimated_r_datafusion,0.4390594372,-0.1012563958,-0.540315833,0.1772375822,0.4209959409,-0.9263932776,0.7238804859,1,1.217694634,0.2774683322,6.868756155,0.6240299548,-8.364047508,0.1731485508,0.5911305311,-0.07022316472,0.3394951922,0.001601441321,0.3394951922,0.001601441321,0.9919058404,0.03634139966,15,15,estimated,evaluation_variance_excludes_fit_tuning_uncertainty,-0.02154435963,0.03423105916,3858.415347,6.616764855,0,0.6749048261,-0.07764619283
2,shifted,30,5000,19,rct_aipw,0.4390594372,0.7196345849,0.2805751477,0.2852250863,0.5340646836,-0.3271129605,1.76638213,1,0,0,6.868756155,0.6240299548,-8.364047508,0.1731485508,0.5911305311,-0.07022316472,0.3394951922,0.001601441321,0.3394951922,0.001601441321,0.9919058404,0.03634139966,15,15,neutral,evaluation_variance_given_rct_nuisance_fit,-0,0.03423105916,3858.415347,6.616764855,0,0.6749048261,-0.07764619283
