benchmark,scenario_id,regime,n_rct_total,n_obs_total,outer_replication,paired_design_id,estimator,tuning_restriction,uses_ratio_channel,estimate,true_theta,error,score_variance_proxy_nonexact,unique_rct_generated,unique_obs_generated,source_sha256,support_rows,mean_raw_lambda_used,mean_raw_omega_used,mean_lambda_used,mean_omega_used,mean_lambda_constrained_from_raw,mean_omega_constrained_from_raw,mean_lambda_at_boundary,mean_omega_at_boundary,mean_coefficient_fallback,common_mean_tuning_a,common_mean_tuning_b,common_mean_tuning_c,common_mean_tuning_d,common_mean_tuning_h,common_mean_ratio_normalization_error_raw,common_mean_ratio_normalization_error_clipped,common_mean_ratio_ess,common_mean_ratio_max_raw,common_mean_ratio_clip_fraction,common_mean_true_r_product_bias_raw,common_mean_true_r_product_bias_clipped,common_min_rct_train_arm,common_min_obs_train_arm
arbitrary_scm,0,shared,20,5000,0,e6db61a5,rct_aipw,fixed_lambda_0_omega_0,0,2.47776032417,0.864725914388,1.61303440978,1.38113317586,20,5000,not_applicable,0,0,0,0,0,0,0,0,0,0,7.69105869037,0.177803251095,-8.36941093919,-0.59564105599,0.145825536021,0.0166215739555,0.0166215739555,733.705158546,5.49828682281,0,0.000925202170867,0.000925202170867,2,880
arbitrary_scm,0,shared,20,5000,0,e6db61a5,haipw_only,restricted_omega_0,0,1.48376932977,0.864725914388,0.619043415382,0.283087789217,20,5000,not_applicable,0,1.10172224833,0,1.10172224833,0,0,0,0,0,0,7.69105869037,0.177803251095,-8.36941093919,-0.59564105599,0.145825536021,0.0166215739555,0.0166215739555,733.705158546,5.49828682281,0,0.000925202170867,0.000925202170867,2,880
arbitrary_scm,0,shared,20,5000,0,e6db61a5,ppi_power_tuned_only,restricted_lambda_0,1,2.89349979942,0.864725914388,2.02877388503,1.29604285753,20,5000,not_applicable,0,0,-3.84947078581,0,-1.31196556932,0,0.8,0,0.8,0,7.69105869037,0.177803251095,-8.36941093919,-0.59564105599,0.145825536021,0.0166215739555,0.0166215739555,733.705158546,5.49828682281,0,0.000925202170867,0.000925202170867,2,880
arbitrary_scm,0,shared,20,5000,0,e6db61a5,full_datafusionppi,joint_box_lambda_omega,1,1.99843614929,0.864725914388,1.1337102349,0.23530300959,20,5000,not_applicable,0,1.02909039873,-2.87179116827,1.06078578401,-1.99863196953,0.8,0.8,0,0.8,0,7.69105869037,0.177803251095,-8.36941093919,-0.59564105599,0.145825536021,0.0166215739555,0.0166215739555,733.705158546,5.49828682281,0,0.000925202170867,0.000925202170867,2,880
arbitrary_scm,0,shared,20,5000,1,d3ad0942,rct_aipw,fixed_lambda_0_omega_0,0,0.859934978909,0.864725914388,-0.00479093547883,0.858266302482,20,5000,not_applicable,0,0,0,0,0,0,0,0,0,0,8.75365189539,0.119137224232,-11.9304969014,0.943710481844,-0.365345693926,0.0092204577455,0.0092204577455,846.352420188,3.46565000594,0,0.0519572542759,0.0519572542759,2,916
arbitrary_scm,0,shared,20,5000,1,d3ad0942,haipw_only,restricted_omega_0,0,0.717814530835,0.864725914388,-0.146911383553,0.322865408681,20,5000,not_applicable,0,1.41639962967,0,1.41639962967,0,0,0,0,0,0,8.75365189539,0.119137224232,-11.9304969014,0.943710481844,-0.365345693926,0.0092204577455,0.0092204577455,846.352420188,3.46565000594,0,0.0519572542759,0.0519572542759,2,916
arbitrary_scm,0,shared,20,5000,1,d3ad0942,ppi_power_tuned_only,restricted_lambda_0,1,0.427897557459,0.864725914388,-0.436828356929,0.671175996409,20,5000,not_applicable,0,0,8.83581383892,0,2,0,1,0,1,0,8.75365189539,0.119137224232,-11.9304969014,0.943710481844,-0.365345693926,0.0092204577455,0.0092204577455,846.352420188,3.46565000594,0,0.0519572542759,0.0519572542759,2,916
arbitrary_scm,0,shared,20,5000,1,d3ad0942,full_datafusionppi,joint_box_lambda_omega,1,0.279613907237,0.864725914388,-0.585112007151,0.241621107217,20,5000,not_applicable,0,1.17910742182,4.70553746613,1.31066044756,2,1,1,0,1,0,8.75365189539,0.119137224232,-11.9304969014,0.943710481844,-0.365345693926,0.0092204577455,0.0092204577455,846.352420188,3.46565000594,0,0.0519572542759,0.0519572542759,2,916
arbitrary_scm,0,shared,20,5000,2,ed6b55f5,rct_aipw,fixed_lambda_0_omega_0,0,1.95537042623,0.864725914388,1.09064451184,0.550910580232,20,5000,not_applicable,0,0,0,0,0,0,0,0,0,0,15.2605544315,0.172773848944,-12.0515068148,0.34006465027,-0.500682659797,0.00338504905682,0.00338504905682,716.302136911,5.73392060103,0,-0.0152267322636,-0.0152267322636,2,901
arbitrary_scm,0,shared,20,5000,2,ed6b55f5,haipw_only,restricted_omega_0,0,1.07647608253,0.864725914388,0.211750168144,0.101354161861,20,5000,not_applicable,0,0.776850050883,0,0.776850050883,0,0,0,0,0,0,15.2605544315,0.172773848944,-12.0515068148,0.34006465027,-0.500682659797,0.00338504905682,0.00338504905682,716.302136911,5.73392060103,0,-0.0152267322636,-0.0152267322636,2,901
arbitrary_scm,0,shared,20,5000,2,ed6b55f5,ppi_power_tuned_only,restricted_lambda_0,1,1.82190827756,0.864725914388,0.95718236317,0.561388263496,20,5000,not_applicable,0,0,2.0636718364,0,1.28782725154,0,0.4,0,0.4,0,15.2605544315,0.172773848944,-12.0515068148,0.34006465027,-0.500682659797,0.00338504905682,0.00338504905682,716.302136911,5.73392060103,0,-0.0152267322636,-0.0152267322636,2,901
arbitrary_scm,0,shared,20,5000,2,ed6b55f5,full_datafusionppi,joint_box_lambda_omega,1,1.02709545287,0.864725914388,0.162369538478,0.119971388508,20,5000,not_applicable,0,0.800810391529,-0.397496498638,0.800810391529,-0.397496498638,0,0,0,0,0,15.2605544315,0.172773848944,-12.0515068148,0.34006465027,-0.500682659797,0.00338504905682,0.00338504905682,716.302136911,5.73392060103,0,-0.0152267322636,-0.0152267322636,2,901
arbitrary_scm,0,shared,20,5000,3,9ac2af8d,rct_aipw,fixed_lambda_0_omega_0,0,2.32234025747,0.864725914388,1.45761434308,0.65339596225,20,5000,not_applicable,0,0,0,0,0,0,0,0,0,0,4.38399449969,0.134934002246,-4.38474346822,-0.0212844529288,-0.0255566403967,0.00304175622022,0.00304175622022,873.455042647,2.92545765112,0,0.0154133932566,0.0154133932566,1,876
arbitrary_scm,0,shared,20,5000,3,9ac2af8d,haipw_only,restricted_omega_0,0,1.07538280526,0.864725914388,0.210656890875,0.176800300634,20,5000,not_applicable,0,0.999649132237,0,0.999649132237,0,0,0,0,0,0,4.38399449969,0.134934002246,-4.38474346822,-0.0212844529288,-0.0255566403967,0.00304175622022,0.00304175622022,873.455042647,2.92545765112,0,0.0154133932566,0.0154133932566,1,876
arbitrary_scm,0,shared,20,5000,3,9ac2af8d,ppi_power_tuned_only,restricted_lambda_0,1,2.36512891003,0.864725914388,1.50040299564,0.670272928184,20,5000,not_applicable,0,0,-0.336209907283,0,-0.336209907283,0,0,0,0,0,4.38399449969,0.134934002246,-4.38474346822,-0.0212844529288,-0.0255566403967,0.00304175622022,0.00304175622022,873.455042647,2.92545765112,0,0.0154133932566,0.0154133932566,1,876
arbitrary_scm,0,shared,20,5000,3,9ac2af8d,full_datafusionppi,joint_box_lambda_omega,1,0.942048697535,0.864725914388,0.0773227831475,0.229055679083,20,5000,not_applicable,0,1.02832593107,-0.144253923317,1.02832593107,-0.144253923317,0,0,0,0,0,4.38399449969,0.134934002246,-4.38474346822,-0.0212844529288,-0.0255566403967,0.00304175622022,0.00304175622022,873.455042647,2.92545765112,0,0.0154133932566,0.0154133932566,1,876
arbitrary_scm,0,shared,20,5000,4,b3971762,rct_aipw,fixed_lambda_0_omega_0,0,1.48849247768,0.864725914388,0.623766563297,0.61499882431,20,5000,not_applicable,0,0,0,0,0,0,0,0,0,0,5.16045040694,0.20646470959,-5.6421951154,0.491090034808,-0.0865503542866,0.0167933474109,0.0167941225373,681.992260784,5.85052270573,0.0002,-0.0127200592081,-0.0127182339434,2,925
arbitrary_scm,0,shared,20,5000,4,b3971762,haipw_only,restricted_omega_0,0,1.26785536574,0.864725914388,0.403129451348,0.2825767926,20,5000,not_applicable,0,1.0350820867,0,1.0350820867,0,0,0,0,0,0,5.16045040694,0.20646470959,-5.6421951154,0.491090034808,-0.0865503542866,0.0167933474109,0.0167941225373,681.992260784,5.85052270573,0.0002,-0.0127200592081,-0.0127182339434,2,925
arbitrary_scm,0,shared,20,5000,4,b3971762,ppi_power_tuned_only,restricted_lambda_0,1,1.40549461832,0.864725914388,0.54076870393,0.550082345364,20,5000,not_applicable,0,0,2.65872110049,0,1.72483381827,0,0.6,0,0.6,0,5.16045040694,0.20646470959,-5.6421951154,0.491090034808,-0.0865503542866,0.0167933474109,0.0167941225373,681.992260784,5.85052270573,0.0002,-0.0127200592081,-0.0127182339434,2,925
arbitrary_scm,0,shared,20,5000,4,b3971762,full_datafusionppi,joint_box_lambda_omega,1,1.19277081273,0.864725914388,0.328044898338,0.242881893959,20,5000,not_applicable,0,0.981076187641,2.24431370558,1.00377860543,1.65245741733,0.6,0.6,0,0.6,0,5.16045040694,0.20646470959,-5.6421951154,0.491090034808,-0.0865503542866,0.0167933474109,0.0167941225373,681.992260784,5.85052270573,0.0002,-0.0127200592081,-0.0127182339434,2,925
arbitrary_scm,0,shared,20,5000,5,0ed55689,rct_aipw,fixed_lambda_0_omega_0,0,0.907375093745,0.864725914388,0.0426491793568,0.109551263057,20,5000,not_applicable,0,0,0,0,0,0,0,0,0,0,3.59162463405,0.258177226613,-3.34352828618,-0.306898686752,0.417656640495,0.00411984040444,0.00411984040444,789.719188339,3.93490439629,0,-0.106820491822,-0.106820491822,1,898
arbitrary_scm,0,shared,20,5000,5,0ed55689,haipw_only,restricted_omega_0,0,1.07528309708,0.864725914388,0.210557182691,0.0890773730151,20,5000,not_applicable,0,0.929765462492,0,0.929765462492,0,0,0,0,0,0,3.59162463405,0.258177226613,-3.34352828618,-0.306898686752,0.417656640495,0.00411984040444,0.00411984040444,789.719188339,3.93490439629,0,-0.106820491822,-0.106820491822,1,898
arbitrary_scm,0,shared,20,5000,5,0ed55689,ppi_power_tuned_only,restricted_lambda_0,1,1.1678477615,0.864725914388,0.303121847108,0.147392126363,20,5000,not_applicable,0,0,-0.830743751307,0,-0.830743751307,0,0,0,0,0,3.59162463405,0.258177226613,-3.34352828618,-0.306898686752,0.417656640495,0.00411984040444,0.00411984040444,789.719188339,3.93490439629,0,-0.106820491822,-0.106820491822,1,898
arbitrary_scm,0,shared,20,5000,5,0ed55689,full_datafusionppi,joint_box_lambda_omega,1,1.16020286105,0.864725914388,0.295476946667,0.114148734733,20,5000,not_applicable,0,0.977239767925,0.721598805362,0.973612313215,0.634002264508,0.2,0.2,0,0.2,0,3.59162463405,0.258177226613,-3.34352828618,-0.306898686752,0.417656640495,0.00411984040444,0.00411984040444,789.719188339,3.93490439629,0,-0.106820491822,-0.106820491822,1,898
arbitrary_scm,0,shared,20,5000,6,d205b34b,rct_aipw,fixed_lambda_0_omega_0,0,0.957847821036,0.864725914388,0.0931219066483,0.447675364939,20,5000,not_applicable,0,0,0,0,0,0,0,0,0,0,15.9519697127,0.285341633905,-17.3335879377,-0.436546829315,0.461519355001,0.00610629212327,0.00610629212327,817.166571268,4.98893887593,0,-0.00414828889535,-0.00414828889535,1,895
arbitrary_scm,0,shared,20,5000,6,d205b34b,haipw_only,restricted_omega_0,0,0.882470463397,0.864725914388,0.0177445490091,0.304530917421,20,5000,not_applicable,0,1.11214407082,0,1.11214407082,0,0,0,0,0,0,15.9519697127,0.285341633905,-17.3335879377,-0.436546829315,0.461519355001,0.00610629212327,0.00610629212327,817.166571268,4.98893887593,0,-0.00414828889535,-0.00414828889535,1,895
arbitrary_scm,0,shared,20,5000,6,d205b34b,ppi_power_tuned_only,restricted_lambda_0,1,0.762976633116,0.864725914388,-0.101749281272,0.539040018137,20,5000,not_applicable,0,0,-1.49236451556,0,-1.11120501381,0,0.4,0,0.4,0,15.9519697127,0.285341633905,-17.3335879377,-0.436546829315,0.461519355001,0.00610629212327,0.00610629212327,817.166571268,4.98893887593,0,-0.00414828889535,-0.00414828889535,1,895
arbitrary_scm,0,shared,20,5000,6,d205b34b,full_datafusionppi,joint_box_lambda_omega,1,0.861122617172,0.864725914388,-0.00360329721555,0.297191592265,20,5000,not_applicable,0,1.11763583898,0.254374364957,1.11763583898,0.254374364957,0,0,0,0,0,15.9519697127,0.285341633905,-17.3335879377,-0.436546829315,0.461519355001,0.00610629212327,0.00610629212327,817.166571268,4.98893887593,0,-0.00414828889535,-0.00414828889535,1,895
arbitrary_scm,0,shared,20,5000,7,9bd8d30c,rct_aipw,fixed_lambda_0_omega_0,0,1.5545784955,0.864725914388,0.689852581116,1.02068681565,20,5000,not_applicable,0,0,0,0,0,0,0,0,0,0,10.7718023297,0.458271265697,-9.63745947994,0.381931179814,0.0744292389132,0.00696520948092,0.00696587428306,717.584330001,5.52968663757,0.0002,-0.00549351790361,-0.00549260207536,2,914
arbitrary_scm,0,shared,20,5000,7,9bd8d30c,haipw_only,restricted_omega_0,0,0.863745096937,0.864725914388,-0.000980817451289,0.41615625503,20,5000,not_applicable,0,0.911953094172,0,0.911953094172,0,0,0,0,0,0,10.7718023297,0.458271265697,-9.63745947994,0.381931179814,0.0744292389132,0.00696520948092,0.00696587428306,717.584330001,5.52968663757,0.0002,-0.00549351790361,-0.00549260207536,2,914
arbitrary_scm,0,shared,20,5000,7,9bd8d30c,ppi_power_tuned_only,restricted_lambda_0,1,1.59327954319,0.864725914388,0.728553628801,1.14069001562,20,5000,not_applicable,0,0,0.972821680806,0,0.930267059726,0,0.2,0,0.2,0,10.7718023297,0.458271265697,-9.63745947994,0.381931179814,0.0744292389132,0.00696520948092,0.00696587428306,717.584330001,5.52968663757,0.0002,-0.00549351790361,-0.00549260207536,2,914
arbitrary_scm,0,shared,20,5000,7,9bd8d30c,full_datafusionppi,joint_box_lambda_omega,1,0.983470870038,0.864725914388,0.11874495565,0.525078373794,20,5000,not_applicable,0,0.924304333863,1.21547560469,0.924313864106,1.21170779531,0.2,0.2,0,0.2,0,10.7718023297,0.458271265697,-9.63745947994,0.381931179814,0.0744292389132,0.00696520948092,0.00696587428306,717.584330001,5.52968663757,0.0002,-0.00549351790361,-0.00549260207536,2,914
arbitrary_scm,0,shared,20,5000,8,6c715287,rct_aipw,fixed_lambda_0_omega_0,0,1.81354452737,0.864725914388,0.94881861298,0.474999384985,20,5000,not_applicable,0,0,0,0,0,0,0,0,0,0,9.64097210219,0.116060488679,-6.22469841395,0.146521280901,0.118098802648,0.00465771141085,0.00465771141085,766.363326931,4.50844171796,0,0.0326729504207,0.0326729504207,3,896
arbitrary_scm,0,shared,20,5000,8,6c715287,haipw_only,restricted_omega_0,0,1.26204797231,0.864725914388,0.39732205792,0.327854815449,20,5000,not_applicable,0,0.629598808296,0,0.629598808296,0,0,0,0,0,0,9.64097210219,0.116060488679,-6.22469841395,0.146521280901,0.118098802648,0.00465771141085,0.00465771141085,766.363326931,4.50844171796,0,0.0326729504207,0.0326729504207,3,896
arbitrary_scm,0,shared,20,5000,8,6c715287,ppi_power_tuned_only,restricted_lambda_0,1,1.57957168074,0.864725914388,0.71484576635,0.441279488304,20,5000,not_applicable,0,0,1.38172558295,0,1.18447688413,0,0.6,0,0.6,0,9.64097210219,0.116060488679,-6.22469841395,0.146521280901,0.118098802648,0.00465771141085,0.00465771141085,766.363326931,4.50844171796,0,0.0326729504207,0.0326729504207,3,896
arbitrary_scm,0,shared,20,5000,8,6c715287,full_datafusionppi,joint_box_lambda_omega,1,1.02481392027,0.864725914388,0.16008800588,0.293303184355,20,5000,not_applicable,0,0.655829939836,1.66661961467,0.65264175898,1.41627862026,0.2,0.2,0,0.2,0,9.64097210219,0.116060488679,-6.22469841395,0.146521280901,0.118098802648,0.00465771141085,0.00465771141085,766.363326931,4.50844171796,0,0.0326729504207,0.0326729504207,3,896
arbitrary_scm,0,shared,20,5000,9,a40a66cd,rct_aipw,fixed_lambda_0_omega_0,0,-0.018809122582,0.864725914388,-0.88353503697,0.421540282663,20,5000,not_applicable,0,0,0,0,0,0,0,0,0,0,4.19017100556,0.161150488812,-4.82603463832,0.665215466747,-0.170509237793,0.00561318812886,0.00561318812886,819.511032489,3.65216709601,0,-0.0664596704397,-0.0664596704397,2,918
arbitrary_scm,0,shared,20,5000,9,a40a66cd,haipw_only,restricted_omega_0,0,0.440249358459,0.864725914388,-0.424476555929,0.335129770258,20,5000,not_applicable,0,1.02679442028,0,1.02679442028,0,0,0,0,0,0,4.19017100556,0.161150488812,-4.82603463832,0.665215466747,-0.170509237793,0.00561318812886,0.00561318812886,819.511032489,3.65216709601,0,-0.0664596704397,-0.0664596704397,2,918
arbitrary_scm,0,shared,20,5000,9,a40a66cd,ppi_power_tuned_only,restricted_lambda_0,1,-0.0101203389537,0.864725914388,-0.874846253342,0.305872395011,20,5000,not_applicable,0,0,4.21330835356,0,2,0,1,0,1,0,4.19017100556,0.161150488812,-4.82603463832,0.665215466747,-0.170509237793,0.00561318812886,0.00561318812886,819.511032489,3.65216709601,0,-0.0664596704397,-0.0664596704397,2,918
arbitrary_scm,0,shared,20,5000,9,a40a66cd,full_datafusionppi,joint_box_lambda_omega,1,0.485972223271,0.864725914388,-0.378753691117,0.182845145628,20,5000,not_applicable,0,0.946693156067,2.99229863439,0.977415273472,2,1,1,0,1,0,4.19017100556,0.161150488812,-4.82603463832,0.665215466747,-0.170509237793,0.00561318812886,0.00561318812886,819.511032489,3.65216709601,0,-0.0664596704397,-0.0664596704397,2,918
arbitrary_scm,0,shared,20,5000,10,29036229,rct_aipw,fixed_lambda_0_omega_0,0,1.77774858459,0.864725914388,0.913022670202,0.799518844485,20,5000,not_applicable,0,0,0,0,0,0,0,0,0,0,3.5492880532,0.186036264178,-4.36308033265,0.588395517003,-0.235523418348,0.0148998618318,0.0148998618318,931.20946376,2.39354579667,0,0.000837633903856,0.000837633903856,2,899
arbitrary_scm,0,shared,20,5000,10,29036229,haipw_only,restricted_omega_0,0,1.6930062386,0.864725914388,0.828280324211,0.368284738011,20,5000,not_applicable,0,1.29702995717,0,1.29702995717,0,0,0,0,0,0,3.5492880532,0.186036264178,-4.36308033265,0.588395517003,-0.235523418348,0.0148998618318,0.0148998618318,931.20946376,2.39354579667,0,0.000837633903856,0.000837633903856,2,899
arbitrary_scm,0,shared,20,5000,10,29036229,ppi_power_tuned_only,restricted_lambda_0,1,1.46365321558,0.864725914388,0.598927301191,0.680460888402,20,5000,not_applicable,0,0,3.32376311346,0,1.74683487022,0,0.6,0,0.6,0,3.5492880532,0.186036264178,-4.36308033265,0.588395517003,-0.235523418348,0.0148998618318,0.0148998618318,931.20946376,2.39354579667,0,0.000837633903856,0.000837633903856,2,899
arbitrary_scm,0,shared,20,5000,10,29036229,full_datafusionppi,joint_box_lambda_omega,1,1.50039010193,0.864725914388,0.635664187544,0.360341360923,20,5000,not_applicable,0,1.19006792967,2.18679043305,1.22629836928,1.52588058029,0.4,0.4,0,0.4,0,3.5492880532,0.186036264178,-4.36308033265,0.588395517003,-0.235523418348,0.0148998618318,0.0148998618318,931.20946376,2.39354579667,0,0.000837633903856,0.000837633903856,2,899
arbitrary_scm,0,shared,20,5000,11,29a79445,rct_aipw,fixed_lambda_0_omega_0,0,1.23923179998,0.864725914388,0.374505885595,0.55822323568,20,5000,not_applicable,0,0,0,0,0,0,0,0,0,0,4.95765010884,0.35469708678,-5.39906850874,0.322384568624,0.0777775307948,-0.000401895287148,-0.000401895287148,848.884646493,3.80945248079,0,-0.0313661769963,-0.0313661769963,1,937
arbitrary_scm,0,shared,20,5000,11,29a79445,haipw_only,restricted_omega_0,0,0.595555104155,0.864725914388,-0.269170810233,0.268073580679,20,5000,not_applicable,0,1.05462174494,0,1.05462174494,0,0,0,0,0,0,4.95765010884,0.35469708678,-5.39906850874,0.322384568624,0.0777775307948,-0.000401895287148,-0.000401895287148,848.884646493,3.80945248079,0,-0.0313661769963,-0.0313661769963,1,937
arbitrary_scm,0,shared,20,5000,11,29a79445,ppi_power_tuned_only,restricted_lambda_0,1,1.75177680189,0.864725914388,0.887050887506,0.724135808712,20,5000,not_applicable,0,0,1.01357061523,0,0.890503897716,0,0.2,0,0.2,0,4.95765010884,0.35469708678,-5.39906850874,0.322384568624,0.0777775307948,-0.000401895287148,-0.000401895287148,848.884646493,3.80945248079,0,-0.0313661769963,-0.0313661769963,1,937
arbitrary_scm,0,shared,20,5000,11,29a79445,full_datafusionppi,joint_box_lambda_omega,1,1.00278204216,0.864725914388,0.138056127776,0.291895731553,20,5000,not_applicable,0,1.08692512252,1.07056572604,1.08692512252,1.07056572604,0,0,0,0,0,4.95765010884,0.35469708678,-5.39906850874,0.322384568624,0.0777775307948,-0.000401895287148,-0.000401895287148,848.884646493,3.80945248079,0,-0.0313661769963,-0.0313661769963,1,937
arbitrary_scm,0,shared,20,5000,12,94d28707,rct_aipw,fixed_lambda_0_omega_0,0,2.6626763715,0.864725914388,1.79795045711,0.347714177627,20,5000,not_applicable,0,0,0,0,0,0,0,0,0,0,13.638656641,0.265296004372,-11.598758847,-0.23673729026,0.0860909151357,0.00729314866234,0.00729314866234,767.824015658,5.61640543547,0,0.0181782637844,0.0181782637844,2,896
arbitrary_scm,0,shared,20,5000,12,94d28707,haipw_only,restricted_omega_0,0,1.62831645491,0.864725914388,0.763590540526,0.346402144321,20,5000,not_applicable,0,0.869457883563,0,0.869457883563,0,0,0,0,0,0,13.638656641,0.265296004372,-11.598758847,-0.23673729026,0.0860909151357,0.00729314866234,0.00729314866234,767.824015658,5.61640543547,0,0.0181782637844,0.0181782637844,2,896
arbitrary_scm,0,shared,20,5000,12,94d28707,ppi_power_tuned_only,restricted_lambda_0,1,2.74134539036,0.864725914388,1.87661947597,0.361389480473,20,5000,not_applicable,0,0,-1.28002404324,0,-0.811920125781,0,0.6,0,0.6,0,13.638656641,0.265296004372,-11.598758847,-0.23673729026,0.0860909151357,0.00729314866234,0.00729314866234,767.824015658,5.61640543547,0,0.0181782637844,0.0181782637844,2,896
arbitrary_scm,0,shared,20,5000,12,94d28707,full_datafusionppi,joint_box_lambda_omega,1,1.77124667734,0.864725914388,0.906520762951,0.431729782242,20,5000,not_applicable,0,0.834193193323,-0.802945335437,0.842804380026,-0.595265154265,0.2,0.2,0,0.2,0,13.638656641,0.265296004372,-11.598758847,-0.23673729026,0.0860909151357,0.00729314866234,0.00729314866234,767.824015658,5.61640543547,0,0.0181782637844,0.0181782637844,2,896
arbitrary_scm,0,shared,20,5000,13,b42a9e0b,rct_aipw,fixed_lambda_0_omega_0,0,1.65766769473,0.864725914388,0.792941780346,0.531697886956,20,5000,not_applicable,0,0,0,0,0,0,0,0,0,0,20.4223674428,0.159790693134,-22.4444820879,0.333282485863,-0.192992735616,0.00106839562287,0.00106839562287,634.021460742,7.95890563757,0,0.0108811826555,0.0108811826555,2,905
arbitrary_scm,0,shared,20,5000,13,b42a9e0b,haipw_only,restricted_omega_0,0,1.15396128667,0.864725914388,0.289235372281,0.247988401352,20,5000,not_applicable,0,1.05847782798,0,1.05847782798,0,0,0,0,0,0,20.4223674428,0.159790693134,-22.4444820879,0.333282485863,-0.192992735616,0.00106839562287,0.00106839562287,634.021460742,7.95890563757,0,0.0108811826555,0.0108811826555,2,905
arbitrary_scm,0,shared,20,5000,13,b42a9e0b,ppi_power_tuned_only,restricted_lambda_0,1,1.82024618395,0.864725914388,0.955520269566,0.59314533936,20,5000,not_applicable,0,0,1.78187785583,0,0.4,0,1,0,1,0,20.4223674428,0.159790693134,-22.4444820879,0.333282485863,-0.192992735616,0.00106839562287,0.00106839562287,634.021460742,7.95890563757,0,0.0108811826555,0.0108811826555,2,905
arbitrary_scm,0,shared,20,5000,13,b42a9e0b,full_datafusionppi,joint_box_lambda_omega,1,1.1698662458,0.864725914388,0.305140331408,0.247955751529,20,5000,not_applicable,0,1.03592015385,0.541922632875,1.03592015385,0.541922632875,0,0,0,0,0,20.4223674428,0.159790693134,-22.4444820879,0.333282485863,-0.192992735616,0.00106839562287,0.00106839562287,634.021460742,7.95890563757,0,0.0108811826555,0.0108811826555,2,905
arbitrary_scm,0,shared,20,5000,14,34e9cf7c,rct_aipw,fixed_lambda_0_omega_0,0,0.280316208992,0.864725914388,-0.584409705396,0.533508485896,20,5000,not_applicable,0,0,0,0,0,0,0,0,0,0,10.8795461571,0.225876591998,-9.52388821432,0.327226473987,0.208670118184,0.00203373843627,0.00203699815215,648.567464452,6.94773483317,0.0006,-0.00462218487114,-0.00462626554204,2,926
arbitrary_scm,0,shared,20,5000,14,34e9cf7c,haipw_only,restricted_omega_0,0,-0.232632908005,0.864725914388,-1.09735882239,0.295451483101,20,5000,not_applicable,0,0.790225838576,0,0.790225838576,0,0,0,0,0,0,10.8795461571,0.225876591998,-9.52388821432,0.327226473987,0.208670118184,0.00203373843627,0.00203699815215,648.567464452,6.94773483317,0.0006,-0.00462218487114,-0.00462626554204,2,926
arbitrary_scm,0,shared,20,5000,14,34e9cf7c,ppi_power_tuned_only,restricted_lambda_0,1,0.466034970635,0.864725914388,-0.398690943753,0.462849018755,20,5000,not_applicable,0,0,1.47478176139,0,1.29858930733,0,0.4,0,0.4,0,10.8795461571,0.225876591998,-9.52388821432,0.327226473987,0.208670118184,0.00203373843627,0.00203699815215,648.567464452,6.94773483317,0.0006,-0.00462218487114,-0.00462626554204,2,926
arbitrary_scm,0,shared,20,5000,14,34e9cf7c,full_datafusionppi,joint_box_lambda_omega,1,-0.146218923337,0.864725914388,-1.01094483772,0.195714392828,20,5000,not_applicable,0,0.928036182257,2.41145386877,0.887903671169,1.90829514072,0.6,0.6,0,0.6,0,10.8795461571,0.225876591998,-9.52388821432,0.327226473987,0.208670118184,0.00203373843627,0.00203699815215,648.567464452,6.94773483317,0.0006,-0.00462218487114,-0.00462626554204,2,926
arbitrary_scm,0,shared,20,5000,15,9e816775,rct_aipw,fixed_lambda_0_omega_0,0,1.03589872285,0.864725914388,0.171172808459,0.691848447587,20,5000,not_applicable,0,0,0,0,0,0,0,0,0,0,4.54324195566,0.122444263214,-4.87627499996,0.116990290134,-0.138369552139,0.00970977644096,0.00971030899284,604.821023646,7.77292003898,0.0002,0.0466832844922,0.0466812901304,2,910
arbitrary_scm,0,shared,20,5000,15,9e816775,haipw_only,restricted_omega_0,0,0.290174606049,0.864725914388,-0.574551308339,0.282714165226,20,5000,not_applicable,0,1.15457358655,0,1.15457358655,0,0,0,0,0,0,4.54324195566,0.122444263214,-4.87627499996,0.116990290134,-0.138369552139,0.00970977644096,0.00971030899284,604.821023646,7.77292003898,0.0002,0.0466832844922,0.0466812901304,2,910
arbitrary_scm,0,shared,20,5000,15,9e816775,ppi_power_tuned_only,restricted_lambda_0,1,0.756699462131,0.864725914388,-0.108026452257,0.666697887647,20,5000,not_applicable,0,0,0.981933333946,0,0.630650931303,0,0.2,0,0.2,0,4.54324195566,0.122444263214,-4.87627499996,0.116990290134,-0.138369552139,0.00970977644096,0.00971030899284,604.821023646,7.77292003898,0.0002,0.0466832844922,0.0466812901304,2,910
arbitrary_scm,0,shared,20,5000,15,9e816775,full_datafusionppi,joint_box_lambda_omega,1,0.3878363516,0.864725914388,-0.476889562788,0.308583031609,20,5000,not_applicable,0,1.22069643743,-0.846451956039,1.22069643743,-0.846451956039,0,0,0,0,0,4.54324195566,0.122444263214,-4.87627499996,0.116990290134,-0.138369552139,0.00970977644096,0.00971030899284,604.821023646,7.77292003898,0.0002,0.0466832844922,0.0466812901304,2,910
arbitrary_scm,0,shared,20,5000,16,c7ff6692,rct_aipw,fixed_lambda_0_omega_0,0,0.088864174731,0.864725914388,-0.775861739657,0.573165875969,20,5000,not_applicable,0,0,0,0,0,0,0,0,0,0,6.38962395887,0.228011417686,-5.74477243004,-0.574835953887,0.299695215093,0.0128343170161,0.0128428430205,537.891657738,9.91705994697,0.0004,-0.0329454247128,-0.0329343897912,2,934
arbitrary_scm,0,shared,20,5000,16,c7ff6692,haipw_only,restricted_omega_0,0,0.372584940223,0.864725914388,-0.492140974165,0.271472776124,20,5000,not_applicable,0,0.871036547329,0,0.871036547329,0,0,0,0,0,0,6.38962395887,0.228011417686,-5.74477243004,-0.574835953887,0.299695215093,0.0128343170161,0.0128428430205,537.891657738,9.91705994697,0.0004,-0.0329454247128,-0.0329343897912,2,934
arbitrary_scm,0,shared,20,5000,16,c7ff6692,ppi_power_tuned_only,restricted_lambda_0,1,0.329752830162,0.864725914388,-0.534973084226,0.494677444414,20,5000,not_applicable,0,0,-2.42750272581,0,-2,0,1,0,1,0,6.38962395887,0.228011417686,-5.74477243004,-0.574835953887,0.299695215093,0.0128343170161,0.0128428430205,537.891657738,9.91705994697,0.0004,-0.0329454247128,-0.0329343897912,2,934
arbitrary_scm,0,shared,20,5000,16,c7ff6692,full_datafusionppi,joint_box_lambda_omega,1,0.468317231646,0.864725914388,-0.396408682742,0.27910643047,20,5000,not_applicable,0,0.784508310526,-1.68340404276,0.784508310526,-1.68340404276,0,0,0,0,0,6.38962395887,0.228011417686,-5.74477243004,-0.574835953887,0.299695215093,0.0128343170161,0.0128428430205,537.891657738,9.91705994697,0.0004,-0.0329454247128,-0.0329343897912,2,934
arbitrary_scm,0,shared,20,5000,17,514bcc5b,rct_aipw,fixed_lambda_0_omega_0,0,2.04465978321,0.864725914388,1.17993386882,0.595304427268,20,5000,not_applicable,0,0,0,0,0,0,0,0,0,0,6.58940967561,0.241454158363,-5.05112120583,-0.142349383545,0.358332073986,0.00785847951526,0.00785847951526,903.641143169,2.75873026623,0,0.00556993223302,0.00556993223302,2,923
arbitrary_scm,0,shared,20,5000,17,514bcc5b,haipw_only,restricted_omega_0,0,1.70782297425,0.864725914388,0.843097059858,0.433777969503,20,5000,not_applicable,0,0.708744461256,0,0.708744461256,0,0,0,0,0,0,6.58940967561,0.241454158363,-5.05112120583,-0.142349383545,0.358332073986,0.00785847951526,0.00785847951526,903.641143169,2.75873026623,0,0.00556993223302,0.00556993223302,2,923
arbitrary_scm,0,shared,20,5000,17,514bcc5b,ppi_power_tuned_only,restricted_lambda_0,1,2.20268562044,0.864725914388,1.33795970605,0.691985327349,20,5000,not_applicable,0,0,0.262990913308,0,-0.628663901482,0,0.2,0,0.2,0,6.58940967561,0.241454158363,-5.05112120583,-0.142349383545,0.358332073986,0.00785847951526,0.00785847951526,903.641143169,2.75873026623,0,0.00556993223302,0.00556993223302,2,923
arbitrary_scm,0,shared,20,5000,17,514bcc5b,full_datafusionppi,joint_box_lambda_omega,1,1.7780756592,0.864725914388,0.913349744814,0.462409243476,20,5000,not_applicable,0,0.69283986524,0.5448891962,0.699217559002,0.3458739181,0.2,0.2,0,0.2,0,6.58940967561,0.241454158363,-5.05112120583,-0.142349383545,0.358332073986,0.00785847951526,0.00785847951526,903.641143169,2.75873026623,0,0.00556993223302,0.00556993223302,2,923
arbitrary_scm,0,shared,20,5000,18,0b42f2d0,rct_aipw,fixed_lambda_0_omega_0,0,1.56957978987,0.864725914388,0.704853875482,0.352694298737,20,5000,not_applicable,0,0,0,0,0,0,0,0,0,0,4.89950873841,0.0920923076819,-3.89571723677,-0.0534919096065,0.143030316959,0.0194112077482,0.0194112077482,804.48477895,4.33531602558,0,-0.0128889407387,-0.0128889407387,3,886
arbitrary_scm,0,shared,20,5000,18,0b42f2d0,haipw_only,restricted_omega_0,0,1.1623991888,0.864725914388,0.297673274409,0.292249040165,20,5000,not_applicable,0,0.882504900822,0,0.882504900822,0,0,0,0,0,0,4.89950873841,0.0920923076819,-3.89571723677,-0.0534919096065,0.143030316959,0.0194112077482,0.0194112077482,804.48477895,4.33531602558,0,-0.0128889407387,-0.0128889407387,3,886
arbitrary_scm,0,shared,20,5000,18,0b42f2d0,ppi_power_tuned_only,restricted_lambda_0,1,1.63283488442,0.864725914388,0.768108970033,0.367588420823,20,5000,not_applicable,0,0,-0.505469004981,0,-0.433388895614,0,0.2,0,0.2,0,4.89950873841,0.0920923076819,-3.89571723677,-0.0534919096065,0.143030316959,0.0194112077482,0.0194112077482,804.48477895,4.33531602558,0,-0.0128889407387,-0.0128889407387,3,886
arbitrary_scm,0,shared,20,5000,18,0b42f2d0,full_datafusionppi,joint_box_lambda_omega,1,1.16367118792,0.864725914388,0.298945273528,0.331487835294,20,5000,not_applicable,0,0.920047787533,0.726610727903,0.911042792203,0.57552017621,0.2,0.2,0,0.2,0,4.89950873841,0.0920923076819,-3.89571723677,-0.0534919096065,0.143030316959,0.0194112077482,0.0194112077482,804.48477895,4.33531602558,0,-0.0128889407387,-0.0128889407387,3,886
arbitrary_scm,0,shared,20,5000,19,f4a1823e,rct_aipw,fixed_lambda_0_omega_0,0,0.701784990619,0.864725914388,-0.162940923769,1.06117700665,20,5000,not_applicable,0,0,0,0,0,0,0,0,0,0,10.0175397917,0.347383258704,-11.0885512652,0.93360001842,-0.71085861917,0.00666614493821,0.00666614493821,730.967461993,5.61804007178,0,-0.000498366466564,-0.000498366466564,2,883
arbitrary_scm,0,shared,20,5000,19,f4a1823e,haipw_only,restricted_omega_0,0,1.01077706405,0.864725914388,0.146051149662,0.371607497782,20,5000,not_applicable,0,1.08990169116,0,1.08990169116,0,0,0,0,0,0,10.0175397917,0.347383258704,-11.0885512652,0.93360001842,-0.71085861917,0.00666614493821,0.00666614493821,730.967461993,5.61804007178,0,-0.000498366466564,-0.000498366466564,2,883
arbitrary_scm,0,shared,20,5000,19,f4a1823e,ppi_power_tuned_only,restricted_lambda_0,1,1.08301347829,0.864725914388,0.218287563905,0.947058130036,20,5000,not_applicable,0,0,2.30024370071,0,1.57778394088,0,0.6,0,0.6,0,10.0175397917,0.347383258704,-11.0885512652,0.93360001842,-0.71085861917,0.00666614493821,0.00666614493821,730.967461993,5.61804007178,0,-0.000498366466564,-0.000498366466564,2,883
arbitrary_scm,0,shared,20,5000,19,f4a1823e,full_datafusionppi,joint_box_lambda_omega,1,0.757264294454,0.864725914388,-0.107461619934,0.396648461845,20,5000,not_applicable,0,1.06124609412,0.1958051231,1.05942512249,0.244723243253,0.2,0.2,0,0.2,0,10.0175397917,0.347383258704,-11.0885512652,0.93360001842,-0.71085861917,0.00666614493821,0.00666614493821,730.967461993,5.61804007178,0,-0.000498366466564,-0.000498366466564,2,883
arbitrary_scm,0,shared,30,5000,0,833442fd,rct_aipw,fixed_lambda_0_omega_0,0,-0.204681927565,0.864725914388,-1.06940784195,0.163145787821,30,5000,not_applicable,0,0,0,0,0,0,0,0,0,0,4.97322937752,0.134818909973,-4.13658892167,0.232886211316,-0.225132090485,0.0112298901547,0.0112298901547,861.863090711,3.30740006396,0,0.0354275357209,0.0354275357209,4,891
arbitrary_scm,0,shared,30,5000,0,833442fd,haipw_only,restricted_omega_0,0,0.282187124706,0.864725914388,-0.582538789682,0.147183085157,30,5000,not_applicable,0,0.856125393522,0,0.856125393522,0,0,0,0,0,0,4.97322937752,0.134818909973,-4.13658892167,0.232886211316,-0.225132090485,0.0112298901547,0.0112298901547,861.863090711,3.30740006396,0,0.0354275357209,0.0354275357209,4,891
arbitrary_scm,0,shared,30,5000,0,833442fd,ppi_power_tuned_only,restricted_lambda_0,1,-0.185191545463,0.864725914388,-1.04991745985,0.173724547225,30,5000,not_applicable,0,0,1.55866377853,0,1.08478272794,0,0.4,0,0.4,0,4.97322937752,0.134818909973,-4.13658892167,0.232886211316,-0.225132090485,0.0112298901547,0.0112298901547,861.863090711,3.30740006396,0,0.0354275357209,0.0354275357209,4,891
arbitrary_scm,0,shared,30,5000,0,833442fd,full_datafusionppi,joint_box_lambda_omega,1,0.278681071056,0.864725914388,-0.586044843332,0.156551375215,30,5000,not_applicable,0,0.801540118344,0.561302403168,0.801540118344,0.561302403168,0,0,0,0,0,4.97322937752,0.134818909973,-4.13658892167,0.232886211316,-0.225132090485,0.0112298901547,0.0112298901547,861.863090711,3.30740006396,0,0.0354275357209,0.0354275357209,4,891
arbitrary_scm,0,shared,30,5000,1,4d90b409,rct_aipw,fixed_lambda_0_omega_0,0,1.32470438806,0.864725914388,0.459978473669,0.30236602424,30,5000,not_applicable,0,0,0,0,0,0,0,0,0,0,5.20785337679,0.101726425126,-5.56149831698,0.308900022541,-0.175585050283,0.0122312318033,0.0122312318033,936.729118973,2.35244889677,0,0.0188426623482,0.0188426623482,2,905
arbitrary_scm,0,shared,30,5000,1,4d90b409,haipw_only,restricted_omega_0,0,1.04432001087,0.864725914388,0.179594096487,0.254055580502,30,5000,not_applicable,0,1.00680207313,0,1.00680207313,0,0,0,0,0,0,5.20785337679,0.101726425126,-5.56149831698,0.308900022541,-0.175585050283,0.0122312318033,0.0122312318033,936.729118973,2.35244889677,0,0.0188426623482,0.0188426623482,2,905
arbitrary_scm,0,shared,30,5000,1,4d90b409,ppi_power_tuned_only,restricted_lambda_0,1,1.4065582608,0.864725914388,0.541832346416,0.30342957326,30,5000,not_applicable,0,0,2.97052791355,0,2,0,1,0,1,0,5.20785337679,0.101726425126,-5.56149831698,0.308900022541,-0.175585050283,0.0122312318033,0.0122312318033,936.729118973,2.35244889677,0,0.0188426623482,0.0188426623482,2,905
arbitrary_scm,0,shared,30,5000,1,4d90b409,full_datafusionppi,joint_box_lambda_omega,1,1.09405465659,0.864725914388,0.229328742204,0.236697235649,30,5000,not_applicable,0,0.967310468094,1.23484005939,0.967341825413,1.23342735294,0.2,0.2,0,0.2,0,5.20785337679,0.101726425126,-5.56149831698,0.308900022541,-0.175585050283,0.0122312318033,0.0122312318033,936.729118973,2.35244889677,0,0.0188426623482,0.0188426623482,2,905
arbitrary_scm,0,shared,30,5000,2,ee16fb92,rct_aipw,fixed_lambda_0_omega_0,0,0.878385732841,0.864725914388,0.0136598184526,0.192910349514,30,5000,not_applicable,0,0,0,0,0,0,0,0,0,0,7.03105051623,0.303371806883,-6.94282422666,0.585181147128,-0.272049014947,0.00815603460185,0.00815603460185,955.995413291,1.92773347944,0,-0.00692433469231,-0.00692433469231,3,923
arbitrary_scm,0,shared,30,5000,2,ee16fb92,haipw_only,restricted_omega_0,0,0.755880166666,0.864725914388,-0.108845747721,0.119359784967,30,5000,not_applicable,0,0.950212919324,0,0.950212919324,0,0,0,0,0,0,7.03105051623,0.303371806883,-6.94282422666,0.585181147128,-0.272049014947,0.00815603460185,0.00815603460185,955.995413291,1.92773347944,0,-0.00692433469231,-0.00692433469231,3,923
arbitrary_scm,0,shared,30,5000,2,ee16fb92,ppi_power_tuned_only,restricted_lambda_0,1,0.851346817445,0.864725914388,-0.0133790969427,0.219920498786,30,5000,not_applicable,0,0,1.84657551759,0,1.68620571628,0,0.4,0,0.4,0,7.03105051623,0.303371806883,-6.94282422666,0.585181147128,-0.272049014947,0.00815603460185,0.00815603460185,955.995413291,1.92773347944,0,-0.00692433469231,-0.00692433469231,3,923
arbitrary_scm,0,shared,30,5000,2,ee16fb92,full_datafusionppi,joint_box_lambda_omega,1,0.772247384025,0.864725914388,-0.092478530363,0.114796350604,30,5000,not_applicable,0,0.910453506554,1.063989935,0.910453506554,1.063989935,0,0,0,0,0,7.03105051623,0.303371806883,-6.94282422666,0.585181147128,-0.272049014947,0.00815603460185,0.00815603460185,955.995413291,1.92773347944,0,-0.00692433469231,-0.00692433469231,3,923
arbitrary_scm,0,shared,30,5000,3,12411c14,rct_aipw,fixed_lambda_0_omega_0,0,0.73355510505,0.864725914388,-0.131170809338,0.398350232996,30,5000,not_applicable,0,0,0,0,0,0,0,0,0,0,7.39569168161,0.352313801571,-6.72921419752,0.346497960938,0.190268410986,0.00844658182253,0.00844658182253,923.020194878,2.55209587095,0,-0.0333078118096,-0.0333078118096,3,917
arbitrary_scm,0,shared,30,5000,3,12411c14,haipw_only,restricted_omega_0,0,0.542656834977,0.864725914388,-0.322069079411,0.226543981352,30,5000,not_applicable,0,0.937296506786,0,0.937296506786,0,0,0,0,0,0,7.39569168161,0.352313801571,-6.72921419752,0.346497960938,0.190268410986,0.00844658182253,0.00844658182253,923.020194878,2.55209587095,0,-0.0333078118096,-0.0333078118096,3,917
arbitrary_scm,0,shared,30,5000,3,12411c14,ppi_power_tuned_only,restricted_lambda_0,1,0.874306948835,0.864725914388,0.00958103444747,0.425212070115,30,5000,not_applicable,0,0,1.12826273047,0,0.783383740587,0,0.2,0,0.2,0,7.39569168161,0.352313801571,-6.72921419752,0.346497960938,0.190268410986,0.00844658182253,0.00844658182253,923.020194878,2.55209587095,0,-0.0333078118096,-0.0333078118096,3,917
arbitrary_scm,0,shared,30,5000,3,12411c14,full_datafusionppi,joint_box_lambda_omega,1,0.686397853145,0.864725914388,-0.178328061243,0.233562434321,30,5000,not_applicable,0,0.96744537409,1.580765388,0.968951198675,1.5594881579,0.2,0.2,0,0.2,0,7.39569168161,0.352313801571,-6.72921419752,0.346497960938,0.190268410986,0.00844658182253,0.00844658182253,923.020194878,2.55209587095,0,-0.0333078118096,-0.0333078118096,3,917
arbitrary_scm,0,shared,30,5000,4,646038f1,rct_aipw,fixed_lambda_0_omega_0,0,0.883603635868,0.864725914388,0.0188777214797,0.313192655013,30,5000,not_applicable,0,0,0,0,0,0,0,0,0,0,3.46496282004,0.535929046299,-3.26396845393,0.636244729374,0.0270874117025,0.0134235906418,0.0134235906418,801.800525858,4.36228354547,0,-0.0593018430358,-0.0593018430358,3,912
arbitrary_scm,0,shared,30,5000,4,646038f1,haipw_only,restricted_omega_0,0,0.6820150339,0.864725914388,-0.182710880488,0.213210170774,30,5000,not_applicable,0,0.988379336296,0,0.988379336296,0,0,0,0,0,0,3.46496282004,0.535929046299,-3.26396845393,0.636244729374,0.0270874117025,0.0134235906418,0.0134235906418,801.800525858,4.36228354547,0,-0.0593018430358,-0.0593018430358,3,912
arbitrary_scm,0,shared,30,5000,4,646038f1,ppi_power_tuned_only,restricted_lambda_0,1,0.882696087443,0.864725914388,0.0179701730551,0.275752965352,30,5000,not_applicable,0,0,1.14429951669,0,1.14429951669,0,0,0,0,0,3.46496282004,0.535929046299,-3.26396845393,0.636244729374,0.0270874117025,0.0134235906418,0.0134235906418,801.800525858,4.36228354547,0,-0.0593018430358,-0.0593018430358,3,912
arbitrary_scm,0,shared,30,5000,4,646038f1,full_datafusionppi,joint_box_lambda_omega,1,0.505862416133,0.864725914388,-0.358863498255,0.19840105802,30,5000,not_applicable,0,1.02852946199,1.42545703816,1.02852946199,1.42545703816,0,0,0,0,0,3.46496282004,0.535929046299,-3.26396845393,0.636244729374,0.0270874117025,0.0134235906418,0.0134235906418,801.800525858,4.36228354547,0,-0.0593018430358,-0.0593018430358,3,912
arbitrary_scm,0,shared,30,5000,5,718c99a9,rct_aipw,fixed_lambda_0_omega_0,0,2.06933483119,0.864725914388,1.2046089168,0.244061137201,30,5000,not_applicable,0,0,0,0,0,0,0,0,0,0,6.55616286273,0.145785041754,-5.34777257725,-0.123611826546,0.291222980271,0.0168259565975,0.0168259565975,817.6093107,3.97004497459,0,-0.0057379051126,-0.0057379051126,3,902
arbitrary_scm,0,shared,30,5000,5,718c99a9,haipw_only,restricted_omega_0,0,1.63168057677,0.864725914388,0.766954662384,0.130759838958,30,5000,not_applicable,0,0.832202157429,0,0.832202157429,0,0,0,0,0,0,6.55616286273,0.145785041754,-5.34777257725,-0.123611826546,0.291222980271,0.0168259565975,0.0168259565975,817.6093107,3.97004497459,0,-0.0057379051126,-0.0057379051126,3,902
arbitrary_scm,0,shared,30,5000,5,718c99a9,ppi_power_tuned_only,restricted_lambda_0,1,2.09044696828,0.864725914388,1.22572105389,0.282984086079,30,5000,not_applicable,0,0,-0.866767946311,0,-0.492785761818,0,0.2,0,0.2,0,6.55616286273,0.145785041754,-5.34777257725,-0.123611826546,0.291222980271,0.0168259565975,0.0168259565975,817.6093107,3.97004497459,0,-0.0057379051126,-0.0057379051126,3,902
arbitrary_scm,0,shared,30,5000,5,718c99a9,full_datafusionppi,joint_box_lambda_omega,1,1.50594823683,0.864725914388,0.641222322443,0.1216859941,30,5000,not_applicable,0,0.852186297193,0.636545024941,0.852186297193,0.636545024941,0,0,0,0,0,6.55616286273,0.145785041754,-5.34777257725,-0.123611826546,0.291222980271,0.0168259565975,0.0168259565975,817.6093107,3.97004497459,0,-0.0057379051126,-0.0057379051126,3,902
arbitrary_scm,0,shared,30,5000,6,565d1a7a,rct_aipw,fixed_lambda_0_omega_0,0,-0.487922433803,0.864725914388,-1.35264834819,0.466543004734,30,5000,not_applicable,0,0,0,0,0,0,0,0,0,0,6.79174045803,0.257269158358,-6.88670664476,1.1557013401,-0.633665560479,0.0129253319086,0.0129253319086,904.649473674,2.55617311511,0,0.0222381882341,0.0222381882341,4,932
arbitrary_scm,0,shared,30,5000,6,565d1a7a,haipw_only,restricted_omega_0,0,0.35640548367,0.864725914388,-0.508320430718,0.206920699944,30,5000,not_applicable,0,0.963215812668,0,0.963215812668,0,0,0,0,0,0,6.79174045803,0.257269158358,-6.88670664476,1.1557013401,-0.633665560479,0.0129253319086,0.0129253319086,904.649473674,2.55617311511,0,0.0222381882341,0.0222381882341,4,932
arbitrary_scm,0,shared,30,5000,6,565d1a7a,ppi_power_tuned_only,restricted_lambda_0,1,-0.348168354955,0.864725914388,-1.21289426934,0.348576541282,30,5000,not_applicable,0,0,4.76798845866,0,2,0,1,0,1,0,6.79174045803,0.257269158358,-6.88670664476,1.1557013401,-0.633665560479,0.0129253319086,0.0129253319086,904.649473674,2.55617311511,0,0.0222381882341,0.0222381882341,4,932
arbitrary_scm,0,shared,30,5000,6,565d1a7a,full_datafusionppi,joint_box_lambda_omega,1,0.344206616144,0.864725914388,-0.520519298243,0.171543224245,30,5000,not_applicable,0,0.653763690111,3.23701166086,0.80585244724,1.99857838306,0.8,0.8,0,0.8,0,6.79174045803,0.257269158358,-6.88670664476,1.1557013401,-0.633665560479,0.0129253319086,0.0129253319086,904.649473674,2.55617311511,0,0.0222381882341,0.0222381882341,4,932
arbitrary_scm,0,shared,30,5000,7,4b799c3c,rct_aipw,fixed_lambda_0_omega_0,0,-0.431873599079,0.864725914388,-1.29659951347,0.369935480775,30,5000,not_applicable,0,0,0,0,0,0,0,0,0,0,6.3694342889,0.462487620232,-6.17624707376,0.307744865167,0.0802962095523,0.00373779343967,0.00373779343967,905.584849915,2.59542432495,0,-0.0602241963275,-0.0602241963275,1,919
arbitrary_scm,0,shared,30,5000,7,4b799c3c,haipw_only,restricted_omega_0,0,0.588142894564,0.864725914388,-0.276583019824,0.192232035609,30,5000,not_applicable,0,1.00939213291,0,1.00939213291,0,0,0,0,0,0,6.3694342889,0.462487620232,-6.17624707376,0.307744865167,0.0802962095523,0.00373779343967,0.00373779343967,905.584849915,2.59542432495,0,-0.0602241963275,-0.0602241963275,1,919
arbitrary_scm,0,shared,30,5000,7,4b799c3c,ppi_power_tuned_only,restricted_lambda_0,1,-0.17733338904,0.864725914388,-1.04205930343,0.408816326265,30,5000,not_applicable,0,0,0.8158343801,0,0.799599330493,0,0.2,0,0.2,0,6.3694342889,0.462487620232,-6.17624707376,0.307744865167,0.0802962095523,0.00373779343967,0.00373779343967,905.584849915,2.59542432495,0,-0.0602241963275,-0.0602241963275,1,919
arbitrary_scm,0,shared,30,5000,7,4b799c3c,full_datafusionppi,joint_box_lambda_omega,1,0.709108020048,0.864725914388,-0.15561789434,0.183898114457,30,5000,not_applicable,0,1.00791732667,0.860244033844,1.00791732667,0.860244033844,0,0,0,0,0,6.3694342889,0.462487620232,-6.17624707376,0.307744865167,0.0802962095523,0.00373779343967,0.00373779343967,905.584849915,2.59542432495,0,-0.0602241963275,-0.0602241963275,1,919
arbitrary_scm,0,shared,30,5000,8,ba3a361b,rct_aipw,fixed_lambda_0_omega_0,0,0.374554942767,0.864725914388,-0.490170971621,0.574762521185,30,5000,not_applicable,0,0,0,0,0,0,0,0,0,0,8.72114941906,0.554275540192,-8.82932913732,0.126598966485,0.349216117537,0.0119251953285,0.0119251953285,772.028946449,5.1744204029,0,-0.0797149300019,-0.0797149300019,3,909
arbitrary_scm,0,shared,30,5000,8,ba3a361b,haipw_only,restricted_omega_0,0,0.537905596693,0.864725914388,-0.326820317695,0.371207845301,30,5000,not_applicable,0,0.980290515616,0,0.980290515616,0,0,0,0,0,0,8.72114941906,0.554275540192,-8.82932913732,0.126598966485,0.349216117537,0.0119251953285,0.0119251953285,772.028946449,5.1744204029,0,-0.0797149300019,-0.0797149300019,3,909
arbitrary_scm,0,shared,30,5000,8,ba3a361b,ppi_power_tuned_only,restricted_lambda_0,1,0.104597541694,0.864725914388,-0.760128372694,0.67047026531,30,5000,not_applicable,0,0,0.166657749374,0,0.166657749374,0,0,0,0,0,8.72114941906,0.554275540192,-8.82932913732,0.126598966485,0.349216117537,0.0119251953285,0.0119251953285,772.028946449,5.1744204029,0,-0.0797149300019,-0.0797149300019,3,909
arbitrary_scm,0,shared,30,5000,8,ba3a361b,full_datafusionppi,joint_box_lambda_omega,1,0.407025205082,0.864725914388,-0.457700709306,0.434653582838,30,5000,not_applicable,0,0.984718538044,0.663607812645,0.984718538044,0.663607812645,0,0,0,0,0,8.72114941906,0.554275540192,-8.82932913732,0.126598966485,0.349216117537,0.0119251953285,0.0119251953285,772.028946449,5.1744204029,0,-0.0797149300019,-0.0797149300019,3,909
arbitrary_scm,0,shared,30,5000,9,8309809a,rct_aipw,fixed_lambda_0_omega_0,0,-0.0519999091001,0.864725914388,-0.916725823488,0.252118901338,30,5000,not_applicable,0,0,0,0,0,0,0,0,0,0,4.10505982721,0.169712856862,-3.62740411904,0.110674073158,-0.109958648863,0.00657630693517,0.00657630693517,934.244259601,2.20693218154,0,-0.00520573528366,-0.00520573528366,4,904
arbitrary_scm,0,shared,30,5000,9,8309809a,haipw_only,restricted_omega_0,0,0.399453464929,0.864725914388,-0.465272449458,0.182544880373,30,5000,not_applicable,0,0.915761017166,0,0.915761017166,0,0,0,0,0,0,4.10505982721,0.169712856862,-3.62740411904,0.110674073158,-0.109958648863,0.00657630693517,0.00657630693517,934.244259601,2.20693218154,0,-0.00520573528366,-0.00520573528366,4,904
arbitrary_scm,0,shared,30,5000,9,8309809a,ppi_power_tuned_only,restricted_lambda_0,1,-0.0633824777862,0.864725914388,-0.928108392174,0.23580918415,30,5000,not_applicable,0,0,0.677820281791,0,0.677820281791,0,0,0,0,0,4.10505982721,0.169712856862,-3.62740411904,0.110674073158,-0.109958648863,0.00657630693517,0.00657630693517,934.244259601,2.20693218154,0,-0.00520573528366,-0.00520573528366,4,904
arbitrary_scm,0,shared,30,5000,9,8309809a,full_datafusionppi,joint_box_lambda_omega,1,0.437454339169,0.864725914388,-0.427271575219,0.207227765556,30,5000,not_applicable,0,0.934545717224,-0.160945178301,0.934545717224,-0.160945178301,0,0,0,0,0,4.10505982721,0.169712856862,-3.62740411904,0.110674073158,-0.109958648863,0.00657630693517,0.00657630693517,934.244259601,2.20693218154,0,-0.00520573528366,-0.00520573528366,4,904
arbitrary_scm,0,shared,30,5000,10,b773b93e,rct_aipw,fixed_lambda_0_omega_0,0,0.547129907549,0.864725914388,-0.317596006839,0.67537987723,30,5000,not_applicable,0,0,0,0,0,0,0,0,0,0,5.32756518889,0.231273606937,-4.9011042145,0.392205714526,0.00102705233955,0.0100689086013,0.0100689086013,779.231503355,4.60601211467,0,-0.0266594930667,-0.0266594930667,3,885
arbitrary_scm,0,shared,30,5000,10,b773b93e,haipw_only,restricted_omega_0,0,0.657440356378,0.864725914388,-0.20728555801,0.183727243215,30,5000,not_applicable,0,0.920492539943,0,0.920492539943,0,0,0,0,0,0,5.32756518889,0.231273606937,-4.9011042145,0.392205714526,0.00102705233955,0.0100689086013,0.0100689086013,779.231503355,4.60601211467,0,-0.0266594930667,-0.0266594930667,3,885
arbitrary_scm,0,shared,30,5000,10,b773b93e,ppi_power_tuned_only,restricted_lambda_0,1,0.516845886086,0.864725914388,-0.347880028302,0.632682917434,30,5000,not_applicable,0,0,1.7505157042,0,1.40427487508,0,0.4,0,0.4,0,5.32756518889,0.231273606937,-4.9011042145,0.392205714526,0.00102705233955,0.0100689086013,0.0100689086013,779.231503355,4.60601211467,0,-0.0266594930667,-0.0266594930667,3,885
arbitrary_scm,0,shared,30,5000,10,b773b93e,full_datafusionppi,joint_box_lambda_omega,1,0.615880002903,0.864725914388,-0.248845911485,0.179690039887,30,5000,not_applicable,0,0.925428524623,1.8963932148,0.915305082274,1.7250190389,0.2,0.2,0,0.2,0,5.32756518889,0.231273606937,-4.9011042145,0.392205714526,0.00102705233955,0.0100689086013,0.0100689086013,779.231503355,4.60601211467,0,-0.0266594930667,-0.0266594930667,3,885
arbitrary_scm,0,shared,30,5000,11,5f6f8ca7,rct_aipw,fixed_lambda_0_omega_0,0,1.78166625272,0.864725914388,0.916940338329,0.196093108695,30,5000,not_applicable,0,0,0,0,0,0,0,0,0,0,7.03646868558,0.215218013071,-6.86396863313,-0.0400690080877,-0.00327292701181,0.009237545396,0.009237545396,799.777369193,3.86513119915,0,0.0289271200606,0.0289271200606,1,911
arbitrary_scm,0,shared,30,5000,11,5f6f8ca7,haipw_only,restricted_omega_0,0,1.47452089823,0.864725914388,0.609794983838,0.146534117361,30,5000,not_applicable,0,0.964878126107,0,0.964878126107,0,0,0,0,0,0,7.03646868558,0.215218013071,-6.86396863313,-0.0400690080877,-0.00327292701181,0.009237545396,0.009237545396,799.777369193,3.86513119915,0,0.0289271200606,0.0289271200606,1,911
arbitrary_scm,0,shared,30,5000,11,5f6f8ca7,ppi_power_tuned_only,restricted_lambda_0,1,1.86826452698,0.864725914388,1.00353861259,0.23289004,30,5000,not_applicable,0,0,-0.341082942335,0,-0.341082942335,0,0,0,0,0,7.03646868558,0.215218013071,-6.86396863313,-0.0400690080877,-0.00327292701181,0.009237545396,0.009237545396,799.777369193,3.86513119915,0,0.0289271200606,0.0289271200606,1,911
arbitrary_scm,0,shared,30,5000,11,5f6f8ca7,full_datafusionppi,joint_box_lambda_omega,1,1.47600767422,0.864725914388,0.611281759827,0.164369892213,30,5000,not_applicable,0,0.966145441265,-0.167558768965,0.966145441265,-0.167558768965,0,0,0,0,0,7.03646868558,0.215218013071,-6.86396863313,-0.0400690080877,-0.00327292701181,0.009237545396,0.009237545396,799.777369193,3.86513119915,0,0.0289271200606,0.0289271200606,1,911
arbitrary_scm,0,shared,30,5000,12,544867ef,rct_aipw,fixed_lambda_0_omega_0,0,0.951420708916,0.864725914388,0.0866947945278,0.24520766647,30,5000,not_applicable,0,0,0,0,0,0,0,0,0,0,4.53317407339,0.160900295026,-3.96057835064,-0.0381673447786,0.340804927446,0.0180127352373,0.0180127352373,758.163828193,4.55659314565,0,0.0838628251169,0.0838628251169,2,925
arbitrary_scm,0,shared,30,5000,12,544867ef,haipw_only,restricted_omega_0,0,1.12958837092,0.864725914388,0.26486245653,0.135735022625,30,5000,not_applicable,0,0.863725482626,0,0.863725482626,0,0,0,0,0,0,4.53317407339,0.160900295026,-3.96057835064,-0.0381673447786,0.340804927446,0.0180127352373,0.0180127352373,758.163828193,4.55659314565,0,0.0838628251169,0.0838628251169,2,925
arbitrary_scm,0,shared,30,5000,12,544867ef,ppi_power_tuned_only,restricted_lambda_0,1,0.915735002981,0.864725914388,0.0510090885928,0.233409344177,30,5000,not_applicable,0,0,-0.189180367535,0,-0.189180367535,0,0,0,0,0,4.53317407339,0.160900295026,-3.96057835064,-0.0381673447786,0.340804927446,0.0180127352373,0.0180127352373,758.163828193,4.55659314565,0,0.0838628251169,0.0838628251169,2,925
arbitrary_scm,0,shared,30,5000,12,544867ef,full_datafusionppi,joint_box_lambda_omega,1,1.12290619176,0.864725914388,0.258180277375,0.107057881314,30,5000,not_applicable,0,1.02090031678,1.89578348654,1.00714405105,1.75547287656,0.2,0.2,0,0.2,0,4.53317407339,0.160900295026,-3.96057835064,-0.0381673447786,0.340804927446,0.0180127352373,0.0180127352373,758.163828193,4.55659314565,0,0.0838628251169,0.0838628251169,2,925
arbitrary_scm,0,shared,30,5000,13,5d157226,rct_aipw,fixed_lambda_0_omega_0,0,1.73639403693,0.864725914388,0.871668122538,0.168714575815,30,5000,not_applicable,0,0,0,0,0,0,0,0,0,0,8.0515095161,0.348971758004,-8.36064311645,0.324767408501,-0.00213312089397,0.00199337053361,0.00199337053361,901.685826767,2.78274051378,0,-0.0408366783519,-0.0408366783519,4,911
arbitrary_scm,0,shared,30,5000,13,5d157226,haipw_only,restricted_omega_0,0,1.41686196975,0.864725914388,0.552136055364,0.151268241597,30,5000,not_applicable,0,0.964602754759,0,0.964602754759,0,0,0,0,0,0,8.0515095161,0.348971758004,-8.36064311645,0.324767408501,-0.00213312089397,0.00199337053361,0.00199337053361,901.685826767,2.78274051378,0,-0.0408366783519,-0.0408366783519,4,911
arbitrary_scm,0,shared,30,5000,13,5d157226,ppi_power_tuned_only,restricted_lambda_0,1,1.78598955817,0.864725914388,0.921263643786,0.141383459026,30,5000,not_applicable,0,0,0.926204385666,0,0.926204385666,0,0,0,0,0,8.0515095161,0.348971758004,-8.36064311645,0.324767408501,-0.00213312089397,0.00199337053361,0.00199337053361,901.685826767,2.78274051378,0,-0.0408366783519,-0.0408366783519,4,911
arbitrary_scm,0,shared,30,5000,13,5d157226,full_datafusionppi,joint_box_lambda_omega,1,1.51218609522,0.864725914388,0.647460180834,0.158347801785,30,5000,not_applicable,0,0.94759853587,0.907927849326,0.94759853587,0.907927849326,0,0,0,0,0,8.0515095161,0.348971758004,-8.36064311645,0.324767408501,-0.00213312089397,0.00199337053361,0.00199337053361,901.685826767,2.78274051378,0,-0.0408366783519,-0.0408366783519,4,911
arbitrary_scm,0,shared,30,5000,14,236ed7f9,rct_aipw,fixed_lambda_0_omega_0,0,0.548486216389,0.864725914388,-0.316239697999,0.294933275166,30,5000,not_applicable,0,0,0,0,0,0,0,0,0,0,4.51760982701,0.262338595357,-3.43023717927,0.24446011968,-0.297209162333,0.00786203820869,0.00786203820869,932.119643301,2.23809109192,0,0.0324366055637,0.0324366055637,4,922
arbitrary_scm,0,shared,30,5000,14,236ed7f9,haipw_only,restricted_omega_0,0,0.51184612676,0.864725914388,-0.352879787628,0.192634797645,30,5000,not_applicable,0,0.788427158731,0,0.788427158731,0,0,0,0,0,0,4.51760982701,0.262338595357,-3.43023717927,0.24446011968,-0.297209162333,0.00786203820869,0.00786203820869,932.119643301,2.23809109192,0,0.0324366055637,0.0324366055637,4,922
arbitrary_scm,0,shared,30,5000,14,236ed7f9,ppi_power_tuned_only,restricted_lambda_0,1,0.615899245887,0.864725914388,-0.248826668501,0.306934032728,30,5000,not_applicable,0,0,1.01840077148,0,1.01840077148,0,0,0,0,0,4.51760982701,0.262338595357,-3.43023717927,0.24446011968,-0.297209162333,0.00786203820869,0.00786203820869,932.119643301,2.23809109192,0,0.0324366055637,0.0324366055637,4,922
arbitrary_scm,0,shared,30,5000,14,236ed7f9,full_datafusionppi,joint_box_lambda_omega,1,0.500675742517,0.864725914388,-0.364050171871,0.200312993567,30,5000,not_applicable,0,0.784636373724,0.056265818792,0.784636373724,0.056265818792,0,0,0,0,0,4.51760982701,0.262338595357,-3.43023717927,0.24446011968,-0.297209162333,0.00786203820869,0.00786203820869,932.119643301,2.23809109192,0,0.0324366055637,0.0324366055637,4,922
arbitrary_scm,0,shared,30,5000,15,7fc80636,rct_aipw,fixed_lambda_0_omega_0,0,1.43654191346,0.864725914388,0.571815999068,0.330879608962,30,5000,not_applicable,0,0,0,0,0,0,0,0,0,0,6.15864066681,0.372119542829,-6.39209488871,0.324030895548,-0.210630550897,0.0125543139815,0.0125543139815,870.307090518,3.28800423988,0,0.0271478707267,0.0271478707267,3,901
arbitrary_scm,0,shared,30,5000,15,7fc80636,haipw_only,restricted_omega_0,0,1.1263013963,0.864725914388,0.261575481911,0.19803517335,30,5000,not_applicable,0,1.01444601082,0,1.01444601082,0,0,0,0,0,0,6.15864066681,0.372119542829,-6.39209488871,0.324030895548,-0.210630550897,0.0125543139815,0.0125543139815,870.307090518,3.28800423988,0,0.0271478707267,0.0271478707267,3,901
arbitrary_scm,0,shared,30,5000,15,7fc80636,ppi_power_tuned_only,restricted_lambda_0,1,1.6580507998,0.864725914388,0.793324885414,0.332552313486,30,5000,not_applicable,0,0,1.23566400726,0,0.906352869412,0,0.4,0,0.4,0,6.15864066681,0.372119542829,-6.39209488871,0.324030895548,-0.210630550897,0.0125543139815,0.0125543139815,870.307090518,3.28800423988,0,0.0271478707267,0.0271478707267,3,901
arbitrary_scm,0,shared,30,5000,15,7fc80636,full_datafusionppi,joint_box_lambda_omega,1,1.33782722475,0.864725914388,0.473101310365,0.215897854344,30,5000,not_applicable,0,1.00201167132,0.469963227367,1.00201167132,0.469963227367,0,0,0,0,0,6.15864066681,0.372119542829,-6.39209488871,0.324030895548,-0.210630550897,0.0125543139815,0.0125543139815,870.307090518,3.28800423988,0,0.0271478707267,0.0271478707267,3,901
arbitrary_scm,0,shared,30,5000,16,c8b29d46,rct_aipw,fixed_lambda_0_omega_0,0,1.04790128273,0.864725914388,0.183175368347,0.174839457204,30,5000,not_applicable,0,0,0,0,0,0,0,0,0,0,6.65667671901,0.178548662829,-5.61172835339,0.162148420135,-0.130594656967,0.0112447776255,0.0112447776255,841.171000144,3.45501627748,0,-0.00736057457508,-0.00736057457508,4,917
arbitrary_scm,0,shared,30,5000,16,c8b29d46,haipw_only,restricted_omega_0,0,1.66706164463,0.864725914388,0.80233573024,0.0893017290274,30,5000,not_applicable,0,0.839478656838,0,0.839478656838,0,0,0,0,0,0,6.65667671901,0.178548662829,-5.61172835339,0.162148420135,-0.130594656967,0.0112447776255,0.0112447776255,841.171000144,3.45501627748,0,-0.00736057457508,-0.00736057457508,4,917
arbitrary_scm,0,shared,30,5000,16,c8b29d46,ppi_power_tuned_only,restricted_lambda_0,1,1.05621431719,0.864725914388,0.191488402803,0.187391042259,30,5000,not_applicable,0,0,0.831514561606,0,0.831514561606,0,0,0,0,0,6.65667671901,0.178548662829,-5.61172835339,0.162148420135,-0.130594656967,0.0112447776255,0.0112447776255,841.171000144,3.45501627748,0,-0.00736057457508,-0.00736057457508,4,917
arbitrary_scm,0,shared,30,5000,16,c8b29d46,full_datafusionppi,joint_box_lambda_omega,1,1.65585421797,0.864725914388,0.79112830358,0.0963700075858,30,5000,not_applicable,0,0.841726949598,0.15558134249,0.841726949598,0.15558134249,0,0,0,0,0,6.65667671901,0.178548662829,-5.61172835339,0.162148420135,-0.130594656967,0.0112447776255,0.0112447776255,841.171000144,3.45501627748,0,-0.00736057457508,-0.00736057457508,4,917
arbitrary_scm,0,shared,30,5000,17,0321b2f5,rct_aipw,fixed_lambda_0_omega_0,0,1.82477309083,0.864725914388,0.960047176442,0.428387067551,30,5000,not_applicable,0,0,0,0,0,0,0,0,0,0,17.8900997042,0.220033674915,-17.0330519008,0.159302495951,0.353869596587,0.0105834893766,0.0105834893766,876.57547081,3.08313606757,0,0.0134459784309,0.0134459784309,3,895
arbitrary_scm,0,shared,30,5000,17,0321b2f5,haipw_only,restricted_omega_0,0,1.37234416395,0.864725914388,0.507618249567,0.25713475101,30,5000,not_applicable,0,0.979342114542,0,0.979342114542,0,0,0,0,0,0,17.8900997042,0.220033674915,-17.0330519008,0.159302495951,0.353869596587,0.0105834893766,0.0105834893766,876.57547081,3.08313606757,0,0.0134459784309,0.0134459784309,3,895
arbitrary_scm,0,shared,30,5000,17,0321b2f5,ppi_power_tuned_only,restricted_lambda_0,1,1.93593554211,0.864725914388,1.07120962772,0.441561472637,30,5000,not_applicable,0,0,0.780685630382,0,0.207995325265,0,0.4,0,0.4,0,17.8900997042,0.220033674915,-17.0330519008,0.159302495951,0.353869596587,0.0105834893766,0.0105834893766,876.57547081,3.08313606757,0,0.0134459784309,0.0134459784309,3,895
arbitrary_scm,0,shared,30,5000,17,0321b2f5,full_datafusionppi,joint_box_lambda_omega,1,1.12744574511,0.864725914388,0.262719830727,0.233798973362,30,5000,not_applicable,0,1.02620374507,2.55387062953,1.01910783799,1.99019576629,0.8,0.8,0,0.8,0,17.8900997042,0.220033674915,-17.0330519008,0.159302495951,0.353869596587,0.0105834893766,0.0105834893766,876.57547081,3.08313606757,0,0.0134459784309,0.0134459784309,3,895
arbitrary_scm,0,shared,30,5000,18,56fd9c31,rct_aipw,fixed_lambda_0_omega_0,0,1.09642659605,0.864725914388,0.231700681658,0.257129816518,30,5000,not_applicable,0,0,0,0,0,0,0,0,0,0,11.9700415163,0.106657326078,-11.6121266779,0.185805224099,-0.212891870829,0.00593157753892,0.00593157753892,935.117835969,2.17472145412,0,-0.0241123316356,-0.0241123316356,4,909
arbitrary_scm,0,shared,30,5000,18,56fd9c31,haipw_only,restricted_omega_0,0,0.821694244849,0.864725914388,-0.0430316695385,0.21812831427,30,5000,not_applicable,0,0.982587560256,0,0.982587560256,0,0,0,0,0,0,11.9700415163,0.106657326078,-11.6121266779,0.185805224099,-0.212891870829,0.00593157753892,0.00593157753892,935.117835969,2.17472145412,0,-0.0241123316356,-0.0241123316356,4,909
arbitrary_scm,0,shared,30,5000,18,56fd9c31,ppi_power_tuned_only,restricted_lambda_0,1,1.00875367806,0.864725914388,0.144027763671,0.247856587751,30,5000,not_applicable,0,0,1.70729401682,0,1.3456197238,0,0.2,0,0.2,0,11.9700415163,0.106657326078,-11.6121266779,0.185805224099,-0.212891870829,0.00593157753892,0.00593157753892,935.117835969,2.17472145412,0,-0.0241123316356,-0.0241123316356,4,909
arbitrary_scm,0,shared,30,5000,18,56fd9c31,full_datafusionppi,joint_box_lambda_omega,1,0.845797626867,0.864725914388,-0.0189282875212,0.225946996891,30,5000,not_applicable,0,0.985542217243,-0.257091035607,0.985542217243,-0.257091035607,0,0,0,0,0,11.9700415163,0.106657326078,-11.6121266779,0.185805224099,-0.212891870829,0.00593157753892,0.00593157753892,935.117835969,2.17472145412,0,-0.0241123316356,-0.0241123316356,4,909
arbitrary_scm,0,shared,30,5000,19,87e23eca,rct_aipw,fixed_lambda_0_omega_0,0,1.15171418988,0.864725914388,0.286988275493,0.244819471371,30,5000,not_applicable,0,0,0,0,0,0,0,0,0,0,10.1481060371,0.2495809538,-10.4479754727,0.18157047192,0.0782436892452,0.0100252134218,0.0100252134218,937.952625587,2.3140928301,0,0.00985155878794,0.00985155878794,3,925
arbitrary_scm,0,shared,30,5000,19,87e23eca,haipw_only,restricted_omega_0,0,1.17078839905,0.864725914388,0.306062484663,0.146378774418,30,5000,not_applicable,0,0.971240990564,0,0.971240990564,0,0,0,0,0,0,10.1481060371,0.2495809538,-10.4479754727,0.18157047192,0.0782436892452,0.0100252134218,0.0100252134218,937.952625587,2.3140928301,0,0.00985155878794,0.00985155878794,3,925
arbitrary_scm,0,shared,30,5000,19,87e23eca,ppi_power_tuned_only,restricted_lambda_0,1,1.26971349061,0.864725914388,0.404987576227,0.250406850878,30,5000,not_applicable,0,0,0.769779835112,0,0.485759074309,0,0.4,0,0.4,0,10.1481060371,0.2495809538,-10.4479754727,0.18157047192,0.0782436892452,0.0100252134218,0.0100252134218,937.952625587,2.3140928301,0,0.00985155878794,0.00985155878794,3,925
arbitrary_scm,0,shared,30,5000,19,87e23eca,full_datafusionppi,joint_box_lambda_omega,1,1.27900479225,0.864725914388,0.414278877862,0.154901822521,30,5000,not_applicable,0,0.916237548684,1.37135845001,0.926921121913,1.27974561356,0.2,0.2,0,0.2,0,10.1481060371,0.2495809538,-10.4479754727,0.18157047192,0.0782436892452,0.0100252134218,0.0100252134218,937.952625587,2.3140928301,0,0.00985155878794,0.00985155878794,3,925
arbitrary_scm,0,shifted,20,5000,0,e9733792,rct_aipw,fixed_lambda_0_omega_0,0,0.737468896582,0.793642774305,-0.0561738777229,0.48490543813,20,5000,not_applicable,0,0,0,0,0,0,0,0,0,0,5.6081125884,0.458895090634,-6.18024473883,0.995119231616,-0.462385588264,0.00542507596626,0.00546142235192,461.198942523,11.2388337695,0.0026,-0.2093573284,-0.209399423864,0,900
arbitrary_scm,0,shifted,20,5000,0,e9733792,haipw_only,restricted_omega_0,0,0.599190738044,0.793642774305,-0.194452036261,0.214473626929,20,5000,not_applicable,0,1.09691306463,0,1.09691306463,0,0,0,0,0,0,5.6081125884,0.458895090634,-6.18024473883,0.995119231616,-0.462385588264,0.00542507596626,0.00546142235192,461.198942523,11.2388337695,0.0026,-0.2093573284,-0.209399423864,0,900
arbitrary_scm,0,shifted,20,5000,0,e9733792,ppi_power_tuned_only,restricted_lambda_0,1,0.42087913654,0.793642774305,-0.372763637764,0.508214582451,20,5000,not_applicable,0,0,1.92305778898,0,1.54915396427,0,0.6,0,0.6,0,5.6081125884,0.458895090634,-6.18024473883,0.995119231616,-0.462385588264,0.00542507596626,0.00546142235192,461.198942523,11.2388337695,0.0026,-0.2093573284,-0.209399423864,0,900
arbitrary_scm,0,shifted,20,5000,0,e9733792,full_datafusionppi,joint_box_lambda_omega,1,0.410803158788,0.793642774305,-0.382839615517,0.227289546746,20,5000,not_applicable,0,1.0277413091,1.13025719273,1.0277413091,1.13025719273,0,0,0,0,0,5.6081125884,0.458895090634,-6.18024473883,0.995119231616,-0.462385588264,0.00542507596626,0.00546142235192,461.198942523,11.2388337695,0.0026,-0.2093573284,-0.209399423864,0,900
arbitrary_scm,0,shifted,20,5000,1,42d24a87,rct_aipw,fixed_lambda_0_omega_0,0,0.265249622443,0.793642774305,-0.528393151862,0.460379560087,20,5000,not_applicable,0,0,0,0,0,0,0,0,0,0,4.72951026528,0.262444874313,-5.19135591508,-0.276353362887,0.233871493485,-0.0041804293177,-0.0041804293177,694.611202895,5.86361483514,0,0.05075772141,0.05075772141,0,904
arbitrary_scm,0,shifted,20,5000,1,42d24a87,haipw_only,restricted_omega_0,0,0.480153772019,0.793642774305,-0.313489002286,0.24054929941,20,5000,not_applicable,0,1.11069146808,0,1.11069146808,0,0,0,0,0,0,4.72951026528,0.262444874313,-5.19135591508,-0.276353362887,0.233871493485,-0.0041804293177,-0.0041804293177,694.611202895,5.86361483514,0,0.05075772141,0.05075772141,0,904
arbitrary_scm,0,shifted,20,5000,1,42d24a87,ppi_power_tuned_only,restricted_lambda_0,1,0.254116963976,0.793642774305,-0.539525810329,0.460495332465,20,5000,not_applicable,0,0,-1.05547714313,0,-0.861505059442,0,0.2,0,0.2,0,4.72951026528,0.262444874313,-5.19135591508,-0.276353362887,0.233871493485,-0.0041804293177,-0.0041804293177,694.611202895,5.86361483514,0,0.05075772141,0.05075772141,0,904
arbitrary_scm,0,shifted,20,5000,1,42d24a87,full_datafusionppi,joint_box_lambda_omega,1,0.484387415502,0.793642774305,-0.309255358802,0.260534958689,20,5000,not_applicable,0,1.07618623095,-0.221844815168,1.07618623095,-0.221844815168,0,0,0,0,0,4.72951026528,0.262444874313,-5.19135591508,-0.276353362887,0.233871493485,-0.0041804293177,-0.0041804293177,694.611202895,5.86361483514,0,0.05075772141,0.05075772141,0,904
arbitrary_scm,0,shifted,20,5000,2,52407aee,rct_aipw,fixed_lambda_0_omega_0,0,2.02497879718,0.793642774305,1.23133602288,1.61458460971,20,5000,not_applicable,0,0,0,0,0,0,0,0,0,0,19.7685705561,0.294766296153,-20.0088437471,-0.030859905927,-0.0598788918884,0.00555619907142,0.00555619907142,818.528888161,3.8954449022,0,0.0148038952956,0.0148038952956,1,911
arbitrary_scm,0,shifted,20,5000,2,52407aee,haipw_only,restricted_omega_0,0,1.47680829025,0.793642774305,0.683165515941,0.169164993941,20,5000,not_applicable,0,1.02318408594,0,1.02318408594,0,0,0,0,0,0,19.7685705561,0.294766296153,-20.0088437471,-0.030859905927,-0.0598788918884,0.00555619907142,0.00555619907142,818.528888161,3.8954449022,0,0.0148038952956,0.0148038952956,1,911
arbitrary_scm,0,shifted,20,5000,2,52407aee,ppi_power_tuned_only,restricted_lambda_0,1,1.71026432365,0.793642774305,0.916621549345,1.77916398676,20,5000,not_applicable,0,0,-0.302093486528,0,0.0842278126164,0,0.2,0,0.2,0,19.7685705561,0.294766296153,-20.0088437471,-0.030859905927,-0.0598788918884,0.00555619907142,0.00555619907142,818.528888161,3.8954449022,0,0.0148038952956,0.0148038952956,1,911
arbitrary_scm,0,shifted,20,5000,2,52407aee,full_datafusionppi,joint_box_lambda_omega,1,1.49777462996,0.793642774305,0.704131855658,0.166928404181,20,5000,not_applicable,0,1.02258503876,-0.357607180709,1.02258503876,-0.357607180709,0,0,0,0,0,19.7685705561,0.294766296153,-20.0088437471,-0.030859905927,-0.0598788918884,0.00555619907142,0.00555619907142,818.528888161,3.8954449022,0,0.0148038952956,0.0148038952956,1,911
arbitrary_scm,0,shifted,20,5000,3,daae24df,rct_aipw,fixed_lambda_0_omega_0,0,0.804210732637,0.793642774305,0.0105679583324,0.650434297046,20,5000,not_applicable,0,0,0,0,0,0,0,0,0,0,7.11220644876,0.260576935133,-5.69805190671,0.472512089752,-0.026867184567,0.00338869193581,0.00338869193581,677.29017764,5.91188470475,0,0.00131170610827,0.00131170610827,2,921
arbitrary_scm,0,shifted,20,5000,3,daae24df,haipw_only,restricted_omega_0,0,0.950139182515,0.793642774305,0.15649640821,0.361509602406,20,5000,not_applicable,0,0.792287016051,0,0.792287016051,0,0,0,0,0,0,7.11220644876,0.260576935133,-5.69805190671,0.472512089752,-0.026867184567,0.00338869193581,0.00338869193581,677.29017764,5.91188470475,0,0.00131170610827,0.00131170610827,2,921
arbitrary_scm,0,shifted,20,5000,3,daae24df,ppi_power_tuned_only,restricted_lambda_0,1,0.355490235544,0.793642774305,-0.438152538761,0.79998725567,20,5000,not_applicable,0,0,1.36948186987,0,0.90173352451,0,0.6,0,0.6,0,7.11220644876,0.260576935133,-5.69805190671,0.472512089752,-0.026867184567,0.00338869193581,0.00338869193581,677.29017764,5.91188470475,0,0.00131170610827,0.00131170610827,2,921
arbitrary_scm,0,shifted,20,5000,3,daae24df,full_datafusionppi,joint_box_lambda_omega,1,0.528179259801,0.793642774305,-0.265463514504,0.318784704687,20,5000,not_applicable,0,0.703142573927,1.85471666859,0.724728276755,1.68232334742,0.4,0.4,0,0.4,0,7.11220644876,0.260576935133,-5.69805190671,0.472512089752,-0.026867184567,0.00338869193581,0.00338869193581,677.29017764,5.91188470475,0,0.00131170610827,0.00131170610827,2,921
arbitrary_scm,0,shifted,20,5000,4,5531e966,rct_aipw,fixed_lambda_0_omega_0,0,0.820510828951,0.793642774305,0.0268680546461,0.627967822657,20,5000,not_applicable,0,0,0,0,0,0,0,0,0,0,3.86864860736,0.125783456265,-6.12453475279,-0.0569792392352,0.0116550358184,0.0158735557094,0.0158735557094,676.262887027,7.04098532916,0,-0.00238827272916,-0.00238827272916,2,893
arbitrary_scm,0,shifted,20,5000,4,5531e966,haipw_only,restricted_omega_0,0,1.23214814537,0.793642774305,0.438505371067,0.194207453492,20,5000,not_applicable,0,1.55531367928,0,1.55531367928,0,0,0,0,0,0,3.86864860736,0.125783456265,-6.12453475279,-0.0569792392352,0.0116550358184,0.0158735557094,0.0158735557094,676.262887027,7.04098532916,0,-0.00238827272916,-0.00238827272916,2,893
arbitrary_scm,0,shifted,20,5000,4,5531e966,ppi_power_tuned_only,restricted_lambda_0,1,0.627863634018,0.793642774305,-0.165779140287,0.617721106148,20,5000,not_applicable,0,0,-0.575724584462,0,-0.397339039465,0,0.2,0,0.2,0,3.86864860736,0.125783456265,-6.12453475279,-0.0569792392352,0.0116550358184,0.0158735557094,0.0158735557094,676.262887027,7.04098532916,0,-0.00238827272916,-0.00238827272916,2,893
arbitrary_scm,0,shifted,20,5000,4,5531e966,full_datafusionppi,joint_box_lambda_omega,1,1.03158948087,0.793642774305,0.237946706563,0.188354801882,20,5000,not_applicable,0,1.58461197514,-0.204519442558,1.58305608261,-0.27388039073,0.2,0.2,0,0.2,0,3.86864860736,0.125783456265,-6.12453475279,-0.0569792392352,0.0116550358184,0.0158735557094,0.0158735557094,676.262887027,7.04098532916,0,-0.00238827272916,-0.00238827272916,2,893
arbitrary_scm,0,shifted,20,5000,5,fc59c2bc,rct_aipw,fixed_lambda_0_omega_0,0,-0.196606322765,0.793642774305,-0.99024909707,0.53873100451,20,5000,not_applicable,0,0,0,0,0,0,0,0,0,0,4.84483531263,0.511942020918,-3.86980778127,0.440753087104,0.151232561129,-0.00090314793216,-0.00090314793216,691.209345096,5.94595154137,0,-0.0604828504974,-0.0604828504974,1,910
arbitrary_scm,0,shifted,20,5000,5,fc59c2bc,haipw_only,restricted_omega_0,0,-0.107051195041,0.793642774305,-0.900693969346,0.318810112468,20,5000,not_applicable,0,0.725030150391,0,0.725030150391,0,0,0,0,0,0,4.84483531263,0.511942020918,-3.86980778127,0.440753087104,0.151232561129,-0.00090314793216,-0.00090314793216,691.209345096,5.94595154137,0,-0.0604828504974,-0.0604828504974,1,910
arbitrary_scm,0,shifted,20,5000,5,fc59c2bc,ppi_power_tuned_only,restricted_lambda_0,1,-0.15424017828,0.793642774305,-0.947882952585,0.504645056987,20,5000,not_applicable,0,0,0.879950536718,0,0.879950536718,0,0,0,0,0,4.84483531263,0.511942020918,-3.86980778127,0.440753087104,0.151232561129,-0.00090314793216,-0.00090314793216,691.209345096,5.94595154137,0,-0.0604828504974,-0.0604828504974,1,910
arbitrary_scm,0,shifted,20,5000,5,fc59c2bc,full_datafusionppi,joint_box_lambda_omega,1,0.00840070569562,0.793642774305,-0.785242068609,0.265528511991,20,5000,not_applicable,0,0.760907921627,1.07489690831,0.760907921627,1.07489690831,0,0,0,0,0,4.84483531263,0.511942020918,-3.86980778127,0.440753087104,0.151232561129,-0.00090314793216,-0.00090314793216,691.209345096,5.94595154137,0,-0.0604828504974,-0.0604828504974,1,910
arbitrary_scm,0,shifted,20,5000,6,a7dba2cf,rct_aipw,fixed_lambda_0_omega_0,0,1.1601099307,0.793642774305,0.366467156399,0.806156611663,20,5000,not_applicable,0,0,0,0,0,0,0,0,0,0,24.8985138728,0.289640123719,-23.0060245973,0.655152637123,0.11677746353,0.0159409536194,0.0159409536194,627.495788025,7.19803266839,0,-0.0828984111447,-0.0828984111447,1,906
arbitrary_scm,0,shifted,20,5000,6,a7dba2cf,haipw_only,restricted_omega_0,0,0.476660071616,0.793642774305,-0.316982702689,0.474130239913,20,5000,not_applicable,0,1.10614815856,0,1.10614815856,0,0,0,0,0,0,24.8985138728,0.289640123719,-23.0060245973,0.655152637123,0.11677746353,0.0159409536194,0.0159409536194,627.495788025,7.19803266839,0,-0.0828984111447,-0.0828984111447,1,906
arbitrary_scm,0,shifted,20,5000,6,a7dba2cf,ppi_power_tuned_only,restricted_lambda_0,1,1.06064261462,0.793642774305,0.266999840315,0.849984176969,20,5000,not_applicable,0,0,2.28402854164,0,1.53873534228,0,0.4,0,0.4,0,24.8985138728,0.289640123719,-23.0060245973,0.655152637123,0.11677746353,0.0159409536194,0.0159409536194,627.495788025,7.19803266839,0,-0.0828984111447,-0.0828984111447,1,906
arbitrary_scm,0,shifted,20,5000,6,a7dba2cf,full_datafusionppi,joint_box_lambda_omega,1,0.518298895945,0.793642774305,-0.275343878359,0.466760397887,20,5000,not_applicable,0,1.09079142882,2.7100316098,1.09767040371,1.78811347939,0.8,0.8,0,0.8,0,24.8985138728,0.289640123719,-23.0060245973,0.655152637123,0.11677746353,0.0159409536194,0.0159409536194,627.495788025,7.19803266839,0,-0.0828984111447,-0.0828984111447,1,906
arbitrary_scm,0,shifted,20,5000,7,68a67176,rct_aipw,fixed_lambda_0_omega_0,0,2.07455539015,0.793642774305,1.28091261584,0.442939509421,20,5000,not_applicable,0,0,0,0,0,0,0,0,0,0,10.0984835745,0.149945062088,-10.5644972269,0.452850220056,-0.283462977474,0.00847441571729,0.00847441571729,695.575172056,5.89298618317,0,0.00473407813947,0.00473407813947,1,889
arbitrary_scm,0,shifted,20,5000,7,68a67176,haipw_only,restricted_omega_0,0,1.88909938065,0.793642774305,1.09545660634,0.273181976946,20,5000,not_applicable,0,1.07944555563,0,1.07944555563,0,0,0,0,0,0,10.0984835745,0.149945062088,-10.5644972269,0.452850220056,-0.283462977474,0.00847441571729,0.00847441571729,695.575172056,5.89298618317,0,0.00473407813947,0.00473407813947,1,889
arbitrary_scm,0,shifted,20,5000,7,68a67176,ppi_power_tuned_only,restricted_lambda_0,1,2.00472688543,0.793642774305,1.21108411112,0.420182482092,20,5000,not_applicable,0,0,2.94965035841,0,1.4304270857,0,0.6,0,0.6,0,10.0984835745,0.149945062088,-10.5644972269,0.452850220056,-0.283462977474,0.00847441571729,0.00847441571729,695.575172056,5.89298618317,0,0.00473407813947,0.00473407813947,1,889
arbitrary_scm,0,shifted,20,5000,7,68a67176,full_datafusionppi,joint_box_lambda_omega,1,1.83772258537,0.793642774305,1.04407981106,0.278831472653,20,5000,not_applicable,0,1.07984676107,0.682673448228,1.07984676107,0.682673448228,0,0,0,0,0,10.0984835745,0.149945062088,-10.5644972269,0.452850220056,-0.283462977474,0.00847441571729,0.00847441571729,695.575172056,5.89298618317,0,0.00473407813947,0.00473407813947,1,889
arbitrary_scm,0,shifted,20,5000,8,670f9865,rct_aipw,fixed_lambda_0_omega_0,0,1.06162409697,0.793642774305,0.267981322664,0.407320315635,20,5000,not_applicable,0,0,0,0,0,0,0,0,0,0,5.56020681777,0.108062328992,-4.69632733599,0.293572313557,0.059894815311,0.000549781361458,0.000549781361458,724.294989613,4.75673805057,0,0.0262148780879,0.0262148780879,0,934
arbitrary_scm,0,shifted,20,5000,8,670f9865,haipw_only,restricted_omega_0,0,0.651775284738,0.793642774305,-0.141867489567,0.381710702553,20,5000,not_applicable,0,0.943853892705,0,0.943853892705,0,0,0,0,0,0,5.56020681777,0.108062328992,-4.69632733599,0.293572313557,0.059894815311,0.000549781361458,0.000549781361458,724.294989613,4.75673805057,0,0.0262148780879,0.0262148780879,0,934
arbitrary_scm,0,shifted,20,5000,8,670f9865,ppi_power_tuned_only,restricted_lambda_0,1,0.802442160093,0.793642774305,0.00879938578839,0.34952806738,20,5000,not_applicable,0,0,2.6349865756,0,1.51719086014,0,0.6,0,0.6,0,5.56020681777,0.108062328992,-4.69632733599,0.293572313557,0.059894815311,0.000549781361458,0.000549781361458,724.294989613,4.75673805057,0,0.0262148780879,0.0262148780879,0,934
arbitrary_scm,0,shifted,20,5000,8,670f9865,full_datafusionppi,joint_box_lambda_omega,1,0.308126091679,0.793642774305,-0.485516682625,0.267542561503,20,5000,not_applicable,0,0.980823581352,3.35620689166,0.954191907159,2,1,1,0,1,0,5.56020681777,0.108062328992,-4.69632733599,0.293572313557,0.059894815311,0.000549781361458,0.000549781361458,724.294989613,4.75673805057,0,0.0262148780879,0.0262148780879,0,934
arbitrary_scm,0,shifted,20,5000,9,0e46c5f5,rct_aipw,fixed_lambda_0_omega_0,0,1.46097262447,0.793642774305,0.66732985017,0.44865359173,20,5000,not_applicable,0,0,0,0,0,0,0,0,0,0,3.63019427249,0.380584231695,-4.10760923564,0.680113173542,-0.384444357538,-0.00238875431885,-0.00238875431885,863.032315103,3.07661467003,0,0.0612409336906,0.0612409336906,1,927
arbitrary_scm,0,shifted,20,5000,9,0e46c5f5,haipw_only,restricted_omega_0,0,1.21229942037,0.793642774305,0.418656646065,0.212809911534,20,5000,not_applicable,0,1.03492814281,0,1.03492814281,0,0,0,0,0,0,3.63019427249,0.380584231695,-4.10760923564,0.680113173542,-0.384444357538,-0.00238875431885,-0.00238875431885,863.032315103,3.07661467003,0,0.0612409336906,0.0612409336906,1,927
arbitrary_scm,0,shifted,20,5000,9,0e46c5f5,ppi_power_tuned_only,restricted_lambda_0,1,1.4249683597,0.793642774305,0.631325585397,0.494833971366,20,5000,not_applicable,0,0,1.53528550954,0,1.26833575403,0,0.4,0,0.4,0,3.63019427249,0.380584231695,-4.10760923564,0.680113173542,-0.384444357538,-0.00238875431885,-0.00238875431885,863.032315103,3.07661467003,0,0.0612409336906,0.0612409336906,1,927
arbitrary_scm,0,shifted,20,5000,9,0e46c5f5,full_datafusionppi,joint_box_lambda_omega,1,1.17945761737,0.793642774305,0.385814843068,0.25277970975,20,5000,not_applicable,0,0.965591974143,0.506560540285,0.965591974143,0.506560540285,0,0,0,0,0,3.63019427249,0.380584231695,-4.10760923564,0.680113173542,-0.384444357538,-0.00238875431885,-0.00238875431885,863.032315103,3.07661467003,0,0.0612409336906,0.0612409336906,1,927
arbitrary_scm,0,shifted,20,5000,10,ef4edb31,rct_aipw,fixed_lambda_0_omega_0,0,0.653411633907,0.793642774305,-0.140231140397,0.718094036593,20,5000,not_applicable,0,0,0,0,0,0,0,0,0,0,7.67945032689,0.90153643022,-7.7809768201,1.43611773268,-0.279808776599,0.00349556684479,0.00349556684479,680.49502913,6.47070971832,0,0.0379340178255,0.0379340178255,3,896
arbitrary_scm,0,shifted,20,5000,10,ef4edb31,haipw_only,restricted_omega_0,0,0.423135865774,0.793642774305,-0.37050690853,0.189453002365,20,5000,not_applicable,0,1.03187645538,0,1.03187645538,0,0,0,0,0,0,7.67945032689,0.90153643022,-7.7809768201,1.43611773268,-0.279808776599,0.00349556684479,0.00349556684479,680.49502913,6.47070971832,0,0.0379340178255,0.0379340178255,3,896
arbitrary_scm,0,shifted,20,5000,10,ef4edb31,ppi_power_tuned_only,restricted_lambda_0,1,0.920131517061,0.793642774305,0.126488742757,0.685028277498,20,5000,not_applicable,0,0,1.69266027722,0,1.58770764887,0,0.4,0,0.4,0,7.67945032689,0.90153643022,-7.7809768201,1.43611773268,-0.279808776599,0.00349556684479,0.00349556684479,680.49502913,6.47070971832,0,0.0379340178255,0.0379340178255,3,896
arbitrary_scm,0,shifted,20,5000,10,ef4edb31,full_datafusionppi,joint_box_lambda_omega,1,0.18404513365,0.793642774305,-0.609597640655,0.218152726747,20,5000,not_applicable,0,0.988524882317,1.00679732093,0.988524882317,1.00679732093,0,0,0,0,0,7.67945032689,0.90153643022,-7.7809768201,1.43611773268,-0.279808776599,0.00349556684479,0.00349556684479,680.49502913,6.47070971832,0,0.0379340178255,0.0379340178255,3,896
arbitrary_scm,0,shifted,20,5000,11,98c7874c,rct_aipw,fixed_lambda_0_omega_0,0,-0.202528730829,0.793642774305,-0.996171505133,0.930861898228,20,5000,not_applicable,0,0,0,0,0,0,0,0,0,0,9.93012322784,0.254991047981,-10.405892506,0.61784083739,-0.362777771214,0.00120287930752,0.00120287930752,752.262812853,4.90467851342,0,-0.0112583587201,-0.0112583587201,1,911
arbitrary_scm,0,shifted,20,5000,11,98c7874c,haipw_only,restricted_omega_0,0,0.714232133036,0.793642774305,-0.0794106412686,0.215262028142,20,5000,not_applicable,0,1.08038112082,0,1.08038112082,0,0,0,0,0,0,9.93012322784,0.254991047981,-10.405892506,0.61784083739,-0.362777771214,0.00120287930752,0.00120287930752,752.262812853,4.90467851342,0,-0.0112583587201,-0.0112583587201,1,911
arbitrary_scm,0,shifted,20,5000,11,98c7874c,ppi_power_tuned_only,restricted_lambda_0,1,-0.22145556614,0.793642774305,-1.01509834044,0.812040506846,20,5000,not_applicable,0,0,2.9474938526,0,1.35154046407,0,0.4,0,0.4,0,9.93012322784,0.254991047981,-10.405892506,0.61784083739,-0.362777771214,0.00120287930752,0.00120287930752,752.262812853,4.90467851342,0,-0.0112583587201,-0.0112583587201,1,911
arbitrary_scm,0,shifted,20,5000,11,98c7874c,full_datafusionppi,joint_box_lambda_omega,1,0.586623736309,0.793642774305,-0.207019037996,0.211045795223,20,5000,not_applicable,0,1.02132804737,1.02676014063,1.02375848589,1.00054582319,0.2,0.2,0,0.2,0,9.93012322784,0.254991047981,-10.405892506,0.61784083739,-0.362777771214,0.00120287930752,0.00120287930752,752.262812853,4.90467851342,0,-0.0112583587201,-0.0112583587201,1,911
arbitrary_scm,0,shifted,20,5000,12,d35869e1,rct_aipw,fixed_lambda_0_omega_0,0,0.0477026267651,0.793642774305,-0.74594014754,1.30765161079,20,5000,not_applicable,0,0,0,0,0,0,0,0,0,0,19.7572841878,0.57393117461,-20.3967864238,0.689338333101,-0.548590137519,-0.000355340265315,-0.000280182662654,444.300533372,13.089364544,0.0042,-0.0648176502254,-0.0647435047445,1,894
arbitrary_scm,0,shifted,20,5000,12,d35869e1,haipw_only,restricted_omega_0,0,0.922088587368,0.793642774305,0.128445813064,0.482318877684,20,5000,not_applicable,0,1.03422590072,0,1.03422590072,0,0,0,0,0,0,19.7572841878,0.57393117461,-20.3967864238,0.689338333101,-0.548590137519,-0.000355340265315,-0.000280182662654,444.300533372,13.089364544,0.0042,-0.0648176502254,-0.0647435047445,1,894
arbitrary_scm,0,shifted,20,5000,12,d35869e1,ppi_power_tuned_only,restricted_lambda_0,1,-0.162544215842,0.793642774305,-0.956186990146,1.98166559059,20,5000,not_applicable,0,0,-0.14534560157,0,-0.369186062413,0,0.8,0,0.8,0,19.7572841878,0.57393117461,-20.3967864238,0.689338333101,-0.548590137519,-0.000355340265315,-0.000280182662654,444.300533372,13.089364544,0.0042,-0.0648176502254,-0.0647435047445,1,894
arbitrary_scm,0,shifted,20,5000,12,d35869e1,full_datafusionppi,joint_box_lambda_omega,1,0.622926434693,0.793642774305,-0.170716339611,1.00354489882,20,5000,not_applicable,0,1.02215696439,-0.861776016876,1.06612299675,-0.472922962133,0.2,0.2,0,0.2,0,19.7572841878,0.57393117461,-20.3967864238,0.689338333101,-0.548590137519,-0.000355340265315,-0.000280182662654,444.300533372,13.089364544,0.0042,-0.0648176502254,-0.0647435047445,1,894
arbitrary_scm,0,shifted,20,5000,13,f3754980,rct_aipw,fixed_lambda_0_omega_0,0,1.39297600706,0.793642774305,0.599333232758,0.344058357374,20,5000,not_applicable,0,0,0,0,0,0,0,0,0,0,8.75714972641,0.289234513056,-10.1869522191,-0.344152162273,0.328746060286,0.00854051782717,0.00854051782717,783.535431272,4.61940950062,0,0.0163120534718,0.0163120534718,1,907
arbitrary_scm,0,shifted,20,5000,13,f3754980,haipw_only,restricted_omega_0,0,1.27583756413,0.793642774305,0.482194789821,0.175279625273,20,5000,not_applicable,0,1.15507321935,0,1.15507321935,0,0,0,0,0,0,8.75714972641,0.289234513056,-10.1869522191,-0.344152162273,0.328746060286,0.00854051782717,0.00854051782717,783.535431272,4.61940950062,0,0.0163120534718,0.0163120534718,1,907
arbitrary_scm,0,shifted,20,5000,13,f3754980,ppi_power_tuned_only,restricted_lambda_0,1,1.42472732902,0.793642774305,0.631084554712,0.37304510387,20,5000,not_applicable,0,0,-1.14243514621,0,-0.427508965821,0,0.2,0,0.2,0,8.75714972641,0.289234513056,-10.1869522191,-0.344152162273,0.328746060286,0.00854051782717,0.00854051782717,783.535431272,4.61940950062,0,0.0163120534718,0.0163120534718,1,907
arbitrary_scm,0,shifted,20,5000,13,f3754980,full_datafusionppi,joint_box_lambda_omega,1,1.28948537665,0.793642774305,0.495842602342,0.203037062011,20,5000,not_applicable,0,1.1872007781,0.260592125514,1.1872007781,0.260592125514,0,0,0,0,0,8.75714972641,0.289234513056,-10.1869522191,-0.344152162273,0.328746060286,0.00854051782717,0.00854051782717,783.535431272,4.61940950062,0,0.0163120534718,0.0163120534718,1,907
arbitrary_scm,0,shifted,20,5000,14,285d2475,rct_aipw,fixed_lambda_0_omega_0,0,0.666668324611,0.793642774305,-0.126974449693,0.479102561183,20,5000,not_applicable,0,0,0,0,0,0,0,0,0,0,11.5709116439,0.393339219221,-13.0572506066,0.893710356753,0.0368596409225,-0.00491224659128,-0.00488326153446,451.561082663,11.8566050243,0.0036,0.015537674647,0.0155410420663,1,909
arbitrary_scm,0,shifted,20,5000,14,285d2475,haipw_only,restricted_omega_0,0,0.596083273982,0.793642774305,-0.197559500323,0.418723674793,20,5000,not_applicable,0,1.15644034039,0,1.15644034039,0,0,0,0,0,0,11.5709116439,0.393339219221,-13.0572506066,0.893710356753,0.0368596409225,-0.00491224659128,-0.00488326153446,451.561082663,11.8566050243,0.0036,0.015537674647,0.0155410420663,1,909
arbitrary_scm,0,shifted,20,5000,14,285d2475,ppi_power_tuned_only,restricted_lambda_0,1,0.979921605983,0.793642774305,0.186278831678,0.392136070841,20,5000,not_applicable,0,0,2.30376991168,0,1.44739555374,0,0.6,0,0.6,0,11.5709116439,0.393339219221,-13.0572506066,0.893710356753,0.0368596409225,-0.00491224659128,-0.00488326153446,451.561082663,11.8566050243,0.0036,0.015537674647,0.0155410420663,1,909
arbitrary_scm,0,shifted,20,5000,14,285d2475,full_datafusionppi,joint_box_lambda_omega,1,0.788782947634,0.793642774305,-0.00485982667083,0.308295817961,20,5000,not_applicable,0,1.18028917584,2.38041104826,1.17246465346,1.90569547806,0.8,0.8,0,0.8,0,11.5709116439,0.393339219221,-13.0572506066,0.893710356753,0.0368596409225,-0.00491224659128,-0.00488326153446,451.561082663,11.8566050243,0.0036,0.015537674647,0.0155410420663,1,909
arbitrary_scm,0,shifted,20,5000,15,43d6a9c2,rct_aipw,fixed_lambda_0_omega_0,0,1.05588548137,0.793642774305,0.262242707069,0.280266902947,20,5000,not_applicable,0,0,0,0,0,0,0,0,0,0,9.97916241322,0.184378719026,-11.0848769018,0.506670842472,-0.239715736211,-0.00463210628919,-0.00458074669294,512.569304199,9.09595668481,0.0034,0.0172860185717,0.0173347552736,1,908
arbitrary_scm,0,shifted,20,5000,15,43d6a9c2,haipw_only,restricted_omega_0,0,2.17446099181,0.793642774305,1.3808182175,0.151354183445,20,5000,not_applicable,0,1.13512185686,0,1.13512185686,0,0,0,0,0,0,9.97916241322,0.184378719026,-11.0848769018,0.506670842472,-0.239715736211,-0.00463210628919,-0.00458074669294,512.569304199,9.09595668481,0.0034,0.0172860185717,0.0173347552736,1,908
arbitrary_scm,0,shifted,20,5000,15,43d6a9c2,ppi_power_tuned_only,restricted_lambda_0,1,0.802868221174,0.793642774305,0.00922544686962,0.265193089978,20,5000,not_applicable,0,0,3.14130740443,0,1.82096238162,0,0.8,0,0.8,0,9.97916241322,0.184378719026,-11.0848769018,0.506670842472,-0.239715736211,-0.00463210628919,-0.00458074669294,512.569304199,9.09595668481,0.0034,0.0172860185717,0.0173347552736,1,908
arbitrary_scm,0,shifted,20,5000,15,43d6a9c2,full_datafusionppi,joint_box_lambda_omega,1,1.894275632,0.793642774305,1.1006328577,0.143819969283,20,5000,not_applicable,0,1.09055740297,1.41004660017,1.09574960252,1.28215304124,0.4,0.4,0,0.4,0,9.97916241322,0.184378719026,-11.0848769018,0.506670842472,-0.239715736211,-0.00463210628919,-0.00458074669294,512.569304199,9.09595668481,0.0034,0.0172860185717,0.0173347552736,1,908
arbitrary_scm,0,shifted,20,5000,16,f0ee4ce3,rct_aipw,fixed_lambda_0_omega_0,0,0.52051823012,0.793642774305,-0.273124544185,0.214616792583,20,5000,not_applicable,0,0,0,0,0,0,0,0,0,0,6.01127704426,0.442635234786,-6.57474375915,0.283012617403,-0.273137054588,0.00248708296651,0.00248708296651,643.265092343,6.78117622942,0,-0.0682930127239,-0.0682930127239,2,934
arbitrary_scm,0,shifted,20,5000,16,f0ee4ce3,haipw_only,restricted_omega_0,0,0.536367163097,0.793642774305,-0.257275611208,0.0756411441838,20,5000,not_applicable,0,1.09046133284,0,1.09046133284,0,0,0,0,0,0,6.01127704426,0.442635234786,-6.57474375915,0.283012617403,-0.273137054588,0.00248708296651,0.00248708296651,643.265092343,6.78117622942,0,-0.0682930127239,-0.0682930127239,2,934
arbitrary_scm,0,shifted,20,5000,16,f0ee4ce3,ppi_power_tuned_only,restricted_lambda_0,1,-0.127574760709,0.793642774305,-0.921217535014,0.397865540454,20,5000,not_applicable,0,0,0.134862222873,0,0.253371065725,0,0.2,0,0.2,0,6.01127704426,0.442635234786,-6.57474375915,0.283012617403,-0.273137054588,0.00248708296651,0.00248708296651,643.265092343,6.78117622942,0,-0.0682930127239,-0.0682930127239,2,934
arbitrary_scm,0,shifted,20,5000,16,f0ee4ce3,full_datafusionppi,joint_box_lambda_omega,1,0.161124568432,0.793642774305,-0.632518205873,0.12078732559,20,5000,not_applicable,0,1.05121968177,-0.0972099090087,1.05121968177,-0.0972099090087,0,0,0,0,0,6.01127704426,0.442635234786,-6.57474375915,0.283012617403,-0.273137054588,0.00248708296651,0.00248708296651,643.265092343,6.78117622942,0,-0.0682930127239,-0.0682930127239,2,934
arbitrary_scm,0,shifted,20,5000,17,40b592d7,rct_aipw,fixed_lambda_0_omega_0,0,-0.289720457522,0.793642774305,-1.08336323183,3.86897428296,20,5000,not_applicable,0,0,0,0,0,0,0,0,0,0,12.4126248713,0.405844718342,-14.3716029753,1.45536568283,-0.511085557253,0.00994278983846,0.0100120876408,468.33647616,11.0821284643,0.0042,0.0279485609426,0.0280370143658,1,870
arbitrary_scm,0,shifted,20,5000,17,40b592d7,haipw_only,restricted_omega_0,0,1.10295625826,0.793642774305,0.309313483955,0.509795442504,20,5000,not_applicable,0,1.04421571651,0,1.04421571651,0,0,0,0,0,0,12.4126248713,0.405844718342,-14.3716029753,1.45536568283,-0.511085557253,0.00994278983846,0.0100120876408,468.33647616,11.0821284643,0.0042,0.0279485609426,0.0280370143658,1,870
arbitrary_scm,0,shifted,20,5000,17,40b592d7,ppi_power_tuned_only,restricted_lambda_0,1,-0.340783459079,0.793642774305,-1.13442623338,3.02660258876,20,5000,not_applicable,0,0,5.65219019639,0,1.55037700583,0,0.8,0,0.8,0,12.4126248713,0.405844718342,-14.3716029753,1.45536568283,-0.511085557253,0.00994278983846,0.0100120876408,468.33647616,11.0821284643,0.0042,0.0279485609426,0.0280370143658,1,870
arbitrary_scm,0,shifted,20,5000,17,40b592d7,full_datafusionppi,joint_box_lambda_omega,1,1.18805267211,0.793642774305,0.394409897806,0.323069831522,20,5000,not_applicable,0,1.1161100308,2.39793401218,1.10340992356,1.54056990552,0.6,0.6,0,0.6,0,12.4126248713,0.405844718342,-14.3716029753,1.45536568283,-0.511085557253,0.00994278983846,0.0100120876408,468.33647616,11.0821284643,0.0042,0.0279485609426,0.0280370143658,1,870
arbitrary_scm,0,shifted,20,5000,18,008b6a38,rct_aipw,fixed_lambda_0_omega_0,0,-0.105101090509,0.793642774305,-0.898743864813,0.233513013045,20,5000,not_applicable,0,0,0,0,0,0,0,0,0,0,3.77755293633,0.264483315036,-2.49315220262,0.0450525540202,0.127105273088,0.00142377723189,0.00142377723189,765.568859133,4.87184568995,0,-0.000613623500335,-0.000613623500335,1,912
arbitrary_scm,0,shifted,20,5000,18,008b6a38,haipw_only,restricted_omega_0,0,0.513957368693,0.793642774305,-0.279685405612,0.244815179244,20,5000,not_applicable,0,0.683319643212,0,0.683319643212,0,0,0,0,0,0,3.77755293633,0.264483315036,-2.49315220262,0.0450525540202,0.127105273088,0.00142377723189,0.00142377723189,765.568859133,4.87184568995,0,-0.000613623500335,-0.000613623500335,1,912
arbitrary_scm,0,shifted,20,5000,18,008b6a38,ppi_power_tuned_only,restricted_lambda_0,1,-0.0755540675598,0.793642774305,-0.869196841864,0.250346096294,20,5000,not_applicable,0,0,0.120015346461,0,0.120015346461,0,0,0,0,0,3.77755293633,0.264483315036,-2.49315220262,0.0450525540202,0.127105273088,0.00142377723189,0.00142377723189,765.568859133,4.87184568995,0,-0.000613623500335,-0.000613623500335,1,912
arbitrary_scm,0,shifted,20,5000,18,008b6a38,full_datafusionppi,joint_box_lambda_omega,1,0.571333234314,0.793642774305,-0.222309539991,0.280964075093,20,5000,not_applicable,0,0.726857999493,0.496987350964,0.726857999493,0.496987350964,0,0,0,0,0,3.77755293633,0.264483315036,-2.49315220262,0.0450525540202,0.127105273088,0.00142377723189,0.00142377723189,765.568859133,4.87184568995,0,-0.000613623500335,-0.000613623500335,1,912
arbitrary_scm,0,shifted,20,5000,19,38aff045,rct_aipw,fixed_lambda_0_omega_0,0,1.68970899536,0.793642774305,0.89606622106,0.644072839303,20,5000,not_applicable,0,0,0,0,0,0,0,0,0,0,5.34924657711,0.110458940145,-5.44987272406,0.128346957679,-0.332163423614,-0.00286058604474,-0.00285808409309,559.351252065,8.31105005191,0.0006,0.0418107775481,0.0418109238542,1,918
arbitrary_scm,0,shifted,20,5000,19,38aff045,haipw_only,restricted_omega_0,0,0.728370142577,0.793642774305,-0.0652726317277,0.200909153779,20,5000,not_applicable,0,1.03177686601,0,1.03177686601,0,0,0,0,0,0,5.34924657711,0.110458940145,-5.44987272406,0.128346957679,-0.332163423614,-0.00286058604474,-0.00285808409309,559.351252065,8.31105005191,0.0006,0.0418107775481,0.0418109238542,1,918
arbitrary_scm,0,shifted,20,5000,19,38aff045,ppi_power_tuned_only,restricted_lambda_0,1,1.76968099414,0.793642774305,0.976038219837,0.703238125473,20,5000,not_applicable,0,0,0.396817649346,0,0.878082174843,0,0.4,0,0.4,0,5.34924657711,0.110458940145,-5.44987272406,0.128346957679,-0.332163423614,-0.00286058604474,-0.00285808409309,559.351252065,8.31105005191,0.0006,0.0418107775481,0.0418109238542,1,918
arbitrary_scm,0,shifted,20,5000,19,38aff045,full_datafusionppi,joint_box_lambda_omega,1,0.652152774306,0.793642774305,-0.141489999999,0.178610770704,20,5000,not_applicable,0,1.15146665137,-2.57709154403,1.12657098482,-1.79778826895,0.8,0.8,0,0.8,0,5.34924657711,0.110458940145,-5.44987272406,0.128346957679,-0.332163423614,-0.00286058604474,-0.00285808409309,559.351252065,8.31105005191,0.0006,0.0418107775481,0.0418109238542,1,918
arbitrary_scm,0,shifted,30,5000,0,486cb030,rct_aipw,fixed_lambda_0_omega_0,0,0.540262368358,0.793642774305,-0.253380405947,0.293667822934,30,5000,not_applicable,0,0,0,0,0,0,0,0,0,0,4.17972427274,0.322726431337,-4.55583603975,0.696755172723,-0.130351524421,0.0120380998128,0.0120380998128,808.298342485,4.55621977823,0,-0.0133680998002,-0.0133680998002,3,916
arbitrary_scm,0,shifted,30,5000,0,486cb030,haipw_only,restricted_omega_0,0,0.671802407694,0.793642774305,-0.121840366611,0.12270528823,30,5000,not_applicable,0,1.1005967505,0,1.1005967505,0,0,0,0,0,0,4.17972427274,0.322726431337,-4.55583603975,0.696755172723,-0.130351524421,0.0120380998128,0.0120380998128,808.298342485,4.55621977823,0,-0.0133680998002,-0.0133680998002,3,916
arbitrary_scm,0,shifted,30,5000,0,486cb030,ppi_power_tuned_only,restricted_lambda_0,1,0.410596825934,0.793642774305,-0.38304594837,0.1864948841,30,5000,not_applicable,0,0,2.2240691211,0,1.83875084099,0,0.6,0,0.6,0,4.17972427274,0.322726431337,-4.55583603975,0.696755172723,-0.130351524421,0.0120380998128,0.0120380998128,808.298342485,4.55621977823,0,-0.0133680998002,-0.0133680998002,3,916
arbitrary_scm,0,shifted,30,5000,0,486cb030,full_datafusionppi,joint_box_lambda_omega,1,0.600185893472,0.793642774305,-0.193456880832,0.113451652815,30,5000,not_applicable,0,1.07555808666,1.56494718188,1.0746110097,1.54722605794,0.2,0.2,0,0.2,0,4.17972427274,0.322726431337,-4.55583603975,0.696755172723,-0.130351524421,0.0120380998128,0.0120380998128,808.298342485,4.55621977823,0,-0.0133680998002,-0.0133680998002,3,916
arbitrary_scm,0,shifted,30,5000,1,9c631d07,rct_aipw,fixed_lambda_0_omega_0,0,0.719256604024,0.793642774305,-0.0743861702809,0.237493809405,30,5000,not_applicable,0,0,0,0,0,0,0,0,0,0,5.895588075,0.231750834318,-6.30060244996,0.857327784234,-0.116209352633,0.00325097983645,0.00325165316047,558.306599865,10.8043259507,0.0002,-0.089430981078,-0.0894354042488,3,905
arbitrary_scm,0,shifted,30,5000,1,9c631d07,haipw_only,restricted_omega_0,0,0.434478576124,0.793642774305,-0.359164198181,0.179321772687,30,5000,not_applicable,0,1.08339440185,0,1.08339440185,0,0,0,0,0,0,5.895588075,0.231750834318,-6.30060244996,0.857327784234,-0.116209352633,0.00325097983645,0.00325165316047,558.306599865,10.8043259507,0.0002,-0.089430981078,-0.0894354042488,3,905
arbitrary_scm,0,shifted,30,5000,1,9c631d07,ppi_power_tuned_only,restricted_lambda_0,1,0.568624704046,0.793642774305,-0.225018070259,0.166903544228,30,5000,not_applicable,0,0,3.91292514784,0,1.8389654208,0,0.6,0,0.6,0,5.895588075,0.231750834318,-6.30060244996,0.857327784234,-0.116209352633,0.00325097983645,0.00325165316047,558.306599865,10.8043259507,0.0002,-0.089430981078,-0.0894354042488,3,905
arbitrary_scm,0,shifted,30,5000,1,9c631d07,full_datafusionppi,joint_box_lambda_omega,1,0.281985599746,0.793642774305,-0.511657174559,0.0881102157126,30,5000,not_applicable,0,0.949198453226,3.22657489909,1.02476032857,2,1,1,0,1,0,5.895588075,0.231750834318,-6.30060244996,0.857327784234,-0.116209352633,0.00325097983645,0.00325165316047,558.306599865,10.8043259507,0.0002,-0.089430981078,-0.0894354042488,3,905
arbitrary_scm,0,shifted,30,5000,2,13e95775,rct_aipw,fixed_lambda_0_omega_0,0,-0.929056412038,0.793642774305,-1.72269918634,0.341503963115,30,5000,not_applicable,0,0,0,0,0,0,0,0,0,0,5.07594644438,0.356842137897,-4.44414612618,0.92435175399,0.105381365994,0.00546431021573,0.00546431021573,694.1481795,7.06812517168,0,0.0076785602979,0.0076785602979,3,879
arbitrary_scm,0,shifted,30,5000,2,13e95775,haipw_only,restricted_omega_0,0,-0.658107110914,0.793642774305,-1.45174988522,0.225342385643,30,5000,not_applicable,0,0.880080759065,0,0.880080759065,0,0,0,0,0,0,5.07594644438,0.356842137897,-4.44414612618,0.92435175399,0.105381365994,0.00546431021573,0.00546431021573,694.1481795,7.06812517168,0,0.0076785602979,0.0076785602979,3,879
arbitrary_scm,0,shifted,30,5000,2,13e95775,ppi_power_tuned_only,restricted_lambda_0,1,-0.543822046723,0.793642774305,-1.33746482103,0.246498623055,30,5000,not_applicable,0,0,2.69297870901,0,1.80666574224,0,0.8,0,0.8,0,5.07594644438,0.356842137897,-4.44414612618,0.92435175399,0.105381365994,0.00546431021573,0.00546431021573,694.1481795,7.06812517168,0,0.0076785602979,0.0076785602979,3,879
arbitrary_scm,0,shifted,30,5000,2,13e95775,full_datafusionppi,joint_box_lambda_omega,1,-0.294172844796,0.793642774305,-1.0878156191,0.15256016718,30,5000,not_applicable,0,0.925844211109,2.89724002565,0.920279236199,2,1,1,0,1,0,5.07594644438,0.356842137897,-4.44414612618,0.92435175399,0.105381365994,0.00546431021573,0.00546431021573,694.1481795,7.06812517168,0,0.0076785602979,0.0076785602979,3,879
arbitrary_scm,0,shifted,30,5000,3,f504978c,rct_aipw,fixed_lambda_0_omega_0,0,0.65420840072,0.793642774305,-0.139434373584,0.426371419767,30,5000,not_applicable,0,0,0,0,0,0,0,0,0,0,12.4976918682,0.210925353741,-11.8332174834,0.174564629211,0.100013917231,0.00152005287832,-0.000133518331739,516.866919549,12.880661346,0.001,-0.000487072193069,4.79795916236e-05,1,936
arbitrary_scm,0,shifted,30,5000,3,f504978c,haipw_only,restricted_omega_0,0,0.55983874286,0.793642774305,-0.233804031445,0.122487274197,30,5000,not_applicable,0,0.931038089396,0,0.931038089396,0,0,0,0,0,0,12.4976918682,0.210925353741,-11.8332174834,0.174564629211,0.100013917231,0.00152005287832,-0.000133518331739,516.866919549,12.880661346,0.001,-0.000487072193069,4.79795916236e-05,1,936
arbitrary_scm,0,shifted,30,5000,3,f504978c,ppi_power_tuned_only,restricted_lambda_0,1,0.686194881397,0.793642774305,-0.107447892907,0.415712480098,30,5000,not_applicable,0,0,0.589191323918,0,0.378929032198,0,0.2,0,0.2,0,12.4976918682,0.210925353741,-11.8332174834,0.174564629211,0.100013917231,0.00152005287832,-0.000133518331739,516.866919549,12.880661346,0.001,-0.000487072193069,4.79795916236e-05,1,936
arbitrary_scm,0,shifted,30,5000,3,f504978c,full_datafusionppi,joint_box_lambda_omega,1,0.497164599681,0.793642774305,-0.296478174623,0.11032163683,30,5000,not_applicable,0,0.943941364397,1.16118334733,0.943941364397,1.16118334733,0,0,0,0,0,12.4976918682,0.210925353741,-11.8332174834,0.174564629211,0.100013917231,0.00152005287832,-0.000133518331739,516.866919549,12.880661346,0.001,-0.000487072193069,4.79795916236e-05,1,936
arbitrary_scm,0,shifted,30,5000,4,a246744a,rct_aipw,fixed_lambda_0_omega_0,0,0.725514319201,0.793642774305,-0.0681284551039,0.207657926515,30,5000,not_applicable,0,0,0,0,0,0,0,0,0,0,5.94049102777,0.14375389943,-6.1300545939,-0.100327833549,0.0818168751265,0.00611869763421,0.00611869763421,662.680220829,6.35185804886,0,0.0442576050785,0.0442576050785,2,918
arbitrary_scm,0,shifted,30,5000,4,a246744a,haipw_only,restricted_omega_0,0,0.68863983048,0.793642774305,-0.105002943825,0.109223094324,30,5000,not_applicable,0,1.024520529,0,1.024520529,0,0,0,0,0,0,5.94049102777,0.14375389943,-6.1300545939,-0.100327833549,0.0818168751265,0.00611869763421,0.00611869763421,662.680220829,6.35185804886,0,0.0442576050785,0.0442576050785,2,918
arbitrary_scm,0,shifted,30,5000,4,a246744a,ppi_power_tuned_only,restricted_lambda_0,1,0.840732123334,0.793642774305,0.047089349029,0.210510836352,30,5000,not_applicable,0,0,-0.716823892711,0,-0.662992183125,0,0.2,0,0.2,0,5.94049102777,0.14375389943,-6.1300545939,-0.100327833549,0.0818168751265,0.00611869763421,0.00611869763421,662.680220829,6.35185804886,0,0.0442576050785,0.0442576050785,2,918
arbitrary_scm,0,shifted,30,5000,4,a246744a,full_datafusionppi,joint_box_lambda_omega,1,0.701201513633,0.793642774305,-0.0924412606713,0.109443482701,30,5000,not_applicable,0,1.02329114842,-0.11957053133,1.02329114842,-0.11957053133,0,0,0,0,0,5.94049102777,0.14375389943,-6.1300545939,-0.100327833549,0.0818168751265,0.00611869763421,0.00611869763421,662.680220829,6.35185804886,0,0.0442576050785,0.0442576050785,2,918
arbitrary_scm,0,shifted,30,5000,5,f9c9a9a7,rct_aipw,fixed_lambda_0_omega_0,0,1.4148680601,0.793642774305,0.621225285796,0.392464499219,30,5000,not_applicable,0,0,0,0,0,0,0,0,0,0,7.00642575323,0.170161238325,-6.70532041888,-0.163381338017,0.231656950752,0.0122858208225,0.0122858208225,731.146151198,6.46876118688,0,0.010094581761,0.010094581761,4,898
arbitrary_scm,0,shifted,30,5000,5,f9c9a9a7,haipw_only,restricted_omega_0,0,1.24208276251,0.793642774305,0.448439988205,0.248996588679,30,5000,not_applicable,0,0.961603351337,0,0.961603351337,0,0,0,0,0,0,7.00642575323,0.170161238325,-6.70532041888,-0.163381338017,0.231656950752,0.0122858208225,0.0122858208225,731.146151198,6.46876118688,0,0.010094581761,0.010094581761,4,898
arbitrary_scm,0,shifted,30,5000,5,f9c9a9a7,ppi_power_tuned_only,restricted_lambda_0,1,1.49061221045,0.793642774305,0.696969436145,0.376833330567,30,5000,not_applicable,0,0,-0.803588203245,0,-0.803588203245,0,0,0,0,0,7.00642575323,0.170161238325,-6.70532041888,-0.163381338017,0.231656950752,0.0122858208225,0.0122858208225,731.146151198,6.46876118688,0,0.010094581761,0.010094581761,4,898
arbitrary_scm,0,shifted,30,5000,5,f9c9a9a7,full_datafusionppi,joint_box_lambda_omega,1,1.24950344609,0.793642774305,0.455860671789,0.257140854173,30,5000,not_applicable,0,0.981365898146,0.406657569688,0.981365898146,0.406657569688,0,0,0,0,0,7.00642575323,0.170161238325,-6.70532041888,-0.163381338017,0.231656950752,0.0122858208225,0.0122858208225,731.146151198,6.46876118688,0,0.010094581761,0.010094581761,4,898
arbitrary_scm,0,shifted,30,5000,6,69baf11c,rct_aipw,fixed_lambda_0_omega_0,0,1.2220459729,0.793642774305,0.428403198596,0.281078207644,30,5000,not_applicable,0,0,0,0,0,0,0,0,0,0,5.93900690119,0.435542209488,-6.08091578975,0.246966910261,0.120181455376,0.0182148873384,0.0182148873384,777.188828534,4.22118067812,0,-0.0425640784707,-0.0425640784707,3,866
arbitrary_scm,0,shifted,30,5000,6,69baf11c,haipw_only,restricted_omega_0,0,0.707344183038,0.793642774305,-0.0862985912663,0.150352411384,30,5000,not_applicable,0,1.03727983599,0,1.03727983599,0,0,0,0,0,0,5.93900690119,0.435542209488,-6.08091578975,0.246966910261,0.120181455376,0.0182148873384,0.0182148873384,777.188828534,4.22118067812,0,-0.0425640784707,-0.0425640784707,3,866
arbitrary_scm,0,shifted,30,5000,6,69baf11c,ppi_power_tuned_only,restricted_lambda_0,1,1.09158363814,0.793642774305,0.297940863837,0.273414525432,30,5000,not_applicable,0,0,0.560177235313,0,0.560177235313,0,0,0,0,0,5.93900690119,0.435542209488,-6.08091578975,0.246966910261,0.120181455376,0.0182148873384,0.0182148873384,777.188828534,4.22118067812,0,-0.0425640784707,-0.0425640784707,3,866
arbitrary_scm,0,shifted,30,5000,6,69baf11c,full_datafusionppi,joint_box_lambda_omega,1,0.594251232613,0.793642774305,-0.199391541691,0.144127444028,30,5000,not_applicable,0,1.06827912144,0.893768558276,1.06827912144,0.893768558276,0,0,0,0,0,5.93900690119,0.435542209488,-6.08091578975,0.246966910261,0.120181455376,0.0182148873384,0.0182148873384,777.188828534,4.22118067812,0,-0.0425640784707,-0.0425640784707,3,866
arbitrary_scm,0,shifted,30,5000,7,fa05747f,rct_aipw,fixed_lambda_0_omega_0,0,1.23921760258,0.793642774305,0.445574828276,0.216374062553,30,5000,not_applicable,0,0,0,0,0,0,0,0,0,0,11.9108309263,0.122309524509,-10.8884000782,-0.166434645266,0.267564369838,-0.000646003466982,-0.00064384799211,550.973046599,9.70590056389,0.0002,-0.00459583193198,-0.00459308288824,2,906
arbitrary_scm,0,shifted,30,5000,7,fa05747f,haipw_only,restricted_omega_0,0,1.87619973907,0.793642774305,1.08255696476,0.0818224098608,30,5000,not_applicable,0,0.937538495711,0,0.937538495711,0,0,0,0,0,0,11.9108309263,0.122309524509,-10.8884000782,-0.166434645266,0.267564369838,-0.000646003466982,-0.00064384799211,550.973046599,9.70590056389,0.0002,-0.00459583193198,-0.00459308288824,2,906
arbitrary_scm,0,shifted,30,5000,7,fa05747f,ppi_power_tuned_only,restricted_lambda_0,1,1.38018587571,0.793642774305,0.586543101404,0.208296716088,30,5000,not_applicable,0,0,-1.82471308276,0,-0.813290474488,0,0.4,0,0.4,0,11.9108309263,0.122309524509,-10.8884000782,-0.166434645266,0.267564369838,-0.000646003466982,-0.00064384799211,550.973046599,9.70590056389,0.0002,-0.00459583193198,-0.00459308288824,2,906
arbitrary_scm,0,shifted,30,5000,7,fa05747f,full_datafusionppi,joint_box_lambda_omega,1,1.77888793517,0.793642774305,0.985245160866,0.0844907536127,30,5000,not_applicable,0,0.961069256872,0.777903783688,0.961069256872,0.777903783688,0,0,0,0,0,11.9108309263,0.122309524509,-10.8884000782,-0.166434645266,0.267564369838,-0.000646003466982,-0.00064384799211,550.973046599,9.70590056389,0.0002,-0.00459583193198,-0.00459308288824,2,906
arbitrary_scm,0,shifted,30,5000,8,cf74e6ac,rct_aipw,fixed_lambda_0_omega_0,0,0.543215218253,0.793642774305,-0.250427556051,0.353392976573,30,5000,not_applicable,0,0,0,0,0,0,0,0,0,0,6.0059112571,0.409527162784,-6.18537001456,0.373020918502,0.121674555025,0.0120688257384,0.0119911796407,463.431242861,12.7987173963,0.0036,-0.0742842010013,-0.0743119100179,2,925
arbitrary_scm,0,shifted,30,5000,8,cf74e6ac,haipw_only,restricted_omega_0,0,0.557723696682,0.793642774305,-0.235919077623,0.155409747196,30,5000,not_applicable,0,1.04768660359,0,1.04768660359,0,0,0,0,0,0,6.0059112571,0.409527162784,-6.18537001456,0.373020918502,0.121674555025,0.0120688257384,0.0119911796407,463.431242861,12.7987173963,0.0036,-0.0742842010013,-0.0743119100179,2,925
arbitrary_scm,0,shifted,30,5000,8,cf74e6ac,ppi_power_tuned_only,restricted_lambda_0,1,0.516708568327,0.793642774305,-0.276934205977,0.31278174544,30,5000,not_applicable,0,0,0.925673624481,0,0.925673624481,0,0,0,0,0,6.0059112571,0.409527162784,-6.18537001456,0.373020918502,0.121674555025,0.0120688257384,0.0119911796407,463.431242861,12.7987173963,0.0036,-0.0742842010013,-0.0743119100179,2,925
arbitrary_scm,0,shifted,30,5000,8,cf74e6ac,full_datafusionppi,joint_box_lambda_omega,1,0.509993750225,0.793642774305,-0.28364902408,0.136837479311,30,5000,not_applicable,0,1.06745885822,1.16986965403,1.06745885822,1.16986965403,0,0,0,0,0,6.0059112571,0.409527162784,-6.18537001456,0.373020918502,0.121674555025,0.0120688257384,0.0119911796407,463.431242861,12.7987173963,0.0036,-0.0742842010013,-0.0743119100179,2,925
arbitrary_scm,0,shifted,30,5000,9,a7af3a6d,rct_aipw,fixed_lambda_0_omega_0,0,0.813046526299,0.793642774305,0.019403751994,0.184263238673,30,5000,not_applicable,0,0,0,0,0,0,0,0,0,0,12.0408746847,0.679290699656,-10.5472979803,0.412257244924,0.174191441108,0.00668429790555,0.00668429790555,774.896668839,4.93585326674,0,-0.0672245265671,-0.0672245265671,2,920
arbitrary_scm,0,shifted,30,5000,9,a7af3a6d,haipw_only,restricted_omega_0,0,0.727743825753,0.793642774305,-0.0658989485517,0.216992284054,30,5000,not_applicable,0,0.872317438488,0,0.872317438488,0,0,0,0,0,0,12.0408746847,0.679290699656,-10.5472979803,0.412257244924,0.174191441108,0.00668429790555,0.00668429790555,774.896668839,4.93585326674,0,-0.0672245265671,-0.0672245265671,2,920
arbitrary_scm,0,shifted,30,5000,9,a7af3a6d,ppi_power_tuned_only,restricted_lambda_0,1,1.13407660042,0.793642774305,0.34043382612,0.224029138865,30,5000,not_applicable,0,0,0.862096254231,0,0.737450764014,0,0.2,0,0.2,0,12.0408746847,0.679290699656,-10.5472979803,0.412257244924,0.174191441108,0.00668429790555,0.00668429790555,774.896668839,4.93585326674,0,-0.0672245265671,-0.0672245265671,2,920
arbitrary_scm,0,shifted,30,5000,9,a7af3a6d,full_datafusionppi,joint_box_lambda_omega,1,0.941313108147,0.793642774305,0.147670333842,0.21335747875,30,5000,not_applicable,0,0.884734018179,0.937837991673,0.884734018179,0.937837991673,0,0,0,0,0,12.0408746847,0.679290699656,-10.5472979803,0.412257244924,0.174191441108,0.00668429790555,0.00668429790555,774.896668839,4.93585326674,0,-0.0672245265671,-0.0672245265671,2,920
arbitrary_scm,0,shifted,30,5000,10,02747e0f,rct_aipw,fixed_lambda_0_omega_0,0,0.111062744438,0.793642774305,-0.682580029867,0.630685063495,30,5000,not_applicable,0,0,0,0,0,0,0,0,0,0,8.90994991234,0.24280482077,-7.97953111614,-0.00746462097358,0.333987536108,0.0111590740783,0.0111601402467,687.655098652,6.74285468684,0.0002,0.0293064238002,0.0293065601798,3,886
arbitrary_scm,0,shifted,30,5000,10,02747e0f,haipw_only,restricted_omega_0,0,0.938413510933,0.793642774305,0.144770736629,0.176760547825,30,5000,not_applicable,0,0.908601534421,0,0.908601534421,0,0,0,0,0,0,8.90994991234,0.24280482077,-7.97953111614,-0.00746462097358,0.333987536108,0.0111590740783,0.0111601402467,687.655098652,6.74285468684,0.0002,0.0293064238002,0.0293065601798,3,886
arbitrary_scm,0,shifted,30,5000,10,02747e0f,ppi_power_tuned_only,restricted_lambda_0,1,-0.0255918466461,0.793642774305,-0.819234620951,0.620338538228,30,5000,not_applicable,0,0,-0.508040488307,0,-0.604595997953,0,0.6,0,0.6,0,8.90994991234,0.24280482077,-7.97953111614,-0.00746462097358,0.333987536108,0.0111590740783,0.0111601402467,687.655098652,6.74285468684,0.0002,0.0293064238002,0.0293065601798,3,886
arbitrary_scm,0,shifted,30,5000,10,02747e0f,full_datafusionppi,joint_box_lambda_omega,1,0.978847495503,0.793642774305,0.185204721198,0.198309622869,30,5000,not_applicable,0,0.964101817177,1.17912398967,0.954272324862,1.01993748442,0.2,0.2,0,0.2,0,8.90994991234,0.24280482077,-7.97953111614,-0.00746462097358,0.333987536108,0.0111590740783,0.0111601402467,687.655098652,6.74285468684,0.0002,0.0293064238002,0.0293065601798,3,886
arbitrary_scm,0,shifted,30,5000,11,d7e4c54e,rct_aipw,fixed_lambda_0_omega_0,0,0.575431409844,0.793642774305,-0.21821136446,0.187926310445,30,5000,not_applicable,0,0,0,0,0,0,0,0,0,0,3.86719025772,0.350447684265,-3.86097207297,0.252601610304,-0.0301095848924,0.00171098444602,0.00172050310133,572.401327837,9.44444974583,0.0004,-0.0574651302473,-0.057464493065,4,884
arbitrary_scm,0,shifted,30,5000,11,d7e4c54e,haipw_only,restricted_omega_0,0,0.691643344867,0.793642774305,-0.101999429438,0.14324786543,30,5000,not_applicable,0,0.98033253345,0,0.98033253345,0,0,0,0,0,0,3.86719025772,0.350447684265,-3.86097207297,0.252601610304,-0.0301095848924,0.00171098444602,0.00172050310133,572.401327837,9.44444974583,0.0004,-0.0574651302473,-0.057464493065,4,884
arbitrary_scm,0,shifted,30,5000,11,d7e4c54e,ppi_power_tuned_only,restricted_lambda_0,1,0.556203190243,0.793642774305,-0.237439584062,0.231283957124,30,5000,not_applicable,0,0,0.818860669539,0,0.806161544006,0,0.2,0,0.2,0,3.86719025772,0.350447684265,-3.86097207297,0.252601610304,-0.0301095848924,0.00171098444602,0.00172050310133,572.401327837,9.44444974583,0.0004,-0.0574651302473,-0.057464493065,4,884
arbitrary_scm,0,shifted,30,5000,11,d7e4c54e,full_datafusionppi,joint_box_lambda_omega,1,0.672080587678,0.793642774305,-0.121562186627,0.143276621457,30,5000,not_applicable,0,0.97298175076,0.743032683883,0.97298175076,0.743032683883,0,0,0,0,0,3.86719025772,0.350447684265,-3.86097207297,0.252601610304,-0.0301095848924,0.00171098444602,0.00172050310133,572.401327837,9.44444974583,0.0004,-0.0574651302473,-0.057464493065,4,884
arbitrary_scm,0,shifted,30,5000,12,05c36ad8,rct_aipw,fixed_lambda_0_omega_0,0,1.35227740127,0.793642774305,0.558634626966,0.266376879247,30,5000,not_applicable,0,0,0,0,0,0,0,0,0,0,9.49910802267,0.411467541832,-10.0212740579,-0.327105354061,0.519049630087,0.012660690099,0.012660690099,686.339304659,6.13133499945,0,-0.0183734441942,-0.0183734441942,2,873
arbitrary_scm,0,shifted,30,5000,12,05c36ad8,haipw_only,restricted_omega_0,0,1.29185840177,0.793642774305,0.498215627467,0.119874144681,30,5000,not_applicable,0,1.00793012571,0,1.00793012571,0,0,0,0,0,0,9.49910802267,0.411467541832,-10.0212740579,-0.327105354061,0.519049630087,0.012660690099,0.012660690099,686.339304659,6.13133499945,0,-0.0183734441942,-0.0183734441942,2,873
arbitrary_scm,0,shifted,30,5000,12,05c36ad8,ppi_power_tuned_only,restricted_lambda_0,1,1.3971041291,0.793642774305,0.603461354795,0.277549829836,30,5000,not_applicable,0,0,-0.725879304522,0,-0.574276705051,0,0.2,0,0.2,0,9.49910802267,0.411467541832,-10.0212740579,-0.327105354061,0.519049630087,0.012660690099,0.012660690099,686.339304659,6.13133499945,0,-0.0183734441942,-0.0183734441942,2,873
arbitrary_scm,0,shifted,30,5000,12,05c36ad8,full_datafusionppi,joint_box_lambda_omega,1,1.29004033665,0.793642774305,0.496397562344,0.11727481207,30,5000,not_applicable,0,1.04969347907,0.607422940383,1.04969347907,0.607422940383,0,0,0,0,0,9.49910802267,0.411467541832,-10.0212740579,-0.327105354061,0.519049630087,0.012660690099,0.012660690099,686.339304659,6.13133499945,0,-0.0183734441942,-0.0183734441942,2,873
arbitrary_scm,0,shifted,30,5000,13,8a17825c,rct_aipw,fixed_lambda_0_omega_0,0,1.25574178909,0.793642774305,0.46209901479,0.265757013133,30,5000,not_applicable,0,0,0,0,0,0,0,0,0,0,5.5859693607,0.379806498622,-6.9894169083,0.416486163762,0.116671073329,0.01165906787,0.01165906787,745.221035645,4.91947771775,0,0.0934970337156,0.0934970337156,3,909
arbitrary_scm,0,shifted,30,5000,13,8a17825c,haipw_only,restricted_omega_0,0,0.754253299946,0.793642774305,-0.0393894743584,0.184212374493,30,5000,not_applicable,0,1.26743835023,0,1.26743835023,0,0,0,0,0,0,5.5859693607,0.379806498622,-6.9894169083,0.416486163762,0.116671073329,0.01165906787,0.01165906787,745.221035645,4.91947771775,0,0.0934970337156,0.0934970337156,3,909
arbitrary_scm,0,shifted,30,5000,13,8a17825c,ppi_power_tuned_only,restricted_lambda_0,1,1.35711967885,0.793642774305,0.563476904547,0.244147317148,30,5000,not_applicable,0,0,1.08733064835,0,1.08733064835,0,0,0,0,0,5.5859693607,0.379806498622,-6.9894169083,0.416486163762,0.116671073329,0.01165906787,0.01165906787,745.221035645,4.91947771775,0,0.0934970337156,0.0934970337156,3,909
arbitrary_scm,0,shifted,30,5000,13,8a17825c,full_datafusionppi,joint_box_lambda_omega,1,0.894527402194,0.793642774305,0.10088462789,0.153975965263,30,5000,not_applicable,0,1.29611982335,1.47082292018,1.29611982335,1.47082292018,0,0,0,0,0,5.5859693607,0.379806498622,-6.9894169083,0.416486163762,0.116671073329,0.01165906787,0.01165906787,745.221035645,4.91947771775,0,0.0934970337156,0.0934970337156,3,909
arbitrary_scm,0,shifted,30,5000,14,7d867066,rct_aipw,fixed_lambda_0_omega_0,0,1.23811794119,0.793642774305,0.444475166884,0.321244540325,30,5000,not_applicable,0,0,0,0,0,0,0,0,0,0,11.5974508855,0.264661589747,-12.6182746123,0.759056063711,-0.306382324946,0.00823786732923,0.00658806996642,377.230829624,18.5018472562,0.0082,-0.131026280739,-0.130487954135,3,915
arbitrary_scm,0,shifted,30,5000,14,7d867066,haipw_only,restricted_omega_0,0,0.849320757157,0.793642774305,0.0556779828523,0.20530180345,30,5000,not_applicable,0,1.16089907821,0,1.16089907821,0,0,0,0,0,0,11.5974508855,0.264661589747,-12.6182746123,0.759056063711,-0.306382324946,0.00823786732923,0.00658806996642,377.230829624,18.5018472562,0.0082,-0.131026280739,-0.130487954135,3,915
arbitrary_scm,0,shifted,30,5000,14,7d867066,ppi_power_tuned_only,restricted_lambda_0,1,1.01317531789,0.793642774305,0.219532543581,0.325577838253,30,5000,not_applicable,0,0,2.9284588707,0,1.9620991815,0,0.8,0,0.8,0,11.5974508855,0.264661589747,-12.6182746123,0.759056063711,-0.306382324946,0.00823786732923,0.00658806996642,377.230829624,18.5018472562,0.0082,-0.131026280739,-0.130487954135,3,915
arbitrary_scm,0,shifted,30,5000,14,7d867066,full_datafusionppi,joint_box_lambda_omega,1,0.613163045722,0.793642774305,-0.180479728582,0.205015235429,30,5000,not_applicable,0,1.114906735,1.74083178228,1.11488130087,1.68368411677,0.2,0.2,0,0.2,0,11.5974508855,0.264661589747,-12.6182746123,0.759056063711,-0.306382324946,0.00823786732923,0.00658806996642,377.230829624,18.5018472562,0.0082,-0.131026280739,-0.130487954135,3,915
arbitrary_scm,0,shifted,30,5000,15,b452f820,rct_aipw,fixed_lambda_0_omega_0,0,1.19929698027,0.793642774305,0.405654205966,0.295195982791,30,5000,not_applicable,0,0,0,0,0,0,0,0,0,0,5.63827522975,0.348255958053,-5.08050584825,0.199938937236,0.0156093651404,0.00157299721624,0.00157299721624,940.28919631,2.20432969218,0,0.0380608909126,0.0380608909126,3,890
arbitrary_scm,0,shifted,30,5000,15,b452f820,haipw_only,restricted_omega_0,0,0.294646334034,0.793642774305,-0.498996440271,0.189918526163,30,5000,not_applicable,0,0.9052811869,0,0.9052811869,0,0,0,0,0,0,5.63827522975,0.348255958053,-5.08050584825,0.199938937236,0.0156093651404,0.00157299721624,0.00157299721624,940.28919631,2.20432969218,0,0.0380608909126,0.0380608909126,3,890
arbitrary_scm,0,shifted,30,5000,15,b452f820,ppi_power_tuned_only,restricted_lambda_0,1,1.27971907077,0.793642774305,0.486076296467,0.345447815301,30,5000,not_applicable,0,0,0.764523138427,0,0.719893208269,0,0.4,0,0.4,0,5.63827522975,0.348255958053,-5.08050584825,0.199938937236,0.0156093651404,0.00157299721624,0.00157299721624,940.28919631,2.20432969218,0,0.0380608909126,0.0380608909126,3,890
arbitrary_scm,0,shifted,30,5000,15,b452f820,full_datafusionppi,joint_box_lambda_omega,1,0.274783474214,0.793642774305,-0.51885930009,0.18304776664,30,5000,not_applicable,0,0.894119846371,0.599878145924,0.894119846371,0.599878145924,0,0,0,0,0,5.63827522975,0.348255958053,-5.08050584825,0.199938937236,0.0156093651404,0.00157299721624,0.00157299721624,940.28919631,2.20432969218,0,0.0380608909126,0.0380608909126,3,890
arbitrary_scm,0,shifted,30,5000,16,8fdfb6b1,rct_aipw,fixed_lambda_0_omega_0,0,0.809606724769,0.793642774305,0.0159639504648,0.201166109999,30,5000,not_applicable,0,0,0,0,0,0,0,0,0,0,5.06907248004,0.283902575765,-3.96334829178,0.113039023721,0.228995154432,0.0111107587406,0.0111124376403,745.262443672,5.88878903045,0.0002,0.0280273014107,0.0280260162287,3,919
arbitrary_scm,0,shifted,30,5000,16,8fdfb6b1,haipw_only,restricted_omega_0,0,0.57336591896,0.793642774305,-0.220276855344,0.19666349615,30,5000,not_applicable,0,0.764403078397,0,0.764403078397,0,0,0,0,0,0,5.06907248004,0.283902575765,-3.96334829178,0.113039023721,0.228995154432,0.0111107587406,0.0111124376403,745.262443672,5.88878903045,0.0002,0.0280273014107,0.0280260162287,3,919
arbitrary_scm,0,shifted,30,5000,16,8fdfb6b1,ppi_power_tuned_only,restricted_lambda_0,1,0.847747388545,0.793642774305,0.0541046142406,0.192256292627,30,5000,not_applicable,0,0,0.419496737773,0,0.419496737773,0,0,0,0,0,5.06907248004,0.283902575765,-3.96334829178,0.113039023721,0.228995154432,0.0111107587406,0.0111124376403,745.262443672,5.88878903045,0.0002,0.0280273014107,0.0280260162287,3,919
arbitrary_scm,0,shifted,30,5000,16,8fdfb6b1,full_datafusionppi,joint_box_lambda_omega,1,0.661971541838,0.793642774305,-0.131671232467,0.193859692091,30,5000,not_applicable,0,0.806972159438,1.10299625146,0.806972159438,1.10299625146,0,0,0,0,0,5.06907248004,0.283902575765,-3.96334829178,0.113039023721,0.228995154432,0.0111107587406,0.0111124376403,745.262443672,5.88878903045,0.0002,0.0280273014107,0.0280260162287,3,919
arbitrary_scm,0,shifted,30,5000,17,f9abb6ab,rct_aipw,fixed_lambda_0_omega_0,0,0.807252391049,0.793642774305,0.0136096167447,0.131769805782,30,5000,not_applicable,0,0,0,0,0,0,0,0,0,0,5.52359701164,0.330936468787,-5.05141498794,-0.251574074639,0.336498807183,0.0121160564616,0.0121203352246,628.519712023,6.68729097605,0.0006,-0.0833668683105,-0.0833762838704,3,940
arbitrary_scm,0,shifted,30,5000,17,f9abb6ab,haipw_only,restricted_omega_0,0,1.01905287039,0.793642774305,0.225410096085,0.0996505395968,30,5000,not_applicable,0,0.912971065779,0,0.912971065779,0,0,0,0,0,0,5.52359701164,0.330936468787,-5.05141498794,-0.251574074639,0.336498807183,0.0121160564616,0.0121203352246,628.519712023,6.68729097605,0.0006,-0.0833668683105,-0.0833762838704,3,940
arbitrary_scm,0,shifted,30,5000,17,f9abb6ab,ppi_power_tuned_only,restricted_lambda_0,1,0.8732378675,0.793642774305,0.0795950931951,0.149990927175,30,5000,not_applicable,0,0,-0.633519448187,0,-0.451806668761,0,0.2,0,0.2,0,5.52359701164,0.330936468787,-5.05141498794,-0.251574074639,0.336498807183,0.0121160564616,0.0121203352246,628.519712023,6.68729097605,0.0006,-0.0833668683105,-0.0833762838704,3,940
arbitrary_scm,0,shifted,30,5000,17,f9abb6ab,full_datafusionppi,joint_box_lambda_omega,1,1.02254369243,0.793642774305,0.228900918121,0.100997530472,30,5000,not_applicable,0,0.918354287419,0.172289119336,0.918354287419,0.172289119336,0,0,0,0,0,5.52359701164,0.330936468787,-5.05141498794,-0.251574074639,0.336498807183,0.0121160564616,0.0121203352246,628.519712023,6.68729097605,0.0006,-0.0833668683105,-0.0833762838704,3,940
arbitrary_scm,0,shifted,30,5000,18,9c926fa9,rct_aipw,fixed_lambda_0_omega_0,0,1.7319865238,0.793642774305,0.938343749495,0.275188169276,30,5000,not_applicable,0,0,0,0,0,0,0,0,0,0,7.93092300767,0.302954868158,-6.00084067851,0.42671478295,0.272543174628,-0.0063719067162,-0.00744906017461,410.049371436,15.8787011262,0.0058,-0.014448606351,-0.0139168994141,3,907
arbitrary_scm,0,shifted,30,5000,18,9c926fa9,haipw_only,restricted_omega_0,0,1.2968592688,0.793642774305,0.503216494491,0.237921531924,30,5000,not_applicable,0,0.665358433853,0,0.665358433853,0,0,0,0,0,0,7.93092300767,0.302954868158,-6.00084067851,0.42671478295,0.272543174628,-0.0063719067162,-0.00744906017461,410.049371436,15.8787011262,0.0058,-0.014448606351,-0.0139168994141,3,907
arbitrary_scm,0,shifted,30,5000,18,9c926fa9,ppi_power_tuned_only,restricted_lambda_0,1,1.86108706743,0.793642774305,1.06744429312,0.2367599482,30,5000,not_applicable,0,0,1.42649043173,0,1.08982840523,0,0.2,0,0.2,0,7.93092300767,0.302954868158,-6.00084067851,0.42671478295,0.272543174628,-0.0063719067162,-0.00744906017461,410.049371436,15.8787011262,0.0058,-0.014448606351,-0.0139168994141,3,907
arbitrary_scm,0,shifted,30,5000,18,9c926fa9,full_datafusionppi,joint_box_lambda_omega,1,1.38830785381,0.793642774305,0.594665079509,0.183259073385,30,5000,not_applicable,0,0.725912791113,2.20765590021,0.727319006412,1.77807399613,0.6,0.6,0,0.6,0,7.93092300767,0.302954868158,-6.00084067851,0.42671478295,0.272543174628,-0.0063719067162,-0.00744906017461,410.049371436,15.8787011262,0.0058,-0.014448606351,-0.0139168994141,3,907
arbitrary_scm,0,shifted,30,5000,19,ed449876,rct_aipw,fixed_lambda_0_omega_0,0,-0.128318027261,0.793642774305,-0.921960801565,0.211618961,30,5000,not_applicable,0,0,0,0,0,0,0,0,0,0,3.44366407644,0.236124817897,-2.35326428559,0.380725298891,0.00197412032118,0.0194592497306,0.0194592497306,831.106574583,3.57839608061,0,0.0534109447681,0.0534109447681,2,914
arbitrary_scm,0,shifted,30,5000,19,ed449876,haipw_only,restricted_omega_0,0,0.447241213663,0.793642774305,-0.346401560642,0.148226083778,30,5000,not_applicable,0,0.678342654819,0,0.678342654819,0,0,0,0,0,0,3.44366407644,0.236124817897,-2.35326428559,0.380725298891,0.00197412032118,0.0194592497306,0.0194592497306,831.106574583,3.57839608061,0,0.0534109447681,0.0534109447681,2,914
arbitrary_scm,0,shifted,30,5000,19,ed449876,ppi_power_tuned_only,restricted_lambda_0,1,-0.0364192177382,0.793642774305,-0.830061992043,0.210915305543,30,5000,not_applicable,0,0,1.6132028427,0,1.55592050088,0,0.4,0,0.4,0,3.44366407644,0.236124817897,-2.35326428559,0.380725298891,0.00197412032118,0.0194592497306,0.0194592497306,831.106574583,3.57839608061,0,0.0534109447681,0.0534109447681,2,914
arbitrary_scm,0,shifted,30,5000,19,ed449876,full_datafusionppi,joint_box_lambda_omega,1,0.47826982758,0.793642774305,-0.315372946725,0.14260835693,30,5000,not_applicable,0,0.680702725423,1.73573358742,0.679876634916,1.72553917322,0.2,0.2,0,0.2,0,3.44366407644,0.236124817897,-2.35326428559,0.380725298891,0.00197412032118,0.0194592497306,0.0194592497306,831.106574583,3.57839608061,0,0.0534109447681,0.0534109447681,2,914
arbitrary_scm,1,shared,20,5000,0,db4f7c4a,rct_aipw,fixed_lambda_0_omega_0,0,0.0572578200544,0.817885803342,-0.760627983287,0.344615981555,20,5000,not_applicable,0,0,0,0,0,0,0,0,0,0,2.81066871876,0.211969962019,-2.87204219587,0.0804183904326,0.0748025828998,0.00639700472725,0.00639700472725,906.634052781,2.37598985285,0,-0.0409489086237,-0.0409489086237,1,874
arbitrary_scm,1,shared,20,5000,0,db4f7c4a,haipw_only,restricted_omega_0,0,0.414023258561,0.817885803342,-0.40386254478,0.144935821179,20,5000,not_applicable,0,1.05684489735,0,1.05684489735,0,0,0,0,0,0,2.81066871876,0.211969962019,-2.87204219587,0.0804183904326,0.0748025828998,0.00639700472725,0.00639700472725,906.634052781,2.37598985285,0,-0.0409489086237,-0.0409489086237,1,874
arbitrary_scm,1,shared,20,5000,0,db4f7c4a,ppi_power_tuned_only,restricted_lambda_0,1,0.125728489876,0.817885803342,-0.692157313466,0.350064994809,20,5000,not_applicable,0,0,0.389591550515,0,0.389591550515,0,0,0,0,0,2.81066871876,0.211969962019,-2.87204219587,0.0804183904326,0.0748025828998,0.00639700472725,0.00639700472725,906.634052781,2.37598985285,0,-0.0409489086237,-0.0409489086237,1,874
arbitrary_scm,1,shared,20,5000,0,db4f7c4a,full_datafusionppi,joint_box_lambda_omega,1,0.41368805196,0.817885803342,-0.404197751381,0.146339801557,20,5000,not_applicable,0,1.06643622328,0.742027233272,1.06643622328,0.742027233272,0,0,0,0,0,2.81066871876,0.211969962019,-2.87204219587,0.0804183904326,0.0748025828998,0.00639700472725,0.00639700472725,906.634052781,2.37598985285,0,-0.0409489086237,-0.0409489086237,1,874
arbitrary_scm,1,shared,20,5000,1,0d59910f,rct_aipw,fixed_lambda_0_omega_0,0,0.0312981658539,0.817885803342,-0.786587637488,0.259231392466,20,5000,not_applicable,0,0,0,0,0,0,0,0,0,0,1.47313381387,0.458951132734,-1.00204745561,0.33413343983,-0.16169978925,0.0198114664854,0.0198114664854,959.237153067,1.95510890297,0,-0.0524323263586,-0.0524323263586,1,857
arbitrary_scm,1,shared,20,5000,1,0d59910f,haipw_only,restricted_omega_0,0,0.182177534044,0.817885803342,-0.635708269298,0.283706239416,20,5000,not_applicable,0,0.90646019228,0,0.792939661503,0,0.2,0,0.2,0,0,1.47313381387,0.458951132734,-1.00204745561,0.33413343983,-0.16169978925,0.0198114664854,0.0198114664854,959.237153067,1.95510890297,0,-0.0524323263586,-0.0524323263586,1,857
arbitrary_scm,1,shared,20,5000,1,0d59910f,ppi_power_tuned_only,restricted_lambda_0,1,0.0807196589796,0.817885803342,-0.737166144362,0.235738971833,20,5000,not_applicable,0,0,0.745484360017,0,0.745484360017,0,0,0,0,0,1.47313381387,0.458951132734,-1.00204745561,0.33413343983,-0.16169978925,0.0198114664854,0.0198114664854,959.237153067,1.95510890297,0,-0.0524323263586,-0.0524323263586,1,857
arbitrary_scm,1,shared,20,5000,1,0d59910f,full_datafusionppi,joint_box_lambda_omega,1,0.141642518168,0.817885803342,-0.676243285174,0.277594376346,20,5000,not_applicable,0,0.900360175997,0.324848714243,0.761208752444,0.406261604324,0.2,0.2,0.2,0,0,1.47313381387,0.458951132734,-1.00204745561,0.33413343983,-0.16169978925,0.0198114664854,0.0198114664854,959.237153067,1.95510890297,0,-0.0524323263586,-0.0524323263586,1,857
arbitrary_scm,1,shared,20,5000,2,555e7e8b,rct_aipw,fixed_lambda_0_omega_0,0,1.3929062116,0.817885803342,0.575020408258,0.152717578009,20,5000,not_applicable,0,0,0,0,0,0,0,0,0,0,4.93840208972,0.306237470296,-5.19224558481,0.0941638992276,-0.192134499636,-2.51378828955e-05,-2.51378828955e-05,743.486611948,6.23668153599,0,0.182175811876,0.182175811876,2,866
arbitrary_scm,1,shared,20,5000,2,555e7e8b,haipw_only,restricted_omega_0,0,1.5308458769,0.817885803342,0.712960073563,0.0934685012888,20,5000,not_applicable,0,1.07773179052,0,1.07773179052,0,0,0,0,0,0,4.93840208972,0.306237470296,-5.19224558481,0.0941638992276,-0.192134499636,-2.51378828955e-05,-2.51378828955e-05,743.486611948,6.23668153599,0,0.182175811876,0.182175811876,2,866
arbitrary_scm,1,shared,20,5000,2,555e7e8b,ppi_power_tuned_only,restricted_lambda_0,1,1.49176112531,0.817885803342,0.673875321966,0.204497585718,20,5000,not_applicable,0,0,0.348317782028,0,0.240180202311,0,0.2,0,0.2,0,4.93840208972,0.306237470296,-5.19224558481,0.0941638992276,-0.192134499636,-2.51378828955e-05,-2.51378828955e-05,743.486611948,6.23668153599,0,0.182175811876,0.182175811876,2,866
arbitrary_scm,1,shared,20,5000,2,555e7e8b,full_datafusionppi,joint_box_lambda_omega,1,1.59742483515,0.817885803342,0.779539031809,0.109743864018,20,5000,not_applicable,0,1.09029262885,-0.352425997121,1.09029262885,-0.352425997121,0,0,0,0,0,4.93840208972,0.306237470296,-5.19224558481,0.0941638992276,-0.192134499636,-2.51378828955e-05,-2.51378828955e-05,743.486611948,6.23668153599,0,0.182175811876,0.182175811876,2,866
arbitrary_scm,1,shared,20,5000,3,ce7a8c59,rct_aipw,fixed_lambda_0_omega_0,0,-0.935463055287,0.817885803342,-1.75334885863,0.701625970322,20,5000,not_applicable,0,0,0,0,0,0,0,0,0,0,3.48521188657,0.453879813103,-4.26955900044,1.13191556219,-0.45671267697,0.00226604997993,0.00226604997993,922.58415005,2.28442185038,0,-0.0724610609006,-0.0724610609006,2,892
arbitrary_scm,1,shared,20,5000,3,ce7a8c59,haipw_only,restricted_omega_0,0,0.90512500127,0.817885803342,0.0872391979283,0.588953327681,20,5000,not_applicable,0,1.2389849297,0,1.2389849297,0,0,0,0,0,0,3.48521188657,0.453879813103,-4.26955900044,1.13191556219,-0.45671267697,0.00226604997993,0.00226604997993,922.58415005,2.28442185038,0,-0.0724610609006,-0.0724610609006,2,892
arbitrary_scm,1,shared,20,5000,3,ce7a8c59,ppi_power_tuned_only,restricted_lambda_0,1,-0.823817056902,0.817885803342,-1.64170286024,0.563780045969,20,5000,not_applicable,0,0,2.59176909764,0,1.89438521907,0,0.8,0,0.8,0,3.48521188657,0.453879813103,-4.26955900044,1.13191556219,-0.45671267697,0.00226604997993,0.00226604997993,922.58415005,2.28442185038,0,-0.0724610609006,-0.0724610609006,2,892
arbitrary_scm,1,shared,20,5000,3,ce7a8c59,full_datafusionppi,joint_box_lambda_omega,1,0.778077193077,0.817885803342,-0.0398086102644,0.504875902554,20,5000,not_applicable,0,1.05219061136,1.60928677227,1.05927910304,1.49489222205,0.4,0.4,0,0.4,0,3.48521188657,0.453879813103,-4.26955900044,1.13191556219,-0.45671267697,0.00226604997993,0.00226604997993,922.58415005,2.28442185038,0,-0.0724610609006,-0.0724610609006,2,892
arbitrary_scm,1,shared,20,5000,4,683221e0,rct_aipw,fixed_lambda_0_omega_0,0,1.57448735531,0.817885803342,0.756601551964,0.429613054228,20,5000,not_applicable,0,0,0,0,0,0,0,0,0,0,12.0543695473,0.206003639179,-11.7443709957,-0.188276242578,0.317343172748,0.00325586817153,0.00325586817153,835.691365538,4.15076961822,0,0.0659685342914,0.0659685342914,1,875
arbitrary_scm,1,shared,20,5000,4,683221e0,haipw_only,restricted_omega_0,0,1.6263767438,0.817885803342,0.808490940461,0.140468154221,20,5000,not_applicable,0,0.958141836107,0,0.958141836107,0,0,0,0,0,0,12.0543695473,0.206003639179,-11.7443709957,-0.188276242578,0.317343172748,0.00325586817153,0.00325586817153,835.691365538,4.15076961822,0,0.0659685342914,0.0659685342914,1,875
arbitrary_scm,1,shared,20,5000,4,683221e0,ppi_power_tuned_only,restricted_lambda_0,1,1.42253450005,0.817885803342,0.604648696706,0.413947738385,20,5000,not_applicable,0,0,-0.900171113141,0,-0.763820076433,0,0.2,0,0.2,0,12.0543695473,0.206003639179,-11.7443709957,-0.188276242578,0.317343172748,0.00325586817153,0.00325586817153,835.691365538,4.15076961822,0,0.0659685342914,0.0659685342914,1,875
arbitrary_scm,1,shared,20,5000,4,683221e0,full_datafusionppi,joint_box_lambda_omega,1,1.61560172272,0.817885803342,0.797715919382,0.151131200468,20,5000,not_applicable,0,0.975228570994,0.615829987828,0.975228570994,0.615829987828,0,0,0,0,0,12.0543695473,0.206003639179,-11.7443709957,-0.188276242578,0.317343172748,0.00325586817153,0.00325586817153,835.691365538,4.15076961822,0,0.0659685342914,0.0659685342914,1,875
arbitrary_scm,1,shared,20,5000,5,1b32b67c,rct_aipw,fixed_lambda_0_omega_0,0,0.789933424716,0.817885803342,-0.0279523786259,0.154474658712,20,5000,not_applicable,0,0,0,0,0,0,0,0,0,0,2.58546778959,0.336485922978,-2.66315958165,-0.100945944782,0.0629330170839,0.00537602007845,0.00537602007845,833.646747886,3.34802409156,0,0.0980858102251,0.0980858102251,2,869
arbitrary_scm,1,shared,20,5000,5,1b32b67c,haipw_only,restricted_omega_0,0,0.629144817646,0.817885803342,-0.188740985696,0.11250752285,20,5000,not_applicable,0,1.18271964146,0,1.18271964146,0,0,0,0,0,0,2.58546778959,0.336485922978,-2.66315958165,-0.100945944782,0.0629330170839,0.00537602007845,0.00537602007845,833.646747886,3.34802409156,0,0.0980858102251,0.0980858102251,2,869
arbitrary_scm,1,shared,20,5000,5,1b32b67c,ppi_power_tuned_only,restricted_lambda_0,1,0.752912525891,0.817885803342,-0.0649732774507,0.172230361254,20,5000,not_applicable,0,0,-0.280631623484,0,-0.280631623484,0,0,0,0,0,2.58546778959,0.336485922978,-2.66315958165,-0.100945944782,0.0629330170839,0.00537602007845,0.00537602007845,833.646747886,3.34802409156,0,0.0980858102251,0.0980858102251,2,869
arbitrary_scm,1,shared,20,5000,5,1b32b67c,full_datafusionppi,joint_box_lambda_omega,1,0.608522691062,0.817885803342,-0.20936311228,0.116434202265,20,5000,not_applicable,0,1.19588403064,0.129342799833,1.19588403064,0.129342799833,0,0,0,0,0,2.58546778959,0.336485922978,-2.66315958165,-0.100945944782,0.0629330170839,0.00537602007845,0.00537602007845,833.646747886,3.34802409156,0,0.0980858102251,0.0980858102251,2,869
arbitrary_scm,1,shared,20,5000,6,d08c988a,rct_aipw,fixed_lambda_0_omega_0,0,2.702128606,0.817885803342,1.88424280266,0.435555723006,20,5000,not_applicable,0,0,0,0,0,0,0,0,0,0,6.3536019867,0.351295185907,-6.14101972842,-0.149921054045,0.491231626527,0.00483365956199,0.00483365956199,777.111182194,4.58762034751,0,0.114821255469,0.114821255469,1,847
arbitrary_scm,1,shared,20,5000,6,d08c988a,haipw_only,restricted_omega_0,0,1.74503928192,0.817885803342,0.927153478575,0.244790845611,20,5000,not_applicable,0,0.965148449652,0,0.965148449652,0,0,0,0,0,0,6.3536019867,0.351295185907,-6.14101972842,-0.149921054045,0.491231626527,0.00483365956199,0.00483365956199,777.111182194,4.58762034751,0,0.114821255469,0.114821255469,1,847
arbitrary_scm,1,shared,20,5000,6,d08c988a,ppi_power_tuned_only,restricted_lambda_0,1,2.80123187729,0.817885803342,1.98334607395,0.482513462987,20,5000,not_applicable,0,0,-0.529889998699,0,-0.529889998699,0,0,0,0,0,6.3536019867,0.351295185907,-6.14101972842,-0.149921054045,0.491231626527,0.00483365956199,0.00483365956199,777.111182194,4.58762034751,0,0.114821255469,0.114821255469,1,847
arbitrary_scm,1,shared,20,5000,6,d08c988a,full_datafusionppi,joint_box_lambda_omega,1,1.61346724505,0.817885803342,0.795581441709,0.206024721327,20,5000,not_applicable,0,1.05839695367,1.05655529204,1.05839695367,1.05655529204,0,0,0,0,0,6.3536019867,0.351295185907,-6.14101972842,-0.149921054045,0.491231626527,0.00483365956199,0.00483365956199,777.111182194,4.58762034751,0,0.114821255469,0.114821255469,1,847
arbitrary_scm,1,shared,20,5000,7,f53fa4b1,rct_aipw,fixed_lambda_0_omega_0,0,0.906706552588,0.817885803342,0.0888207492465,0.427223703246,20,5000,not_applicable,0,0,0,0,0,0,0,0,0,0,5.89117173404,0.216704789395,-5.48132054415,0.214211827192,0.044442531661,0.0137253168892,0.0137253168892,735.459781169,6.36710999538,0,-0.10939441611,-0.10939441611,1,888
arbitrary_scm,1,shared,20,5000,7,f53fa4b1,haipw_only,restricted_omega_0,0,0.726102229072,0.817885803342,-0.09178357427,0.229733969145,20,5000,not_applicable,0,0.980433316077,0,0.980433316077,0,0,0,0,0,0,5.89117173404,0.216704789395,-5.48132054415,0.214211827192,0.044442531661,0.0137253168892,0.0137253168892,735.459781169,6.36710999538,0,-0.10939441611,-0.10939441611,1,888
arbitrary_scm,1,shared,20,5000,7,f53fa4b1,ppi_power_tuned_only,restricted_lambda_0,1,1.10485477215,0.817885803342,0.28696896881,0.506313250495,20,5000,not_applicable,0,0,0.958995602842,0,0.792620803721,0,0.2,0,0.2,0,5.89117173404,0.216704789395,-5.48132054415,0.214211827192,0.044442531661,0.0137253168892,0.0137253168892,735.459781169,6.36710999538,0,-0.10939441611,-0.10939441611,1,888
arbitrary_scm,1,shared,20,5000,7,f53fa4b1,full_datafusionppi,joint_box_lambda_omega,1,0.857388050798,0.817885803342,0.0395022474568,0.21439895885,20,5000,not_applicable,0,0.994876331367,1.21250256896,0.989600685182,1.1162803856,0.2,0.2,0,0.2,0,5.89117173404,0.216704789395,-5.48132054415,0.214211827192,0.044442531661,0.0137253168892,0.0137253168892,735.459781169,6.36710999538,0,-0.10939441611,-0.10939441611,1,888
arbitrary_scm,1,shared,20,5000,8,e4d7543a,rct_aipw,fixed_lambda_0_omega_0,0,0.881355980422,0.817885803342,0.0634701770803,0.140371758517,20,5000,not_applicable,0,0,0,0,0,0,0,0,0,0,4.28579425664,0.426009931541,-3.84226854301,0.692619650452,-0.526051005828,0.0138654781556,0.0138654781556,656.140984732,7.02515281492,0,0.311309164599,0.311309164599,1,906
arbitrary_scm,1,shared,20,5000,8,e4d7543a,haipw_only,restricted_omega_0,0,1.01166062271,0.817885803342,0.19377481937,0.0874258367883,20,5000,not_applicable,0,0.89150953727,0,0.89150953727,0,0,0,0,0,0,4.28579425664,0.426009931541,-3.84226854301,0.692619650452,-0.526051005828,0.0138654781556,0.0138654781556,656.140984732,7.02515281492,0,0.311309164599,0.311309164599,1,906
arbitrary_scm,1,shared,20,5000,8,e4d7543a,ppi_power_tuned_only,restricted_lambda_0,1,0.913000071199,0.817885803342,0.0951142678574,0.140287865626,20,5000,not_applicable,0,0,1.67454537085,0,1.57814213177,0,0.4,0,0.4,0,4.28579425664,0.426009931541,-3.84226854301,0.692619650452,-0.526051005828,0.0138654781556,0.0138654781556,656.140984732,7.02515281492,0,0.311309164599,0.311309164599,1,906
arbitrary_scm,1,shared,20,5000,8,e4d7543a,full_datafusionppi,joint_box_lambda_omega,1,1.00281090062,0.817885803342,0.184925097279,0.0825331823515,20,5000,not_applicable,0,0.8096122673,0.641437669756,0.8096122673,0.641437669756,0,0,0,0,0,4.28579425664,0.426009931541,-3.84226854301,0.692619650452,-0.526051005828,0.0138654781556,0.0138654781556,656.140984732,7.02515281492,0,0.311309164599,0.311309164599,1,906
arbitrary_scm,1,shared,20,5000,9,20f4d7f2,rct_aipw,fixed_lambda_0_omega_0,0,0.575519258359,0.817885803342,-0.242366544983,0.434778891381,20,5000,not_applicable,0,0,0,0,0,0,0,0,0,0,3.90100180425,0.284680791358,-3.46259688993,0.109148177128,-0.0866366664316,0.0149401527437,0.0149401527437,751.526731563,5.23831484847,0,-0.171001400826,-0.171001400826,1,841
arbitrary_scm,1,shared,20,5000,9,20f4d7f2,haipw_only,restricted_omega_0,0,0.710311377936,0.817885803342,-0.107574425406,0.352467633375,20,5000,not_applicable,0,0.91246968996,0,0.91246968996,0,0,0,0,0,0,3.90100180425,0.284680791358,-3.46259688993,0.109148177128,-0.0866366664316,0.0149401527437,0.0149401527437,751.526731563,5.23831484847,0,-0.171001400826,-0.171001400826,1,841
arbitrary_scm,1,shared,20,5000,9,20f4d7f2,ppi_power_tuned_only,restricted_lambda_0,1,0.279702877149,0.817885803342,-0.538182926192,0.505110356355,20,5000,not_applicable,0,0,0.346714978476,0,0.428054216977,0,0.4,0,0.4,0,3.90100180425,0.284680791358,-3.46259688993,0.109148177128,-0.0866366664316,0.0149401527437,0.0149401527437,751.526731563,5.23831484847,0,-0.171001400826,-0.171001400826,1,841
arbitrary_scm,1,shared,20,5000,9,20f4d7f2,full_datafusionppi,joint_box_lambda_omega,1,0.322492317602,0.817885803342,-0.495393485739,0.429020484316,20,5000,not_applicable,0,0.934510954625,-0.129398222497,0.934510954625,-0.129398222497,0,0,0,0,0,3.90100180425,0.284680791358,-3.46259688993,0.109148177128,-0.0866366664316,0.0149401527437,0.0149401527437,751.526731563,5.23831484847,0,-0.171001400826,-0.171001400826,1,841
arbitrary_scm,1,shared,20,5000,10,6ae08dd4,rct_aipw,fixed_lambda_0_omega_0,0,1.73020749277,0.817885803342,0.912321689426,0.62308307843,20,5000,not_applicable,0,0,0,0,0,0,0,0,0,0,7.08182601586,0.339622899148,-8.35199580028,0.326856750083,0.275961635409,0.00453558518749,0.00453558518749,692.320473281,6.98027409217,0,-0.260146118476,-0.260146118476,2,904
arbitrary_scm,1,shared,20,5000,10,6ae08dd4,haipw_only,restricted_omega_0,0,1.1552574859,0.817885803342,0.337371682555,0.290768478867,20,5000,not_applicable,0,1.27481091472,0,1.27481091472,0,0,0,0,0,0,7.08182601586,0.339622899148,-8.35199580028,0.326856750083,0.275961635409,0.00453558518749,0.00453558518749,692.320473281,6.98027409217,0,-0.260146118476,-0.260146118476,2,904
arbitrary_scm,1,shared,20,5000,10,6ae08dd4,ppi_power_tuned_only,restricted_lambda_0,1,1.72157411126,0.817885803342,0.90368830792,0.634753323011,20,5000,not_applicable,0,0,0.893885421693,0,0.893885421693,0,0,0,0,0,7.08182601586,0.339622899148,-8.35199580028,0.326856750083,0.275961635409,0.00453558518749,0.00453558518749,692.320473281,6.98027409217,0,-0.260146118476,-0.260146118476,2,904
arbitrary_scm,1,shared,20,5000,10,6ae08dd4,full_datafusionppi,joint_box_lambda_omega,1,1.045147082,0.817885803342,0.227261278657,0.225463693534,20,5000,not_applicable,0,1.39086216447,2.12417489267,1.36774783955,1.88276752339,0.6,0.6,0,0.6,0,7.08182601586,0.339622899148,-8.35199580028,0.326856750083,0.275961635409,0.00453558518749,0.00453558518749,692.320473281,6.98027409217,0,-0.260146118476,-0.260146118476,2,904
arbitrary_scm,1,shared,20,5000,11,48dcd04d,rct_aipw,fixed_lambda_0_omega_0,0,-0.137050281137,0.817885803342,-0.954936084479,0.275526688736,20,5000,not_applicable,0,0,0,0,0,0,0,0,0,0,3.76481372356,0.237638922496,-4.06799075979,0.207930502087,-0.136978334233,0.0127274631211,0.0127274631211,912.300210507,2.57599447303,0,-0.00928565256346,-0.00928565256346,2,869
arbitrary_scm,1,shared,20,5000,11,48dcd04d,haipw_only,restricted_omega_0,0,-0.335774073479,0.817885803342,-1.15365987682,0.156187150984,20,5000,not_applicable,0,1.16692835277,0,1.16692835277,0,0,0,0,0,0,3.76481372356,0.237638922496,-4.06799075979,0.207930502087,-0.136978334233,0.0127274631211,0.0127274631211,912.300210507,2.57599447303,0,-0.00928565256346,-0.00928565256346,2,869
arbitrary_scm,1,shared,20,5000,11,48dcd04d,ppi_power_tuned_only,restricted_lambda_0,1,-0.145007588259,0.817885803342,-0.962893391601,0.265807338678,20,5000,not_applicable,0,0,0.99522641461,0,0.99522641461,0,0,0,0,0,3.76481372356,0.237638922496,-4.06799075979,0.207930502087,-0.136978334233,0.0127274631211,0.0127274631211,912.300210507,2.57599447303,0,-0.00928565256346,-0.00928565256346,2,869
arbitrary_scm,1,shared,20,5000,11,48dcd04d,full_datafusionppi,joint_box_lambda_omega,1,-0.101706415546,0.817885803342,-0.919592218888,0.207577907086,20,5000,not_applicable,0,1.18282125069,0.46921593476,1.18282125069,0.46921593476,0,0,0,0,0,3.76481372356,0.237638922496,-4.06799075979,0.207930502087,-0.136978334233,0.0127274631211,0.0127274631211,912.300210507,2.57599447303,0,-0.00928565256346,-0.00928565256346,2,869
arbitrary_scm,1,shared,20,5000,12,83016523,rct_aipw,fixed_lambda_0_omega_0,0,0.845425348582,0.817885803342,0.0275395452405,0.182993311246,20,5000,not_applicable,0,0,0,0,0,0,0,0,0,0,3.07304981702,0.318546397336,-2.78856139516,0.302725336971,-0.0751841555372,-0.000996745553593,-0.000996745553593,762.678594177,4.85390671393,0,0.049139684172,0.049139684172,1,845
arbitrary_scm,1,shared,20,5000,12,83016523,haipw_only,restricted_omega_0,0,1.14806335475,0.817885803342,0.330177551405,0.132002820872,20,5000,not_applicable,0,0.896731082909,0,0.896731082909,0,0,0,0,0,0,3.07304981702,0.318546397336,-2.78856139516,0.302725336971,-0.0751841555372,-0.000996745553593,-0.000996745553593,762.678594177,4.85390671393,0,0.049139684172,0.049139684172,1,845
arbitrary_scm,1,shared,20,5000,12,83016523,ppi_power_tuned_only,restricted_lambda_0,1,0.949296830683,0.817885803342,0.131411027342,0.272038764813,20,5000,not_applicable,0,0,1.01767922989,0,0.939306126301,0,0.2,0,0.2,0,3.07304981702,0.318546397336,-2.78856139516,0.302725336971,-0.0751841555372,-0.000996745553593,-0.000996745553593,762.678594177,4.85390671393,0,0.049139684172,0.049139684172,1,845
arbitrary_scm,1,shared,20,5000,12,83016523,full_datafusionppi,joint_box_lambda_omega,1,1.22854606617,0.817885803342,0.410660262831,0.136615072531,20,5000,not_applicable,0,0.875429011701,0.664433315243,0.875429011701,0.664433315243,0,0,0,0,0,3.07304981702,0.318546397336,-2.78856139516,0.302725336971,-0.0751841555372,-0.000996745553593,-0.000996745553593,762.678594177,4.85390671393,0,0.049139684172,0.049139684172,1,845
arbitrary_scm,1,shared,20,5000,13,141373cd,rct_aipw,fixed_lambda_0_omega_0,0,1.54522267078,0.817885803342,0.727336867438,0.288056454983,20,5000,not_applicable,0,0,0,0,0,0,0,0,0,0,4.96449856812,0.255416611927,-6.06071771267,0.457041250343,-0.127982503094,0.0137709936419,0.0137709936419,911.455145095,2.54384623214,0,0.0387714688021,0.0387714688021,2,867
arbitrary_scm,1,shared,20,5000,13,141373cd,haipw_only,restricted_omega_0,0,1.25085741364,0.817885803342,0.432971610295,0.0876681068125,20,5000,not_applicable,0,1.27669535063,0,1.27669535063,0,0,0,0,0,0,4.96449856812,0.255416611927,-6.06071771267,0.457041250343,-0.127982503094,0.0137709936419,0.0137709936419,911.455145095,2.54384623214,0,0.0387714688021,0.0387714688021,2,867
arbitrary_scm,1,shared,20,5000,13,141373cd,ppi_power_tuned_only,restricted_lambda_0,1,1.4256210003,0.817885803342,0.60773519696,0.235852829322,20,5000,not_applicable,0,0,1.81067241072,0,1.5778214638,0,0.4,0,0.4,0,4.96449856812,0.255416611927,-6.06071771267,0.457041250343,-0.127982503094,0.0137709936419,0.0137709936419,911.455145095,2.54384623214,0,0.0387714688021,0.0387714688021,2,867
arbitrary_scm,1,shared,20,5000,13,141373cd,full_datafusionppi,joint_box_lambda_omega,1,1.35962384382,0.817885803342,0.541738040477,0.0789217063653,20,5000,not_applicable,0,1.24529155727,1.07147892819,1.24529155727,1.07147892819,0,0,0,0,0,4.96449856812,0.255416611927,-6.06071771267,0.457041250343,-0.127982503094,0.0137709936419,0.0137709936419,911.455145095,2.54384623214,0,0.0387714688021,0.0387714688021,2,867
arbitrary_scm,1,shared,20,5000,14,2ef2b3bf,rct_aipw,fixed_lambda_0_omega_0,0,0.725106332566,0.817885803342,-0.0927794707756,0.474936210072,20,5000,not_applicable,0,0,0,0,0,0,0,0,0,0,5.13845312114,0.514402447519,-5.66061440173,0.320744700107,0.117761791147,0.0131244430791,0.0131244430791,919.836758099,2.71194158171,0,0.0787923910704,0.0787923910704,2,886
arbitrary_scm,1,shared,20,5000,14,2ef2b3bf,haipw_only,restricted_omega_0,0,1.7019132808,0.817885803342,0.884027477455,0.176019856988,20,5000,not_applicable,0,1.1123246994,0,1.1123246994,0,0,0,0,0,0,5.13845312114,0.514402447519,-5.66061440173,0.320744700107,0.117761791147,0.0131244430791,0.0131244430791,919.836758099,2.71194158171,0,0.0787923910704,0.0787923910704,2,886
arbitrary_scm,1,shared,20,5000,14,2ef2b3bf,ppi_power_tuned_only,restricted_lambda_0,1,0.784421081715,0.817885803342,-0.0334647216264,0.5766469626,20,5000,not_applicable,0,0,0.744722054514,0,0.744722054514,0,0,0,0,0,5.13845312114,0.514402447519,-5.66061440173,0.320744700107,0.117761791147,0.0131244430791,0.0131244430791,919.836758099,2.71194158171,0,0.0787923910704,0.0787923910704,2,886
arbitrary_scm,1,shared,20,5000,14,2ef2b3bf,full_datafusionppi,joint_box_lambda_omega,1,1.64805561043,0.817885803342,0.830169807093,0.165181784366,20,5000,not_applicable,0,1.11953346531,0.868457136815,1.11953346531,0.868457136815,0,0,0,0,0,5.13845312114,0.514402447519,-5.66061440173,0.320744700107,0.117761791147,0.0131244430791,0.0131244430791,919.836758099,2.71194158171,0,0.0787923910704,0.0787923910704,2,886
arbitrary_scm,1,shared,20,5000,15,475f6181,rct_aipw,fixed_lambda_0_omega_0,0,0.970800913264,0.817885803342,0.152915109922,0.653220515218,20,5000,not_applicable,0,0,0,0,0,0,0,0,0,0,4.5907533354,0.383238244838,-4.25298382411,0.139385244175,0.25673923876,0.00473400195614,0.00473400195614,842.301540161,3.70688095597,0,0.112476258313,0.112476258313,1,905
arbitrary_scm,1,shared,20,5000,15,475f6181,haipw_only,restricted_omega_0,0,1.07935137557,0.817885803342,0.261465572232,0.329558356337,20,5000,not_applicable,0,1.05272280906,0,1.05272280906,0,0,0,0,0,0,4.5907533354,0.383238244838,-4.25298382411,0.139385244175,0.25673923876,0.00473400195614,0.00473400195614,842.301540161,3.70688095597,0,0.112476258313,0.112476258313,1,905
arbitrary_scm,1,shared,20,5000,15,475f6181,ppi_power_tuned_only,restricted_lambda_0,1,1.26435209045,0.817885803342,0.446466287111,0.752240429461,20,5000,not_applicable,0,0,0.299482564849,0,0.220949456283,0,0.2,0,0.2,0,4.5907533354,0.383238244838,-4.25298382411,0.139385244175,0.25673923876,0.00473400195614,0.00473400195614,842.301540161,3.70688095597,0,0.112476258313,0.112476258313,1,905
arbitrary_scm,1,shared,20,5000,15,475f6181,full_datafusionppi,joint_box_lambda_omega,1,1.44368756296,0.817885803342,0.625801759623,0.288222306787,20,5000,not_applicable,0,1.12372957546,1.17238076894,1.12372957546,1.17238076894,0,0,0,0,0,4.5907533354,0.383238244838,-4.25298382411,0.139385244175,0.25673923876,0.00473400195614,0.00473400195614,842.301540161,3.70688095597,0,0.112476258313,0.112476258313,1,905
arbitrary_scm,1,shared,20,5000,16,458bc6ea,rct_aipw,fixed_lambda_0_omega_0,0,1.64171045555,0.817885803342,0.823824652209,0.176338079346,20,5000,not_applicable,0,0,0,0,0,0,0,0,0,0,5.1317041034,0.203220220977,-5.6746593936,-0.0943205609503,0.254211656622,0.00986233074275,0.00986313109522,649.349107132,7.79265809334,0.0004,-0.183546249068,-0.183545103323,2,919
arbitrary_scm,1,shared,20,5000,16,458bc6ea,haipw_only,restricted_omega_0,0,1.21819241954,0.817885803342,0.400306616201,0.154871497714,20,5000,not_applicable,0,1.10177704978,0,1.10177704978,0,0,0,0,0,0,5.1317041034,0.203220220977,-5.6746593936,-0.0943205609503,0.254211656622,0.00986233074275,0.00986313109522,649.349107132,7.79265809334,0.0004,-0.183546249068,-0.183545103323,2,919
arbitrary_scm,1,shared,20,5000,16,458bc6ea,ppi_power_tuned_only,restricted_lambda_0,1,1.92846703519,0.817885803342,1.11058123185,0.210306952246,20,5000,not_applicable,0,0,-0.464250503932,0,-0.453788132127,0,0.2,0,0.2,0,5.1317041034,0.203220220977,-5.6746593936,-0.0943205609503,0.254211656622,0.00986233074275,0.00986313109522,649.349107132,7.79265809334,0.0004,-0.183546249068,-0.183545103323,2,919
arbitrary_scm,1,shared,20,5000,16,458bc6ea,full_datafusionppi,joint_box_lambda_omega,1,1.26636714268,0.817885803342,0.44848133934,0.151668747361,20,5000,not_applicable,0,1.15111182437,1.04831508393,1.15111182437,1.04831508393,0,0,0,0,0,5.1317041034,0.203220220977,-5.6746593936,-0.0943205609503,0.254211656622,0.00986233074275,0.00986313109522,649.349107132,7.79265809334,0.0004,-0.183546249068,-0.183545103323,2,919
arbitrary_scm,1,shared,20,5000,17,9dd1a583,rct_aipw,fixed_lambda_0_omega_0,0,0.121394288337,0.817885803342,-0.696491515005,0.556195293462,20,5000,not_applicable,0,0,0,0,0,0,0,0,0,0,4.81766493992,0.336145525516,-4.76855158685,0.400095284726,0.0668626518473,0.0054232458615,0.0054232458615,761.835390229,5.70832951707,0,-0.0807120490604,-0.0807120490604,2,886
arbitrary_scm,1,shared,20,5000,17,9dd1a583,haipw_only,restricted_omega_0,0,0.67657507889,0.817885803342,-0.141310724451,0.318259455418,20,5000,not_applicable,0,0.98540276299,0,0.98540276299,0,0,0,0,0,0,4.81766493992,0.336145525516,-4.76855158685,0.400095284726,0.0668626518473,0.0054232458615,0.0054232458615,761.835390229,5.70832951707,0,-0.0807120490604,-0.0807120490604,2,886
arbitrary_scm,1,shared,20,5000,17,9dd1a583,ppi_power_tuned_only,restricted_lambda_0,1,0.278198828184,0.817885803342,-0.539686975157,0.554205402572,20,5000,not_applicable,0,0,1.31786488315,0,1.11776006679,0,0.4,0,0.4,0,4.81766493992,0.336145525516,-4.76855158685,0.400095284726,0.0668626518473,0.0054232458615,0.0054232458615,761.835390229,5.70832951707,0,-0.0807120490604,-0.0807120490604,2,886
arbitrary_scm,1,shared,20,5000,17,9dd1a583,full_datafusionppi,joint_box_lambda_omega,1,0.909363010901,0.817885803342,0.0914772075591,0.364483697946,20,5000,not_applicable,0,1.01586845814,1.59892184897,1.01796547292,1.46662433727,0.6,0.6,0,0.6,0,4.81766493992,0.336145525516,-4.76855158685,0.400095284726,0.0668626518473,0.0054232458615,0.0054232458615,761.835390229,5.70832951707,0,-0.0807120490604,-0.0807120490604,2,886
arbitrary_scm,1,shared,20,5000,18,20316f75,rct_aipw,fixed_lambda_0_omega_0,0,-0.108999452066,0.817885803342,-0.926885255408,1.43328610323,20,5000,not_applicable,0,0,0,0,0,0,0,0,0,0,5.3417071952,0.425140013202,-6.50755360905,0.466951950549,-0.0926453082077,0.00394170798089,0.00394170798089,758.986860853,5.03674495411,0,-0.152626738292,-0.152626738292,2,870
arbitrary_scm,1,shared,20,5000,18,20316f75,haipw_only,restricted_omega_0,0,0.229310732605,0.817885803342,-0.588575070737,0.31377606641,20,5000,not_applicable,0,1.45045252451,0,1.44012922258,0,0.2,0,0.2,0,0,5.3417071952,0.425140013202,-6.50755360905,0.466951950549,-0.0926453082077,0.00394170798089,0.00394170798089,758.986860853,5.03674495411,0,-0.152626738292,-0.152626738292,2,870
arbitrary_scm,1,shared,20,5000,18,20316f75,ppi_power_tuned_only,restricted_lambda_0,1,-0.100977432648,0.817885803342,-0.918863235989,1.3498008525,20,5000,not_applicable,0,0,1.0831535547,0,1.0831535547,0,0,0,0,0,5.3417071952,0.425140013202,-6.50755360905,0.466951950549,-0.0926453082077,0.00394170798089,0.00394170798089,758.986860853,5.03674495411,0,-0.152626738292,-0.152626738292,2,870
arbitrary_scm,1,shared,20,5000,18,20316f75,full_datafusionppi,joint_box_lambda_omega,1,0.174350926613,0.817885803342,-0.643534876728,0.270811877219,20,5000,not_applicable,0,1.44170760382,0.853212389774,1.43276640821,0.853947013086,0.2,0.2,0.2,0,0,5.3417071952,0.425140013202,-6.50755360905,0.466951950549,-0.0926453082077,0.00394170798089,0.00394170798089,758.986860853,5.03674495411,0,-0.152626738292,-0.152626738292,2,870
arbitrary_scm,1,shared,20,5000,19,402e265b,rct_aipw,fixed_lambda_0_omega_0,0,1.06302279496,0.817885803342,0.245136991618,0.445576900622,20,5000,not_applicable,0,0,0,0,0,0,0,0,0,0,5.93201427547,0.449420767081,-5.22926274578,0.397153408052,-0.110176972911,0.0107225809848,0.0107225809848,733.161707461,6.34785935051,0,0.208499604465,0.208499604465,0,889
arbitrary_scm,1,shared,20,5000,19,402e265b,haipw_only,restricted_omega_0,0,0.709275268664,0.817885803342,-0.108610534678,0.214694226198,20,5000,not_applicable,0,0.866248487749,0,0.866248487749,0,0,0,0,0,0,5.93201427547,0.449420767081,-5.22926274578,0.397153408052,-0.110176972911,0.0107225809848,0.0107225809848,733.161707461,6.34785935051,0,0.208499604465,0.208499604465,0,889
arbitrary_scm,1,shared,20,5000,19,402e265b,ppi_power_tuned_only,restricted_lambda_0,1,1.03802681073,0.817885803342,0.220141007387,0.475889959685,20,5000,not_applicable,0,0,0.875164252112,0,0.875164252112,0,0,0,0,0,5.93201427547,0.449420767081,-5.22926274578,0.397153408052,-0.110176972911,0.0107225809848,0.0107225809848,733.161707461,6.34785935051,0,0.208499604465,0.208499604465,0,889
arbitrary_scm,1,shared,20,5000,19,402e265b,full_datafusionppi,joint_box_lambda_omega,1,0.716038730346,0.817885803342,-0.101847072996,0.241562145679,20,5000,not_applicable,0,0.821072785556,0.719313267749,0.821072785556,0.719313267749,0,0,0,0,0,5.93201427547,0.449420767081,-5.22926274578,0.397153408052,-0.110176972911,0.0107225809848,0.0107225809848,733.161707461,6.34785935051,0,0.208499604465,0.208499604465,0,889
arbitrary_scm,1,shared,30,5000,0,e05baf74,rct_aipw,fixed_lambda_0_omega_0,0,0.255239975945,0.817885803342,-0.562645827396,0.241437561737,30,5000,not_applicable,0,0,0,0,0,0,0,0,0,0,4.49140676693,0.608325741187,-4.62395521641,0.938599317696,-0.0912516969446,0.00824151667433,0.00824151667433,795.044380815,5.13305705336,0,0.161916806238,0.161916806238,3,891
arbitrary_scm,1,shared,30,5000,0,e05baf74,haipw_only,restricted_omega_0,0,0.58001626827,0.817885803342,-0.237869535071,0.204138703196,30,5000,not_applicable,0,0.962310263881,0,0.962310263881,0,0,0,0,0,0,4.49140676693,0.608325741187,-4.62395521641,0.938599317696,-0.0912516969446,0.00824151667433,0.00824151667433,795.044380815,5.13305705336,0,0.161916806238,0.161916806238,3,891
arbitrary_scm,1,shared,30,5000,0,e05baf74,ppi_power_tuned_only,restricted_lambda_0,1,0.25048799452,0.817885803342,-0.567397808822,0.198846323001,30,5000,not_applicable,0,0,1.53219757864,0,1.49777950067,0,0.2,0,0.2,0,4.49140676693,0.608325741187,-4.62395521641,0.938599317696,-0.0912516969446,0.00824151667433,0.00824151667433,795.044380815,5.13305705336,0,0.161916806238,0.161916806238,3,891
arbitrary_scm,1,shared,30,5000,0,e05baf74,full_datafusionppi,joint_box_lambda_omega,1,0.687559934013,0.817885803342,-0.130325869329,0.179166565876,30,5000,not_applicable,0,0.951573206543,1.37651037079,0.951573206543,1.37651037079,0,0,0,0,0,4.49140676693,0.608325741187,-4.62395521641,0.938599317696,-0.0912516969446,0.00824151667433,0.00824151667433,795.044380815,5.13305705336,0,0.161916806238,0.161916806238,3,891
arbitrary_scm,1,shared,30,5000,1,dd7463bf,rct_aipw,fixed_lambda_0_omega_0,0,0.849892764807,0.817885803342,0.0320069614653,0.251450701681,30,5000,not_applicable,0,0,0,0,0,0,0,0,0,0,2.33480309449,0.397989741619,-3.02702360736,0.314192396878,0.0955592320326,0.0106296232817,0.0106296232817,814.161374605,3.60600267919,0,0.0479436903225,0.0479436903225,4,888
arbitrary_scm,1,shared,30,5000,1,dd7463bf,haipw_only,restricted_omega_0,0,0.494775975933,0.817885803342,-0.323109827408,0.180804308434,30,5000,not_applicable,0,1.26582270133,0,1.26582270133,0,0,0,0,0,0,2.33480309449,0.397989741619,-3.02702360736,0.314192396878,0.0955592320326,0.0106296232817,0.0106296232817,814.161374605,3.60600267919,0,0.0479436903225,0.0479436903225,4,888
arbitrary_scm,1,shared,30,5000,1,dd7463bf,ppi_power_tuned_only,restricted_lambda_0,1,1.12398001524,0.817885803342,0.306094211895,0.283500569415,30,5000,not_applicable,0,0,0.827268363035,0,0.826697959528,0,0.2,0,0.2,0,2.33480309449,0.397989741619,-3.02702360736,0.314192396878,0.0955592320326,0.0106296232817,0.0106296232817,814.161374605,3.60600267919,0,0.0479436903225,0.0479436903225,4,888
arbitrary_scm,1,shared,30,5000,1,dd7463bf,full_datafusionppi,joint_box_lambda_omega,1,0.793032673447,0.817885803342,-0.0248531298943,0.190425056363,30,5000,not_applicable,0,1.35179241453,1.09775346645,1.35179241453,1.09775346645,0,0,0,0,0,2.33480309449,0.397989741619,-3.02702360736,0.314192396878,0.0955592320326,0.0106296232817,0.0106296232817,814.161374605,3.60600267919,0,0.0479436903225,0.0479436903225,4,888
arbitrary_scm,1,shared,30,5000,2,a8514c62,rct_aipw,fixed_lambda_0_omega_0,0,0.841474353696,0.817885803342,0.0235885503546,0.399124154843,30,5000,not_applicable,0,0,0,0,0,0,0,0,0,0,7.27732037373,0.4413456021,-7.1349625235,0.395197377741,0.047214916923,0.0142063142386,0.0142063142386,913.917511853,2.65150255889,0,-0.0583708590501,-0.0583708590501,3,912
arbitrary_scm,1,shared,30,5000,2,a8514c62,haipw_only,restricted_omega_0,0,0.59262481719,0.817885803342,-0.225260986152,0.191172521288,30,5000,not_applicable,0,1.04669614763,0,1.04669614763,0,0,0,0,0,0,7.27732037373,0.4413456021,-7.1349625235,0.395197377741,0.047214916923,0.0142063142386,0.0142063142386,913.917511853,2.65150255889,0,-0.0583708590501,-0.0583708590501,3,912
arbitrary_scm,1,shared,30,5000,2,a8514c62,ppi_power_tuned_only,restricted_lambda_0,1,1.03254547886,0.817885803342,0.214659675514,0.456533939615,30,5000,not_applicable,0,0,0.736231045046,0,0.686957994469,0,0.2,0,0.2,0,7.27732037373,0.4413456021,-7.1349625235,0.395197377741,0.047214916923,0.0142063142386,0.0142063142386,913.917511853,2.65150255889,0,-0.0583708590501,-0.0583708590501,3,912
arbitrary_scm,1,shared,30,5000,2,a8514c62,full_datafusionppi,joint_box_lambda_omega,1,0.693234480955,0.817885803342,-0.124651322387,0.16442084395,30,5000,not_applicable,0,1.01322463585,0.962514958799,1.01322463585,0.962514958799,0,0,0,0,0,7.27732037373,0.4413456021,-7.1349625235,0.395197377741,0.047214916923,0.0142063142386,0.0142063142386,913.917511853,2.65150255889,0,-0.0583708590501,-0.0583708590501,3,912
arbitrary_scm,1,shared,30,5000,3,53771ebf,rct_aipw,fixed_lambda_0_omega_0,0,0.0675523151993,0.817885803342,-0.750333488142,0.313145605617,30,5000,not_applicable,0,0,0,0,0,0,0,0,0,0,7.30798380042,0.391010188239,-7.73853513994,-0.0940152884214,0.342371319815,0.0145956295374,0.0145956295374,769.965240761,4.83588418652,0,-0.150635814241,-0.150635814241,2,866
arbitrary_scm,1,shared,30,5000,3,53771ebf,haipw_only,restricted_omega_0,0,0.602606537164,0.817885803342,-0.215279266178,0.161548272085,30,5000,not_applicable,0,1.0735124254,0,1.0735124254,0,0,0,0,0,0,7.30798380042,0.391010188239,-7.73853513994,-0.0940152884214,0.342371319815,0.0145956295374,0.0145956295374,769.965240761,4.83588418652,0,-0.150635814241,-0.150635814241,2,866
arbitrary_scm,1,shared,30,5000,3,53771ebf,ppi_power_tuned_only,restricted_lambda_0,1,0.362132498022,0.817885803342,-0.455753305319,0.309504294783,30,5000,not_applicable,0,0,-0.248092605598,0,-0.248092605598,0,0,0,0,0,7.30798380042,0.391010188239,-7.73853513994,-0.0940152884214,0.342371319815,0.0145956295374,0.0145956295374,769.965240761,4.83588418652,0,-0.150635814241,-0.150635814241,2,866
arbitrary_scm,1,shared,30,5000,3,53771ebf,full_datafusionppi,joint_box_lambda_omega,1,0.648292468666,0.817885803342,-0.169593334676,0.146864754065,30,5000,not_applicable,0,1.10817313,0.726634844085,1.10817313,0.726634844085,0,0,0,0,0,7.30798380042,0.391010188239,-7.73853513994,-0.0940152884214,0.342371319815,0.0145956295374,0.0145956295374,769.965240761,4.83588418652,0,-0.150635814241,-0.150635814241,2,866
arbitrary_scm,1,shared,30,5000,4,913800ca,rct_aipw,fixed_lambda_0_omega_0,0,0.926797861514,0.817885803342,0.108912058172,0.190395581725,30,5000,not_applicable,0,0,0,0,0,0,0,0,0,0,2.7100955228,0.447093786393,-2.45747506305,0.359016610989,0.115725315216,0.00871810431856,0.00871810431856,866.052144733,3.24211682648,0,0.166210057023,0.166210057023,3,855
arbitrary_scm,1,shared,30,5000,4,913800ca,haipw_only,restricted_omega_0,0,1.14721093468,0.817885803342,0.329325131335,0.12220874865,30,5000,not_applicable,0,0.772793717182,0,0.772793717182,0,0,0,0,0,0,2.7100955228,0.447093786393,-2.45747506305,0.359016610989,0.115725315216,0.00871810431856,0.00871810431856,866.052144733,3.24211682648,0,0.166210057023,0.166210057023,3,855
arbitrary_scm,1,shared,30,5000,4,913800ca,ppi_power_tuned_only,restricted_lambda_0,1,0.908039551854,0.817885803342,0.0901537485125,0.191788076558,30,5000,not_applicable,0,0,0.833475141791,0,0.833475141791,0,0,0,0,0,2.7100955228,0.447093786393,-2.45747506305,0.359016610989,0.115725315216,0.00871810431856,0.00871810431856,866.052144733,3.24211682648,0,0.166210057023,0.166210057023,3,855
arbitrary_scm,1,shared,30,5000,4,913800ca,full_datafusionppi,joint_box_lambda_omega,1,1.13229576512,0.817885803342,0.314409961783,0.118315500887,30,5000,not_applicable,0,0.853259291892,1.12726154079,0.853259291892,1.12726154079,0,0,0,0,0,2.7100955228,0.447093786393,-2.45747506305,0.359016610989,0.115725315216,0.00871810431856,0.00871810431856,866.052144733,3.24211682648,0,0.166210057023,0.166210057023,3,855
arbitrary_scm,1,shared,30,5000,5,5770e115,rct_aipw,fixed_lambda_0_omega_0,0,0.350036616299,0.817885803342,-0.467849187042,0.167357994107,30,5000,not_applicable,0,0,0,0,0,0,0,0,0,0,3.9145402836,0.526085266817,-3.43191563348,0.293167859481,-0.2020004584,0.0110654390943,0.0110654390943,845.562408716,3.3443761481,0,0.174952255583,0.174952255583,2,870
arbitrary_scm,1,shared,30,5000,5,5770e115,haipw_only,restricted_omega_0,0,0.618960059189,0.817885803342,-0.198925744153,0.0906003637347,30,5000,not_applicable,0,0.876419436632,0,0.876419436632,0,0,0,0,0,0,3.9145402836,0.526085266817,-3.43191563348,0.293167859481,-0.2020004584,0.0110654390943,0.0110654390943,845.562408716,3.3443761481,0,0.174952255583,0.174952255583,2,870
arbitrary_scm,1,shared,30,5000,5,5770e115,ppi_power_tuned_only,restricted_lambda_0,1,0.371530650502,0.817885803342,-0.44635515284,0.167054770311,30,5000,not_applicable,0,0,0.543302489142,0,0.543302489142,0,0,0,0,0,3.9145402836,0.526085266817,-3.43191563348,0.293167859481,-0.2020004584,0.0110654390943,0.0110654390943,845.562408716,3.3443761481,0,0.174952255583,0.174952255583,2,870
arbitrary_scm,1,shared,30,5000,5,5770e115,full_datafusionppi,joint_box_lambda_omega,1,0.657917183998,0.817885803342,-0.159968619344,0.096850781331,30,5000,not_applicable,0,0.869465023714,0.230152503546,0.869465023714,0.230152503546,0,0,0,0,0,3.9145402836,0.526085266817,-3.43191563348,0.293167859481,-0.2020004584,0.0110654390943,0.0110654390943,845.562408716,3.3443761481,0,0.174952255583,0.174952255583,2,870
arbitrary_scm,1,shared,30,5000,6,41bbd96a,rct_aipw,fixed_lambda_0_omega_0,0,1.45015194935,0.817885803342,0.632266146012,0.296733855944,30,5000,not_applicable,0,0,0,0,0,0,0,0,0,0,4.23088921815,0.558132141692,-4.55376736905,0.660318258118,-0.176158564467,0.0052858286709,0.0052858286709,849.175012883,3.41462275739,0,0.138047860547,0.138047860547,4,872
arbitrary_scm,1,shared,30,5000,6,41bbd96a,haipw_only,restricted_omega_0,0,1.07197672731,0.817885803342,0.254090923973,0.153843032579,30,5000,not_applicable,0,1.1388151029,0,1.1388151029,0,0,0,0,0,0,4.23088921815,0.558132141692,-4.55376736905,0.660318258118,-0.176158564467,0.0052858286709,0.0052858286709,849.175012883,3.41462275739,0,0.138047860547,0.138047860547,4,872
arbitrary_scm,1,shared,30,5000,6,41bbd96a,ppi_power_tuned_only,restricted_lambda_0,1,1.34906293237,0.817885803342,0.531177129032,0.278817296906,30,5000,not_applicable,0,0,1.16080885148,0,1.16080885148,0,0,0,0,0,4.23088921815,0.558132141692,-4.55376736905,0.660318258118,-0.176158564467,0.0052858286709,0.0052858286709,849.175012883,3.41462275739,0,0.138047860547,0.138047860547,4,872
arbitrary_scm,1,shared,30,5000,6,41bbd96a,full_datafusionppi,joint_box_lambda_omega,1,0.973355359617,0.817885803342,0.155469556276,0.158115763577,30,5000,not_applicable,0,1.07383000346,0.882419514031,1.07383000346,0.882419514031,0,0,0,0,0,4.23088921815,0.558132141692,-4.55376736905,0.660318258118,-0.176158564467,0.0052858286709,0.0052858286709,849.175012883,3.41462275739,0,0.138047860547,0.138047860547,4,872
arbitrary_scm,1,shared,30,5000,7,0c2d2d75,rct_aipw,fixed_lambda_0_omega_0,0,0.211595063929,0.817885803342,-0.606290739413,0.174828578126,30,5000,not_applicable,0,0,0,0,0,0,0,0,0,0,4.35228388193,0.43078430563,-4.55795367229,0.157577431091,0.124142908368,0.0109534291648,0.0109534291648,897.89576467,2.66757529198,0,-0.0608321279728,-0.0608321279728,2,881
arbitrary_scm,1,shared,30,5000,7,0c2d2d75,haipw_only,restricted_omega_0,0,0.424597554472,0.817885803342,-0.39328824887,0.0968910671186,30,5000,not_applicable,0,1.03075131327,0,1.03075131327,0,0,0,0,0,0,4.35228388193,0.43078430563,-4.55795367229,0.157577431091,0.124142908368,0.0109534291648,0.0109534291648,897.89576467,2.66757529198,0,-0.0608321279728,-0.0608321279728,2,881
arbitrary_scm,1,shared,30,5000,7,0c2d2d75,ppi_power_tuned_only,restricted_lambda_0,1,0.326830406474,0.817885803342,-0.491055396868,0.188834621576,30,5000,not_applicable,0,0,0.274876316438,0,0.274876316438,0,0,0,0,0,4.35228388193,0.43078430563,-4.55795367229,0.157577431091,0.124142908368,0.0109534291648,0.0109534291648,897.89576467,2.66757529198,0,-0.0608321279728,-0.0608321279728,2,881
arbitrary_scm,1,shared,30,5000,7,0c2d2d75,full_datafusionppi,joint_box_lambda_omega,1,0.496223079299,0.817885803342,-0.321662724043,0.103056872215,30,5000,not_applicable,0,1.04901599981,0.623777216753,1.04901599981,0.623777216753,0,0,0,0,0,4.35228388193,0.43078430563,-4.55795367229,0.157577431091,0.124142908368,0.0109534291648,0.0109534291648,897.89576467,2.66757529198,0,-0.0608321279728,-0.0608321279728,2,881
arbitrary_scm,1,shared,30,5000,8,5a570322,rct_aipw,fixed_lambda_0_omega_0,0,0.280366448993,0.817885803342,-0.537519354349,0.246989281756,30,5000,not_applicable,0,0,0,0,0,0,0,0,0,0,2.31051970119,0.279104154835,-2.28654416931,-0.132172374091,0.112778458023,0.00924309488288,0.00924309488288,911.039569259,2.47748314341,0,-0.0489323432821,-0.0489323432821,3,877
arbitrary_scm,1,shared,30,5000,8,5a570322,haipw_only,restricted_omega_0,0,0.328317193313,0.817885803342,-0.489568610029,0.132062773371,30,5000,not_applicable,0,1.04789641342,0,1.04789641342,0,0,0,0,0,0,2.31051970119,0.279104154835,-2.28654416931,-0.132172374091,0.112778458023,0.00924309488288,0.00924309488288,911.039569259,2.47748314341,0,-0.0489323432821,-0.0489323432821,3,877
arbitrary_scm,1,shared,30,5000,8,5a570322,ppi_power_tuned_only,restricted_lambda_0,1,0.249331970185,0.817885803342,-0.568553833157,0.279871905763,30,5000,not_applicable,0,0,-0.526805700732,0,-0.526805700732,0,0,0,0,0,2.31051970119,0.279104154835,-2.28654416931,-0.132172374091,0.112778458023,0.00924309488288,0.00924309488288,911.039569259,2.47748314341,0,-0.0489323432821,-0.0489323432821,3,877
arbitrary_scm,1,shared,30,5000,8,5a570322,full_datafusionppi,joint_box_lambda_omega,1,0.38837898119,0.817885803342,-0.429506822151,0.145059290565,30,5000,not_applicable,0,1.03834684016,-0.0667980005438,1.03834684016,-0.0667980005438,0,0,0,0,0,2.31051970119,0.279104154835,-2.28654416931,-0.132172374091,0.112778458023,0.00924309488288,0.00924309488288,911.039569259,2.47748314341,0,-0.0489323432821,-0.0489323432821,3,877
arbitrary_scm,1,shared,30,5000,9,5864c5e5,rct_aipw,fixed_lambda_0_omega_0,0,1.19833496891,0.817885803342,0.380449165566,0.309426858019,30,5000,not_applicable,0,0,0,0,0,0,0,0,0,0,2.83752290569,0.286054290792,-2.43850627686,0.772811599735,-0.109784105694,0.0111487695881,0.0111487695881,866.051233477,3.43786893779,0,-0.00203385347356,-0.00203385347356,3,846
arbitrary_scm,1,shared,30,5000,9,5864c5e5,haipw_only,restricted_omega_0,0,1.17208087167,0.817885803342,0.354195068332,0.213521747723,30,5000,not_applicable,0,0.857810746907,0,0.857810746907,0,0,0,0,0,0,2.83752290569,0.286054290792,-2.43850627686,0.772811599735,-0.109784105694,0.0111487695881,0.0111487695881,866.051233477,3.43786893779,0,-0.00203385347356,-0.00203385347356,3,846
arbitrary_scm,1,shared,30,5000,9,5864c5e5,ppi_power_tuned_only,restricted_lambda_0,1,1.17870149351,0.817885803342,0.360815690164,0.255188656506,30,5000,not_applicable,0,0,2.71491091654,0,2,0,1,0,1,0,2.83752290569,0.286054290792,-2.43850627686,0.772811599735,-0.109784105694,0.0111487695881,0.0111487695881,866.051233477,3.43786893779,0,-0.00203385347356,-0.00203385347356,3,846
arbitrary_scm,1,shared,30,5000,9,5864c5e5,full_datafusionppi,joint_box_lambda_omega,1,1.1341049748,0.817885803342,0.316219171456,0.146819430735,30,5000,not_applicable,0,0.768339642823,2.33846482293,0.780945698777,2,1,1,0,1,0,2.83752290569,0.286054290792,-2.43850627686,0.772811599735,-0.109784105694,0.0111487695881,0.0111487695881,866.051233477,3.43786893779,0,-0.00203385347356,-0.00203385347356,3,846
arbitrary_scm,1,shared,30,5000,10,3dd3a051,rct_aipw,fixed_lambda_0_omega_0,0,-0.107993947021,0.817885803342,-0.925879750362,0.0869440849728,30,5000,not_applicable,0,0,0,0,0,0,0,0,0,0,2.35224183298,0.252276852791,-0.701664380176,-0.0273316526596,0.307890566069,0.00934967671854,0.00934967671854,910.054406446,2.39241016205,0,-0.0692379469474,-0.0692379469474,3,875
arbitrary_scm,1,shared,30,5000,10,3dd3a051,haipw_only,restricted_omega_0,0,0.086989555792,0.817885803342,-0.73089624755,0.0843501375044,30,5000,not_applicable,0,0.289649194532,0,0.289649194532,0,0,0,0,0,0,2.35224183298,0.252276852791,-0.701664380176,-0.0273316526596,0.307890566069,0.00934967671854,0.00934967671854,910.054406446,2.39241016205,0,-0.0692379469474,-0.0692379469474,3,875
arbitrary_scm,1,shared,30,5000,10,3dd3a051,ppi_power_tuned_only,restricted_lambda_0,1,-0.122701383741,0.817885803342,-0.940587187082,0.0908421495799,30,5000,not_applicable,0,0,-0.0243017052873,0,-0.0243017052873,0,0,0,0,0,2.35224183298,0.252276852791,-0.701664380176,-0.0273316526596,0.307890566069,0.00934967671854,0.00934967671854,910.054406446,2.39241016205,0,-0.0692379469474,-0.0692379469474,3,875
arbitrary_scm,1,shared,30,5000,10,3dd3a051,full_datafusionppi,joint_box_lambda_omega,1,0.100991458308,0.817885803342,-0.716894345034,0.0872978544356,30,5000,not_applicable,0,0.325832023391,0.353362317835,0.325832023391,0.353362317835,0,0,0,0,0,2.35224183298,0.252276852791,-0.701664380176,-0.0273316526596,0.307890566069,0.00934967671854,0.00934967671854,910.054406446,2.39241016205,0,-0.0692379469474,-0.0692379469474,3,875
arbitrary_scm,1,shared,30,5000,11,30547417,rct_aipw,fixed_lambda_0_omega_0,0,1.45840759195,0.817885803342,0.640521788609,0.272810439884,30,5000,not_applicable,0,0,0,0,0,0,0,0,0,0,13.5938931081,0.33192727815,-13.9406193693,1.12043596364,-0.295842972799,0.0123876186811,0.0123876186811,874.332313063,2.79241856484,0,-0.0795743598881,-0.0795743598881,2,898
arbitrary_scm,1,shared,30,5000,11,30547417,haipw_only,restricted_omega_0,0,1.00838829534,0.817885803342,0.190502492001,0.234720324913,30,5000,not_applicable,0,0.969358873915,0,0.969358873915,0,0,0,0,0,0,13.5938931081,0.33192727815,-13.9406193693,1.12043596364,-0.295842972799,0.0123876186811,0.0123876186811,874.332313063,2.79241856484,0,-0.0795743598881,-0.0795743598881,2,898
arbitrary_scm,1,shared,30,5000,11,30547417,ppi_power_tuned_only,restricted_lambda_0,1,1.42397710561,0.817885803342,0.606091302267,0.238722360868,30,5000,not_applicable,0,0,3.198582749,0,1.98505665733,0,0.8,0,0.8,0,13.5938931081,0.33192727815,-13.9406193693,1.12043596364,-0.295842972799,0.0123876186811,0.0123876186811,874.332313063,2.79241856484,0,-0.0795743598881,-0.0795743598881,2,898
arbitrary_scm,1,shared,30,5000,11,30547417,full_datafusionppi,joint_box_lambda_omega,1,0.940273181894,0.817885803342,0.122387378552,0.170127394243,30,5000,not_applicable,0,0.955870851448,2.53868468342,0.95517328245,2,1,1,0,1,0,13.5938931081,0.33192727815,-13.9406193693,1.12043596364,-0.295842972799,0.0123876186811,0.0123876186811,874.332313063,2.79241856484,0,-0.0795743598881,-0.0795743598881,2,898
arbitrary_scm,1,shared,30,5000,12,31aa9634,rct_aipw,fixed_lambda_0_omega_0,0,1.58702289643,0.817885803342,0.769137093093,0.189029933581,30,5000,not_applicable,0,0,0,0,0,0,0,0,0,0,4.89339763783,0.566175259992,-5.1878196262,0.592469297245,-0.328523102084,0.0102915527898,0.0102915527898,879.576600287,2.89379290315,0,-0.000531269782552,-0.000531269782552,4,890
arbitrary_scm,1,shared,30,5000,12,31aa9634,haipw_only,restricted_omega_0,0,1.60563773927,0.817885803342,0.787751935926,0.12927673997,30,5000,not_applicable,0,1.02937655612,0,1.02937655612,0,0,0,0,0,0,4.89339763783,0.566175259992,-5.1878196262,0.592469297245,-0.328523102084,0.0102915527898,0.0102915527898,879.576600287,2.89379290315,0,-0.000531269782552,-0.000531269782552,4,890
arbitrary_scm,1,shared,30,5000,12,31aa9634,ppi_power_tuned_only,restricted_lambda_0,1,1.47071117147,0.817885803342,0.652825368131,0.200970326749,30,5000,not_applicable,0,0,1.02154497859,0,1.02154497859,0,0,0,0,0,4.89339763783,0.566175259992,-5.1878196262,0.592469297245,-0.328523102084,0.0102915527898,0.0102915527898,879.576600287,2.89379290315,0,-0.000531269782552,-0.000531269782552,4,890
arbitrary_scm,1,shared,30,5000,12,31aa9634,full_datafusionppi,joint_box_lambda_omega,1,1.55006959623,0.817885803342,0.73218379289,0.148764690538,30,5000,not_applicable,0,0.997122029802,0.444353462594,0.997122029802,0.444353462594,0,0,0,0,0,4.89339763783,0.566175259992,-5.1878196262,0.592469297245,-0.328523102084,0.0102915527898,0.0102915527898,879.576600287,2.89379290315,0,-0.000531269782552,-0.000531269782552,4,890
arbitrary_scm,1,shared,30,5000,13,aa6d9d16,rct_aipw,fixed_lambda_0_omega_0,0,0.0434844021497,0.817885803342,-0.774401401192,0.24394638615,30,5000,not_applicable,0,0,0,0,0,0,0,0,0,0,3.20612943846,0.297691422644,-3.12440595988,0.133065312358,-0.0141060532088,0.0104822652265,0.0104822652265,882.309747371,2.73281497323,0,0.0245472049454,0.0245472049454,3,884
arbitrary_scm,1,shared,30,5000,13,aa6d9d16,haipw_only,restricted_omega_0,0,0.258215221739,0.817885803342,-0.559670581603,0.189414256661,30,5000,not_applicable,0,0.963863271178,0,0.963863271178,0,0,0,0,0,0,3.20612943846,0.297691422644,-3.12440595988,0.133065312358,-0.0141060532088,0.0104822652265,0.0104822652265,882.309747371,2.73281497323,0,0.0245472049454,0.0245472049454,3,884
arbitrary_scm,1,shared,30,5000,13,aa6d9d16,ppi_power_tuned_only,restricted_lambda_0,1,0.220261119059,0.817885803342,-0.597624684283,0.245457813331,30,5000,not_applicable,0,0,0.592730625916,0,0.50958964587,0,0.2,0,0.2,0,3.20612943846,0.297691422644,-3.12440595988,0.133065312358,-0.0141060532088,0.0104822652265,0.0104822652265,882.309747371,2.73281497323,0,0.0245472049454,0.0245472049454,3,884
arbitrary_scm,1,shared,30,5000,13,aa6d9d16,full_datafusionppi,joint_box_lambda_omega,1,0.277431075856,0.817885803342,-0.540454727486,0.205971455746,30,5000,not_applicable,0,0.972193516246,0.561041304141,0.972193516246,0.561041304141,0,0,0,0,0,3.20612943846,0.297691422644,-3.12440595988,0.133065312358,-0.0141060532088,0.0104822652265,0.0104822652265,882.309747371,2.73281497323,0,0.0245472049454,0.0245472049454,3,884
arbitrary_scm,1,shared,30,5000,14,9fe69d26,rct_aipw,fixed_lambda_0_omega_0,0,1.42216877803,0.817885803342,0.604282974688,0.480484580306,30,5000,not_applicable,0,0,0,0,0,0,0,0,0,0,9.52367180378,0.297586989324,-11.9142047895,0.378524498588,-0.121337839448,0.010195300964,0.010195300964,757.085549259,5.16400996104,0,0.00787577566279,0.00787577566279,4,864
arbitrary_scm,1,shared,30,5000,14,9fe69d26,haipw_only,restricted_omega_0,0,0.856129353997,0.817885803342,0.0382435506551,0.231921591522,30,5000,not_applicable,0,1.2702524964,0,1.2702524964,0,0,0,0,0,0,9.52367180378,0.297586989324,-11.9142047895,0.378524498588,-0.121337839448,0.010195300964,0.010195300964,757.085549259,5.16400996104,0,0.00787577566279,0.00787577566279,4,864
arbitrary_scm,1,shared,30,5000,14,9fe69d26,ppi_power_tuned_only,restricted_lambda_0,1,1.46259770171,0.817885803342,0.644711898365,0.49621958183,30,5000,not_applicable,0,0,1.090457621,0,0.891301958737,0,0.2,0,0.2,0,9.52367180378,0.297586989324,-11.9142047895,0.378524498588,-0.121337839448,0.010195300964,0.010195300964,757.085549259,5.16400996104,0,0.00787577566279,0.00787577566279,4,864
arbitrary_scm,1,shared,30,5000,14,9fe69d26,full_datafusionppi,joint_box_lambda_omega,1,0.880418926473,0.817885803342,0.0625331231319,0.237661736985,30,5000,not_applicable,0,1.28672068283,0.863258153779,1.28346416215,0.807630625654,0.2,0.2,0,0.2,0,9.52367180378,0.297586989324,-11.9142047895,0.378524498588,-0.121337839448,0.010195300964,0.010195300964,757.085549259,5.16400996104,0,0.00787577566279,0.00787577566279,4,864
arbitrary_scm,1,shared,30,5000,15,47dd6f62,rct_aipw,fixed_lambda_0_omega_0,0,0.565502428342,0.817885803342,-0.252383375,0.121210230365,30,5000,not_applicable,0,0,0,0,0,0,0,0,0,0,4.9087154091,0.305406192024,-4.50055939791,0.508240526321,-0.355621473325,0.0108757264897,0.0108757264897,856.867814404,3.15442484247,0,0.102025387612,0.102025387612,2,891
arbitrary_scm,1,shared,30,5000,15,47dd6f62,haipw_only,restricted_omega_0,0,0.335644376183,0.817885803342,-0.482241427158,0.165550494982,30,5000,not_applicable,0,0.857316415623,0,0.857316415623,0,0,0,0,0,0,4.9087154091,0.305406192024,-4.50055939791,0.508240526321,-0.355621473325,0.0108757264897,0.0108757264897,856.867814404,3.15442484247,0,0.102025387612,0.102025387612,2,891
arbitrary_scm,1,shared,30,5000,15,47dd6f62,ppi_power_tuned_only,restricted_lambda_0,1,0.623408823942,0.817885803342,-0.1944769794,0.118657940015,30,5000,not_applicable,0,0,1.57512525759,0,1.25542337479,0,0.4,0,0.4,0,4.9087154091,0.305406192024,-4.50055939791,0.508240526321,-0.355621473325,0.0108757264897,0.0108757264897,856.867814404,3.15442484247,0,0.102025387612,0.102025387612,2,891
arbitrary_scm,1,shared,30,5000,15,47dd6f62,full_datafusionppi,joint_box_lambda_omega,1,0.36746425121,0.817885803342,-0.450421552132,0.172644327414,30,5000,not_applicable,0,0.820906539685,0.473134961213,0.820906539685,0.473134961213,0,0,0,0,0,4.9087154091,0.305406192024,-4.50055939791,0.508240526321,-0.355621473325,0.0108757264897,0.0108757264897,856.867814404,3.15442484247,0,0.102025387612,0.102025387612,2,891
arbitrary_scm,1,shared,30,5000,16,82237c26,rct_aipw,fixed_lambda_0_omega_0,0,1.3869757575,0.817885803342,0.56908995416,0.329815062758,30,5000,not_applicable,0,0,0,0,0,0,0,0,0,0,3.80826918025,0.324972520617,-4.12361039842,0.242681723772,-0.0157633632027,0.0100613389144,0.0100613389144,930.016062054,2.6256963311,0,0.0582565817673,0.0582565817673,4,876
arbitrary_scm,1,shared,30,5000,16,82237c26,haipw_only,restricted_omega_0,0,1.16009123732,0.817885803342,0.342205433977,0.143101615399,30,5000,not_applicable,0,1.00782456972,0,1.00782456972,0,0,0,0,0,0,3.80826918025,0.324972520617,-4.12361039842,0.242681723772,-0.0157633632027,0.0100613389144,0.0100613389144,930.016062054,2.6256963311,0,0.0582565817673,0.0582565817673,4,876
arbitrary_scm,1,shared,30,5000,16,82237c26,ppi_power_tuned_only,restricted_lambda_0,1,1.33885069457,0.817885803342,0.520964891224,0.321109249342,30,5000,not_applicable,0,0,0.77373979329,0,0.77373979329,0,0,0,0,0,3.80826918025,0.324972520617,-4.12361039842,0.242681723772,-0.0157633632027,0.0100613389144,0.0100613389144,930.016062054,2.6256963311,0,0.0582565817673,0.0582565817673,4,876
arbitrary_scm,1,shared,30,5000,16,82237c26,full_datafusionppi,joint_box_lambda_omega,1,1.09472115374,0.817885803342,0.276835350395,0.140806480915,30,5000,not_applicable,0,1.04130482437,0.711937996755,1.04130482437,0.711937996755,0,0,0,0,0,3.80826918025,0.324972520617,-4.12361039842,0.242681723772,-0.0157633632027,0.0100613389144,0.0100613389144,930.016062054,2.6256963311,0,0.0582565817673,0.0582565817673,4,876
arbitrary_scm,1,shared,30,5000,17,9ee8b958,rct_aipw,fixed_lambda_0_omega_0,0,0.353497768093,0.817885803342,-0.464388035249,0.462743481658,30,5000,not_applicable,0,0,0,0,0,0,0,0,0,0,3.76092121045,0.649738791439,-4.54475686949,0.650304857717,0.0135989973837,0.0139541615283,0.0139541615283,924.623000964,2.41869577964,0,0.0310910251842,0.0310910251842,3,867
arbitrary_scm,1,shared,30,5000,17,9ee8b958,haipw_only,restricted_omega_0,0,0.620579830296,0.817885803342,-0.197305973046,0.273596036443,30,5000,not_applicable,0,1.27460018196,0,1.27460018196,0,0,0,0,0,0,3.76092121045,0.649738791439,-4.54475686949,0.650304857717,0.0135989973837,0.0139541615283,0.0139541615283,924.623000964,2.41869577964,0,0.0310910251842,0.0310910251842,3,867
arbitrary_scm,1,shared,30,5000,17,9ee8b958,ppi_power_tuned_only,restricted_lambda_0,1,0.46308383703,0.817885803342,-0.354801966311,0.456167290629,30,5000,not_applicable,0,0,1.01363224984,0,1.01363224984,0,0,0,0,0,3.76092121045,0.649738791439,-4.54475686949,0.650304857717,0.0135989973837,0.0139541615283,0.0139541615283,924.623000964,2.41869577964,0,0.0310910251842,0.0310910251842,3,867
arbitrary_scm,1,shared,30,5000,17,9ee8b958,full_datafusionppi,joint_box_lambda_omega,1,0.777956871823,0.817885803342,-0.0399289315181,0.233674138387,30,5000,not_applicable,0,1.27480394057,1.00175608441,1.27480394057,1.00175608441,0,0,0,0,0,3.76092121045,0.649738791439,-4.54475686949,0.650304857717,0.0135989973837,0.0139541615283,0.0139541615283,924.623000964,2.41869577964,0,0.0310910251842,0.0310910251842,3,867
arbitrary_scm,1,shared,30,5000,18,65dd46fd,rct_aipw,fixed_lambda_0_omega_0,0,1.54082070972,0.817885803342,0.722934906375,0.213952055139,30,5000,not_applicable,0,0,0,0,0,0,0,0,0,0,2.68783841582,0.257113463213,-2.55349840506,0.291597662721,-0.0207568698271,0.00657590586651,0.00657590586651,919.965977001,2.31289179978,0,0.122252179267,0.122252179267,2,866
arbitrary_scm,1,shared,30,5000,18,65dd46fd,haipw_only,restricted_omega_0,0,1.41119344882,0.817885803342,0.593307645481,0.124946429617,30,5000,not_applicable,0,1.00295304555,0,1.00295304555,0,0,0,0,0,0,2.68783841582,0.257113463213,-2.55349840506,0.291597662721,-0.0207568698271,0.00657590586651,0.00657590586651,919.965977001,2.31289179978,0,0.122252179267,0.122252179267,2,866
arbitrary_scm,1,shared,30,5000,18,65dd46fd,ppi_power_tuned_only,restricted_lambda_0,1,1.55387837865,0.817885803342,0.735992575309,0.214611111206,30,5000,not_applicable,0,0,1.15609052922,0,1.15609052922,0,0,0,0,0,2.68783841582,0.257113463213,-2.55349840506,0.291597662721,-0.0207568698271,0.00657590586651,0.00657590586651,919.965977001,2.31289179978,0,0.122252179267,0.122252179267,2,866
arbitrary_scm,1,shared,30,5000,18,65dd46fd,full_datafusionppi,joint_box_lambda_omega,1,1.39004555654,0.817885803342,0.572159753201,0.110074444539,30,5000,not_applicable,0,0.982178916379,1.05610158204,0.982178916379,1.05610158204,0,0,0,0,0,2.68783841582,0.257113463213,-2.55349840506,0.291597662721,-0.0207568698271,0.00657590586651,0.00657590586651,919.965977001,2.31289179978,0,0.122252179267,0.122252179267,2,866
arbitrary_scm,1,shared,30,5000,19,de62d191,rct_aipw,fixed_lambda_0_omega_0,0,0.532311993246,0.817885803342,-0.285573810096,0.291879593774,30,5000,not_applicable,0,0,0,0,0,0,0,0,0,0,3.32747888261,0.377816853569,-3.66712859765,0.421727654789,-0.314978047469,0.0151781608262,0.0151781608262,923.284382222,2.40359446219,0,-0.036792324111,-0.036792324111,3,901
arbitrary_scm,1,shared,30,5000,19,de62d191,haipw_only,restricted_omega_0,0,0.259648954661,0.817885803342,-0.558236848681,0.191793720862,30,5000,not_applicable,0,1.09347558352,0,1.09347558352,0,0,0,0,0,0,3.32747888261,0.377816853569,-3.66712859765,0.421727654789,-0.314978047469,0.0151781608262,0.0151781608262,923.284382222,2.40359446219,0,-0.036792324111,-0.036792324111,3,901
arbitrary_scm,1,shared,30,5000,19,de62d191,ppi_power_tuned_only,restricted_lambda_0,1,0.571848369128,0.817885803342,-0.246037434214,0.306448341016,30,5000,not_applicable,0,0,0.996309880989,0,0.872061712263,0,0.2,0,0.2,0,3.32747888261,0.377816853569,-3.66712859765,0.421727654789,-0.314978047469,0.0151781608262,0.0151781608262,923.284382222,2.40359446219,0,-0.036792324111,-0.036792324111,3,901
arbitrary_scm,1,shared,30,5000,19,de62d191,full_datafusionppi,joint_box_lambda_omega,1,0.436470822102,0.817885803342,-0.38141498124,0.235883984657,30,5000,not_applicable,0,1.111669055,0.333747501086,1.111669055,0.333747501086,0,0,0,0,0,3.32747888261,0.377816853569,-3.66712859765,0.421727654789,-0.314978047469,0.0151781608262,0.0151781608262,923.284382222,2.40359446219,0,-0.036792324111,-0.036792324111,3,901
arbitrary_scm,1,shifted,20,5000,0,63c76cb6,rct_aipw,fixed_lambda_0_omega_0,0,0.896304589564,0.612895580443,0.28340900912,0.387729745176,20,5000,not_applicable,0,0,0,0,0,0,0,0,0,0,9.13022221893,0.464992759907,-9.48575328021,-0.0530638735047,0.452659930632,0.00114739402141,0.00114739402141,772.939966432,5.22085435392,0,-0.00753623234287,-0.00753623234287,2,858
arbitrary_scm,1,shifted,20,5000,0,63c76cb6,haipw_only,restricted_omega_0,0,0.33668430979,0.612895580443,-0.276211270653,0.368151355579,20,5000,not_applicable,0,0.960598045077,0,0.960598045077,0,0,0,0,0,0,9.13022221893,0.464992759907,-9.48575328021,-0.0530638735047,0.452659930632,0.00114739402141,0.00114739402141,772.939966432,5.22085435392,0,-0.00753623234287,-0.00753623234287,2,858
arbitrary_scm,1,shifted,20,5000,0,63c76cb6,ppi_power_tuned_only,restricted_lambda_0,1,0.886482937157,0.612895580443,0.273587356714,0.530342627293,20,5000,not_applicable,0,0,-0.517783293412,0,-0.724178238449,0,0.4,0,0.4,0,9.13022221893,0.464992759907,-9.48575328021,-0.0530638735047,0.452659930632,0.00114739402141,0.00114739402141,772.939966432,5.22085435392,0,-0.00753623234287,-0.00753623234287,2,858
arbitrary_scm,1,shifted,20,5000,0,63c76cb6,full_datafusionppi,joint_box_lambda_omega,1,0.303490497096,0.612895580443,-0.309405083347,0.37228393009,20,5000,not_applicable,0,0.971157226683,1.06401095418,0.971157226683,1.06401095418,0,0,0,0,0,9.13022221893,0.464992759907,-9.48575328021,-0.0530638735047,0.452659930632,0.00114739402141,0.00114739402141,772.939966432,5.22085435392,0,-0.00753623234287,-0.00753623234287,2,858
arbitrary_scm,1,shifted,20,5000,1,5fbcd41d,rct_aipw,fixed_lambda_0_omega_0,0,2.15434006235,0.612895580443,1.54144448191,0.351002001462,20,5000,not_applicable,0,0,0,0,0,0,0,0,0,0,5.67094762531,0.261136395026,-4.62678486189,-0.0951710060947,0.268356554883,0.0019326095779,0.0019326095779,801.415876917,3.97253556414,0,0.109899972585,0.109899972585,2,872
arbitrary_scm,1,shifted,20,5000,1,5fbcd41d,haipw_only,restricted_omega_0,0,1.38819039714,0.612895580443,0.775294816692,0.162782718532,20,5000,not_applicable,0,0.825414259525,0,0.825414259525,0,0,0,0,0,0,5.67094762531,0.261136395026,-4.62678486189,-0.0951710060947,0.268356554883,0.0019326095779,0.0019326095779,801.415876917,3.97253556414,0,0.109899972585,0.109899972585,2,872
arbitrary_scm,1,shifted,20,5000,1,5fbcd41d,ppi_power_tuned_only,restricted_lambda_0,1,2.35582953426,0.612895580443,1.74293395381,0.349185632585,20,5000,not_applicable,0,0,-0.42283651629,0,-0.266618805157,0,0.2,0,0.2,0,5.67094762531,0.261136395026,-4.62678486189,-0.0951710060947,0.268356554883,0.0019326095779,0.0019326095779,801.415876917,3.97253556414,0,0.109899972585,0.109899972585,2,872
arbitrary_scm,1,shifted,20,5000,1,5fbcd41d,full_datafusionppi,joint_box_lambda_omega,1,1.60076350711,0.612895580443,0.987867926664,0.172297468162,20,5000,not_applicable,0,0.813424245245,0.341727113478,0.813424245245,0.341727113478,0,0,0,0,0,5.67094762531,0.261136395026,-4.62678486189,-0.0951710060947,0.268356554883,0.0019326095779,0.0019326095779,801.415876917,3.97253556414,0,0.109899972585,0.109899972585,2,872
arbitrary_scm,1,shifted,20,5000,2,af425369,rct_aipw,fixed_lambda_0_omega_0,0,0.487168670463,0.612895580443,-0.12572690998,0.607533512623,20,5000,not_applicable,0,0,0,0,0,0,0,0,0,0,6.00182407403,0.368402814712,-6.13842402243,0.266922578138,0.0246175578845,0.00768280508236,0.00365746883723,565.601658861,11.6957316955,0.0016,0.0170096855994,0.0149171639492,1,861
arbitrary_scm,1,shifted,20,5000,2,af425369,haipw_only,restricted_omega_0,0,0.403166030882,0.612895580443,-0.209729549562,0.21103633379,20,5000,not_applicable,0,1.02680204011,0,1.02680204011,0,0,0,0,0,0,6.00182407403,0.368402814712,-6.13842402243,0.266922578138,0.0246175578845,0.00768280508236,0.00365746883723,565.601658861,11.6957316955,0.0016,0.0170096855994,0.0149171639492,1,861
arbitrary_scm,1,shifted,20,5000,2,af425369,ppi_power_tuned_only,restricted_lambda_0,1,0.492369294034,0.612895580443,-0.120526286409,0.563714549567,20,5000,not_applicable,0,0,0.845321063717,0,0.643697638342,0,0.2,0,0.2,0,6.00182407403,0.368402814712,-6.13842402243,0.266922578138,0.0246175578845,0.00768280508236,0.00365746883723,565.601658861,11.6957316955,0.0016,0.0170096855994,0.0149171639492,1,861
arbitrary_scm,1,shifted,20,5000,2,af425369,full_datafusionppi,joint_box_lambda_omega,1,0.412261722936,0.612895580443,-0.200633857507,0.199358735761,20,5000,not_applicable,0,1.01350663182,0.757884316778,1.01350663182,0.757884316778,0,0,0,0,0,6.00182407403,0.368402814712,-6.13842402243,0.266922578138,0.0246175578845,0.00768280508236,0.00365746883723,565.601658861,11.6957316955,0.0016,0.0170096855994,0.0149171639492,1,861
arbitrary_scm,1,shifted,20,5000,3,ae9ecf51,rct_aipw,fixed_lambda_0_omega_0,0,0.111901659689,0.612895580443,-0.500993920754,0.659758172804,20,5000,not_applicable,0,0,0,0,0,0,0,0,0,0,5.33896584866,0.365198466732,-6.08163571141,0.862308324008,-0.198635197626,0.00213531207579,0.00215719142442,526.655242172,9.57311860185,0.002,-0.0066715954632,-0.00664850420564,2,890
arbitrary_scm,1,shifted,20,5000,3,ae9ecf51,haipw_only,restricted_omega_0,0,0.582398978869,0.612895580443,-0.030496601574,0.414966158148,20,5000,not_applicable,0,1.08039582257,0,1.08039582257,0,0,0,0,0,0,5.33896584866,0.365198466732,-6.08163571141,0.862308324008,-0.198635197626,0.00213531207579,0.00215719142442,526.655242172,9.57311860185,0.002,-0.0066715954632,-0.00664850420564,2,890
arbitrary_scm,1,shifted,20,5000,3,ae9ecf51,ppi_power_tuned_only,restricted_lambda_0,1,0.139432032476,0.612895580443,-0.473463547968,0.682703466092,20,5000,not_applicable,0,0,2.21267159341,0,1.43912951713,0,0.4,0,0.4,0,5.33896584866,0.365198466732,-6.08163571141,0.862308324008,-0.198635197626,0.00213531207579,0.00215719142442,526.655242172,9.57311860185,0.002,-0.0066715954632,-0.00664850420564,2,890
arbitrary_scm,1,shifted,20,5000,3,ae9ecf51,full_datafusionppi,joint_box_lambda_omega,1,0.718870532565,0.612895580443,0.105974952122,0.387315627689,20,5000,not_applicable,0,1.02136708612,1.61493545026,1.02301505575,1.60458380402,0.2,0.2,0,0.2,0,5.33896584866,0.365198466732,-6.08163571141,0.862308324008,-0.198635197626,0.00213531207579,0.00215719142442,526.655242172,9.57311860185,0.002,-0.0066715954632,-0.00664850420564,2,890
arbitrary_scm,1,shifted,20,5000,4,e1fd6730,rct_aipw,fixed_lambda_0_omega_0,0,-0.623430910741,0.612895580443,-1.23632649118,0.122580013435,20,5000,not_applicable,0,0,0,0,0,0,0,0,0,0,1.66394938196,0.428021945967,-1.09081183985,0.399625933732,0.027282795224,0.000165831234452,0.000169353040755,609.686389039,8.94113161134,0.0002,-0.0448869471613,-0.0448823100287,2,874
arbitrary_scm,1,shifted,20,5000,4,e1fd6730,haipw_only,restricted_omega_0,0,-0.379572533678,0.612895580443,-0.992468114122,0.150035849009,20,5000,not_applicable,0,0.590959133444,0,0.590959133444,0,0,0,0,0,0,1.66394938196,0.428021945967,-1.09081183985,0.399625933732,0.027282795224,0.000165831234452,0.000169353040755,609.686389039,8.94113161134,0.0002,-0.0448869471613,-0.0448823100287,2,874
arbitrary_scm,1,shifted,20,5000,4,e1fd6730,ppi_power_tuned_only,restricted_lambda_0,1,-0.546961152184,0.612895580443,-1.15985673263,0.0934508443499,20,5000,not_applicable,0,0,0.927718927858,0,0.927718927858,0,0,0,0,0,1.66394938196,0.428021945967,-1.09081183985,0.399625933732,0.027282795224,0.000165831234452,0.000169353040755,609.686389039,8.94113161134,0.0002,-0.0448869471613,-0.0448823100287,2,874
arbitrary_scm,1,shifted,20,5000,4,e1fd6730,full_datafusionppi,joint_box_lambda_omega,1,-0.248947234709,0.612895580443,-0.861842815152,0.118906209139,20,5000,not_applicable,0,0.616552415477,0.896829820155,0.616552415477,0.896829820155,0,0,0,0,0,1.66394938196,0.428021945967,-1.09081183985,0.399625933732,0.027282795224,0.000165831234452,0.000169353040755,609.686389039,8.94113161134,0.0002,-0.0448869471613,-0.0448823100287,2,874
arbitrary_scm,1,shifted,20,5000,5,0260cd63,rct_aipw,fixed_lambda_0_omega_0,0,0.92432600369,0.612895580443,0.311430423247,0.420446053705,20,5000,not_applicable,0,0,0,0,0,0,0,0,0,0,5.70123813305,0.176226120339,-6.02392558499,0.0208470402458,0.0587013251176,0.00410901224692,0.00410901224692,704.607712624,6.16895752388,0,0.110185354551,0.110185354551,0,882
arbitrary_scm,1,shifted,20,5000,5,0260cd63,haipw_only,restricted_omega_0,0,0.414744956785,0.612895580443,-0.198150623659,0.16679760075,20,5000,not_applicable,0,1.06454499113,0,1.06454499113,0,0,0,0,0,0,5.70123813305,0.176226120339,-6.02392558499,0.0208470402458,0.0587013251176,0.00410901224692,0.00410901224692,704.607712624,6.16895752388,0,0.110185354551,0.110185354551,0,882
arbitrary_scm,1,shifted,20,5000,5,0260cd63,ppi_power_tuned_only,restricted_lambda_0,1,0.972667352675,0.612895580443,0.359771772232,0.490633532249,20,5000,not_applicable,0,0,-0.167627150233,0,-0.167627150233,0,0,0,0,0,5.70123813305,0.176226120339,-6.02392558499,0.0208470402458,0.0587013251176,0.00410901224692,0.00410901224692,704.607712624,6.16895752388,0,0.110185354551,0.110185354551,0,882
arbitrary_scm,1,shifted,20,5000,5,0260cd63,full_datafusionppi,joint_box_lambda_omega,1,0.43790261491,0.612895580443,-0.174992965533,0.19140082495,20,5000,not_applicable,0,1.0598007728,0.314910029572,1.0598007728,0.314910029572,0,0,0,0,0,5.70123813305,0.176226120339,-6.02392558499,0.0208470402458,0.0587013251176,0.00410901224692,0.00410901224692,704.607712624,6.16895752388,0,0.110185354551,0.110185354551,0,882
arbitrary_scm,1,shifted,20,5000,6,cb2f5e16,rct_aipw,fixed_lambda_0_omega_0,0,1.31197994927,0.612895580443,0.699084368828,0.545472426401,20,5000,not_applicable,0,0,0,0,0,0,0,0,0,0,4.11955405659,0.206914566819,-5.02900818273,-0.0280965265667,0.138292425987,-0.00350491992065,-0.00350135223298,605.910202547,6.31192746095,0.0002,-0.0342502165299,-0.0342462104119,1,875
arbitrary_scm,1,shifted,20,5000,6,cb2f5e16,haipw_only,restricted_omega_0,0,1.08107149976,0.612895580443,0.468175919313,0.301762609957,20,5000,not_applicable,0,1.24515218567,0,1.24515218567,0,0,0,0,0,0,4.11955405659,0.206914566819,-5.02900818273,-0.0280965265667,0.138292425987,-0.00350491992065,-0.00350135223298,605.910202547,6.31192746095,0.0002,-0.0342502165299,-0.0342462104119,1,875
arbitrary_scm,1,shifted,20,5000,6,cb2f5e16,ppi_power_tuned_only,restricted_lambda_0,1,1.44465077612,0.612895580443,0.831755195675,0.663473351883,20,5000,not_applicable,0,0,0.107157403266,0,-0.0355409573578,0,0.2,0,0.2,0,4.11955405659,0.206914566819,-5.02900818273,-0.0280965265667,0.138292425987,-0.00350491992065,-0.00350135223298,605.910202547,6.31192746095,0.0002,-0.0342502165299,-0.0342462104119,1,875
arbitrary_scm,1,shifted,20,5000,6,cb2f5e16,full_datafusionppi,joint_box_lambda_omega,1,1.25082782622,0.612895580443,0.637932245775,0.287294063724,20,5000,not_applicable,0,1.26043354774,-0.0386352792375,1.26043354774,-0.0386352792375,0,0,0,0,0,4.11955405659,0.206914566819,-5.02900818273,-0.0280965265667,0.138292425987,-0.00350491992065,-0.00350135223298,605.910202547,6.31192746095,0.0002,-0.0342502165299,-0.0342462104119,1,875
arbitrary_scm,1,shifted,20,5000,7,a624fded,rct_aipw,fixed_lambda_0_omega_0,0,-0.428702408108,0.612895580443,-1.04159798855,0.198279133415,20,5000,not_applicable,0,0,0,0,0,0,0,0,0,0,1.84787252559,0.572377943658,-2.75457604926,1.13129230525,-0.316618983587,0.00539087731338,0.00539087731338,819.805991099,3.81862275838,0,0.157613303235,0.157613303235,1,887
arbitrary_scm,1,shifted,20,5000,7,a624fded,haipw_only,restricted_omega_0,0,0.349569345592,0.612895580443,-0.263326234851,0.198883909552,20,5000,not_applicable,0,1.52822722142,0,1.52479764078,0,0.2,0,0.2,0,0,1.84787252559,0.572377943658,-2.75457604926,1.13129230525,-0.316618983587,0.00539087731338,0.00539087731338,819.805991099,3.81862275838,0,0.157613303235,0.157613303235,1,887
arbitrary_scm,1,shifted,20,5000,7,a624fded,ppi_power_tuned_only,restricted_lambda_0,1,-0.409801589157,0.612895580443,-1.0226971696,0.132826659216,20,5000,not_applicable,0,0,1.94118977306,0,1.81723593025,0,0.4,0,0.4,0,1.84787252559,0.572377943658,-2.75457604926,1.13129230525,-0.316618983587,0.00539087731338,0.00539087731338,819.805991099,3.81862275838,0,0.157613303235,0.157613303235,1,887
arbitrary_scm,1,shifted,20,5000,7,a624fded,full_datafusionppi,joint_box_lambda_omega,1,0.256884076433,0.612895580443,-0.35601150401,0.123447406329,20,5000,not_applicable,0,1.31787197676,1.23157597161,1.31787197676,1.23157597161,0,0,0,0,0,1.84787252559,0.572377943658,-2.75457604926,1.13129230525,-0.316618983587,0.00539087731338,0.00539087731338,819.805991099,3.81862275838,0,0.157613303235,0.157613303235,1,887
arbitrary_scm,1,shifted,20,5000,8,cc4d64fb,rct_aipw,fixed_lambda_0_omega_0,0,2.42741998032,0.612895580443,1.81452439988,0.628504472965,20,5000,not_applicable,0,0,0,0,0,0,0,0,0,0,10.0868429352,0.417178283863,-11.6690988668,1.16092608202,-0.648427519137,0.00648342113889,0.00648342113889,629.963691925,6.97556070154,0,-0.113811459147,-0.113811459147,1,910
arbitrary_scm,1,shifted,20,5000,8,cc4d64fb,haipw_only,restricted_omega_0,0,0.919188083864,0.612895580443,0.30629250342,0.255627733048,20,5000,not_applicable,0,1.12795493573,0,1.12795493573,0,0,0,0,0,0,10.0868429352,0.417178283863,-11.6690988668,1.16092608202,-0.648427519137,0.00648342113889,0.00648342113889,629.963691925,6.97556070154,0,-0.113811459147,-0.113811459147,1,910
arbitrary_scm,1,shifted,20,5000,8,cc4d64fb,ppi_power_tuned_only,restricted_lambda_0,1,2.54857571902,0.612895580443,1.93568013857,0.464314207424,20,5000,not_applicable,0,0,2.94503909965,0,1.72870319927,0,0.8,0,0.8,0,10.0868429352,0.417178283863,-11.6690988668,1.16092608202,-0.648427519137,0.00648342113889,0.00648342113889,629.963691925,6.97556070154,0,-0.113811459147,-0.113811459147,1,910
arbitrary_scm,1,shifted,20,5000,8,cc4d64fb,full_datafusionppi,joint_box_lambda_omega,1,1.17744156927,0.612895580443,0.564545988831,0.208068897358,20,5000,not_applicable,0,1.02686781335,1.14855150889,1.02686781335,1.14855150889,0,0,0,0,0,10.0868429352,0.417178283863,-11.6690988668,1.16092608202,-0.648427519137,0.00648342113889,0.00648342113889,629.963691925,6.97556070154,0,-0.113811459147,-0.113811459147,1,910
arbitrary_scm,1,shifted,20,5000,9,d5b9deb1,rct_aipw,fixed_lambda_0_omega_0,0,0.229354140496,0.612895580443,-0.383541439948,0.203538099526,20,5000,not_applicable,0,0,0,0,0,0,0,0,0,0,4.01484904449,0.428266950367,-3.08838533537,1.00944386782,-0.390918686155,0.00315471195962,0.00315471195962,858.665336995,3.33872122385,0,0.0592603262364,0.0592603262364,2,882
arbitrary_scm,1,shifted,20,5000,9,d5b9deb1,haipw_only,restricted_omega_0,0,0.287931969494,0.612895580443,-0.324963610949,0.219390806524,20,5000,not_applicable,0,0.784886429294,0,0.784886429294,0,0,0,0,0,0,4.01484904449,0.428266950367,-3.08838533537,1.00944386782,-0.390918686155,0.00315471195962,0.00315471195962,858.665336995,3.33872122385,0,0.0592603262364,0.0592603262364,2,882
arbitrary_scm,1,shifted,20,5000,9,d5b9deb1,ppi_power_tuned_only,restricted_lambda_0,1,0.34715784169,0.612895580443,-0.265737738754,0.147898559756,20,5000,not_applicable,0,0,2.37772429146,0,1.84603888946,0,0.6,0,0.6,0,4.01484904449,0.428266950367,-3.08838533537,1.00944386782,-0.390918686155,0.00315471195962,0.00315471195962,858.665336995,3.33872122385,0,0.0592603262364,0.0592603262364,2,882
arbitrary_scm,1,shifted,20,5000,9,d5b9deb1,full_datafusionppi,joint_box_lambda_omega,1,0.393370115852,0.612895580443,-0.219525464591,0.16029972899,20,5000,not_applicable,0,0.595575615585,1.83006775145,0.608514110867,1.65865891501,0.4,0.4,0,0.4,0,4.01484904449,0.428266950367,-3.08838533537,1.00944386782,-0.390918686155,0.00315471195962,0.00315471195962,858.665336995,3.33872122385,0,0.0592603262364,0.0592603262364,2,882
arbitrary_scm,1,shifted,20,5000,10,97e86a30,rct_aipw,fixed_lambda_0_omega_0,0,0.698333179591,0.612895580443,0.0854375991475,0.581692335728,20,5000,not_applicable,0,0,0,0,0,0,0,0,0,0,8.04319389675,0.679327048037,-9.14641110002,0.956757699261,-0.504845791161,0.00275597663255,0.00275597663255,770.825134898,4.59402117124,0,0.153199971304,0.153199971304,3,903
arbitrary_scm,1,shifted,20,5000,10,97e86a30,haipw_only,restricted_omega_0,0,0.615020493292,0.612895580443,0.00212491284851,0.236202220718,20,5000,not_applicable,0,1.14388935563,0,1.14388935563,0,0,0,0,0,0,8.04319389675,0.679327048037,-9.14641110002,0.956757699261,-0.504845791161,0.00275597663255,0.00275597663255,770.825134898,4.59402117124,0,0.153199971304,0.153199971304,3,903
arbitrary_scm,1,shifted,20,5000,10,97e86a30,ppi_power_tuned_only,restricted_lambda_0,1,0.749908640617,0.612895580443,0.137013060173,0.560260316859,20,5000,not_applicable,0,0,0.861739948835,0,0.667956928423,0,0.2,0,0.2,0,8.04319389675,0.679327048037,-9.14641110002,0.956757699261,-0.504845791161,0.00275597663255,0.00275597663255,770.825134898,4.59402117124,0,0.153199971304,0.153199971304,3,903
arbitrary_scm,1,shifted,20,5000,10,97e86a30,full_datafusionppi,joint_box_lambda_omega,1,0.424580798199,0.612895580443,-0.188314782244,0.226332388116,20,5000,not_applicable,0,1.21950139175,0.57172764485,1.21950139175,0.57172764485,0,0,0,0,0,8.04319389675,0.679327048037,-9.14641110002,0.956757699261,-0.504845791161,0.00275597663255,0.00275597663255,770.825134898,4.59402117124,0,0.153199971304,0.153199971304,3,903
arbitrary_scm,1,shifted,20,5000,11,07ed83d7,rct_aipw,fixed_lambda_0_omega_0,0,0.445300877524,0.612895580443,-0.167594702919,0.328883670737,20,5000,not_applicable,0,0,0,0,0,0,0,0,0,0,3.216342811,0.337299080875,-2.00764897746,0.263005669295,0.324502574753,0.00730380489712,0.00730380489712,688.451474191,7.19580036025,0,0.100772256465,0.100772256465,2,885
arbitrary_scm,1,shifted,20,5000,11,07ed83d7,haipw_only,restricted_omega_0,0,0.422802619306,0.612895580443,-0.190092961138,0.176132099537,20,5000,not_applicable,0,0.623047690382,0,0.623047690382,0,0,0,0,0,0,3.216342811,0.337299080875,-2.00764897746,0.263005669295,0.324502574753,0.00730380489712,0.00730380489712,688.451474191,7.19580036025,0,0.100772256465,0.100772256465,2,885
arbitrary_scm,1,shifted,20,5000,11,07ed83d7,ppi_power_tuned_only,restricted_lambda_0,1,0.430841613412,0.612895580443,-0.182053967031,0.325133548994,20,5000,not_applicable,0,0,0.660322483779,0,0.660322483779,0,0,0,0,0,3.216342811,0.337299080875,-2.00764897746,0.263005669295,0.324502574753,0.00730380489712,0.00730380489712,688.451474191,7.19580036025,0,0.100772256465,0.100772256465,2,885
arbitrary_scm,1,shifted,20,5000,11,07ed83d7,full_datafusionppi,joint_box_lambda_omega,1,0.411633702316,0.612895580443,-0.201261878127,0.131415366294,20,5000,not_applicable,0,0.777882988126,1.48979223226,0.777882988126,1.48979223226,0,0,0,0,0,3.216342811,0.337299080875,-2.00764897746,0.263005669295,0.324502574753,0.00730380489712,0.00730380489712,688.451474191,7.19580036025,0,0.100772256465,0.100772256465,2,885
arbitrary_scm,1,shifted,20,5000,12,916de46f,rct_aipw,fixed_lambda_0_omega_0,0,-0.52393887083,0.612895580443,-1.13683445127,0.487531355035,20,5000,not_applicable,0,0,0,0,0,0,0,0,0,0,4.22529543409,0.241698061881,-3.83312557862,0.0583805443008,0.132372792854,0.0119057365137,0.0119057365137,914.755548398,2.35735574443,0,0.144358302173,0.144358302173,2,879
arbitrary_scm,1,shifted,20,5000,12,916de46f,haipw_only,restricted_omega_0,0,0.570885902305,0.612895580443,-0.0420096781383,0.293525412343,20,5000,not_applicable,0,0.87353267945,0,0.87353267945,0,0,0,0,0,0,4.22529543409,0.241698061881,-3.83312557862,0.0583805443008,0.132372792854,0.0119057365137,0.0119057365137,914.755548398,2.35735574443,0,0.144358302173,0.144358302173,2,879
arbitrary_scm,1,shifted,20,5000,12,916de46f,ppi_power_tuned_only,restricted_lambda_0,1,-0.646854989463,0.612895580443,-1.25975056991,0.606442243507,20,5000,not_applicable,0,0,0.383581076438,0,0.492149872741,0,0.2,0,0.2,0,4.22529543409,0.241698061881,-3.83312557862,0.0583805443008,0.132372792854,0.0119057365137,0.0119057365137,914.755548398,2.35735574443,0,0.144358302173,0.144358302173,2,879
arbitrary_scm,1,shifted,20,5000,12,916de46f,full_datafusionppi,joint_box_lambda_omega,1,0.582341712131,0.612895580443,-0.030553868312,0.277884026956,20,5000,not_applicable,0,0.876596424472,0.733168186151,0.876596424472,0.733168186151,0,0,0,0,0,4.22529543409,0.241698061881,-3.83312557862,0.0583805443008,0.132372792854,0.0119057365137,0.0119057365137,914.755548398,2.35735574443,0,0.144358302173,0.144358302173,2,879
arbitrary_scm,1,shifted,20,5000,13,403c7c9b,rct_aipw,fixed_lambda_0_omega_0,0,0.966681574093,0.612895580443,0.35378599365,0.741132817037,20,5000,not_applicable,0,0,0,0,0,0,0,0,0,0,4.42353171331,0.297889113451,-4.99942099305,0.964279325624,-0.378636215997,0.0103145560375,0.010358811079,491.821830772,12.3246259292,0.0032,0.105413020502,0.105527892684,0,877
arbitrary_scm,1,shifted,20,5000,13,403c7c9b,haipw_only,restricted_omega_0,0,0.927489854861,0.612895580443,0.314594274418,0.272953952098,20,5000,not_applicable,0,1.16009880395,0,1.16009880395,0,0,0,0,0,0,4.42353171331,0.297889113451,-4.99942099305,0.964279325624,-0.378636215997,0.0103145560375,0.010358811079,491.821830772,12.3246259292,0.0032,0.105413020502,0.105527892684,0,877
arbitrary_scm,1,shifted,20,5000,13,403c7c9b,ppi_power_tuned_only,restricted_lambda_0,1,0.880969348248,0.612895580443,0.268073767804,0.661979275167,20,5000,not_applicable,0,0,3.28759982548,0,1.87372421319,0,0.8,0,0.8,0,4.42353171331,0.297889113451,-4.99942099305,0.964279325624,-0.378636215997,0.0103145560375,0.010358811079,491.821830772,12.3246259292,0.0032,0.105413020502,0.105527892684,0,877
arbitrary_scm,1,shifted,20,5000,13,403c7c9b,full_datafusionppi,joint_box_lambda_omega,1,0.827889860431,0.612895580443,0.214994279988,0.240783127615,20,5000,not_applicable,0,0.974856830956,1.97583980481,1.00163315732,1.66450575967,0.6,0.6,0,0.6,0,4.42353171331,0.297889113451,-4.99942099305,0.964279325624,-0.378636215997,0.0103145560375,0.010358811079,491.821830772,12.3246259292,0.0032,0.105413020502,0.105527892684,0,877
arbitrary_scm,1,shifted,20,5000,14,218fa425,rct_aipw,fixed_lambda_0_omega_0,0,0.755618966854,0.612895580443,0.14272338641,0.345500734803,20,5000,not_applicable,0,0,0,0,0,0,0,0,0,0,10.1538562747,0.287643033686,-10.5054263001,0.413175766217,0.0114014721805,0.00394788836798,0.00395616095784,609.984285115,8.46339873283,0.0006,0.134564685138,0.134573123486,3,857
arbitrary_scm,1,shifted,20,5000,14,218fa425,haipw_only,restricted_omega_0,0,0.983428596679,0.612895580443,0.370533016236,0.153020517231,20,5000,not_applicable,0,1.22453104407,0,1.22453104407,0,0,0,0,0,0,10.1538562747,0.287643033686,-10.5054263001,0.413175766217,0.0114014721805,0.00394788836798,0.00395616095784,609.984285115,8.46339873283,0.0006,0.134564685138,0.134573123486,3,857
arbitrary_scm,1,shifted,20,5000,14,218fa425,ppi_power_tuned_only,restricted_lambda_0,1,0.571564658115,0.612895580443,-0.0413309223283,0.320149641642,20,5000,not_applicable,0,0,1.3067118943,0,1.12917081352,0,0.2,0,0.2,0,10.1538562747,0.287643033686,-10.5054263001,0.413175766217,0.0114014721805,0.00394788836798,0.00395616095784,609.984285115,8.46339873283,0.0006,0.134564685138,0.134573123486,3,857
arbitrary_scm,1,shifted,20,5000,14,218fa425,full_datafusionppi,joint_box_lambda_omega,1,0.824177756679,0.612895580443,0.211282176235,0.11187368987,20,5000,not_applicable,0,1.20279739308,1.4166161636,1.20279739308,1.4166161636,0,0,0,0,0,10.1538562747,0.287643033686,-10.5054263001,0.413175766217,0.0114014721805,0.00394788836798,0.00395616095784,609.984285115,8.46339873283,0.0006,0.134564685138,0.134573123486,3,857
arbitrary_scm,1,shifted,20,5000,15,aa6fd272,rct_aipw,fixed_lambda_0_omega_0,0,0.533043270396,0.612895580443,-0.0798523100471,0.346068018583,20,5000,not_applicable,0,0,0,0,0,0,0,0,0,0,3.00797718348,0.144951069721,-3.62969228479,0.0519706626724,0.0168977064624,0.00183971794965,0.00183971794965,839.43190992,3.7315232336,0,0.167350032051,0.167350032051,2,837
arbitrary_scm,1,shifted,20,5000,15,aa6fd272,haipw_only,restricted_omega_0,0,0.328871629656,0.612895580443,-0.284023950788,0.290645669988,20,5000,not_applicable,0,1.19926959655,0,1.19926959655,0,0,0,0,0,0,3.00797718348,0.144951069721,-3.62969228479,0.0519706626724,0.0168977064624,0.00183971794965,0.00183971794965,839.43190992,3.7315232336,0,0.167350032051,0.167350032051,2,837
arbitrary_scm,1,shifted,20,5000,15,aa6fd272,ppi_power_tuned_only,restricted_lambda_0,1,0.650877477795,0.612895580443,0.0379818973515,0.416404888886,20,5000,not_applicable,0,0,0.0442647716128,0,0.129293988782,0,0.6,0,0.6,0,3.00797718348,0.144951069721,-3.62969228479,0.0519706626724,0.0168977064624,0.00183971794965,0.00183971794965,839.43190992,3.7315232336,0,0.167350032051,0.167350032051,2,837
arbitrary_scm,1,shifted,20,5000,15,aa6fd272,full_datafusionppi,joint_box_lambda_omega,1,0.323366175648,0.612895580443,-0.289529404795,0.300338513122,20,5000,not_applicable,0,1.17694031353,0.0230331862105,1.17694031353,0.0230331862105,0,0,0,0,0,3.00797718348,0.144951069721,-3.62969228479,0.0519706626724,0.0168977064624,0.00183971794965,0.00183971794965,839.43190992,3.7315232336,0,0.167350032051,0.167350032051,2,837
arbitrary_scm,1,shifted,20,5000,16,39285003,rct_aipw,fixed_lambda_0_omega_0,0,-0.579745922323,0.612895580443,-1.19264150277,0.432349551442,20,5000,not_applicable,0,0,0,0,0,0,0,0,0,0,11.5911660311,0.266520127139,-11.5649836192,0.0158496740422,0.180159831395,0.00661438984025,0.00661521275817,666.051353482,7.13522041746,0.0002,0.010190338188,0.0101929536804,1,876
arbitrary_scm,1,shifted,20,5000,16,39285003,haipw_only,restricted_omega_0,0,0.220814792724,0.612895580443,-0.392080787719,0.281026902806,20,5000,not_applicable,0,1.10636526143,0,1.10636526143,0,0,0,0,0,0,11.5911660311,0.266520127139,-11.5649836192,0.0158496740422,0.180159831395,0.00661438984025,0.00661521275817,666.051353482,7.13522041746,0.0002,0.010190338188,0.0101929536804,1,876
arbitrary_scm,1,shifted,20,5000,16,39285003,ppi_power_tuned_only,restricted_lambda_0,1,-0.691281935311,0.612895580443,-1.30417751575,0.489305147821,20,5000,not_applicable,0,0,-0.0194174584015,0,-0.0194174584015,0,0,0,0,0,11.5911660311,0.266520127139,-11.5649836192,0.0158496740422,0.180159831395,0.00661438984025,0.00661521275817,666.051353482,7.13522041746,0.0002,0.010190338188,0.0101929536804,1,876
arbitrary_scm,1,shifted,20,5000,16,39285003,full_datafusionppi,joint_box_lambda_omega,1,0.161637589403,0.612895580443,-0.451257991041,0.290444150301,20,5000,not_applicable,0,1.11746061095,0.585037938615,1.11746061095,0.585037938615,0,0,0,0,0,11.5911660311,0.266520127139,-11.5649836192,0.0158496740422,0.180159831395,0.00661438984025,0.00661521275817,666.051353482,7.13522041746,0.0002,0.010190338188,0.0101929536804,1,876
arbitrary_scm,1,shifted,20,5000,17,9d0d8756,rct_aipw,fixed_lambda_0_omega_0,0,0.103445677226,0.612895580443,-0.509449903217,0.225812627341,20,5000,not_applicable,0,0,0,0,0,0,0,0,0,0,2.46041416206,0.479204458254,-1.78899548173,0.277242544084,-0.0441800095826,-0.00128867587005,-0.00127106468335,459.41847208,12.5804889224,0.0018,0.00456835555212,0.00458442017257,2,865
arbitrary_scm,1,shifted,20,5000,17,9d0d8756,haipw_only,restricted_omega_0,0,0.550894191358,0.612895580443,-0.0620013890854,0.17237552288,20,5000,not_applicable,0,1.13725492739,0,0.874832322193,0,0.2,0,0.2,0,0,2.46041416206,0.479204458254,-1.78899548173,0.277242544084,-0.0441800095826,-0.00128867587005,-0.00127106468335,459.41847208,12.5804889224,0.0018,0.00456835555212,0.00458442017257,2,865
arbitrary_scm,1,shifted,20,5000,17,9d0d8756,ppi_power_tuned_only,restricted_lambda_0,1,0.119913465039,0.612895580443,-0.492982115405,0.22798490167,20,5000,not_applicable,0,0,0.592813714472,0,0.592813714472,0,0,0,0,0,2.46041416206,0.479204458254,-1.78899548173,0.277242544084,-0.0441800095826,-0.00128867587005,-0.00127106468335,459.41847208,12.5804889224,0.0018,0.00456835555212,0.00458442017257,2,865
arbitrary_scm,1,shifted,20,5000,17,9d0d8756,full_datafusionppi,joint_box_lambda_omega,1,0.578638644828,0.612895580443,-0.0342569356156,0.177942260483,20,5000,not_applicable,0,1.16079710699,0.522971153637,0.880572865552,0.508005199157,0.2,0.2,0.2,0,0,2.46041416206,0.479204458254,-1.78899548173,0.277242544084,-0.0441800095826,-0.00128867587005,-0.00127106468335,459.41847208,12.5804889224,0.0018,0.00456835555212,0.00458442017257,2,865
arbitrary_scm,1,shifted,20,5000,18,f9a15d24,rct_aipw,fixed_lambda_0_omega_0,0,1.46749690933,0.612895580443,0.854601328887,0.353625340585,20,5000,not_applicable,0,0,0,0,0,0,0,0,0,0,8.18547870824,0.482120114503,-6.74453482766,0.606089724397,-0.36251821436,0.0026596834964,0.0026596834964,771.06628951,4.54469890092,0,0.051345096177,0.051345096177,2,901
arbitrary_scm,1,shifted,20,5000,18,f9a15d24,haipw_only,restricted_omega_0,0,1.23780075259,0.612895580443,0.624905172149,0.283192533529,20,5000,not_applicable,0,0.702679410548,0,0.702679410548,0,0,0,0,0,0,8.18547870824,0.482120114503,-6.74453482766,0.606089724397,-0.36251821436,0.0026596834964,0.0026596834964,771.06628951,4.54469890092,0,0.051345096177,0.051345096177,2,901
arbitrary_scm,1,shifted,20,5000,18,f9a15d24,ppi_power_tuned_only,restricted_lambda_0,1,1.69955837095,0.612895580443,1.08666279051,0.40611404575,20,5000,not_applicable,0,0,1.20522413089,0,1.0274334942,0,0.4,0,0.4,0,8.18547870824,0.482120114503,-6.74453482766,0.606089724397,-0.36251821436,0.0026596834964,0.0026596834964,771.06628951,4.54469890092,0,0.051345096177,0.051345096177,2,901
arbitrary_scm,1,shifted,20,5000,18,f9a15d24,full_datafusionppi,joint_box_lambda_omega,1,1.34091069106,0.612895580443,0.728015110616,0.365019577605,20,5000,not_applicable,0,0.632322889267,0.720859482721,0.63795214675,0.677788450977,0.2,0.2,0,0.2,0,8.18547870824,0.482120114503,-6.74453482766,0.606089724397,-0.36251821436,0.0026596834964,0.0026596834964,771.06628951,4.54469890092,0,0.051345096177,0.051345096177,2,901
arbitrary_scm,1,shifted,20,5000,19,b12c6374,rct_aipw,fixed_lambda_0_omega_0,0,0.90995330887,0.612895580443,0.297057728426,0.558548413964,20,5000,not_applicable,0,0,0,0,0,0,0,0,0,0,6.72850824149,0.382715978214,-6.65588863567,0.992906507317,-0.317286944257,0.0159460126355,0.0159422637062,532.525933957,10.5955548598,0.0042,-0.0148152217613,-0.014672607804,1,865
arbitrary_scm,1,shifted,20,5000,19,b12c6374,haipw_only,restricted_omega_0,0,0.720116611353,0.612895580443,0.10722103091,0.199892813893,20,5000,not_applicable,0,1.05850819196,0,1.05850819196,0,0,0,0,0,0,6.72850824149,0.382715978214,-6.65588863567,0.992906507317,-0.317286944257,0.0159460126355,0.0159422637062,532.525933957,10.5955548598,0.0042,-0.0148152217613,-0.014672607804,1,865
arbitrary_scm,1,shifted,20,5000,19,b12c6374,ppi_power_tuned_only,restricted_lambda_0,1,0.649282978959,0.612895580443,0.0363873985155,0.604411850644,20,5000,not_applicable,0,0,2.38244978195,0,1.6584381805,0,0.6,0,0.6,0,6.72850824149,0.382715978214,-6.65588863567,0.992906507317,-0.317286944257,0.0159460126355,0.0159422637062,532.525933957,10.5955548598,0.0042,-0.0148152217613,-0.014672607804,1,865
arbitrary_scm,1,shifted,20,5000,19,b12c6374,full_datafusionppi,joint_box_lambda_omega,1,0.476782996333,0.612895580443,-0.136112584111,0.236998844201,20,5000,not_applicable,0,1.01574283938,1.83331810752,1.01382453362,1.7143243701,0.6,0.6,0,0.6,0,6.72850824149,0.382715978214,-6.65588863567,0.992906507317,-0.317286944257,0.0159460126355,0.0159422637062,532.525933957,10.5955548598,0.0042,-0.0148152217613,-0.014672607804,1,865
arbitrary_scm,1,shifted,30,5000,0,e0aa0495,rct_aipw,fixed_lambda_0_omega_0,0,0.93375525681,0.612895580443,0.320859676367,0.0862701000348,30,5000,not_applicable,0,0,0,0,0,0,0,0,0,0,2.28138294719,0.427947624952,-1.70306594262,-0.078394873671,0.240339101248,0.00230209029333,0.00230888134553,514.942062372,11.8168049352,0.0004,-0.201419093894,-0.201405114237,4,872
arbitrary_scm,1,shifted,30,5000,0,e0aa0495,haipw_only,restricted_omega_0,0,0.954438409419,0.612895580443,0.341542828975,0.0828381111443,30,5000,not_applicable,0,0.725938502453,0,0.725938502453,0,0,0,0,0,0,2.28138294719,0.427947624952,-1.70306594262,-0.078394873671,0.240339101248,0.00230209029333,0.00230888134553,514.942062372,11.8168049352,0.0004,-0.201419093894,-0.201405114237,4,872
arbitrary_scm,1,shifted,30,5000,0,e0aa0495,ppi_power_tuned_only,restricted_lambda_0,1,0.962794247854,0.612895580443,0.349898667411,0.0867181881511,30,5000,not_applicable,0,0,-0.198316899297,0,-0.198316899297,0,0,0,0,0,2.28138294719,0.427947624952,-1.70306594262,-0.078394873671,0.240339101248,0.00230209029333,0.00230888134553,514.942062372,11.8168049352,0.0004,-0.201419093894,-0.201405114237,4,872
arbitrary_scm,1,shifted,30,5000,0,e0aa0495,full_datafusionppi,joint_box_lambda_omega,1,0.911764232585,0.612895580443,0.298868652141,0.08894350251,30,5000,not_applicable,0,0.764879222424,0.276985238614,0.764879222424,0.276985238614,0,0,0,0,0,2.28138294719,0.427947624952,-1.70306594262,-0.078394873671,0.240339101248,0.00230209029333,0.00230888134553,514.942062372,11.8168049352,0.0004,-0.201419093894,-0.201405114237,4,872
arbitrary_scm,1,shifted,30,5000,1,d3f75dc6,rct_aipw,fixed_lambda_0_omega_0,0,0.881977989765,0.612895580443,0.269082409322,1.38437997959,30,5000,not_applicable,0,0,0,0,0,0,0,0,0,0,3.22943415835,0.428681631558,-4.01886468104,0.582619107323,-0.259822390929,0.010277557587,0.0102809409733,655.180198101,7.91317251963,0.0004,0.00438854768705,0.00439798185998,2,854
arbitrary_scm,1,shifted,30,5000,1,d3f75dc6,haipw_only,restricted_omega_0,0,0.708278490258,0.612895580443,0.0953829098151,0.258257380686,30,5000,not_applicable,0,1.26965332415,0,1.26965332415,0,0,0,0,0,0,3.22943415835,0.428681631558,-4.01886468104,0.582619107323,-0.259822390929,0.010277557587,0.0102809409733,655.180198101,7.91317251963,0.0004,0.00438854768705,0.00439798185998,2,854
arbitrary_scm,1,shifted,30,5000,1,d3f75dc6,ppi_power_tuned_only,restricted_lambda_0,1,1.05049011014,0.612895580443,0.437594529692,1.37931618151,30,5000,not_applicable,0,0,1.31081138225,0,1.25288936636,0,0.4,0,0.4,0,3.22943415835,0.428681631558,-4.01886468104,0.582619107323,-0.259822390929,0.010277557587,0.0102809409733,655.180198101,7.91317251963,0.0004,0.00438854768705,0.00439798185998,2,854
arbitrary_scm,1,shifted,30,5000,1,d3f75dc6,full_datafusionppi,joint_box_lambda_omega,1,0.750871776838,0.612895580443,0.137976196394,0.269199798636,30,5000,not_applicable,0,1.24281031484,0.711182732499,1.24281031484,0.711182732499,0,0,0,0,0,3.22943415835,0.428681631558,-4.01886468104,0.582619107323,-0.259822390929,0.010277557587,0.0102809409733,655.180198101,7.91317251963,0.0004,0.00438854768705,0.00439798185998,2,854
arbitrary_scm,1,shifted,30,5000,2,4cb6d97f,rct_aipw,fixed_lambda_0_omega_0,0,1.10493463936,0.612895580443,0.492039058915,0.119439328974,30,5000,not_applicable,0,0,0,0,0,0,0,0,0,0,6.26998829845,0.267968239932,-6.71046578859,0.346238833262,0.0161173042749,0.00474789367529,0.00474789367529,807.164264162,4.24881723388,0,0.0609553813682,0.0609553813682,3,873
arbitrary_scm,1,shifted,30,5000,2,4cb6d97f,haipw_only,restricted_omega_0,0,0.893012271701,0.612895580443,0.280116691258,0.133751648016,30,5000,not_applicable,0,0.994419443381,0,0.994419443381,0,0,0,0,0,0,6.26998829845,0.267968239932,-6.71046578859,0.346238833262,0.0161173042749,0.00474789367529,0.00474789367529,807.164264162,4.24881723388,0,0.0609553813682,0.0609553813682,3,873
arbitrary_scm,1,shifted,30,5000,2,4cb6d97f,ppi_power_tuned_only,restricted_lambda_0,1,1.04613287813,0.612895580443,0.433237297683,0.122353543333,30,5000,not_applicable,0,0,1.3039565123,0,1.3039565123,0,0,0,0,0,6.26998829845,0.267968239932,-6.71046578859,0.346238833262,0.0161173042749,0.00474789367529,0.00474789367529,807.164264162,4.24881723388,0,0.0609553813682,0.0609553813682,3,873
arbitrary_scm,1,shifted,30,5000,2,4cb6d97f,full_datafusionppi,joint_box_lambda_omega,1,0.932629251283,0.612895580443,0.31973367084,0.126889436375,30,5000,not_applicable,0,1.01473925721,1.24995877982,1.01473925721,1.24995877982,0,0,0,0,0,6.26998829845,0.267968239932,-6.71046578859,0.346238833262,0.0161173042749,0.00474789367529,0.00474789367529,807.164264162,4.24881723388,0,0.0609553813682,0.0609553813682,3,873
arbitrary_scm,1,shifted,30,5000,3,6bca3ee3,rct_aipw,fixed_lambda_0_omega_0,0,0.31523294355,0.612895580443,-0.297662636894,0.186785835227,30,5000,not_applicable,0,0,0,0,0,0,0,0,0,0,1.69239997662,0.340514836215,-1.41662306274,0.4249127387,0.0243945515777,0.00706529326156,0.00706529326156,721.524499499,5.13139484828,0,-0.0722679988022,-0.0722679988022,1,878
arbitrary_scm,1,shifted,30,5000,3,6bca3ee3,haipw_only,restricted_omega_0,0,0.0517649934341,0.612895580443,-0.561130587009,0.150375040048,30,5000,not_applicable,0,0.838281951763,0,0.838281951763,0,0,0,0,0,0,1.69239997662,0.340514836215,-1.41662306274,0.4249127387,0.0243945515777,0.00706529326156,0.00706529326156,721.524499499,5.13139484828,0,-0.0722679988022,-0.0722679988022,1,878
arbitrary_scm,1,shifted,30,5000,3,6bca3ee3,ppi_power_tuned_only,restricted_lambda_0,1,0.478302103143,0.612895580443,-0.134593477301,0.196010356664,30,5000,not_applicable,0,0,1.26385418224,0,1.18230074352,0,0.2,0,0.2,0,1.69239997662,0.340514836215,-1.41662306274,0.4249127387,0.0243945515777,0.00706529326156,0.00706529326156,721.524499499,5.13139484828,0,-0.0722679988022,-0.0722679988022,1,878
arbitrary_scm,1,shifted,30,5000,3,6bca3ee3,full_datafusionppi,joint_box_lambda_omega,1,0.194597683441,0.612895580443,-0.418297897002,0.149452239583,30,5000,not_applicable,0,0.838920066919,1.29157024358,0.840822984331,1.270818941,0.2,0.2,0,0.2,0,1.69239997662,0.340514836215,-1.41662306274,0.4249127387,0.0243945515777,0.00706529326156,0.00706529326156,721.524499499,5.13139484828,0,-0.0722679988022,-0.0722679988022,1,878
arbitrary_scm,1,shifted,30,5000,4,84738d28,rct_aipw,fixed_lambda_0_omega_0,0,0.708994534247,0.612895580443,0.0960989538032,0.237452261528,30,5000,not_applicable,0,0,0,0,0,0,0,0,0,0,4.00620083123,0.484504007255,-3.66288955125,0.558138672589,-0.180797191579,0.0186372477733,0.0186450421485,614.841271211,8.76676767451,0.001,0.0170476894396,0.0170570677802,3,881
arbitrary_scm,1,shifted,30,5000,4,84738d28,haipw_only,restricted_omega_0,0,0.671684328883,0.612895580443,0.0587887484394,0.173957806479,30,5000,not_applicable,0,0.944397354756,0,0.944397354756,0,0,0,0,0,0,4.00620083123,0.484504007255,-3.66288955125,0.558138672589,-0.180797191579,0.0186372477733,0.0186450421485,614.841271211,8.76676767451,0.001,0.0170476894396,0.0170570677802,3,881
arbitrary_scm,1,shifted,30,5000,4,84738d28,ppi_power_tuned_only,restricted_lambda_0,1,0.51629577704,0.612895580443,-0.0965998034029,0.238330967073,30,5000,not_applicable,0,0,1.17251959388,0,1.12573942792,0,0.2,0,0.2,0,4.00620083123,0.484504007255,-3.66288955125,0.558138672589,-0.180797191579,0.0186372477733,0.0186450421485,614.841271211,8.76676767451,0.001,0.0170476894396,0.0170570677802,3,881
arbitrary_scm,1,shifted,30,5000,4,84738d28,full_datafusionppi,joint_box_lambda_omega,1,0.69016735665,0.612895580443,0.0772717762064,0.173541804905,30,5000,not_applicable,0,0.919580912957,0.765378246205,0.919580912957,0.765378246205,0,0,0,0,0,4.00620083123,0.484504007255,-3.66288955125,0.558138672589,-0.180797191579,0.0186372477733,0.0186450421485,614.841271211,8.76676767451,0.001,0.0170476894396,0.0170570677802,3,881
arbitrary_scm,1,shifted,30,5000,5,0e45999f,rct_aipw,fixed_lambda_0_omega_0,0,0.635155337614,0.612895580443,0.0222597571703,0.18301161278,30,5000,not_applicable,0,0,0,0,0,0,0,0,0,0,2.73496025088,0.378824828569,-2.55977563564,0.467577716397,-0.242762117364,0.00884552581373,0.008825704523,594.21283128,8.63507819176,0.0006,0.0691298764284,0.069135773042,3,880
arbitrary_scm,1,shifted,30,5000,5,0e45999f,haipw_only,restricted_omega_0,0,0.306514933441,0.612895580443,-0.306380647002,0.182596145173,30,5000,not_applicable,0,0.874126815092,0,0.874126815092,0,0,0,0,0,0,2.73496025088,0.378824828569,-2.55977563564,0.467577716397,-0.242762117364,0.00884552581373,0.008825704523,594.21283128,8.63507819176,0.0006,0.0691298764284,0.069135773042,3,880
arbitrary_scm,1,shifted,30,5000,5,0e45999f,ppi_power_tuned_only,restricted_lambda_0,1,0.618039246485,0.612895580443,0.00514366604136,0.139122012385,30,5000,not_applicable,0,0,1.22791779077,0,1.22791779077,0,0,0,0,0,2.73496025088,0.378824828569,-2.55977563564,0.467577716397,-0.242762117364,0.00884552581373,0.008825704523,594.21283128,8.63507819176,0.0006,0.0691298764284,0.069135773042,3,880
arbitrary_scm,1,shifted,30,5000,5,0e45999f,full_datafusionppi,joint_box_lambda_omega,1,0.28646082322,0.612895580443,-0.326434757223,0.200462964372,30,5000,not_applicable,0,0.801747173948,0.735427346334,0.801747173948,0.735427346334,0,0,0,0,0,2.73496025088,0.378824828569,-2.55977563564,0.467577716397,-0.242762117364,0.00884552581373,0.008825704523,594.21283128,8.63507819176,0.0006,0.0691298764284,0.069135773042,3,880
arbitrary_scm,1,shifted,30,5000,6,94ab5b25,rct_aipw,fixed_lambda_0_omega_0,0,0.82704546899,0.612895580443,0.214149888547,0.146540863626,30,5000,not_applicable,0,0,0,0,0,0,0,0,0,0,3.32824947864,0.251806609985,-2.85475452441,0.298637272995,-0.0350721006675,0.0106239991697,0.010624039557,752.516527003,5.72019074814,0.0002,0.0294290848618,0.029429124177,3,873
arbitrary_scm,1,shifted,30,5000,6,94ab5b25,haipw_only,restricted_omega_0,0,0.644363334942,0.612895580443,0.0314677544984,0.145418016874,30,5000,not_applicable,0,0.955791480041,0,0.955791480041,0,0,0,0,0,0,3.32824947864,0.251806609985,-2.85475452441,0.298637272995,-0.0350721006675,0.0106239991697,0.010624039557,752.516527003,5.72019074814,0.0002,0.0294290848618,0.029429124177,3,873
arbitrary_scm,1,shifted,30,5000,6,94ab5b25,ppi_power_tuned_only,restricted_lambda_0,1,0.751683982497,0.612895580443,0.138788402054,0.136051081376,30,5000,not_applicable,0,0,1.129930159,0,1.129930159,0,0,0,0,0,3.32824947864,0.251806609985,-2.85475452441,0.298637272995,-0.0350721006675,0.0106239991697,0.010624039557,752.516527003,5.72019074814,0.0002,0.0294290848618,0.029429124177,3,873
arbitrary_scm,1,shifted,30,5000,6,94ab5b25,full_datafusionppi,joint_box_lambda_omega,1,0.620324772504,0.612895580443,0.00742919206069,0.159918358932,30,5000,not_applicable,0,0.978483380925,1.33349750392,0.972092869787,1.28308460726,0.2,0.2,0,0.2,0,3.32824947864,0.251806609985,-2.85475452441,0.298637272995,-0.0350721006675,0.0106239991697,0.010624039557,752.516527003,5.72019074814,0.0002,0.0294290848618,0.029429124177,3,873
arbitrary_scm,1,shifted,30,5000,7,b13090d2,rct_aipw,fixed_lambda_0_omega_0,0,0.0489089406841,0.612895580443,-0.563986639759,0.0940697432569,30,5000,not_applicable,0,0,0,0,0,0,0,0,0,0,2.64201691464,0.268946415836,-2.439921695,0.343660905938,0.181460523085,0.00368720605047,0.00340941033637,495.347789317,11.7581509105,0.0012,-0.118839116132,-0.118618125696,2,894
arbitrary_scm,1,shifted,30,5000,7,b13090d2,haipw_only,restricted_omega_0,0,0.0279250053751,0.612895580443,-0.584970575068,0.113197202071,30,5000,not_applicable,0,0.886506627994,0,0.886506627994,0,0,0,0,0,0,2.64201691464,0.268946415836,-2.439921695,0.343660905938,0.181460523085,0.00368720605047,0.00340941033637,495.347789317,11.7581509105,0.0012,-0.118839116132,-0.118618125696,2,894
arbitrary_scm,1,shifted,30,5000,7,b13090d2,ppi_power_tuned_only,restricted_lambda_0,1,0.0259642531739,0.612895580443,-0.586931327269,0.096261903077,30,5000,not_applicable,0,0,1.36091609336,0,1.12562684856,0,0.4,0,0.4,0,2.64201691464,0.268946415836,-2.439921695,0.343660905938,0.181460523085,0.00368720605047,0.00340941033637,495.347789317,11.7581509105,0.0012,-0.118839116132,-0.118618125696,2,894
arbitrary_scm,1,shifted,30,5000,7,b13090d2,full_datafusionppi,joint_box_lambda_omega,1,-0.0541378413169,0.612895580443,-0.66703342176,0.086626913589,30,5000,not_applicable,0,1.00162753496,1.84582812265,1.00020849394,1.68918322197,0.2,0.2,0,0.2,0,2.64201691464,0.268946415836,-2.439921695,0.343660905938,0.181460523085,0.00368720605047,0.00340941033637,495.347789317,11.7581509105,0.0012,-0.118839116132,-0.118618125696,2,894
arbitrary_scm,1,shifted,30,5000,8,498d3f66,rct_aipw,fixed_lambda_0_omega_0,0,0.432597409411,0.612895580443,-0.180298171032,0.137014715247,30,5000,not_applicable,0,0,0,0,0,0,0,0,0,0,2.81823393484,0.265454468851,-2.78871135112,0.236344558884,-0.0937774353395,0.0142259129769,0.0142259129769,681.306391847,6.85408670161,0,0.145004487797,0.145004487797,3,896
arbitrary_scm,1,shifted,30,5000,8,498d3f66,haipw_only,restricted_omega_0,0,0.420925328737,0.612895580443,-0.191970251707,0.10366384528,30,5000,not_applicable,0,0.987143652645,0,0.987143652645,0,0,0,0,0,0,2.81823393484,0.265454468851,-2.78871135112,0.236344558884,-0.0937774353395,0.0142259129769,0.0142259129769,681.306391847,6.85408670161,0,0.145004487797,0.145004487797,3,896
arbitrary_scm,1,shifted,30,5000,8,498d3f66,ppi_power_tuned_only,restricted_lambda_0,1,0.587036504031,0.612895580443,-0.0258590764128,0.15399494609,30,5000,not_applicable,0,0,0.899783105421,0,0.887026203705,0,0.2,0,0.2,0,2.81823393484,0.265454468851,-2.78871135112,0.236344558884,-0.0937774353395,0.0142259129769,0.0142259129769,681.306391847,6.85408670161,0,0.145004487797,0.145004487797,3,896
arbitrary_scm,1,shifted,30,5000,8,498d3f66,full_datafusionppi,joint_box_lambda_omega,1,0.390479167314,0.612895580443,-0.22241641313,0.106500528756,30,5000,not_applicable,0,0.974100762109,0.534949803413,0.974100762109,0.534949803413,0,0,0,0,0,2.81823393484,0.265454468851,-2.78871135112,0.236344558884,-0.0937774353395,0.0142259129769,0.0142259129769,681.306391847,6.85408670161,0,0.145004487797,0.145004487797,3,896
arbitrary_scm,1,shifted,30,5000,9,915a858a,rct_aipw,fixed_lambda_0_omega_0,0,-0.120561103994,0.612895580443,-0.733456684437,0.519217413947,30,5000,not_applicable,0,0,0,0,0,0,0,0,0,0,6.86329033053,0.363128423509,-7.616362545,0.843320352004,-0.262423440303,0.00516411498014,0.00516427435991,571.184351673,8.80273315652,0.0002,-0.182837056241,-0.182836725404,4,874
arbitrary_scm,1,shifted,30,5000,9,915a858a,haipw_only,restricted_omega_0,0,0.443473675115,0.612895580443,-0.169421905329,0.213647441646,30,5000,not_applicable,0,1.12440068939,0,1.12440068939,0,0,0,0,0,0,6.86329033053,0.363128423509,-7.616362545,0.843320352004,-0.262423440303,0.00516411498014,0.00516427435991,571.184351673,8.80273315652,0.0002,-0.182837056241,-0.182836725404,4,874
arbitrary_scm,1,shifted,30,5000,9,915a858a,ppi_power_tuned_only,restricted_lambda_0,1,0.125531941152,0.612895580443,-0.487363639291,0.430740010449,30,5000,not_applicable,0,0,2.05695072841,0,1.26015839154,0,0.8,0,0.8,0,6.86329033053,0.363128423509,-7.616362545,0.843320352004,-0.262423440303,0.00516411498014,0.00516427435991,571.184351673,8.80273315652,0.0002,-0.182837056241,-0.182836725404,4,874
arbitrary_scm,1,shifted,30,5000,9,915a858a,full_datafusionppi,joint_box_lambda_omega,1,0.595809125373,0.612895580443,-0.0170864550708,0.188524135406,30,5000,not_applicable,0,1.04124314561,1.42702334675,1.04124314561,1.42702334675,0,0,0,0,0,6.86329033053,0.363128423509,-7.616362545,0.843320352004,-0.262423440303,0.00516411498014,0.00516427435991,571.184351673,8.80273315652,0.0002,-0.182837056241,-0.182836725404,4,874
arbitrary_scm,1,shifted,30,5000,10,9823e9ea,rct_aipw,fixed_lambda_0_omega_0,0,1.04913285265,0.612895580443,0.436237272204,0.244485751695,30,5000,not_applicable,0,0,0,0,0,0,0,0,0,0,5.2300439503,0.232788187233,-5.81681642391,0.125184746161,-0.168658167645,0.00900048710706,0.00900048710706,755.269293219,5.02212095594,0,0.0698930324665,0.0698930324665,3,858
arbitrary_scm,1,shifted,30,5000,10,9823e9ea,haipw_only,restricted_omega_0,0,0.810921448186,0.612895580443,0.198025867743,0.124203930871,30,5000,not_applicable,0,1.1404855019,0,1.1404855019,0,0,0,0,0,0,5.2300439503,0.232788187233,-5.81681642391,0.125184746161,-0.168658167645,0.00900048710706,0.00900048710706,755.269293219,5.02212095594,0,0.0698930324665,0.0698930324665,3,858
arbitrary_scm,1,shifted,30,5000,10,9823e9ea,ppi_power_tuned_only,restricted_lambda_0,1,1.11961663794,0.612895580443,0.506721057493,0.268952913157,30,5000,not_applicable,0,0,0.812824725346,0,0.551754119004,0,0.2,0,0.2,0,5.2300439503,0.232788187233,-5.81681642391,0.125184746161,-0.168658167645,0.00900048710706,0.00900048710706,755.269293219,5.02212095594,0,0.0698930324665,0.0698930324665,3,858
arbitrary_scm,1,shifted,30,5000,10,9823e9ea,full_datafusionppi,joint_box_lambda_omega,1,0.762660612778,0.612895580443,0.149765032335,0.176752501283,30,5000,not_applicable,0,1.19768847573,-0.323373031337,1.19768847573,-0.323373031337,0,0,0,0,0,5.2300439503,0.232788187233,-5.81681642391,0.125184746161,-0.168658167645,0.00900048710706,0.00900048710706,755.269293219,5.02212095594,0,0.0698930324665,0.0698930324665,3,858
arbitrary_scm,1,shifted,30,5000,11,7a9dc115,rct_aipw,fixed_lambda_0_omega_0,0,0.271935560628,0.612895580443,-0.340960019815,0.190547373962,30,5000,not_applicable,0,0,0,0,0,0,0,0,0,0,4.28422450488,0.433064170645,-2.45548690696,0.258474120408,-0.141581920278,0.009250260258,0.009250260258,789.602905924,5.10707767299,0,0.0561336003373,0.0561336003373,3,890
arbitrary_scm,1,shifted,30,5000,11,7a9dc115,haipw_only,restricted_omega_0,0,0.372833137956,0.612895580443,-0.240062442488,0.146096093337,30,5000,not_applicable,0,0.632646303403,0,0.632646303403,0,0,0,0,0,0,4.28422450488,0.433064170645,-2.45548690696,0.258474120408,-0.141581920278,0.009250260258,0.009250260258,789.602905924,5.10707767299,0,0.0561336003373,0.0561336003373,3,890
arbitrary_scm,1,shifted,30,5000,11,7a9dc115,ppi_power_tuned_only,restricted_lambda_0,1,0.289185468511,0.612895580443,-0.323710111932,0.256053338863,30,5000,not_applicable,0,0,0.545093978754,0,0.545093978754,0,0,0,0,0,4.28422450488,0.433064170645,-2.45548690696,0.258474120408,-0.141581920278,0.009250260258,0.009250260258,789.602905924,5.10707767299,0,0.0561336003373,0.0561336003373,3,890
arbitrary_scm,1,shifted,30,5000,11,7a9dc115,full_datafusionppi,joint_box_lambda_omega,1,0.320792469671,0.612895580443,-0.292103110773,0.175892495591,30,5000,not_applicable,0,0.567132625664,0.366326230568,0.567132625664,0.366326230568,0,0,0,0,0,4.28422450488,0.433064170645,-2.45548690696,0.258474120408,-0.141581920278,0.009250260258,0.009250260258,789.602905924,5.10707767299,0,0.0561336003373,0.0561336003373,3,890
arbitrary_scm,1,shifted,30,5000,12,b5581e24,rct_aipw,fixed_lambda_0_omega_0,0,1.82320941505,0.612895580443,1.21031383461,0.269481690012,30,5000,not_applicable,0,0,0,0,0,0,0,0,0,0,4.79627813637,0.341352939951,-4.06410464036,-0.00960865799946,0.220289897692,0.00493608488345,0.00467040645024,504.453669418,11.8771335412,0.001,-0.107517766054,-0.107210801678,4,868
arbitrary_scm,1,shifted,30,5000,12,b5581e24,haipw_only,restricted_omega_0,0,0.827680717321,0.612895580443,0.214785136877,0.250524522198,30,5000,not_applicable,0,0.803494604804,0,0.803494604804,0,0,0,0,0,0,4.79627813637,0.341352939951,-4.06410464036,-0.00960865799946,0.220289897692,0.00493608488345,0.00467040645024,504.453669418,11.8771335412,0.001,-0.107517766054,-0.107210801678,4,868
arbitrary_scm,1,shifted,30,5000,12,b5581e24,ppi_power_tuned_only,restricted_lambda_0,1,1.82493187398,0.612895580443,1.21203629353,0.271155779275,30,5000,not_applicable,0,0,-0.0520863674723,0,-0.0520863674723,0,0,0,0,0,4.79627813637,0.341352939951,-4.06410464036,-0.00960865799946,0.220289897692,0.00493608488345,0.00467040645024,504.453669418,11.8771335412,0.001,-0.107517766054,-0.107210801678,4,868
arbitrary_scm,1,shifted,30,5000,12,b5581e24,full_datafusionppi,joint_box_lambda_omega,1,0.734479936057,0.612895580443,0.121584355614,0.269412160422,30,5000,not_applicable,0,0.837441850625,0.359772433623,0.837441850625,0.359772433623,0,0,0,0,0,4.79627813637,0.341352939951,-4.06410464036,-0.00960865799946,0.220289897692,0.00493608488345,0.00467040645024,504.453669418,11.8771335412,0.001,-0.107517766054,-0.107210801678,4,868
arbitrary_scm,1,shifted,30,5000,13,e9c0d4ae,rct_aipw,fixed_lambda_0_omega_0,0,1.43533906795,0.612895580443,0.822443487502,0.267174065767,30,5000,not_applicable,0,0,0,0,0,0,0,0,0,0,4.70026498364,0.370793264254,-4.40437173609,0.0958341857746,0.298686757775,0.019923540636,0.019923540636,796.753860424,4.67282090725,0,0.129351855368,0.129351855368,4,871
arbitrary_scm,1,shifted,30,5000,13,e9c0d4ae,haipw_only,restricted_omega_0,0,1.08665237379,0.612895580443,0.473756793344,0.156350569274,30,5000,not_applicable,0,0.942976850031,0,0.942976850031,0,0,0,0,0,0,4.70026498364,0.370793264254,-4.40437173609,0.0958341857746,0.298686757775,0.019923540636,0.019923540636,796.753860424,4.67282090725,0,0.129351855368,0.129351855368,4,871
arbitrary_scm,1,shifted,30,5000,13,e9c0d4ae,ppi_power_tuned_only,restricted_lambda_0,1,1.31904342237,0.612895580443,0.706147841927,0.283996006556,30,5000,not_applicable,0,0,0.288169559319,0,0.288169559319,0,0,0,0,0,4.70026498364,0.370793264254,-4.40437173609,0.0958341857746,0.298686757775,0.019923540636,0.019923540636,796.753860424,4.67282090725,0,0.129351855368,0.129351855368,4,871
arbitrary_scm,1,shifted,30,5000,13,e9c0d4ae,full_datafusionppi,joint_box_lambda_omega,1,1.07486235106,0.612895580443,0.461966770616,0.138957837112,30,5000,not_applicable,0,1.01567402144,1.05339808163,1.01567402144,1.05339808163,0,0,0,0,0,4.70026498364,0.370793264254,-4.40437173609,0.0958341857746,0.298686757775,0.019923540636,0.019923540636,796.753860424,4.67282090725,0,0.129351855368,0.129351855368,4,871
arbitrary_scm,1,shifted,30,5000,14,bb77ef9b,rct_aipw,fixed_lambda_0_omega_0,0,-0.0210455296355,0.612895580443,-0.633941110079,0.456143066955,30,5000,not_applicable,0,0,0,0,0,0,0,0,0,0,4.45630429735,0.52866104264,-5.37262971141,1.31736625658,-0.360091240658,0.0134417433675,0.0134417433675,750.118100448,5.22819429591,0,-0.0371133931343,-0.0371133931343,4,836
arbitrary_scm,1,shifted,30,5000,14,bb77ef9b,haipw_only,restricted_omega_0,0,-0.0166792917009,0.612895580443,-0.629574872144,0.198507618072,30,5000,not_applicable,0,1.11608563503,0,1.11608563503,0,0,0,0,0,0,4.45630429735,0.52866104264,-5.37262971141,1.31736625658,-0.360091240658,0.0134417433675,0.0134417433675,750.118100448,5.22819429591,0,-0.0371133931343,-0.0371133931343,4,836
arbitrary_scm,1,shifted,30,5000,14,bb77ef9b,ppi_power_tuned_only,restricted_lambda_0,1,0.0209853391421,0.612895580443,-0.591910241301,0.305380089287,30,5000,not_applicable,0,0,2.44721239007,0,1.91107491795,0,0.8,0,0.8,0,4.45630429735,0.52866104264,-5.37262971141,1.31736625658,-0.360091240658,0.0134417433675,0.0134417433675,750.118100448,5.22819429591,0,-0.0371133931343,-0.0371133931343,4,836
arbitrary_scm,1,shifted,30,5000,14,bb77ef9b,full_datafusionppi,joint_box_lambda_omega,1,0.0998154561935,0.612895580443,-0.51308012425,0.123044390601,30,5000,not_applicable,0,1.01943316113,1.72191307703,1.01943316113,1.72191307703,0,0,0,0,0,4.45630429735,0.52866104264,-5.37262971141,1.31736625658,-0.360091240658,0.0134417433675,0.0134417433675,750.118100448,5.22819429591,0,-0.0371133931343,-0.0371133931343,4,836
arbitrary_scm,1,shifted,30,5000,15,7576087c,rct_aipw,fixed_lambda_0_omega_0,0,0.46643966178,0.612895580443,-0.146455918664,0.174929080252,30,5000,not_applicable,0,0,0,0,0,0,0,0,0,0,5.27565479098,0.23976726498,-4.25835059469,0.300363278284,0.0489239908019,0.0136844742522,0.0136844742522,797.295109553,4.22877182401,0,0.001833930892,0.001833930892,2,864
arbitrary_scm,1,shifted,30,5000,15,7576087c,haipw_only,restricted_omega_0,0,0.54456506084,0.612895580443,-0.068330519603,0.152728032262,30,5000,not_applicable,0,0.797402274859,0,0.797402274859,0,0,0,0,0,0,5.27565479098,0.23976726498,-4.25835059469,0.300363278284,0.0489239908019,0.0136844742522,0.0136844742522,797.295109553,4.22877182401,0,0.001833930892,0.001833930892,2,864
arbitrary_scm,1,shifted,30,5000,15,7576087c,ppi_power_tuned_only,restricted_lambda_0,1,0.556285956425,0.612895580443,-0.0566096240185,0.189666060831,30,5000,not_applicable,0,0,1.44483726135,0,1.18359488512,0,0.4,0,0.4,0,5.27565479098,0.23976726498,-4.25835059469,0.300363278284,0.0489239908019,0.0136844742522,0.0136844742522,797.295109553,4.22877182401,0,0.001833930892,0.001833930892,2,864
arbitrary_scm,1,shifted,30,5000,15,7576087c,full_datafusionppi,joint_box_lambda_omega,1,0.785008563658,0.612895580443,0.172112983215,0.152596502441,30,5000,not_applicable,0,0.804528079866,1.49736927325,0.806664500746,1.41173406272,0.2,0.2,0,0.2,0,5.27565479098,0.23976726498,-4.25835059469,0.300363278284,0.0489239908019,0.0136844742522,0.0136844742522,797.295109553,4.22877182401,0,0.001833930892,0.001833930892,2,864
arbitrary_scm,1,shifted,30,5000,16,e170509f,rct_aipw,fixed_lambda_0_omega_0,0,0.0411026379569,0.612895580443,-0.571792942486,0.13558288429,30,5000,not_applicable,0,0,0,0,0,0,0,0,0,0,3.62276746708,0.43827142911,-2.67589760043,0.331254503161,0.394383607698,0.00647983352769,0.00648559788764,594.116146108,8.03918754924,0.001,0.0123810273907,0.0123970392393,3,878
arbitrary_scm,1,shifted,30,5000,16,e170509f,haipw_only,restricted_omega_0,0,0.24606920675,0.612895580443,-0.366826373693,0.135140360942,30,5000,not_applicable,0,0.636022575881,0,0.636022575881,0,0,0,0,0,0,3.62276746708,0.43827142911,-2.67589760043,0.331254503161,0.394383607698,0.00647983352769,0.00648559788764,594.116146108,8.03918754924,0.001,0.0123810273907,0.0123970392393,3,878
arbitrary_scm,1,shifted,30,5000,16,e170509f,ppi_power_tuned_only,restricted_lambda_0,1,0.0792224069493,0.612895580443,-0.533673173494,0.151326833956,30,5000,not_applicable,0,0,0.740819772821,0,0.740819772821,0,0,0,0,0,3.62276746708,0.43827142911,-2.67589760043,0.331254503161,0.394383607698,0.00647983352769,0.00648559788764,594.116146108,8.03918754924,0.001,0.0123810273907,0.0123970392393,3,878
arbitrary_scm,1,shifted,30,5000,16,e170509f,full_datafusionppi,joint_box_lambda_omega,1,0.34206871072,0.612895580443,-0.270826869723,0.135910282222,30,5000,not_applicable,0,0.853435397246,1.52128024543,0.850258463433,1.50327607205,0.2,0.2,0,0.2,0,3.62276746708,0.43827142911,-2.67589760043,0.331254503161,0.394383607698,0.00647983352769,0.00648559788764,594.116146108,8.03918754924,0.001,0.0123810273907,0.0123970392393,3,878
arbitrary_scm,1,shifted,30,5000,17,ab5f1fff,rct_aipw,fixed_lambda_0_omega_0,0,0.260270212226,0.612895580443,-0.352625368218,0.26756017184,30,5000,not_applicable,0,0,0,0,0,0,0,0,0,0,2.84370828939,0.344291984488,-3.58219559106,0.179221415154,-0.0148916459669,0.00380132783318,0.00376836831987,556.867913294,10.2262894102,0.0006,-0.0784161095134,-0.0784263604331,3,881
arbitrary_scm,1,shifted,30,5000,17,ab5f1fff,haipw_only,restricted_omega_0,0,0.38936641588,0.612895580443,-0.223529164563,0.108678161532,30,5000,not_applicable,0,1.29973329538,0,1.29973329538,0,0,0,0,0,0,2.84370828939,0.344291984488,-3.58219559106,0.179221415154,-0.0148916459669,0.00380132783318,0.00376836831987,556.867913294,10.2262894102,0.0006,-0.0784161095134,-0.0784263604331,3,881
arbitrary_scm,1,shifted,30,5000,17,ab5f1fff,ppi_power_tuned_only,restricted_lambda_0,1,0.296318145263,0.612895580443,-0.31657743518,0.269672543558,30,5000,not_applicable,0,0,0.50154242619,0,0.50154242619,0,0,0,0,0,2.84370828939,0.344291984488,-3.58219559106,0.179221415154,-0.0148916459669,0.00380132783318,0.00376836831987,556.867913294,10.2262894102,0.0006,-0.0784161095134,-0.0784263604331,3,881
arbitrary_scm,1,shifted,30,5000,17,ab5f1fff,full_datafusionppi,joint_box_lambda_omega,1,0.438860662743,0.612895580443,-0.1740349177,0.105643026713,30,5000,not_applicable,0,1.30638204067,0.542435086249,1.30638204067,0.542435086249,0,0,0,0,0,2.84370828939,0.344291984488,-3.58219559106,0.179221415154,-0.0148916459669,0.00380132783318,0.00376836831987,556.867913294,10.2262894102,0.0006,-0.0784161095134,-0.0784263604331,3,881
arbitrary_scm,1,shifted,30,5000,18,c9811a1b,rct_aipw,fixed_lambda_0_omega_0,0,0.197385977411,0.612895580443,-0.415509603032,0.188649209428,30,5000,not_applicable,0,0,0,0,0,0,0,0,0,0,5.67134820743,0.501682347315,-5.31156679246,0.826279459394,-0.152298759067,0.00260197287433,0.0026392308179,450.80985399,12.0215036461,0.003,-0.207386488899,-0.207310686797,2,892
arbitrary_scm,1,shifted,30,5000,18,c9811a1b,haipw_only,restricted_omega_0,0,-0.284165106176,0.612895580443,-0.89706068662,0.20736243266,30,5000,not_applicable,0,1.01260779542,0,1.01260779542,0,0,0,0,0,0,5.67134820743,0.501682347315,-5.31156679246,0.826279459394,-0.152298759067,0.00260197287433,0.0026392308179,450.80985399,12.0215036461,0.003,-0.207386488899,-0.207310686797,2,892
arbitrary_scm,1,shifted,30,5000,18,c9811a1b,ppi_power_tuned_only,restricted_lambda_0,1,0.222710308777,0.612895580443,-0.390185271667,0.179980409228,30,5000,not_applicable,0,0,1.6371203319,0,1.53378721605,0,0.2,0,0.2,0,5.67134820743,0.501682347315,-5.31156679246,0.826279459394,-0.152298759067,0.00260197287433,0.0026392308179,450.80985399,12.0215036461,0.003,-0.207386488899,-0.207310686797,2,892
arbitrary_scm,1,shifted,30,5000,18,c9811a1b,full_datafusionppi,joint_box_lambda_omega,1,-0.22350113226,0.612895580443,-0.836396712703,0.190215509238,30,5000,not_applicable,0,0.955196050108,1.36663879097,0.955671837283,1.34292608117,0.2,0.2,0,0.2,0,5.67134820743,0.501682347315,-5.31156679246,0.826279459394,-0.152298759067,0.00260197287433,0.0026392308179,450.80985399,12.0215036461,0.003,-0.207386488899,-0.207310686797,2,892
arbitrary_scm,1,shifted,30,5000,19,63663d58,rct_aipw,fixed_lambda_0_omega_0,0,0.376493909577,0.612895580443,-0.236401670866,0.0759517200655,30,5000,not_applicable,0,0,0,0,0,0,0,0,0,0,1.99276513066,0.296074207608,-1.78991854318,0.204731022679,-0.0420412164078,0.0103783477576,0.0103783477576,797.180644511,3.79838054421,0,0.0675716869096,0.0675716869096,3,868
arbitrary_scm,1,shifted,30,5000,19,63663d58,haipw_only,restricted_omega_0,0,0.431994568975,0.612895580443,-0.180901011469,0.0828871553414,30,5000,not_applicable,0,0.881880442887,0,0.881880442887,0,0,0,0,0,0,1.99276513066,0.296074207608,-1.78991854318,0.204731022679,-0.0420412164078,0.0103783477576,0.0103783477576,797.180644511,3.79838054421,0,0.0675716869096,0.0675716869096,3,868
arbitrary_scm,1,shifted,30,5000,19,63663d58,ppi_power_tuned_only,restricted_lambda_0,1,0.443779828033,0.612895580443,-0.169115752411,0.070526590114,30,5000,not_applicable,0,0,0.707179513488,0,0.707179513488,0,0,0,0,0,1.99276513066,0.296074207608,-1.78991854318,0.204731022679,-0.0420412164078,0.0103783477576,0.0103783477576,797.180644511,3.79838054421,0,0.0675716869096,0.0675716869096,3,868
arbitrary_scm,1,shifted,30,5000,19,63663d58,full_datafusionppi,joint_box_lambda_omega,1,0.491999607608,0.612895580443,-0.120895972835,0.0810294012476,30,5000,not_applicable,0,0.867313813498,0.621654159649,0.867313813498,0.621654159649,0,0,0,0,0,1.99276513066,0.296074207608,-1.78991854318,0.204731022679,-0.0420412164078,0.0103783477576,0.0103783477576,797.180644511,3.79838054421,0,0.0675716869096,0.0675716869096,3,868
arbitrary_scm,2,shared,20,5000,0,62acafba,rct_aipw,fixed_lambda_0_omega_0,0,0.371966909117,0.517783864702,-0.145816955585,0.776550718935,20,5000,not_applicable,0,0,0,0,0,0,0,0,0,0,6.44436300926,0.560072874343,-6.11353896867,0.511516563766,0.526075498684,0.00583840490856,0.00583840490856,889.542585685,2.90364556803,0,-0.0548411503504,-0.0548411503504,2,963
arbitrary_scm,2,shared,20,5000,0,62acafba,haipw_only,restricted_omega_0,0,1.60184809101,0.517783864702,1.08406422631,0.369851112328,20,5000,not_applicable,0,0.927594743364,0,0.927594743364,0,0,0,0,0,0,6.44436300926,0.560072874343,-6.11353896867,0.511516563766,0.526075498684,0.00583840490856,0.00583840490856,889.542585685,2.90364556803,0,-0.0548411503504,-0.0548411503504,2,963
arbitrary_scm,2,shared,20,5000,0,62acafba,ppi_power_tuned_only,restricted_lambda_0,1,0.343317198247,0.517783864702,-0.174466666455,0.780428925185,20,5000,not_applicable,0,0,0.893933127676,0,0.893933127676,0,0,0,0,0,6.44436300926,0.560072874343,-6.11353896867,0.511516563766,0.526075498684,0.00583840490856,0.00583840490856,889.542585685,2.90364556803,0,-0.0548411503504,-0.0548411503504,2,963
arbitrary_scm,2,shared,20,5000,0,62acafba,full_datafusionppi,joint_box_lambda_omega,1,1.48545667592,0.517783864702,0.967672811222,0.361006687722,20,5000,not_applicable,0,1.12750958668,1.79800846565,1.10066803554,1.61137070818,0.6,0.6,0,0.6,0,6.44436300926,0.560072874343,-6.11353896867,0.511516563766,0.526075498684,0.00583840490856,0.00583840490856,889.542585685,2.90364556803,0,-0.0548411503504,-0.0548411503504,2,963
arbitrary_scm,2,shared,20,5000,1,4fced9d3,rct_aipw,fixed_lambda_0_omega_0,0,0.645158878313,0.517783864702,0.127375013612,0.62882082204,20,5000,not_applicable,0,0,0,0,0,0,0,0,0,0,13.7243470211,0.503407049469,-14.2216920891,0.98607882801,-0.310749595071,0.00747671445867,0.00747671445867,688.721561055,6.50573539633,0,-0.204453308807,-0.204453308807,2,975
arbitrary_scm,2,shared,20,5000,1,4fced9d3,haipw_only,restricted_omega_0,0,1.2930692669,0.517783864702,0.775285402203,0.273319211318,20,5000,not_applicable,0,1.12212926124,0,1.12212926124,0,0,0,0,0,0,13.7243470211,0.503407049469,-14.2216920891,0.98607882801,-0.310749595071,0.00747671445867,0.00747671445867,688.721561055,6.50573539633,0,-0.204453308807,-0.204453308807,2,975
arbitrary_scm,2,shared,20,5000,1,4fced9d3,ppi_power_tuned_only,restricted_lambda_0,1,0.494620385905,0.517783864702,-0.0231634787964,0.500562956497,20,5000,not_applicable,0,0,1.90013169875,0,1.60613523488,0,0.6,0,0.6,0,13.7243470211,0.503407049469,-14.2216920891,0.98607882801,-0.310749595071,0.00747671445867,0.00747671445867,688.721561055,6.50573539633,0,-0.204453308807,-0.204453308807,2,975
arbitrary_scm,2,shared,20,5000,1,4fced9d3,full_datafusionppi,joint_box_lambda_omega,1,1.40700289843,0.517783864702,0.889219033732,0.323048678549,20,5000,not_applicable,0,1.05553744107,1.45372304333,1.05553744107,1.45372304333,0,0,0,0,0,13.7243470211,0.503407049469,-14.2216920891,0.98607882801,-0.310749595071,0.00747671445867,0.00747671445867,688.721561055,6.50573539633,0,-0.204453308807,-0.204453308807,2,975
arbitrary_scm,2,shared,20,5000,2,d1bd8289,rct_aipw,fixed_lambda_0_omega_0,0,0.249070596829,0.517783864702,-0.268713267873,0.384473458462,20,5000,not_applicable,0,0,0,0,0,0,0,0,0,0,3.07664471205,0.718648569136,-2.093725546,0.228705087546,-0.201156972897,0.00944028523049,0.00944028523049,887.496752562,2.67805529766,0,0.102742350247,0.102742350247,0,962
arbitrary_scm,2,shared,20,5000,2,d1bd8289,haipw_only,restricted_omega_0,0,0.300695721005,0.517783864702,-0.217088143697,0.420722773384,20,5000,not_applicable,0,0.428770437859,0,0.428770437859,0,0,0,0,0,0,3.07664471205,0.718648569136,-2.093725546,0.228705087546,-0.201156972897,0.00944028523049,0.00944028523049,887.496752562,2.67805529766,0,0.102742350247,0.102742350247,0,962
arbitrary_scm,2,shared,20,5000,2,d1bd8289,ppi_power_tuned_only,restricted_lambda_0,1,0.284835621596,0.517783864702,-0.232948243105,0.373461948002,20,5000,not_applicable,0,0,0.308080627241,0,0.308080627241,0,0,0,0,0,3.07664471205,0.718648569136,-2.093725546,0.228705087546,-0.201156972897,0.00944028523049,0.00944028523049,887.496752562,2.67805529766,0,0.102742350247,0.102742350247,0,962
arbitrary_scm,2,shared,20,5000,2,d1bd8289,full_datafusionppi,joint_box_lambda_omega,1,0.352220578143,0.517783864702,-0.165563286558,0.386665537464,20,5000,not_applicable,0,0.477537989016,-0.0243822919677,0.477537989016,-0.0243822919677,0,0,0,0,0,3.07664471205,0.718648569136,-2.093725546,0.228705087546,-0.201156972897,0.00944028523049,0.00944028523049,887.496752562,2.67805529766,0,0.102742350247,0.102742350247,0,962
arbitrary_scm,2,shared,20,5000,3,6b4b3741,rct_aipw,fixed_lambda_0_omega_0,0,0.514501345799,0.517783864702,-0.00328251890249,0.501385994373,20,5000,not_applicable,0,0,0,0,0,0,0,0,0,0,5.76918867004,0.393963219245,-5.8918436812,0.948319579085,-0.463710236726,0.0056139024901,0.0056139024901,814.367196156,3.89497928365,0,-0.0181812627315,-0.0181812627315,1,945
arbitrary_scm,2,shared,20,5000,3,6b4b3741,haipw_only,restricted_omega_0,0,0.738639309292,0.517783864702,0.220855444591,0.27346853838,20,5000,not_applicable,0,1.33366490228,0,1.33366490228,0,0,0,0,0,0,5.76918867004,0.393963219245,-5.8918436812,0.948319579085,-0.463710236726,0.0056139024901,0.0056139024901,814.367196156,3.89497928365,0,-0.0181812627315,-0.0181812627315,1,945
arbitrary_scm,2,shared,20,5000,3,6b4b3741,ppi_power_tuned_only,restricted_lambda_0,1,0.589906296702,0.517783864702,0.0721224320001,0.493128666252,20,5000,not_applicable,0,0,2.53303913871,0,1.41973394234,0,0.6,0,0.6,0,5.76918867004,0.393963219245,-5.8918436812,0.948319579085,-0.463710236726,0.0056139024901,0.0056139024901,814.367196156,3.89497928365,0,-0.0181812627315,-0.0181812627315,1,945
arbitrary_scm,2,shared,20,5000,3,6b4b3741,full_datafusionppi,joint_box_lambda_omega,1,0.720421096857,0.517783864702,0.202637232155,0.30390799254,20,5000,not_applicable,0,1.15575521866,1.58711105685,1.17671980346,1.4483755938,0.6,0.6,0,0.6,0,5.76918867004,0.393963219245,-5.8918436812,0.948319579085,-0.463710236726,0.0056139024901,0.0056139024901,814.367196156,3.89497928365,0,-0.0181812627315,-0.0181812627315,1,945
arbitrary_scm,2,shared,20,5000,4,9bdbfda0,rct_aipw,fixed_lambda_0_omega_0,0,2.03248177188,0.517783864702,1.51469790718,0.764463038974,20,5000,not_applicable,0,0,0,0,0,0,0,0,0,0,6.24941950367,1.07531287685,-6.03021554537,-0.101891845448,0.861227973585,0.0258646484226,0.0258646484226,930.944703467,2.56961881019,0,-0.0420560163046,-0.0420560163046,2,924
arbitrary_scm,2,shared,20,5000,4,9bdbfda0,haipw_only,restricted_omega_0,0,1.56279300955,0.517783864702,1.04500914485,0.365528421658,20,5000,not_applicable,0,0.90165539324,0,0.90165539324,0,0,0,0,0,0,6.24941950367,1.07531287685,-6.03021554537,-0.101891845448,0.861227973585,0.0258646484226,0.0258646484226,930.944703467,2.56961881019,0,-0.0420560163046,-0.0420560163046,2,924
arbitrary_scm,2,shared,20,5000,4,9bdbfda0,ppi_power_tuned_only,restricted_lambda_0,1,2.20646413512,0.517783864702,1.68868027041,0.773464086942,20,5000,not_applicable,0,0,0.0601206837386,0,0.0601206837386,0,0,0,0,0,6.24941950367,1.07531287685,-6.03021554537,-0.101891845448,0.861227973585,0.0258646484226,0.0258646484226,930.944703467,2.56961881019,0,-0.0420560163046,-0.0420560163046,2,924
arbitrary_scm,2,shared,20,5000,4,9bdbfda0,full_datafusionppi,joint_box_lambda_omega,1,1.44906480748,0.517783864702,0.931280942783,0.278344595514,20,5000,not_applicable,0,1.04480655967,0.70873566641,1.04480655967,0.70873566641,0,0,0,0,0,6.24941950367,1.07531287685,-6.03021554537,-0.101891845448,0.861227973585,0.0258646484226,0.0258646484226,930.944703467,2.56961881019,0,-0.0420560163046,-0.0420560163046,2,924
arbitrary_scm,2,shared,20,5000,5,5862d0c6,rct_aipw,fixed_lambda_0_omega_0,0,-1.14741282515,0.517783864702,-1.66519668985,1.44103241771,20,5000,not_applicable,0,0,0,0,0,0,0,0,0,0,12.344374898,0.430675218726,-13.8292692372,1.61566308873,-1.20159230785,0.00220749486897,0.00220749486897,768.516108138,4.76795166569,0,-0.129777124863,-0.129777124863,1,945
arbitrary_scm,2,shared,20,5000,5,5862d0c6,haipw_only,restricted_omega_0,0,0.173864077896,0.517783864702,-0.343919786806,0.210832541981,20,5000,not_applicable,0,1.11710000471,0,1.11710000471,0,0,0,0,0,0,12.344374898,0.430675218726,-13.8292692372,1.61566308873,-1.20159230785,0.00220749486897,0.00220749486897,768.516108138,4.76795166569,0,-0.129777124863,-0.129777124863,1,945
arbitrary_scm,2,shared,20,5000,5,5862d0c6,ppi_power_tuned_only,restricted_lambda_0,1,-1.60224145835,0.517783864702,-2.12002532305,1.07625346166,20,5000,not_applicable,0,0,3.56424119896,0,1.83549469452,0,0.6,0,0.6,0,12.344374898,0.430675218726,-13.8292692372,1.61566308873,-1.20159230785,0.00220749486897,0.00220749486897,768.516108138,4.76795166569,0,-0.129777124863,-0.129777124863,1,945
arbitrary_scm,2,shared,20,5000,5,5862d0c6,full_datafusionppi,joint_box_lambda_omega,1,-0.14043504802,0.517783864702,-0.658218912721,0.181581911547,20,5000,not_applicable,0,0.997651500724,0.951338796317,0.997651500724,0.951338796317,0,0,0,0,0,12.344374898,0.430675218726,-13.8292692372,1.61566308873,-1.20159230785,0.00220749486897,0.00220749486897,768.516108138,4.76795166569,0,-0.129777124863,-0.129777124863,1,945
arbitrary_scm,2,shared,20,5000,6,ebd9fb8a,rct_aipw,fixed_lambda_0_omega_0,0,-0.843277832112,0.517783864702,-1.36106169681,0.975884587065,20,5000,not_applicable,0,0,0,0,0,0,0,0,0,0,7.07580835321,1.12177993941,-9.71168028579,0.603446453786,0.40693035379,-0.000659647299846,-0.000659647299846,828.719903421,5.02962001361,0,-0.0670057411414,-0.0670057411414,1,931
arbitrary_scm,2,shared,20,5000,6,ebd9fb8a,haipw_only,restricted_omega_0,0,-0.64476372657,0.517783864702,-1.16254759127,0.533658150375,20,5000,not_applicable,0,1.41142070315,0,1.41142070315,0,0,0,0,0,0,7.07580835321,1.12177993941,-9.71168028579,0.603446453786,0.40693035379,-0.000659647299846,-0.000659647299846,828.719903421,5.02962001361,0,-0.0670057411414,-0.0670057411414,1,931
arbitrary_scm,2,shared,20,5000,6,ebd9fb8a,ppi_power_tuned_only,restricted_lambda_0,1,-0.545273215016,0.517783864702,-1.06305707972,1.58519022993,20,5000,not_applicable,0,0,0.816395977745,0,0.53073369026,0,0.2,0,0.2,0,7.07580835321,1.12177993941,-9.71168028579,0.603446453786,0.40693035379,-0.000659647299846,-0.000659647299846,828.719903421,5.02962001361,0,-0.0670057411414,-0.0670057411414,1,931
arbitrary_scm,2,shared,20,5000,6,ebd9fb8a,full_datafusionppi,joint_box_lambda_omega,1,-0.184009929842,0.517783864702,-0.701793794544,0.591446699328,20,5000,not_applicable,0,1.3929349991,1.12527878752,1.40660726293,1.0138640309,0.2,0.2,0,0.2,0,7.07580835321,1.12177993941,-9.71168028579,0.603446453786,0.40693035379,-0.000659647299846,-0.000659647299846,828.719903421,5.02962001361,0,-0.0670057411414,-0.0670057411414,1,931
arbitrary_scm,2,shared,20,5000,7,1fc8df9c,rct_aipw,fixed_lambda_0_omega_0,0,0.79643938509,0.517783864702,0.278655520388,0.749117177729,20,5000,not_applicable,0,0,0,0,0,0,0,0,0,0,20.8278207309,0.470893300131,-23.84218295,-1.08324561955,1.2509269501,0.00314255806826,0.00314821936722,565.64103453,10.0402378562,0.0004,-0.209399259999,-0.209400035348,2,971
arbitrary_scm,2,shared,20,5000,7,1fc8df9c,haipw_only,restricted_omega_0,0,0.548777896046,0.517783864702,0.0309940313449,0.356377149184,20,5000,not_applicable,0,1.15710143817,0,1.15710143817,0,0,0,0,0,0,20.8278207309,0.470893300131,-23.84218295,-1.08324561955,1.2509269501,0.00314255806826,0.00314821936722,565.64103453,10.0402378562,0.0004,-0.209399259999,-0.209400035348,2,971
arbitrary_scm,2,shared,20,5000,7,1fc8df9c,ppi_power_tuned_only,restricted_lambda_0,1,0.851682761848,0.517783864702,0.333898897147,0.662404464627,20,5000,not_applicable,0,0,-2.31526536199,0,-1.71497374752,0,0.6,0,0.6,0,20.8278207309,0.470893300131,-23.84218295,-1.08324561955,1.2509269501,0.00314255806826,0.00314821936722,565.64103453,10.0402378562,0.0004,-0.209399259999,-0.209400035348,2,971
arbitrary_scm,2,shared,20,5000,7,1fc8df9c,full_datafusionppi,joint_box_lambda_omega,1,0.413019759457,0.517783864702,-0.104764105244,0.33427338109,20,5000,not_applicable,0,1.28813389061,1.14141160438,1.28813389061,1.14141160438,0,0,0,0,0,20.8278207309,0.470893300131,-23.84218295,-1.08324561955,1.2509269501,0.00314255806826,0.00314821936722,565.64103453,10.0402378562,0.0004,-0.209399259999,-0.209400035348,2,971
arbitrary_scm,2,shared,20,5000,8,e26f9f72,rct_aipw,fixed_lambda_0_omega_0,0,0.475293536801,0.517783864702,-0.0424903279006,0.919712347176,20,5000,not_applicable,0,0,0,0,0,0,0,0,0,0,7.09689961545,0.5297416109,-9.99043339665,1.35338346414,-0.293119695873,0.0090596821101,0.0090596821101,848.296036088,3.73125161094,0,-0.161014151095,-0.161014151095,2,951
arbitrary_scm,2,shared,20,5000,8,e26f9f72,haipw_only,restricted_omega_0,0,0.214375825925,0.517783864702,-0.303408038777,0.452371882541,20,5000,not_applicable,0,1.35609564476,0,1.35609564476,0,0,0,0,0,0,7.09689961545,0.5297416109,-9.99043339665,1.35338346414,-0.293119695873,0.0090596821101,0.0090596821101,848.296036088,3.73125161094,0,-0.161014151095,-0.161014151095,2,951
arbitrary_scm,2,shared,20,5000,8,e26f9f72,ppi_power_tuned_only,restricted_lambda_0,1,0.359616746128,0.517783864702,-0.158167118573,0.845183765005,20,5000,not_applicable,0,0,2.57589887341,0,1.89918874281,0,0.6,0,0.6,0,7.09689961545,0.5297416109,-9.99043339665,1.35338346414,-0.293119695873,0.0090596821101,0.0090596821101,848.296036088,3.73125161094,0,-0.161014151095,-0.161014151095,2,951
arbitrary_scm,2,shared,20,5000,8,e26f9f72,full_datafusionppi,joint_box_lambda_omega,1,0.28987018284,0.517783864702,-0.227913681862,0.326414495046,20,5000,not_applicable,0,1.28816454156,1.79294141821,1.28676970118,1.69506566463,0.4,0.4,0,0.4,0,7.09689961545,0.5297416109,-9.99043339665,1.35338346414,-0.293119695873,0.0090596821101,0.0090596821101,848.296036088,3.73125161094,0,-0.161014151095,-0.161014151095,2,951
arbitrary_scm,2,shared,20,5000,9,18b1b677,rct_aipw,fixed_lambda_0_omega_0,0,1.04248015564,0.517783864702,0.52469629094,0.510090374487,20,5000,not_applicable,0,0,0,0,0,0,0,0,0,0,5.01625382475,0.598142279305,-3.48913771212,1.06137998016,0.0120759352824,-0.000867634986793,-0.000867634986793,867.452420919,3.38629024291,0,-0.0657978993124,-0.0657978993124,2,941
arbitrary_scm,2,shared,20,5000,9,18b1b677,haipw_only,restricted_omega_0,0,0.90412856302,0.517783864702,0.386344698319,0.369178675003,20,5000,not_applicable,0,0.737120452709,0,0.737120452709,0,0,0,0,0,0,5.01625382475,0.598142279305,-3.48913771212,1.06137998016,0.0120759352824,-0.000867634986793,-0.000867634986793,867.452420919,3.38629024291,0,-0.0657978993124,-0.0657978993124,2,941
arbitrary_scm,2,shared,20,5000,9,18b1b677,ppi_power_tuned_only,restricted_lambda_0,1,1.2979100923,0.517783864702,0.780126227598,0.456998131873,20,5000,not_applicable,0,0,1.79072574516,0,1.61513709339,0,0.4,0,0.4,0,5.01625382475,0.598142279305,-3.48913771212,1.06137998016,0.0120759352824,-0.000867634986793,-0.000867634986793,867.452420919,3.38629024291,0,-0.0657978993124,-0.0657978993124,2,941
arbitrary_scm,2,shared,20,5000,9,18b1b677,full_datafusionppi,joint_box_lambda_omega,1,1.11637525346,0.517783864702,0.598591388755,0.303659737093,20,5000,not_applicable,0,0.72035203264,1.67469683726,0.718948282456,1.62320799085,0.2,0.2,0,0.2,0,5.01625382475,0.598142279305,-3.48913771212,1.06137998016,0.0120759352824,-0.000867634986793,-0.000867634986793,867.452420919,3.38629024291,0,-0.0657978993124,-0.0657978993124,2,941
arbitrary_scm,2,shared,20,5000,10,a5889e50,rct_aipw,fixed_lambda_0_omega_0,0,0.347050197944,0.517783864702,-0.170733666757,0.0636467459532,20,5000,not_applicable,0,0,0,0,0,0,0,0,0,0,2.69806048668,0.60502762082,-1.87580392968,0.154025250576,0.404823263822,0.00292357966961,0.00292422773444,687.43031676,6.14675235491,0.0002,-0.062022153544,-0.0620222568232,2,929
arbitrary_scm,2,shared,20,5000,10,a5889e50,haipw_only,restricted_omega_0,0,0.454833682546,0.517783864702,-0.0629501821558,0.0800827751403,20,5000,not_applicable,0,0.681799130133,0,0.681799130133,0,0,0,0,0,0,2.69806048668,0.60502762082,-1.87580392968,0.154025250576,0.404823263822,0.00292357966961,0.00292422773444,687.43031676,6.14675235491,0.0002,-0.062022153544,-0.0620222568232,2,929
arbitrary_scm,2,shared,20,5000,10,a5889e50,ppi_power_tuned_only,restricted_lambda_0,1,0.455916828369,0.517783864702,-0.0618670363328,0.0938264830438,20,5000,not_applicable,0,0,0.426644064978,0,0.426644064978,0,0,0,0,0,2.69806048668,0.60502762082,-1.87580392968,0.154025250576,0.404823263822,0.00292357966961,0.00292422773444,687.43031676,6.14675235491,0.0002,-0.062022153544,-0.0620222568232,2,929
arbitrary_scm,2,shared,20,5000,10,a5889e50,full_datafusionppi,joint_box_lambda_omega,1,0.490351089679,0.517783864702,-0.0274327750224,0.10095350933,20,5000,not_applicable,0,0.78694817821,0.894041530583,0.78694817821,0.894041530583,0,0,0,0,0,2.69806048668,0.60502762082,-1.87580392968,0.154025250576,0.404823263822,0.00292357966961,0.00292422773444,687.43031676,6.14675235491,0.0002,-0.062022153544,-0.0620222568232,2,929
arbitrary_scm,2,shared,20,5000,11,65f373aa,rct_aipw,fixed_lambda_0_omega_0,0,0.974189527764,0.517783864702,0.456405663062,0.322571624604,20,5000,not_applicable,0,0,0,0,0,0,0,0,0,0,5.57335311699,0.355671698438,-5.55330500345,0.297959768078,-0.305850132385,0.0156848490464,0.0156848490464,880.222923411,3.04713392118,0,0.0968218010668,0.0968218010668,3,961
arbitrary_scm,2,shared,20,5000,11,65f373aa,haipw_only,restricted_omega_0,0,0.86297010655,0.517783864702,0.345186241849,0.258455702374,20,5000,not_applicable,0,1.01262926171,0,1.01262926171,0,0,0,0,0,0,5.57335311699,0.355671698438,-5.55330500345,0.297959768078,-0.305850132385,0.0156848490464,0.0156848490464,880.222923411,3.04713392118,0,0.0968218010668,0.0968218010668,3,961
arbitrary_scm,2,shared,20,5000,11,65f373aa,ppi_power_tuned_only,restricted_lambda_0,1,0.895710464231,0.517783864702,0.37792659953,0.399201121829,20,5000,not_applicable,0,0,0.757367428546,0,0.757367428546,0,0,0,0,0,5.57335311699,0.355671698438,-5.55330500345,0.297959768078,-0.305850132385,0.0156848490464,0.0156848490464,880.222923411,3.04713392118,0,0.0968218010668,0.0968218010668,3,961
arbitrary_scm,2,shared,20,5000,11,65f373aa,full_datafusionppi,joint_box_lambda_omega,1,0.889567824756,0.517783864702,0.371783960055,0.30344494042,20,5000,not_applicable,0,0.998598558631,0.00847796501414,0.998598558631,0.00847796501414,0,0,0,0,0,5.57335311699,0.355671698438,-5.55330500345,0.297959768078,-0.305850132385,0.0156848490464,0.0156848490464,880.222923411,3.04713392118,0,0.0968218010668,0.0968218010668,3,961
arbitrary_scm,2,shared,20,5000,12,c242f4a9,rct_aipw,fixed_lambda_0_omega_0,0,0.457220677902,0.517783864702,-0.0605631867995,0.15687864606,20,5000,not_applicable,0,0,0,0,0,0,0,0,0,0,4.40091912194,0.316428374606,-2.25630617849,-0.0859683666771,0.140286697111,0.0155202547936,0.0155202547936,946.174653472,2.22754199823,0,-0.00693463002729,-0.00693463002729,1,932
arbitrary_scm,2,shared,20,5000,12,c242f4a9,haipw_only,restricted_omega_0,0,0.53322074939,0.517783864702,0.0154368846887,0.185772228332,20,5000,not_applicable,0,0.503295066159,0,0.503295066159,0,0,0,0,0,0,4.40091912194,0.316428374606,-2.25630617849,-0.0859683666771,0.140286697111,0.0155202547936,0.0155202547936,946.174653472,2.22754199823,0,-0.00693463002729,-0.00693463002729,1,932
arbitrary_scm,2,shared,20,5000,12,c242f4a9,ppi_power_tuned_only,restricted_lambda_0,1,0.551445968272,0.517783864702,0.0336621035705,0.1535696778,20,5000,not_applicable,0,0,-0.20796065105,0,-0.20796065105,0,0,0,0,0,4.40091912194,0.316428374606,-2.25630617849,-0.0859683666771,0.140286697111,0.0155202547936,0.0155202547936,946.174653472,2.22754199823,0,-0.00693463002729,-0.00693463002729,1,932
arbitrary_scm,2,shared,20,5000,12,c242f4a9,full_datafusionppi,joint_box_lambda_omega,1,0.514798522351,0.517783864702,-0.00298534235072,0.195353208488,20,5000,not_applicable,0,0.522186650162,-0.0330545187124,0.522186650162,-0.0330545187124,0,0,0,0,0,4.40091912194,0.316428374606,-2.25630617849,-0.0859683666771,0.140286697111,0.0155202547936,0.0155202547936,946.174653472,2.22754199823,0,-0.00693463002729,-0.00693463002729,1,932
arbitrary_scm,2,shared,20,5000,13,62475030,rct_aipw,fixed_lambda_0_omega_0,0,0.571214167429,0.517783864702,0.0534303027273,0.36178142376,20,5000,not_applicable,0,0,0,0,0,0,0,0,0,0,7.93603211791,0.675470252844,-10.3863091063,0.420976524795,-0.0377301575505,0.00765704502927,0.00765704502927,713.92962937,5.96743293201,0,-0.0743126403718,-0.0743126403718,1,929
arbitrary_scm,2,shared,20,5000,13,62475030,haipw_only,restricted_omega_0,0,-0.0757543893444,0.517783864702,-0.593538254046,0.238721863451,20,5000,not_applicable,0,1.24231879412,0,1.24231879412,0,0,0,0,0,0,7.93603211791,0.675470252844,-10.3863091063,0.420976524795,-0.0377301575505,0.00765704502927,0.00765704502927,713.92962937,5.96743293201,0,-0.0743126403718,-0.0743126403718,1,929
arbitrary_scm,2,shared,20,5000,13,62475030,ppi_power_tuned_only,restricted_lambda_0,1,0.6338866359,0.517783864702,0.116102771198,0.381881510715,20,5000,not_applicable,0,0,0.560990506763,0,0.560990506763,0,0,0,0,0,7.93603211791,0.675470252844,-10.3863091063,0.420976524795,-0.0377301575505,0.00765704502927,0.00765704502927,713.92962937,5.96743293201,0,-0.0743126403718,-0.0743126403718,1,929
arbitrary_scm,2,shared,20,5000,13,62475030,full_datafusionppi,joint_box_lambda_omega,1,-0.0523413144837,0.517783864702,-0.570125179185,0.219278455099,20,5000,not_applicable,0,1.2505355811,0.561147490648,1.2505355811,0.561147490648,0,0,0,0,0,7.93603211791,0.675470252844,-10.3863091063,0.420976524795,-0.0377301575505,0.00765704502927,0.00765704502927,713.92962937,5.96743293201,0,-0.0743126403718,-0.0743126403718,1,929
arbitrary_scm,2,shared,20,5000,14,4d569513,rct_aipw,fixed_lambda_0_omega_0,0,0.947291169613,0.517783864702,0.429507304911,0.164474729288,20,5000,not_applicable,0,0,0,0,0,0,0,0,0,0,3.89760975879,0.27803880682,-3.85118039326,0.587692408345,-0.456521755387,0.00211342410084,0.00211342410084,776.126978147,4.69659400821,0,-0.00643723094172,-0.00643723094172,1,965
arbitrary_scm,2,shared,20,5000,14,4d569513,haipw_only,restricted_omega_0,0,1.05902860361,0.517783864702,0.541244738906,0.132064927836,20,5000,not_applicable,0,1.00889818242,0,1.00889818242,0,0,0,0,0,0,3.89760975879,0.27803880682,-3.85118039326,0.587692408345,-0.456521755387,0.00211342410084,0.00211342410084,776.126978147,4.69659400821,0,-0.00643723094172,-0.00643723094172,1,965
arbitrary_scm,2,shared,20,5000,14,4d569513,ppi_power_tuned_only,restricted_lambda_0,1,0.767312229768,0.517783864702,0.249528365067,0.144951343784,20,5000,not_applicable,0,0,2.15303233501,0,1.75914035295,0,0.8,0,0.8,0,3.89760975879,0.27803880682,-3.85118039326,0.587692408345,-0.456521755387,0.00211342410084,0.00211342410084,776.126978147,4.69659400821,0,-0.00643723094172,-0.00643723094172,1,965
arbitrary_scm,2,shared,20,5000,14,4d569513,full_datafusionppi,joint_box_lambda_omega,1,0.982738134739,0.517783864702,0.464954270037,0.12529082182,20,5000,not_applicable,0,0.919138260644,0.602802432472,0.919138260644,0.602802432472,0,0,0,0,0,3.89760975879,0.27803880682,-3.85118039326,0.587692408345,-0.456521755387,0.00211342410084,0.00211342410084,776.126978147,4.69659400821,0,-0.00643723094172,-0.00643723094172,1,965
arbitrary_scm,2,shared,20,5000,15,92af101c,rct_aipw,fixed_lambda_0_omega_0,0,0.553175879419,0.517783864702,0.0353920147173,0.554272583769,20,5000,not_applicable,0,0,0,0,0,0,0,0,0,0,4.2846973823,0.619741520942,-5.71237745144,1.06645637872,-0.322753589722,0.00306525349976,0.00306525349976,818.489156684,3.85655718084,0,0.000382597832238,0.000382597832238,2,955
arbitrary_scm,2,shared,20,5000,15,92af101c,haipw_only,restricted_omega_0,0,0.872446673403,0.517783864702,0.354662808701,0.30449038125,20,5000,not_applicable,0,1.30128112191,0,1.30128112191,0,0,0,0,0,0,4.2846973823,0.619741520942,-5.71237745144,1.06645637872,-0.322753589722,0.00306525349976,0.00306525349976,818.489156684,3.85655718084,0,0.000382597832238,0.000382597832238,2,955
arbitrary_scm,2,shared,20,5000,15,92af101c,ppi_power_tuned_only,restricted_lambda_0,1,0.56013993434,0.517783864702,0.0423560696381,0.518088908369,20,5000,not_applicable,0,0,1.63612442176,0,1.41188198846,0,0.2,0,0.2,0,4.2846973823,0.619741520942,-5.71237745144,1.06645637872,-0.322753589722,0.00306525349976,0.00306525349976,818.489156684,3.85655718084,0,0.000382597832238,0.000382597832238,2,955
arbitrary_scm,2,shared,20,5000,15,92af101c,full_datafusionppi,joint_box_lambda_omega,1,0.838179378594,0.517783864702,0.320395513892,0.273665290145,20,5000,not_applicable,0,1.24597648135,1.07017442692,1.24597648135,1.07017442692,0,0,0,0,0,4.2846973823,0.619741520942,-5.71237745144,1.06645637872,-0.322753589722,0.00306525349976,0.00306525349976,818.489156684,3.85655718084,0,0.000382597832238,0.000382597832238,2,955
arbitrary_scm,2,shared,20,5000,16,1ef3d38a,rct_aipw,fixed_lambda_0_omega_0,0,1.08572666156,0.517783864702,0.567942796859,0.308994307488,20,5000,not_applicable,0,0,0,0,0,0,0,0,0,0,3.42090705011,0.643903110526,-3.06714655659,-0.736803298235,0.533135590186,0.00481971101661,0.00481971101661,838.782592544,3.77716093934,0,0.026524398226,0.026524398226,2,936
arbitrary_scm,2,shared,20,5000,16,1ef3d38a,haipw_only,restricted_omega_0,0,0.670775176715,0.517783864702,0.152991312014,0.275657292108,20,5000,not_applicable,0,0.961837215403,0,0.961837215403,0,0,0,0,0,0,3.42090705011,0.643903110526,-3.06714655659,-0.736803298235,0.533135590186,0.00481971101661,0.00481971101661,838.782592544,3.77716093934,0,0.026524398226,0.026524398226,2,936
arbitrary_scm,2,shared,20,5000,16,1ef3d38a,ppi_power_tuned_only,restricted_lambda_0,1,0.973135826852,0.517783864702,0.45535196215,0.283745328619,20,5000,not_applicable,0,0,-1.17610519998,0,-1.16845303432,0,0.2,0,0.2,0,3.42090705011,0.643903110526,-3.06714655659,-0.736803298235,0.533135590186,0.00481971101661,0.00481971101661,838.782592544,3.77716093934,0,0.026524398226,0.026524398226,2,936
arbitrary_scm,2,shared,20,5000,16,1ef3d38a,full_datafusionppi,joint_box_lambda_omega,1,0.791391384594,0.517783864702,0.273607519893,0.334947967832,20,5000,not_applicable,0,0.98906088286,-0.197413988147,0.98906088286,-0.197413988147,0,0,0,0,0,3.42090705011,0.643903110526,-3.06714655659,-0.736803298235,0.533135590186,0.00481971101661,0.00481971101661,838.782592544,3.77716093934,0,0.026524398226,0.026524398226,2,936
arbitrary_scm,2,shared,20,5000,17,f52832b0,rct_aipw,fixed_lambda_0_omega_0,0,1.79289357778,0.517783864702,1.27510971308,0.723936252993,20,5000,not_applicable,0,0,0,0,0,0,0,0,0,0,6.58019789018,0.250012786194,-7.12437866028,1.05279845109,-0.396927198913,0.00202074442112,0.00202074442112,787.748881917,4.7271957665,0,-0.0245352147819,-0.0245352147819,2,945
arbitrary_scm,2,shared,20,5000,17,f52832b0,haipw_only,restricted_omega_0,0,1.18900933551,0.517783864702,0.671225470807,0.475578243809,20,5000,not_applicable,0,1.18382248187,0,1.18382248187,0,0,0,0,0,0,6.58019789018,0.250012786194,-7.12437866028,1.05279845109,-0.396927198913,0.00202074442112,0.00202074442112,787.748881917,4.7271957665,0,-0.0245352147819,-0.0245352147819,2,945
arbitrary_scm,2,shared,20,5000,17,f52832b0,ppi_power_tuned_only,restricted_lambda_0,1,1.5245667517,0.517783864702,1.006782887,0.548174940593,20,5000,not_applicable,0,0,4.36475797134,0,2,0,1,0,1,0,6.58019789018,0.250012786194,-7.12437866028,1.05279845109,-0.396927198913,0.00202074442112,0.00202074442112,787.748881917,4.7271957665,0,-0.0245352147819,-0.0245352147819,2,945
arbitrary_scm,2,shared,20,5000,17,f52832b0,full_datafusionppi,joint_box_lambda_omega,1,0.996026351982,0.517783864702,0.47824248728,0.361563074966,20,5000,not_applicable,0,1.00888903078,2.66890155078,1.04653321175,1.96431598411,0.8,0.8,0,0.8,0,6.58019789018,0.250012786194,-7.12437866028,1.05279845109,-0.396927198913,0.00202074442112,0.00202074442112,787.748881917,4.7271957665,0,-0.0245352147819,-0.0245352147819,2,945
arbitrary_scm,2,shared,20,5000,18,44335890,rct_aipw,fixed_lambda_0_omega_0,0,0.85862572011,0.517783864702,0.340841855408,0.678282038702,20,5000,not_applicable,0,0,0,0,0,0,0,0,0,0,6.39469875141,0.697556542321,-5.18153772196,-0.168020366266,0.435760960061,0.00283785889457,0.00283785889457,782.15999268,4.42255380368,0,0.0899428208201,0.0899428208201,2,965
arbitrary_scm,2,shared,20,5000,18,44335890,haipw_only,restricted_omega_0,0,1.03426786574,0.517783864702,0.516484001035,0.742325110093,20,5000,not_applicable,0,0.729630718702,0,0.729630718702,0,0,0,0,0,0,6.39469875141,0.697556542321,-5.18153772196,-0.168020366266,0.435760960061,0.00283785889457,0.00283785889457,782.15999268,4.42255380368,0,0.0899428208201,0.0899428208201,2,965
arbitrary_scm,2,shared,20,5000,18,44335890,ppi_power_tuned_only,restricted_lambda_0,1,0.787468386435,0.517783864702,0.269684521733,0.68989503877,20,5000,not_applicable,0,0,-0.279147580598,0,-0.279147580598,0,0,0,0,0,6.39469875141,0.697556542321,-5.18153772196,-0.168020366266,0.435760960061,0.00283785889457,0.00283785889457,782.15999268,4.42255380368,0,0.0899428208201,0.0899428208201,2,965
arbitrary_scm,2,shared,20,5000,18,44335890,full_datafusionppi,joint_box_lambda_omega,1,1.05104039714,0.517783864702,0.533256532439,0.842670256692,20,5000,not_applicable,0,0.732857734791,0.0451290200747,0.732857734791,0.0451290200747,0,0,0,0,0,6.39469875141,0.697556542321,-5.18153772196,-0.168020366266,0.435760960061,0.00283785889457,0.00283785889457,782.15999268,4.42255380368,0,0.0899428208201,0.0899428208201,2,965
arbitrary_scm,2,shared,20,5000,19,c3948dd1,rct_aipw,fixed_lambda_0_omega_0,0,1.14000965397,0.517783864702,0.622225789268,0.960362959993,20,5000,not_applicable,0,0,0,0,0,0,0,0,0,0,4.37222875864,0.611724982621,-5.67908204954,0.650354814265,0.218606922034,-0.00247058884878,-0.00247058884878,780.859588764,4.62397166403,0,-0.0409338968189,-0.0409338968189,2,968
arbitrary_scm,2,shared,20,5000,19,c3948dd1,haipw_only,restricted_omega_0,0,0.919137178101,0.517783864702,0.4013533134,0.624374341998,20,5000,not_applicable,0,1.30930149386,0,1.30930149386,0,0,0,0,0,0,4.37222875864,0.611724982621,-5.67908204954,0.650354814265,0.218606922034,-0.00247058884878,-0.00247058884878,780.859588764,4.62397166403,0,-0.0409338968189,-0.0409338968189,2,968
arbitrary_scm,2,shared,20,5000,19,c3948dd1,ppi_power_tuned_only,restricted_lambda_0,1,1.21741014196,0.517783864702,0.699626277257,0.991837032484,20,5000,not_applicable,0,0,1.06605963192,0,1.06143869879,0,0.2,0,0.2,0,4.37222875864,0.611724982621,-5.67908204954,0.650354814265,0.218606922034,-0.00247058884878,-0.00247058884878,780.859588764,4.62397166403,0,-0.0409338968189,-0.0409338968189,2,968
arbitrary_scm,2,shared,20,5000,19,c3948dd1,full_datafusionppi,joint_box_lambda_omega,1,0.928951507086,0.517783864702,0.411167642384,0.603232423969,20,5000,not_applicable,0,1.40886193622,1.6525246577,1.39860636034,1.52112761356,0.2,0.2,0,0.2,0,4.37222875864,0.611724982621,-5.67908204954,0.650354814265,0.218606922034,-0.00247058884878,-0.00247058884878,780.859588764,4.62397166403,0,-0.0409338968189,-0.0409338968189,2,968
arbitrary_scm,2,shared,30,5000,0,e600e70e,rct_aipw,fixed_lambda_0_omega_0,0,1.65940034701,0.517783864702,1.14161648231,0.746261842844,30,5000,not_applicable,0,0,0,0,0,0,0,0,0,0,10.5914274162,0.509197602724,-8.91967010597,0.835740011763,-0.258000666201,0.0100920770309,0.0100920770309,796.103105275,4.226914823,0,0.0435022657628,0.0435022657628,5,957
arbitrary_scm,2,shared,30,5000,0,e600e70e,haipw_only,restricted_omega_0,0,0.966069329376,0.517783864702,0.448285464674,0.193944231843,30,5000,not_applicable,0,0.835232282181,0,0.835232282181,0,0,0,0,0,0,10.5914274162,0.509197602724,-8.91967010597,0.835740011763,-0.258000666201,0.0100920770309,0.0100920770309,796.103105275,4.226914823,0,0.0435022657628,0.0435022657628,5,957
arbitrary_scm,2,shared,30,5000,0,e600e70e,ppi_power_tuned_only,restricted_lambda_0,1,1.66973747169,0.517783864702,1.15195360699,0.717260287794,30,5000,not_applicable,0,0,1.86511499408,0,1.37184863499,0,0.4,0,0.4,0,10.5914274162,0.509197602724,-8.91967010597,0.835740011763,-0.258000666201,0.0100920770309,0.0100920770309,796.103105275,4.226914823,0,0.0435022657628,0.0435022657628,5,957
arbitrary_scm,2,shared,30,5000,0,e600e70e,full_datafusionppi,joint_box_lambda_omega,1,0.597315616176,0.517783864702,0.0795317514742,0.193517109693,30,5000,not_applicable,0,0.864183767609,1.37577087481,0.864553314838,1.36637754591,0.2,0.2,0,0.2,0,10.5914274162,0.509197602724,-8.91967010597,0.835740011763,-0.258000666201,0.0100920770309,0.0100920770309,796.103105275,4.226914823,0,0.0435022657628,0.0435022657628,5,957
arbitrary_scm,2,shared,30,5000,1,0436e86c,rct_aipw,fixed_lambda_0_omega_0,0,0.127977670997,0.517783864702,-0.389806193704,0.371159905546,30,5000,not_applicable,0,0,0,0,0,0,0,0,0,0,3.80995878413,0.476374715395,-3.53040299787,0.347436397831,0.0352867489659,0.0108909790189,0.0108909790189,683.219345203,6.73856999842,0,-0.178272489025,-0.178272489025,3,951
arbitrary_scm,2,shared,30,5000,1,0436e86c,haipw_only,restricted_omega_0,0,0.442204091132,0.517783864702,-0.0755797735696,0.210846061404,30,5000,not_applicable,0,0.924300025359,0,0.924300025359,0,0,0,0,0,0,3.80995878413,0.476374715395,-3.53040299787,0.347436397831,0.0352867489659,0.0108909790189,0.0108909790189,683.219345203,6.73856999842,0,-0.178272489025,-0.178272489025,3,951
arbitrary_scm,2,shared,30,5000,1,0436e86c,ppi_power_tuned_only,restricted_lambda_0,1,0.0238303277187,0.517783864702,-0.493953536983,0.36494492072,30,5000,not_applicable,0,0,0.680610647087,0,0.680610647087,0,0,0,0,0,3.80995878413,0.476374715395,-3.53040299787,0.347436397831,0.0352867489659,0.0108909790189,0.0108909790189,683.219345203,6.73856999842,0,-0.178272489025,-0.178272489025,3,951
arbitrary_scm,2,shared,30,5000,1,0436e86c,full_datafusionppi,joint_box_lambda_omega,1,0.332906351229,0.517783864702,-0.184877513473,0.196963953546,30,5000,not_applicable,0,0.924735284599,0.762537963058,0.924735284599,0.762537963058,0,0,0,0,0,3.80995878413,0.476374715395,-3.53040299787,0.347436397831,0.0352867489659,0.0108909790189,0.0108909790189,683.219345203,6.73856999842,0,-0.178272489025,-0.178272489025,3,951
arbitrary_scm,2,shared,30,5000,2,964c8e59,rct_aipw,fixed_lambda_0_omega_0,0,0.624768144324,0.517783864702,0.106984279622,0.269953018786,30,5000,not_applicable,0,0,0,0,0,0,0,0,0,0,16.2811434182,0.669663968766,-15.85966946,-0.274734525186,0.623587731149,0.0140668069663,0.0140668069663,875.511859477,3.1541372695,0,0.0145652126522,0.0145652126522,3,959
arbitrary_scm,2,shared,30,5000,2,964c8e59,haipw_only,restricted_omega_0,0,0.320944865502,0.517783864702,-0.1968389992,0.15474201379,30,5000,not_applicable,0,1.09137622551,0,1.09137622551,0,0,0,0,0,0,16.2811434182,0.669663968766,-15.85966946,-0.274734525186,0.623587731149,0.0140668069663,0.0140668069663,875.511859477,3.1541372695,0,0.0145652126522,0.0145652126522,3,959
arbitrary_scm,2,shared,30,5000,2,964c8e59,ppi_power_tuned_only,restricted_lambda_0,1,0.729476704343,0.517783864702,0.211692839642,0.376636389515,30,5000,not_applicable,0,0,-0.368065342464,0,-0.369413340063,0,0.4,0,0.4,0,16.2811434182,0.669663968766,-15.85966946,-0.274734525186,0.623587731149,0.0140668069663,0.0140668069663,875.511859477,3.1541372695,0,0.0145652126522,0.0145652126522,3,959
arbitrary_scm,2,shared,30,5000,2,964c8e59,full_datafusionppi,joint_box_lambda_omega,1,0.351393946281,0.517783864702,-0.16638991842,0.157766183632,30,5000,not_applicable,0,1.16152239535,1.01546140755,1.16152239535,1.01546140755,0,0,0,0,0,16.2811434182,0.669663968766,-15.85966946,-0.274734525186,0.623587731149,0.0140668069663,0.0140668069663,875.511859477,3.1541372695,0,0.0145652126522,0.0145652126522,3,959
arbitrary_scm,2,shared,30,5000,3,07814da3,rct_aipw,fixed_lambda_0_omega_0,0,1.25334648885,0.517783864702,0.735562624146,0.199317369135,30,5000,not_applicable,0,0,0,0,0,0,0,0,0,0,10.6795501039,0.735836890664,-10.6934891935,0.653596229548,0.37327774426,0.01071285011,0.01071285011,733.119505179,5.18256188688,0,-0.0823992937917,-0.0823992937917,3,973
arbitrary_scm,2,shared,30,5000,3,07814da3,haipw_only,restricted_omega_0,0,1.19155391347,0.517783864702,0.673770048772,0.109027315644,30,5000,not_applicable,0,1.09655856115,0,1.09655856115,0,0,0,0,0,0,10.6795501039,0.735836890664,-10.6934891935,0.653596229548,0.37327774426,0.01071285011,0.01071285011,733.119505179,5.18256188688,0,-0.0823992937917,-0.0823992937917,3,973
arbitrary_scm,2,shared,30,5000,3,07814da3,ppi_power_tuned_only,restricted_lambda_0,1,0.95808497327,0.517783864702,0.440301108568,0.204764379057,30,5000,not_applicable,0,0,0.913148217834,0,0.913148217834,0,0,0,0,0,10.6795501039,0.735836890664,-10.6934891935,0.653596229548,0.37327774426,0.01071285011,0.01071285011,733.119505179,5.18256188688,0,-0.0823992937917,-0.0823992937917,3,973
arbitrary_scm,2,shared,30,5000,3,07814da3,full_datafusionppi,joint_box_lambda_omega,1,1.08563140928,0.517783864702,0.567847544577,0.1040487362,30,5000,not_applicable,0,1.12199356808,1.34501759948,1.12199356808,1.34501759948,0,0,0,0,0,10.6795501039,0.735836890664,-10.6934891935,0.653596229548,0.37327774426,0.01071285011,0.01071285011,733.119505179,5.18256188688,0,-0.0823992937917,-0.0823992937917,3,973
arbitrary_scm,2,shared,30,5000,4,6f10f6ea,rct_aipw,fixed_lambda_0_omega_0,0,0.950707929719,0.517783864702,0.432924065017,0.449995587908,30,5000,not_applicable,0,0,0,0,0,0,0,0,0,0,7.6461394753,0.432279103358,-7.23350795304,0.358348953572,-0.293834460943,0.00753427235455,0.00753427235455,932.624971662,2.23068781652,0,-0.0136029280532,-0.0136029280532,2,933
arbitrary_scm,2,shared,30,5000,4,6f10f6ea,haipw_only,restricted_omega_0,0,0.334715936451,0.517783864702,-0.183067928251,0.189371838471,30,5000,not_applicable,0,0.963564684254,0,0.963564684254,0,0,0,0,0,0,7.6461394753,0.432279103358,-7.23350795304,0.358348953572,-0.293834460943,0.00753427235455,0.00753427235455,932.624971662,2.23068781652,0,-0.0136029280532,-0.0136029280532,2,933
arbitrary_scm,2,shared,30,5000,4,6f10f6ea,ppi_power_tuned_only,restricted_lambda_0,1,1.03781540541,0.517783864702,0.520031540706,0.541882982941,30,5000,not_applicable,0,0,0.930908276666,0,0.881385379366,0,0.2,0,0.2,0,7.6461394753,0.432279103358,-7.23350795304,0.358348953572,-0.293834460943,0.00753427235455,0.00753427235455,932.624971662,2.23068781652,0,-0.0136029280532,-0.0136029280532,2,933
arbitrary_scm,2,shared,30,5000,4,6f10f6ea,full_datafusionppi,joint_box_lambda_omega,1,0.386717950082,0.517783864702,-0.13106591462,0.210639795966,30,5000,not_applicable,0,0.950911323434,0.104862648349,0.950911323434,0.104862648349,0,0,0,0,0,7.6461394753,0.432279103358,-7.23350795304,0.358348953572,-0.293834460943,0.00753427235455,0.00753427235455,932.624971662,2.23068781652,0,-0.0136029280532,-0.0136029280532,2,933
arbitrary_scm,2,shared,30,5000,5,777b2e1c,rct_aipw,fixed_lambda_0_omega_0,0,0.969967497027,0.517783864702,0.452183632325,0.283361961337,30,5000,not_applicable,0,0,0,0,0,0,0,0,0,0,3.68000843805,0.769638573737,-2.24251205845,0.676848883322,0.49161339365,0.0104721540897,0.0104721540897,883.03629649,3.02431272091,0,-0.0322244312137,-0.0322244312137,2,946
arbitrary_scm,2,shared,30,5000,5,777b2e1c,haipw_only,restricted_omega_0,0,0.779246882021,0.517783864702,0.26146301732,0.245082043563,30,5000,not_applicable,0,0.626854272164,0,0.626854272164,0,0,0,0,0,0,3.68000843805,0.769638573737,-2.24251205845,0.676848883322,0.49161339365,0.0104721540897,0.0104721540897,883.03629649,3.02431272091,0,-0.0322244312137,-0.0322244312137,2,946
arbitrary_scm,2,shared,30,5000,5,777b2e1c,ppi_power_tuned_only,restricted_lambda_0,1,0.921858813214,0.517783864702,0.404074948512,0.242940267147,30,5000,not_applicable,0,0,0.928041381512,0,0.928041381512,0,0,0,0,0,3.68000843805,0.769638573737,-2.24251205845,0.676848883322,0.49161339365,0.0104721540897,0.0104721540897,883.03629649,3.02431272091,0,-0.0322244312137,-0.0322244312137,2,946
arbitrary_scm,2,shared,30,5000,5,777b2e1c,full_datafusionppi,joint_box_lambda_omega,1,0.56100151416,0.517783864702,0.0432176494583,0.184857938826,30,5000,not_applicable,0,0.835975590939,1.50136227577,0.835975590939,1.50136227577,0,0,0,0,0,3.68000843805,0.769638573737,-2.24251205845,0.676848883322,0.49161339365,0.0104721540897,0.0104721540897,883.03629649,3.02431272091,0,-0.0322244312137,-0.0322244312137,2,946
arbitrary_scm,2,shared,30,5000,6,84389b94,rct_aipw,fixed_lambda_0_omega_0,0,-0.0791667159671,0.517783864702,-0.596950580669,0.350424443083,30,5000,not_applicable,0,0,0,0,0,0,0,0,0,0,2.78692945189,0.637851368642,-2.2981549953,0.36981198084,0.134125902339,0.0122372514605,0.0122372514605,942.578408295,2.19209393513,0,-0.00749414069581,-0.00749414069581,2,929
arbitrary_scm,2,shared,30,5000,6,84389b94,haipw_only,restricted_omega_0,0,0.562839911975,0.517783864702,0.0450560472732,0.238162641866,30,5000,not_applicable,0,0.842258642784,0,0.842258642784,0,0,0,0,0,0,2.78692945189,0.637851368642,-2.2981549953,0.36981198084,0.134125902339,0.0122372514605,0.0122372514605,942.578408295,2.19209393513,0,-0.00749414069581,-0.00749414069581,2,929
arbitrary_scm,2,shared,30,5000,6,84389b94,ppi_power_tuned_only,restricted_lambda_0,1,-0.0431405219913,0.517783864702,-0.560924386693,0.390625034285,30,5000,not_applicable,0,0,0.658666997135,0,0.658666997135,0,0,0,0,0,2.78692945189,0.637851368642,-2.2981549953,0.36981198084,0.134125902339,0.0122372514605,0.0122372514605,942.578408295,2.19209393513,0,-0.00749414069581,-0.00749414069581,2,929
arbitrary_scm,2,shared,30,5000,6,84389b94,full_datafusionppi,joint_box_lambda_omega,1,0.602775748096,0.517783864702,0.0849918833941,0.223148464656,30,5000,not_applicable,0,0.907082019408,0.888401876112,0.907082019408,0.888401876112,0,0,0,0,0,2.78692945189,0.637851368642,-2.2981549953,0.36981198084,0.134125902339,0.0122372514605,0.0122372514605,942.578408295,2.19209393513,0,-0.00749414069581,-0.00749414069581,2,929
arbitrary_scm,2,shared,30,5000,7,3555adb2,rct_aipw,fixed_lambda_0_omega_0,0,0.450942925359,0.517783864702,-0.0668409393421,0.221530663738,30,5000,not_applicable,0,0,0,0,0,0,0,0,0,0,4.31822778063,0.759040547325,-4.96023089679,0.56083070138,0.0119793339457,0.011542499372,0.011542499372,920.076804643,2.50267395761,0,0.066744685424,0.066744685424,4,936
arbitrary_scm,2,shared,30,5000,7,3555adb2,haipw_only,restricted_omega_0,0,0.264347999843,0.517783864702,-0.253435864859,0.143790917659,30,5000,not_applicable,0,1.14848671477,0,1.14848671477,0,0,0,0,0,0,4.31822778063,0.759040547325,-4.96023089679,0.56083070138,0.0119793339457,0.011542499372,0.011542499372,920.076804643,2.50267395761,0,0.066744685424,0.066744685424,4,936
arbitrary_scm,2,shared,30,5000,7,3555adb2,ppi_power_tuned_only,restricted_lambda_0,1,0.637136060787,0.517783864702,0.119352196085,0.250853045366,30,5000,not_applicable,0,0,0.80121359564,0,0.80121359564,0,0,0,0,0,4.31822778063,0.759040547325,-4.96023089679,0.56083070138,0.0119793339457,0.011542499372,0.011542499372,920.076804643,2.50267395761,0,0.066744685424,0.066744685424,4,936
arbitrary_scm,2,shared,30,5000,7,3555adb2,full_datafusionppi,joint_box_lambda_omega,1,0.335059705303,0.517783864702,-0.182724159398,0.11950739636,30,5000,not_applicable,0,1.12968143227,0.758688621144,1.12968143227,0.758688621144,0,0,0,0,0,4.31822778063,0.759040547325,-4.96023089679,0.56083070138,0.0119793339457,0.011542499372,0.011542499372,920.076804643,2.50267395761,0,0.066744685424,0.066744685424,4,936
arbitrary_scm,2,shared,30,5000,8,830c0b9c,rct_aipw,fixed_lambda_0_omega_0,0,0.464089623831,0.517783864702,-0.0536942408707,0.290089332049,30,5000,not_applicable,0,0,0,0,0,0,0,0,0,0,4.69937736196,0.634549534778,-6.06419655688,1.29001724234,-0.570785615278,0.00478800200787,0.00478800200787,951.782839256,2.09839514753,0,-0.018834839256,-0.018834839256,1,922
arbitrary_scm,2,shared,30,5000,8,830c0b9c,haipw_only,restricted_omega_0,0,0.841191535487,0.517783864702,0.323407670786,0.236872839337,30,5000,not_applicable,0,1.22854738658,0,1.22854738658,0,0,0,0,0,0,4.69937736196,0.634549534778,-6.06419655688,1.29001724234,-0.570785615278,0.00478800200787,0.00478800200787,951.782839256,2.09839514753,0,-0.018834839256,-0.018834839256,1,922
arbitrary_scm,2,shared,30,5000,8,830c0b9c,ppi_power_tuned_only,restricted_lambda_0,1,0.267215924972,0.517783864702,-0.250567939729,0.374783842097,30,5000,not_applicable,0,0,1.84356763579,0,1.41270244098,0,0.6,0,0.6,0,4.69937736196,0.634549534778,-6.06419655688,1.29001724234,-0.570785615278,0.00478800200787,0.00478800200787,951.782839256,2.09839514753,0,-0.018834839256,-0.018834839256,1,922
arbitrary_scm,2,shared,30,5000,8,830c0b9c,full_datafusionppi,joint_box_lambda_omega,1,0.709731096248,0.517783864702,0.191947231546,0.277160635286,30,5000,not_applicable,0,1.09776662253,0.968840263608,1.09776662253,0.968840263608,0,0,0,0,0,4.69937736196,0.634549534778,-6.06419655688,1.29001724234,-0.570785615278,0.00478800200787,0.00478800200787,951.782839256,2.09839514753,0,-0.018834839256,-0.018834839256,1,922
arbitrary_scm,2,shared,30,5000,9,9d77fd5e,rct_aipw,fixed_lambda_0_omega_0,0,0.167492383835,0.517783864702,-0.350291480866,0.275799331785,30,5000,not_applicable,0,0,0,0,0,0,0,0,0,0,3.87517625563,0.827093166366,-2.48353916169,-0.445840285053,0.741312227376,0.0120937627375,0.0120937627375,852.11968056,3.21462405934,0,0.0421736013265,0.0421736013265,4,951
arbitrary_scm,2,shared,30,5000,9,9d77fd5e,haipw_only,restricted_omega_0,0,0.381914544643,0.517783864702,-0.135869320059,0.212673393162,30,5000,not_applicable,0,0.579077104436,0,0.579077104436,0,0,0,0,0,0,3.87517625563,0.827093166366,-2.48353916169,-0.445840285053,0.741312227376,0.0120937627375,0.0120937627375,852.11968056,3.21462405934,0,0.0421736013265,0.0421736013265,4,951
arbitrary_scm,2,shared,30,5000,9,9d77fd5e,ppi_power_tuned_only,restricted_lambda_0,1,0.164734348875,0.517783864702,-0.353049515826,0.284409567418,30,5000,not_applicable,0,0,-0.51076118415,0,-0.51076118415,0,0,0,0,0,3.87517625563,0.827093166366,-2.48353916169,-0.445840285053,0.741312227376,0.0120937627375,0.0120937627375,852.11968056,3.21462405934,0,0.0421736013265,0.0421736013265,4,951
arbitrary_scm,2,shared,30,5000,9,9d77fd5e,full_datafusionppi,joint_box_lambda_omega,1,0.395590903216,0.517783864702,-0.122192961485,0.228534251555,30,5000,not_applicable,0,0.580467697932,0.00964028832328,0.580467697932,0.00964028832328,0,0,0,0,0,3.87517625563,0.827093166366,-2.48353916169,-0.445840285053,0.741312227376,0.0120937627375,0.0120937627375,852.11968056,3.21462405934,0,0.0421736013265,0.0421736013265,4,951
arbitrary_scm,2,shared,30,5000,10,1ec0cb66,rct_aipw,fixed_lambda_0_omega_0,0,-0.211289743737,0.517783864702,-0.729073608438,0.566524948334,30,5000,not_applicable,0,0,0,0,0,0,0,0,0,0,5.3690664822,0.626643298212,-7.31507978183,1.42420986079,-0.306210808183,0.010544198773,0.010544198773,668.19545846,6.49314790952,0,-0.117446122273,-0.117446122273,4,941
arbitrary_scm,2,shared,30,5000,10,1ec0cb66,haipw_only,restricted_omega_0,0,0.0145164786315,0.517783864702,-0.50326738607,0.324956037917,30,5000,not_applicable,0,1.27990321079,0,1.27990321079,0,0,0,0,0,0,5.3690664822,0.626643298212,-7.31507978183,1.42420986079,-0.306210808183,0.010544198773,0.010544198773,668.19545846,6.49314790952,0,-0.117446122273,-0.117446122273,4,941
arbitrary_scm,2,shared,30,5000,10,1ec0cb66,ppi_power_tuned_only,restricted_lambda_0,1,-0.385652876196,0.517783864702,-0.903436740898,0.511263635817,30,5000,not_applicable,0,0,2.20100797552,0,1.58922148838,0,0.6,0,0.6,0,5.3690664822,0.626643298212,-7.31507978183,1.42420986079,-0.306210808183,0.010544198773,0.010544198773,668.19545846,6.49314790952,0,-0.117446122273,-0.117446122273,4,941
arbitrary_scm,2,shared,30,5000,10,1ec0cb66,full_datafusionppi,joint_box_lambda_omega,1,-0.0885367550303,0.517783864702,-0.606320619732,0.216821828413,30,5000,not_applicable,0,1.2189607053,1.57033294659,1.2189607053,1.57033294659,0,0,0,0,0,5.3690664822,0.626643298212,-7.31507978183,1.42420986079,-0.306210808183,0.010544198773,0.010544198773,668.19545846,6.49314790952,0,-0.117446122273,-0.117446122273,4,941
arbitrary_scm,2,shared,30,5000,11,b5d9c608,rct_aipw,fixed_lambda_0_omega_0,0,0.494544306281,0.517783864702,-0.0232395584206,0.356862964012,30,5000,not_applicable,0,0,0,0,0,0,0,0,0,0,7.78042167136,0.81450262257,-8.62070682497,0.793752460845,0.0211104722642,0.0103902314985,0.0103902314985,938.476562963,2.23500061065,0,0.00910769141994,0.00910769141994,3,948
arbitrary_scm,2,shared,30,5000,11,b5d9c608,haipw_only,restricted_omega_0,0,0.884817322033,0.517783864702,0.367033457332,0.133625085621,30,5000,not_applicable,0,1.1294229194,0,1.1294229194,0,0,0,0,0,0,7.78042167136,0.81450262257,-8.62070682497,0.793752460845,0.0211104722642,0.0103902314985,0.0103902314985,938.476562963,2.23500061065,0,0.00910769141994,0.00910769141994,3,948
arbitrary_scm,2,shared,30,5000,11,b5d9c608,ppi_power_tuned_only,restricted_lambda_0,1,0.556634832106,0.517783864702,0.0388509674045,0.296314083772,30,5000,not_applicable,0,0,1.00022224249,0,1.00022224249,0,0,0,0,0,7.78042167136,0.81450262257,-8.62070682497,0.793752460845,0.0211104722642,0.0103902314985,0.0103902314985,938.476562963,2.23500061065,0,0.00910769141994,0.00910769141994,3,948
arbitrary_scm,2,shared,30,5000,11,b5d9c608,full_datafusionppi,joint_box_lambda_omega,1,0.851161710162,0.517783864702,0.333377845461,0.111435151098,30,5000,not_applicable,0,1.13862346072,1.01170823818,1.13862346072,1.01170823818,0,0,0,0,0,7.78042167136,0.81450262257,-8.62070682497,0.793752460845,0.0211104722642,0.0103902314985,0.0103902314985,938.476562963,2.23500061065,0,0.00910769141994,0.00910769141994,3,948
arbitrary_scm,2,shared,30,5000,12,7812b7b4,rct_aipw,fixed_lambda_0_omega_0,0,0.196442164479,0.517783864702,-0.321341700222,0.194689353498,30,5000,not_applicable,0,0,0,0,0,0,0,0,0,0,3.89075707568,0.411781953462,-3.5722516561,0.308740553286,-0.0106255797266,0.0123122381214,0.0123122381214,897.745009328,2.82734683276,0,-0.00907220184361,-0.00907220184361,2,953
arbitrary_scm,2,shared,30,5000,12,7812b7b4,haipw_only,restricted_omega_0,0,0.105462782498,0.517783864702,-0.412321082204,0.184940148382,30,5000,not_applicable,0,0.898442735976,0,0.898442735976,0,0,0,0,0,0,3.89075707568,0.411781953462,-3.5722516561,0.308740553286,-0.0106255797266,0.0123122381214,0.0123122381214,897.745009328,2.82734683276,0,-0.00907220184361,-0.00907220184361,2,953
arbitrary_scm,2,shared,30,5000,12,7812b7b4,ppi_power_tuned_only,restricted_lambda_0,1,0.190392392574,0.517783864702,-0.327391472127,0.199500355899,30,5000,not_applicable,0,0,0.761650549444,0,0.761650549444,0,0,0,0,0,3.89075707568,0.411781953462,-3.5722516561,0.308740553286,-0.0106255797266,0.0123122381214,0.0123122381214,897.745009328,2.82734683276,0,-0.00907220184361,-0.00907220184361,2,953
arbitrary_scm,2,shared,30,5000,12,7812b7b4,full_datafusionppi,joint_box_lambda_omega,1,0.112594889892,0.517783864702,-0.40518897481,0.183465345548,30,5000,not_applicable,0,0.903974186292,0.686406392055,0.903974186292,0.686406392055,0,0,0,0,0,3.89075707568,0.411781953462,-3.5722516561,0.308740553286,-0.0106255797266,0.0123122381214,0.0123122381214,897.745009328,2.82734683276,0,-0.00907220184361,-0.00907220184361,2,953
arbitrary_scm,2,shared,30,5000,13,9fc98b50,rct_aipw,fixed_lambda_0_omega_0,0,-0.00731363616244,0.517783864702,-0.525097500864,0.210040935873,30,5000,not_applicable,0,0,0,0,0,0,0,0,0,0,5.10273697432,0.922587964497,-5.09154237293,1.11404092029,-0.459115376859,0.0079869141608,0.0079869141608,885.381019505,2.99285391016,0,-0.0363718122411,-0.0363718122411,2,957
arbitrary_scm,2,shared,30,5000,13,9fc98b50,haipw_only,restricted_omega_0,0,-0.20081493399,0.517783864702,-0.718598798691,0.114277517204,30,5000,not_applicable,0,1.03662646354,0,1.03662646354,0,0,0,0,0,0,5.10273697432,0.922587964497,-5.09154237293,1.11404092029,-0.459115376859,0.0079869141608,0.0079869141608,885.381019505,2.99285391016,0,-0.0363718122411,-0.0363718122411,2,957
arbitrary_scm,2,shared,30,5000,13,9fc98b50,ppi_power_tuned_only,restricted_lambda_0,1,0.142512657634,0.517783864702,-0.375271207068,0.219343589569,30,5000,not_applicable,0,0,1.20869934815,0,1.20869934815,0,0,0,0,0,5.10273697432,0.922587964497,-5.09154237293,1.11404092029,-0.459115376859,0.0079869141608,0.0079869141608,885.381019505,2.99285391016,0,-0.0363718122411,-0.0363718122411,2,957
arbitrary_scm,2,shared,30,5000,13,9fc98b50,full_datafusionppi,joint_box_lambda_omega,1,-0.013743686862,0.517783864702,-0.531527551564,0.121872696373,30,5000,not_applicable,0,0.996152730378,0.823627694359,0.996152730378,0.823627694359,0,0,0,0,0,5.10273697432,0.922587964497,-5.09154237293,1.11404092029,-0.459115376859,0.0079869141608,0.0079869141608,885.381019505,2.99285391016,0,-0.0363718122411,-0.0363718122411,2,957
arbitrary_scm,2,shared,30,5000,14,f6e9847a,rct_aipw,fixed_lambda_0_omega_0,0,-0.0682160762328,0.517783864702,-0.585999940934,0.176820405906,30,5000,not_applicable,0,0,0,0,0,0,0,0,0,0,2.7613001533,0.548366402985,-1.9070487422,0.346620577724,-0.399072923052,0.0135585032432,0.0135585032432,925.089916127,2.50741070752,0,-0.0105866524432,-0.0105866524432,4,926
arbitrary_scm,2,shared,30,5000,14,f6e9847a,haipw_only,restricted_omega_0,0,0.148018598825,0.517783864702,-0.369765265876,0.118873238386,30,5000,not_applicable,0,0.658068830783,0,0.658068830783,0,0,0,0,0,0,2.7613001533,0.548366402985,-1.9070487422,0.346620577724,-0.399072923052,0.0135585032432,0.0135585032432,925.089916127,2.50741070752,0,-0.0105866524432,-0.0105866524432,4,926
arbitrary_scm,2,shared,30,5000,14,f6e9847a,ppi_power_tuned_only,restricted_lambda_0,1,-0.104241225185,0.517783864702,-0.622025089887,0.160784863162,30,5000,not_applicable,0,0,0.60644728766,0,0.60644728766,0,0,0,0,0,2.7613001533,0.548366402985,-1.9070487422,0.346620577724,-0.399072923052,0.0135585032432,0.0135585032432,925.089916127,2.50741070752,0,-0.0105866524432,-0.0105866524432,4,926
arbitrary_scm,2,shared,30,5000,14,f6e9847a,full_datafusionppi,joint_box_lambda_omega,1,0.190185608874,0.517783864702,-0.327598255828,0.136965603111,30,5000,not_applicable,0,0.640081442739,0.177093663176,0.640081442739,0.177093663176,0,0,0,0,0,2.7613001533,0.548366402985,-1.9070487422,0.346620577724,-0.399072923052,0.0135585032432,0.0135585032432,925.089916127,2.50741070752,0,-0.0105866524432,-0.0105866524432,4,926
arbitrary_scm,2,shared,30,5000,15,64a34b6e,rct_aipw,fixed_lambda_0_omega_0,0,0.475500533661,0.517783864702,-0.0422833310409,0.372074478314,30,5000,not_applicable,0,0,0,0,0,0,0,0,0,0,7.5875144932,0.257202414378,-6.62691353795,-0.188393003845,0.232955951005,0.0133336940547,0.0133336940547,753.094077508,5.42176531234,0,0.0455759787717,0.0455759787717,2,948
arbitrary_scm,2,shared,30,5000,15,64a34b6e,haipw_only,restricted_omega_0,0,0.757557710522,0.517783864702,0.23977384582,0.316590546779,30,5000,not_applicable,0,0.864467401167,0,0.864467401167,0,0,0,0,0,0,7.5875144932,0.257202414378,-6.62691353795,-0.188393003845,0.232955951005,0.0133336940547,0.0133336940547,753.094077508,5.42176531234,0,0.0455759787717,0.0455759787717,2,948
arbitrary_scm,2,shared,30,5000,15,64a34b6e,ppi_power_tuned_only,restricted_lambda_0,1,0.490887434716,0.517783864702,-0.0268964299852,0.403838559841,30,5000,not_applicable,0,0,-0.754421147357,0,-0.72608640698,0,0.2,0,0.2,0,7.5875144932,0.257202414378,-6.62691353795,-0.188393003845,0.232955951005,0.0133336940547,0.0133336940547,753.094077508,5.42176531234,0,0.0455759787717,0.0455759787717,2,948
arbitrary_scm,2,shared,30,5000,15,64a34b6e,full_datafusionppi,joint_box_lambda_omega,1,0.809658202198,0.517783864702,0.291874337496,0.350200196954,30,5000,not_applicable,0,0.877844534887,0.263140276576,0.877844534887,0.263140276576,0,0,0,0,0,7.5875144932,0.257202414378,-6.62691353795,-0.188393003845,0.232955951005,0.0133336940547,0.0133336940547,753.094077508,5.42176531234,0,0.0455759787717,0.0455759787717,2,948
arbitrary_scm,2,shared,30,5000,16,26902c6d,rct_aipw,fixed_lambda_0_omega_0,0,0.785757410577,0.517783864702,0.267973545876,0.278996283321,30,5000,not_applicable,0,0,0,0,0,0,0,0,0,0,77.2201550735,0.347035311362,-73.4847654441,1.40991541694,-1.36311679772,0.00750878205095,0.00750878205095,894.311127439,2.92588511396,0,-0.110825792123,-0.110825792123,3,944
arbitrary_scm,2,shared,30,5000,16,26902c6d,haipw_only,restricted_omega_0,0,0.773406032532,0.517783864702,0.255622167831,0.325539626256,30,5000,not_applicable,0,0.715804013061,0,0.715804013061,0,0,0,0,0,0,77.2201550735,0.347035311362,-73.4847654441,1.40991541694,-1.36311679772,0.00750878205095,0.00750878205095,894.311127439,2.92588511396,0,-0.110825792123,-0.110825792123,3,944
arbitrary_scm,2,shared,30,5000,16,26902c6d,ppi_power_tuned_only,restricted_lambda_0,1,0.728334035853,0.517783864702,0.210550171151,0.305308474634,30,5000,not_applicable,0,0,4.96055389564,0,1.11823521731,0,0.6,0,0.6,0,77.2201550735,0.347035311362,-73.4847654441,1.40991541694,-1.36311679772,0.00750878205095,0.00750878205095,894.311127439,2.92588511396,0,-0.110825792123,-0.110825792123,3,944
arbitrary_scm,2,shared,30,5000,16,26902c6d,full_datafusionppi,joint_box_lambda_omega,1,0.715992809458,0.517783864702,0.198208944757,0.337722541429,30,5000,not_applicable,0,0.693174179297,0.451771286521,0.693174179297,0.451771286521,0,0,0,0,0,77.2201550735,0.347035311362,-73.4847654441,1.40991541694,-1.36311679772,0.00750878205095,0.00750878205095,894.311127439,2.92588511396,0,-0.110825792123,-0.110825792123,3,944
arbitrary_scm,2,shared,30,5000,17,527abc75,rct_aipw,fixed_lambda_0_omega_0,0,1.29159362305,0.517783864702,0.773809758347,0.19945884202,30,5000,not_applicable,0,0,0,0,0,0,0,0,0,0,3.29138786641,0.36676976323,-3.27679931634,0.509425030297,0.0469242311165,0.00596453838905,0.00596453838905,906.53563894,2.52097131979,0,0.0196106424903,0.0196106424903,2,932
arbitrary_scm,2,shared,30,5000,17,527abc75,haipw_only,restricted_omega_0,0,0.92329304279,0.517783864702,0.405509178088,0.133127787856,30,5000,not_applicable,0,0.974186090547,0,0.974186090547,0,0,0,0,0,0,3.29138786641,0.36676976323,-3.27679931634,0.509425030297,0.0469242311165,0.00596453838905,0.00596453838905,906.53563894,2.52097131979,0,0.0196106424903,0.0196106424903,2,932
arbitrary_scm,2,shared,30,5000,17,527abc75,ppi_power_tuned_only,restricted_lambda_0,1,1.14582349989,0.517783864702,0.62803963519,0.177121947816,30,5000,not_applicable,0,0,1.45381297019,0,1.40443594118,0,0.4,0,0.4,0,3.29138786641,0.36676976323,-3.27679931634,0.509425030297,0.0469242311165,0.00596453838905,0.00596453838905,906.53563894,2.52097131979,0,0.0196106424903,0.0196106424903,2,932
arbitrary_scm,2,shared,30,5000,17,527abc75,full_datafusionppi,joint_box_lambda_omega,1,0.709623913235,0.517783864702,0.191840048534,0.123216870732,30,5000,not_applicable,0,0.974034941399,1.65646548858,0.970789383428,1.56835864053,0.2,0.2,0,0.2,0,3.29138786641,0.36676976323,-3.27679931634,0.509425030297,0.0469242311165,0.00596453838905,0.00596453838905,906.53563894,2.52097131979,0,0.0196106424903,0.0196106424903,2,932
arbitrary_scm,2,shared,30,5000,18,0d9eabdd,rct_aipw,fixed_lambda_0_omega_0,0,0.839705027854,0.517783864702,0.321921163152,0.450939726586,30,5000,not_applicable,0,0,0,0,0,0,0,0,0,0,14.3960891896,0.343336124851,-16.0287876232,-0.164203089312,0.525455210629,0.00689562567812,0.00689562567812,857.723998423,3.33709435057,0,-0.0111146031056,-0.0111146031056,2,952
arbitrary_scm,2,shared,30,5000,18,0d9eabdd,haipw_only,restricted_omega_0,0,1.20446436033,0.517783864702,0.686680495631,0.235885474878,30,5000,not_applicable,0,1.07915827895,0,1.07915827895,0,0,0,0,0,0,14.3960891896,0.343336124851,-16.0287876232,-0.164203089312,0.525455210629,0.00689562567812,0.00689562567812,857.723998423,3.33709435057,0,-0.0111146031056,-0.0111146031056,2,952
arbitrary_scm,2,shared,30,5000,18,0d9eabdd,ppi_power_tuned_only,restricted_lambda_0,1,0.895492410441,0.517783864702,0.37770854574,0.481438679011,30,5000,not_applicable,0,0,-0.530935656801,0,-0.514297401781,0,0.2,0,0.2,0,14.3960891896,0.343336124851,-16.0287876232,-0.164203089312,0.525455210629,0.00689562567812,0.00689562567812,857.723998423,3.33709435057,0,-0.0111146031056,-0.0111146031056,2,952
arbitrary_scm,2,shared,30,5000,18,0d9eabdd,full_datafusionppi,joint_box_lambda_omega,1,1.02187756397,0.517783864702,0.50409369927,0.214596639779,30,5000,not_applicable,0,1.1296302301,1.36827698965,1.1296302301,1.36827698965,0,0,0,0,0,14.3960891896,0.343336124851,-16.0287876232,-0.164203089312,0.525455210629,0.00689562567812,0.00689562567812,857.723998423,3.33709435057,0,-0.0111146031056,-0.0111146031056,2,952
arbitrary_scm,2,shared,30,5000,19,6301686d,rct_aipw,fixed_lambda_0_omega_0,0,-0.0210021730425,0.517783864702,-0.538786037744,0.627530375476,30,5000,not_applicable,0,0,0,0,0,0,0,0,0,0,7.33383317056,0.643546199654,-7.47054850513,0.456822060545,-0.406417196121,0.00698335181489,0.00698335181489,870.949165549,3.10517721439,0,0.039693057446,0.039693057446,3,921
arbitrary_scm,2,shared,30,5000,19,6301686d,haipw_only,restricted_omega_0,0,-0.229100985761,0.517783864702,-0.746884850463,0.378077511959,30,5000,not_applicable,0,0.870292885146,0,0.870292885146,0,0,0,0,0,0,7.33383317056,0.643546199654,-7.47054850513,0.456822060545,-0.406417196121,0.00698335181489,0.00698335181489,870.949165549,3.10517721439,0,0.039693057446,0.039693057446,3,921
arbitrary_scm,2,shared,30,5000,19,6301686d,ppi_power_tuned_only,restricted_lambda_0,1,-0.0888818411657,0.517783864702,-0.606665705867,0.669038320601,30,5000,not_applicable,0,0,0.5819856722,0,0.5819856722,0,0,0,0,0,7.33383317056,0.643546199654,-7.47054850513,0.456822060545,-0.406417196121,0.00698335181489,0.00698335181489,870.949165549,3.10517721439,0,0.039693057446,0.039693057446,3,921
arbitrary_scm,2,shared,30,5000,19,6301686d,full_datafusionppi,joint_box_lambda_omega,1,-0.311312457874,0.517783864702,-0.829096322575,0.406651094567,30,5000,not_applicable,0,0.809359992638,0.168311500607,0.809359992638,0.168311500607,0,0,0,0,0,7.33383317056,0.643546199654,-7.47054850513,0.456822060545,-0.406417196121,0.00698335181489,0.00698335181489,870.949165549,3.10517721439,0,0.039693057446,0.039693057446,3,921
arbitrary_scm,2,shifted,20,5000,0,0a4750e0,rct_aipw,fixed_lambda_0_omega_0,0,1.58450737897,0.439059437195,1.14544794178,0.308383111921,20,5000,not_applicable,0,0,0,0,0,0,0,0,0,0,3.48607370821,0.395515048836,-4.12653075053,-0.153525348604,0.165548973473,-0.00112254138683,-0.00112254138683,747.099722689,5.10431843377,0,0.142878629531,0.142878629531,2,952
arbitrary_scm,2,shifted,20,5000,0,0a4750e0,haipw_only,restricted_omega_0,0,0.281005543345,0.439059437195,-0.158053893849,0.156933430789,20,5000,not_applicable,0,1.12110127821,0,1.12110127821,0,0,0,0,0,0,3.48607370821,0.395515048836,-4.12653075053,-0.153525348604,0.165548973473,-0.00112254138683,-0.00112254138683,747.099722689,5.10431843377,0,0.142878629531,0.142878629531,2,952
arbitrary_scm,2,shifted,20,5000,0,0a4750e0,ppi_power_tuned_only,restricted_lambda_0,1,1.39082441585,0.439059437195,0.951764978656,0.324351062459,20,5000,not_applicable,0,0,-0.376830038209,0,-0.376830038209,0,0,0,0,0,3.48607370821,0.395515048836,-4.12653075053,-0.153525348604,0.165548973473,-0.00112254138683,-0.00112254138683,747.099722689,5.10431843377,0,0.142878629531,0.142878629531,2,952
arbitrary_scm,2,shifted,20,5000,0,0a4750e0,full_datafusionppi,joint_box_lambda_omega,1,0.340749423786,0.439059437195,-0.0983100134088,0.170899515876,20,5000,not_applicable,0,1.12301939243,0.190741425689,1.12301939243,0.190741425689,0,0,0,0,0,3.48607370821,0.395515048836,-4.12653075053,-0.153525348604,0.165548973473,-0.00112254138683,-0.00112254138683,747.099722689,5.10431843377,0,0.142878629531,0.142878629531,2,952
arbitrary_scm,2,shifted,20,5000,1,f59caa92,rct_aipw,fixed_lambda_0_omega_0,0,-0.319752187368,0.439059437195,-0.758811624563,0.684376384676,20,5000,not_applicable,0,0,0,0,0,0,0,0,0,0,14.6284995196,0.374881332181,-13.2009338562,0.621583748885,-0.0197186704723,0.0059585950692,0.0059585950692,671.061785334,6.4379206594,0,0.0312923278177,0.0312923278177,3,934
arbitrary_scm,2,shifted,20,5000,1,f59caa92,haipw_only,restricted_omega_0,0,-0.273597644708,0.439059437195,-0.712657081903,0.41036673353,20,5000,not_applicable,0,0.834994596424,0,0.834994596424,0,0,0,0,0,0,14.6284995196,0.374881332181,-13.2009338562,0.621583748885,-0.0197186704723,0.0059585950692,0.0059585950692,671.061785334,6.4379206594,0,0.0312923278177,0.0312923278177,3,934
arbitrary_scm,2,shifted,20,5000,1,f59caa92,ppi_power_tuned_only,restricted_lambda_0,1,-0.224198052477,0.439059437195,-0.663257489672,0.577197780778,20,5000,not_applicable,0,0,1.7571239147,0,1.4014192896,0,0.6,0,0.6,0,14.6284995196,0.374881332181,-13.2009338562,0.621583748885,-0.0197186704723,0.0059585950692,0.0059585950692,671.061785334,6.4379206594,0,0.0312923278177,0.0312923278177,3,934
arbitrary_scm,2,shifted,20,5000,1,f59caa92,full_datafusionppi,joint_box_lambda_omega,1,-0.351985141453,0.439059437195,-0.791044578648,0.332449079551,20,5000,not_applicable,0,0.752231879211,1.84414575095,0.759230038169,1.7131231817,0.4,0.4,0,0.4,0,14.6284995196,0.374881332181,-13.2009338562,0.621583748885,-0.0197186704723,0.0059585950692,0.0059585950692,671.061785334,6.4379206594,0,0.0312923278177,0.0312923278177,3,934
arbitrary_scm,2,shifted,20,5000,2,4f1d81b6,rct_aipw,fixed_lambda_0_omega_0,0,0.906418463327,0.439059437195,0.467359026132,0.8769709485,20,5000,not_applicable,0,0,0,0,0,0,0,0,0,0,8.35892315689,0.332750376868,-8.58517275846,0.571848626002,-0.191409059572,-0.0101454276235,-0.0101360229502,567.580156868,9.19934907647,0.001,-0.0910670179187,-0.0910616534225,1,960
arbitrary_scm,2,shifted,20,5000,2,4f1d81b6,haipw_only,restricted_omega_0,0,1.45278850812,0.439059437195,1.01372907093,0.590052916527,20,5000,not_applicable,0,1.01578671689,0,1.01578671689,0,0,0,0,0,0,8.35892315689,0.332750376868,-8.58517275846,0.571848626002,-0.191409059572,-0.0101454276235,-0.0101360229502,567.580156868,9.19934907647,0.001,-0.0910670179187,-0.0910616534225,1,960
arbitrary_scm,2,shifted,20,5000,2,4f1d81b6,ppi_power_tuned_only,restricted_lambda_0,1,0.851784673776,0.439059437195,0.412725236581,0.886336011617,20,5000,not_applicable,0,0,1.57527894606,0,0.974417395514,0,0.4,0,0.4,0,8.35892315689,0.332750376868,-8.58517275846,0.571848626002,-0.191409059572,-0.0101454276235,-0.0101360229502,567.580156868,9.19934907647,0.001,-0.0910670179187,-0.0910616534225,1,960
arbitrary_scm,2,shifted,20,5000,2,4f1d81b6,full_datafusionppi,joint_box_lambda_omega,1,1.40594562541,0.439059437195,0.966886188214,0.601962911069,20,5000,not_applicable,0,1.00715062786,0.933253746053,1.00787993506,0.84237103598,0.2,0.2,0,0.2,0,8.35892315689,0.332750376868,-8.58517275846,0.571848626002,-0.191409059572,-0.0101454276235,-0.0101360229502,567.580156868,9.19934907647,0.001,-0.0910670179187,-0.0910616534225,1,960
arbitrary_scm,2,shifted,20,5000,3,af1c6566,rct_aipw,fixed_lambda_0_omega_0,0,-0.0262382173939,0.439059437195,-0.465297654589,0.993815303198,20,5000,not_applicable,0,0,0,0,0,0,0,0,0,0,8.41842734614,0.393734785553,-8.5115493428,0.740815372936,-0.119269354877,0.0119735437886,0.0119735437886,862.951647571,3.65701136819,0,-0.0466297096033,-0.0466297096033,2,929
arbitrary_scm,2,shifted,20,5000,3,af1c6566,haipw_only,restricted_omega_0,0,0.305431467218,0.439059437195,-0.133627969977,0.311767095707,20,5000,not_applicable,0,0.879668386835,0,0.879668386835,0,0,0,0,0,0,8.41842734614,0.393734785553,-8.5115493428,0.740815372936,-0.119269354877,0.0119735437886,0.0119735437886,862.951647571,3.65701136819,0,-0.0466297096033,-0.0466297096033,2,929
arbitrary_scm,2,shifted,20,5000,3,af1c6566,ppi_power_tuned_only,restricted_lambda_0,1,-0.162206064779,0.439059437195,-0.601265501973,1.04712450777,20,5000,not_applicable,0,0,1.9658847372,0,1.1810221157,0,0.4,0,0.4,0,8.41842734614,0.393734785553,-8.5115493428,0.740815372936,-0.119269354877,0.0119735437886,0.0119735437886,862.951647571,3.65701136819,0,-0.0466297096033,-0.0466297096033,2,929
arbitrary_scm,2,shifted,20,5000,3,af1c6566,full_datafusionppi,joint_box_lambda_omega,1,0.23479920254,0.439059437195,-0.204260234654,0.279759502603,20,5000,not_applicable,0,0.864966531414,1.60289465317,0.871873391381,1.42756114742,0.2,0.2,0,0.2,0,8.41842734614,0.393734785553,-8.5115493428,0.740815372936,-0.119269354877,0.0119735437886,0.0119735437886,862.951647571,3.65701136819,0,-0.0466297096033,-0.0466297096033,2,929
arbitrary_scm,2,shifted,20,5000,4,f63150f5,rct_aipw,fixed_lambda_0_omega_0,0,1.26778783627,0.439059437195,0.828728399072,0.97360453341,20,5000,not_applicable,0,0,0,0,0,0,0,0,0,0,7.76861844096,0.90154894877,-6.72907902751,0.300942301309,1.24878290007,0.00188743012532,0.00188743012532,822.664868565,3.73283303002,0,0.145750810858,0.145750810858,1,961
arbitrary_scm,2,shifted,20,5000,4,f63150f5,haipw_only,restricted_omega_0,0,0.79491994351,0.439059437195,0.355860506316,0.673001043929,20,5000,not_applicable,0,0.823783964659,0,0.823783964659,0,0,0,0,0,0,7.76861844096,0.90154894877,-6.72907902751,0.300942301309,1.24878290007,0.00188743012532,0.00188743012532,822.664868565,3.73283303002,0,0.145750810858,0.145750810858,1,961
arbitrary_scm,2,shifted,20,5000,4,f63150f5,ppi_power_tuned_only,restricted_lambda_0,1,1.65318557212,0.439059437195,1.21412613493,1.08729053777,20,5000,not_applicable,0,0,0.421467847241,0,0.382409061065,0,0.2,0,0.2,0,7.76861844096,0.90154894877,-6.72907902751,0.300942301309,1.24878290007,0.00188743012532,0.00188743012532,822.664868565,3.73283303002,0,0.145750810858,0.145750810858,1,961
arbitrary_scm,2,shifted,20,5000,4,f63150f5,full_datafusionppi,joint_box_lambda_omega,1,0.524719010528,0.439059437195,0.0856595733331,0.512340598305,20,5000,not_applicable,0,1.12929198942,2.09907241062,1.05238105542,1.57371163071,0.4,0.4,0,0.4,0,7.76861844096,0.90154894877,-6.72907902751,0.300942301309,1.24878290007,0.00188743012532,0.00188743012532,822.664868565,3.73283303002,0,0.145750810858,0.145750810858,1,961
arbitrary_scm,2,shifted,20,5000,5,2fbad300,rct_aipw,fixed_lambda_0_omega_0,0,1.06804544727,0.439059437195,0.628986010072,0.428152057716,20,5000,not_applicable,0,0,0,0,0,0,0,0,0,0,17.0901437564,0.319006175507,-15.3810062238,0.2067499997,0.149435220992,0.00359675117151,0.00359675117151,735.542057324,5.35342256773,0,-0.0549494294056,-0.0549494294056,3,934
arbitrary_scm,2,shifted,20,5000,5,2fbad300,haipw_only,restricted_omega_0,0,0.604187502888,0.439059437195,0.165128065693,0.30758655662,20,5000,not_applicable,0,0.991522635772,0,0.991522635772,0,0,0,0,0,0,17.0901437564,0.319006175507,-15.3810062238,0.2067499997,0.149435220992,0.00359675117151,0.00359675117151,735.542057324,5.35342256773,0,-0.0549494294056,-0.0549494294056,3,934
arbitrary_scm,2,shifted,20,5000,5,2fbad300,ppi_power_tuned_only,restricted_lambda_0,1,0.922481162246,0.439059437195,0.483421725052,0.514830129603,20,5000,not_applicable,0,0,0.744561387766,0,0.621886983969,0,0.2,0,0.2,0,17.0901437564,0.319006175507,-15.3810062238,0.2067499997,0.149435220992,0.00359675117151,0.00359675117151,735.542057324,5.35342256773,0,-0.0549494294056,-0.0549494294056,3,934
arbitrary_scm,2,shifted,20,5000,5,2fbad300,full_datafusionppi,joint_box_lambda_omega,1,0.448823478076,0.439059437195,0.00976404088139,0.318580491464,20,5000,not_applicable,0,0.997694357695,1.07096893637,0.997694357695,1.07096893637,0,0,0,0,0,17.0901437564,0.319006175507,-15.3810062238,0.2067499997,0.149435220992,0.00359675117151,0.00359675117151,735.542057324,5.35342256773,0,-0.0549494294056,-0.0549494294056,3,934
arbitrary_scm,2,shifted,20,5000,6,b2e32e7d,rct_aipw,fixed_lambda_0_omega_0,0,0.420072064222,0.439059437195,-0.0189873729727,0.578113042069,20,5000,not_applicable,0,0,0,0,0,0,0,0,0,0,5.1946548672,1.05308001341,-4.53601218304,1.17174770669,-0.311475189046,0.00315396769299,0.00316212811873,673.477357213,6.29472756326,0.0006,-0.117491073139,-0.117525640826,1,946
arbitrary_scm,2,shifted,20,5000,6,b2e32e7d,haipw_only,restricted_omega_0,0,0.474249513743,0.439059437195,0.0351900765486,0.560669908578,20,5000,not_applicable,0,0.840511975105,0,0.840511975105,0,0,0,0,0,0,5.1946548672,1.05308001341,-4.53601218304,1.17174770669,-0.311475189046,0.00315396769299,0.00316212811873,673.477357213,6.29472756326,0.0006,-0.117491073139,-0.117525640826,1,946
arbitrary_scm,2,shifted,20,5000,6,b2e32e7d,ppi_power_tuned_only,restricted_lambda_0,1,0.494421124337,0.439059437195,0.0553616871426,0.548492286446,20,5000,not_applicable,0,0,0.953211709524,0,0.953211709524,0,0,0,0,0,5.1946548672,1.05308001341,-4.53601218304,1.17174770669,-0.311475189046,0.00315396769299,0.00316212811873,673.477357213,6.29472756326,0.0006,-0.117491073139,-0.117525640826,1,946
arbitrary_scm,2,shifted,20,5000,6,b2e32e7d,full_datafusionppi,joint_box_lambda_omega,1,0.55602790118,0.439059437195,0.116968463985,0.48846203665,20,5000,not_applicable,0,0.725229465815,0.849035947421,0.725229465815,0.849035947421,0,0,0,0,0,5.1946548672,1.05308001341,-4.53601218304,1.17174770669,-0.311475189046,0.00315396769299,0.00316212811873,673.477357213,6.29472756326,0.0006,-0.117491073139,-0.117525640826,1,946
arbitrary_scm,2,shifted,20,5000,7,8bb92dbc,rct_aipw,fixed_lambda_0_omega_0,0,1.3845422768,0.439059437195,0.945482839602,0.252800432227,20,5000,not_applicable,0,0,0,0,0,0,0,0,0,0,7.29558631585,0.329042946674,-6.50554654513,0.449822969097,0.306289607518,0.00612227015261,0.00612227015261,753.634496789,5.01411007768,0,-0.0134842931489,-0.0134842931489,2,929
arbitrary_scm,2,shifted,20,5000,7,8bb92dbc,haipw_only,restricted_omega_0,0,1.22480740368,0.439059437195,0.785747966482,0.275120442027,20,5000,not_applicable,0,0.779718007281,0,0.779718007281,0,0,0,0,0,0,7.29558631585,0.329042946674,-6.50554654513,0.449822969097,0.306289607518,0.00612227015261,0.00612227015261,753.634496789,5.01411007768,0,-0.0134842931489,-0.0134842931489,2,929
arbitrary_scm,2,shifted,20,5000,7,8bb92dbc,ppi_power_tuned_only,restricted_lambda_0,1,1.13020543419,0.439059437195,0.691145996998,0.265401584434,20,5000,not_applicable,0,0,1.43453219178,0,1.1121326687,0,0.2,0,0.2,0,7.29558631585,0.329042946674,-6.50554654513,0.449822969097,0.306289607518,0.00612227015261,0.00612227015261,753.634496789,5.01411007768,0,-0.0134842931489,-0.0134842931489,2,929
arbitrary_scm,2,shifted,20,5000,7,8bb92dbc,full_datafusionppi,joint_box_lambda_omega,1,0.619349748953,0.439059437195,0.180290311758,0.134343983534,20,5000,not_applicable,0,0.944887933257,2.17612120733,0.934642381939,1.97814987815,0.6,0.6,0,0.6,0,7.29558631585,0.329042946674,-6.50554654513,0.449822969097,0.306289607518,0.00612227015261,0.00612227015261,753.634496789,5.01411007768,0,-0.0134842931489,-0.0134842931489,2,929
arbitrary_scm,2,shifted,20,5000,8,c8f42fbc,rct_aipw,fixed_lambda_0_omega_0,0,1.49884975277,0.439059437195,1.05979031558,0.293906842737,20,5000,not_applicable,0,0,0,0,0,0,0,0,0,0,8.0839501092,0.302692980574,-7.58603764278,-0.484823801398,0.201500650426,0.0105689735599,0.0105874604512,535.229002371,9.99090818202,0.0018,0.00774969400218,0.00775759843305,1,948
arbitrary_scm,2,shifted,20,5000,8,c8f42fbc,haipw_only,restricted_omega_0,0,0.865949510989,0.439059437195,0.426890073795,0.134671489661,20,5000,not_applicable,0,0.900898827339,0,0.900898827339,0,0,0,0,0,0,8.0839501092,0.302692980574,-7.58603764278,-0.484823801398,0.201500650426,0.0105689735599,0.0105874604512,535.229002371,9.99090818202,0.0018,0.00774969400218,0.00775759843305,1,948
arbitrary_scm,2,shifted,20,5000,8,c8f42fbc,ppi_power_tuned_only,restricted_lambda_0,1,2.15810530309,0.439059437195,1.7190458659,0.319287386837,20,5000,not_applicable,0,0,-1.73017253567,0,-1.22103359829,0,0.2,0,0.2,0,8.0839501092,0.302692980574,-7.58603764278,-0.484823801398,0.201500650426,0.0105689735599,0.0105874604512,535.229002371,9.99090818202,0.0018,0.00774969400218,0.00775759843305,1,948
arbitrary_scm,2,shifted,20,5000,8,c8f42fbc,full_datafusionppi,joint_box_lambda_omega,1,1.46189865535,0.439059437195,1.02283921815,0.160005183346,20,5000,not_applicable,0,0.858944139815,-1.24869544616,0.860440170689,-1.23388212321,0.2,0.2,0,0.2,0,8.0839501092,0.302692980574,-7.58603764278,-0.484823801398,0.201500650426,0.0105689735599,0.0105874604512,535.229002371,9.99090818202,0.0018,0.00774969400218,0.00775759843305,1,948
arbitrary_scm,2,shifted,20,5000,9,3046a4df,rct_aipw,fixed_lambda_0_omega_0,0,1.28330142551,0.439059437195,0.844241988314,0.447282152517,20,5000,not_applicable,0,0,0,0,0,0,0,0,0,0,5.00101884554,0.868612810538,-6.55033437846,0.192495486907,0.0917912790475,0.00720576128471,0.00720576128471,860.015414394,3.09891151141,0,0.115906900153,0.115906900153,3,940
arbitrary_scm,2,shifted,20,5000,9,3046a4df,haipw_only,restricted_omega_0,0,0.608109578871,0.439059437195,0.169050141676,0.183022627174,20,5000,not_applicable,0,1.32828795225,0,1.32828795225,0,0,0,0,0,0,5.00101884554,0.868612810538,-6.55033437846,0.192495486907,0.0917912790475,0.00720576128471,0.00720576128471,860.015414394,3.09891151141,0,0.115906900153,0.115906900153,3,940
arbitrary_scm,2,shifted,20,5000,9,3046a4df,ppi_power_tuned_only,restricted_lambda_0,1,1.32537634672,0.439059437195,0.886316909526,0.497333632375,20,5000,not_applicable,0,0,0.168078880193,0,0.168078880193,0,0,0,0,0,5.00101884554,0.868612810538,-6.55033437846,0.192495486907,0.0917912790475,0.00720576128471,0.00720576128471,860.015414394,3.09891151141,0,0.115906900153,0.115906900153,3,940
arbitrary_scm,2,shifted,20,5000,9,3046a4df,full_datafusionppi,joint_box_lambda_omega,1,0.650845556199,0.439059437195,0.211786119005,0.182522646923,20,5000,not_applicable,0,1.34746283928,0.435571625336,1.34746283928,0.435571625336,0,0,0,0,0,5.00101884554,0.868612810538,-6.55033437846,0.192495486907,0.0917912790475,0.00720576128471,0.00720576128471,860.015414394,3.09891151141,0,0.115906900153,0.115906900153,3,940
arbitrary_scm,2,shifted,20,5000,10,0389b1f8,rct_aipw,fixed_lambda_0_omega_0,0,0.486144220768,0.439059437195,0.0470847835734,0.447321709521,20,5000,not_applicable,0,0,0,0,0,0,0,0,0,0,5.72042358354,0.639542412326,-6.00454882856,0.125411767624,-0.0220650323589,0.00519582443403,0.00520460442276,510.325311698,12.5263485988,0.0006,-0.17457038353,-0.174553797757,1,924
arbitrary_scm,2,shifted,20,5000,10,0389b1f8,haipw_only,restricted_omega_0,0,0.401802330712,0.439059437195,-0.0372571064827,0.283501260796,20,5000,not_applicable,0,1.03539449936,0,1.03539449936,0,0,0,0,0,0,5.72042358354,0.639542412326,-6.00454882856,0.125411767624,-0.0220650323589,0.00519582443403,0.00520460442276,510.325311698,12.5263485988,0.0006,-0.17457038353,-0.174553797757,1,924
arbitrary_scm,2,shifted,20,5000,10,0389b1f8,ppi_power_tuned_only,restricted_lambda_0,1,0.311558104721,0.439059437195,-0.127501332473,0.450816304052,20,5000,not_applicable,0,0,-0.0915844471976,0,0.0668260754953,0,0.2,0,0.2,0,5.72042358354,0.639542412326,-6.00454882856,0.125411767624,-0.0220650323589,0.00519582443403,0.00520460442276,510.325311698,12.5263485988,0.0006,-0.17457038353,-0.174553797757,1,924
arbitrary_scm,2,shifted,20,5000,10,0389b1f8,full_datafusionppi,joint_box_lambda_omega,1,0.522378745548,0.439059437195,0.0833193083538,0.320578137815,20,5000,not_applicable,0,1.02677434059,0.355393334903,1.02677434059,0.355393334903,0,0,0,0,0,5.72042358354,0.639542412326,-6.00454882856,0.125411767624,-0.0220650323589,0.00519582443403,0.00520460442276,510.325311698,12.5263485988,0.0006,-0.17457038353,-0.174553797757,1,924
arbitrary_scm,2,shifted,20,5000,11,34d960b7,rct_aipw,fixed_lambda_0_omega_0,0,0.845691606818,0.439059437195,0.406632169623,1.04752693495,20,5000,not_applicable,0,0,0,0,0,0,0,0,0,0,7.88759267888,0.427012497589,-10.8192162689,0.831356103629,-0.42030747325,0.00561499425077,0.00561499425077,652.707490435,7.28281861797,0,-0.126635688693,-0.126635688693,2,912
arbitrary_scm,2,shifted,20,5000,11,34d960b7,haipw_only,restricted_omega_0,0,0.20090335841,0.439059437195,-0.238156078784,0.451593013649,20,5000,not_applicable,0,1.4070755818,0,1.4070755818,0,0,0,0,0,0,7.88759267888,0.427012497589,-10.8192162689,0.831356103629,-0.42030747325,0.00561499425077,0.00561499425077,652.707490435,7.28281861797,0,-0.126635688693,-0.126635688693,2,912
arbitrary_scm,2,shifted,20,5000,11,34d960b7,ppi_power_tuned_only,restricted_lambda_0,1,0.676087536461,0.439059437195,0.237028099267,1.10379111578,20,5000,not_applicable,0,0,2.01788561972,0,1.81925718258,0,0.6,0,0.6,0,7.88759267888,0.427012497589,-10.8192162689,0.831356103629,-0.42030747325,0.00561499425077,0.00561499425077,652.707490435,7.28281861797,0,-0.126635688693,-0.126635688693,2,912
arbitrary_scm,2,shifted,20,5000,11,34d960b7,full_datafusionppi,joint_box_lambda_omega,1,0.182408442875,0.439059437195,-0.25665099432,0.477299704346,20,5000,not_applicable,0,1.38128953136,0.510684823039,1.38128953136,0.510684823039,0,0,0,0,0,7.88759267888,0.427012497589,-10.8192162689,0.831356103629,-0.42030747325,0.00561499425077,0.00561499425077,652.707490435,7.28281861797,0,-0.126635688693,-0.126635688693,2,912
arbitrary_scm,2,shifted,20,5000,12,7710e1f7,rct_aipw,fixed_lambda_0_omega_0,0,-0.378733362018,0.439059437195,-0.817792799213,0.185840073055,20,5000,not_applicable,0,0,0,0,0,0,0,0,0,0,4.24405047863,0.413518250495,-4.18133244176,0.368141132704,-0.396668746948,-0.00351138474338,-0.00350760759982,634.514088094,6.49933822386,0.0002,-0.0990541446197,-0.0990557698128,2,928
arbitrary_scm,2,shifted,20,5000,12,7710e1f7,haipw_only,restricted_omega_0,0,-0.194232257579,0.439059437195,-0.633291694773,0.211607434982,20,5000,not_applicable,0,1.00488963491,0,1.00488963491,0,0,0,0,0,0,4.24405047863,0.413518250495,-4.18133244176,0.368141132704,-0.396668746948,-0.00351138474338,-0.00350760759982,634.514088094,6.49933822386,0.0002,-0.0990541446197,-0.0990557698128,2,928
arbitrary_scm,2,shifted,20,5000,12,7710e1f7,ppi_power_tuned_only,restricted_lambda_0,1,-0.336806347777,0.439059437195,-0.775865784972,0.227286788857,20,5000,not_applicable,0,0,1.0894871672,0,0.89613342883,0,0.4,0,0.4,0,4.24405047863,0.413518250495,-4.18133244176,0.368141132704,-0.396668746948,-0.00351138474338,-0.00350760759982,634.514088094,6.49933822386,0.0002,-0.0990541446197,-0.0990557698128,2,928
arbitrary_scm,2,shifted,20,5000,12,7710e1f7,full_datafusionppi,joint_box_lambda_omega,1,-0.21550963026,0.439059437195,-0.654569067454,0.217777574367,20,5000,not_applicable,0,0.992455010739,0.00408003477621,0.992455010739,0.00408003477621,0,0,0,0,0,4.24405047863,0.413518250495,-4.18133244176,0.368141132704,-0.396668746948,-0.00351138474338,-0.00350760759982,634.514088094,6.49933822386,0.0002,-0.0990541446197,-0.0990557698128,2,928
arbitrary_scm,2,shifted,20,5000,13,640ba97a,rct_aipw,fixed_lambda_0_omega_0,0,-0.479745958106,0.439059437195,-0.9188053953,0.630726242583,20,5000,not_applicable,0,0,0,0,0,0,0,0,0,0,5.51021624968,0.771664861078,-2.31976384193,1.0924635805,-0.0169139604498,0.00543530233957,0.00543530233957,860.574225739,3.15879344616,0,-0.0259606798531,-0.0259606798531,2,964
arbitrary_scm,2,shifted,20,5000,13,640ba97a,haipw_only,restricted_omega_0,0,-0.368848278055,0.439059437195,-0.807907715249,0.64847479015,20,5000,not_applicable,0,0.448281456908,0,0.448281456908,0,0,0,0,0,0,5.51021624968,0.771664861078,-2.31976384193,1.0924635805,-0.0169139604498,0.00543530233957,0.00543530233957,860.574225739,3.15879344616,0,-0.0259606798531,-0.0259606798531,2,964
arbitrary_scm,2,shifted,20,5000,13,640ba97a,ppi_power_tuned_only,restricted_lambda_0,1,-0.429237073535,0.439059437195,-0.86829651073,0.539712169034,20,5000,not_applicable,0,0,1.49651357581,0,1.39415693271,0,0.2,0,0.2,0,5.51021624968,0.771664861078,-2.31976384193,1.0924635805,-0.0169139604498,0.00543530233957,0.00543530233957,860.574225739,3.15879344616,0,-0.0259606798531,-0.0259606798531,2,964
arbitrary_scm,2,shifted,20,5000,13,640ba97a,full_datafusionppi,joint_box_lambda_omega,1,-0.128686494113,0.439059437195,-0.567745931308,0.581783453516,20,5000,not_applicable,0,0.382837108523,1.64066540189,0.392732724491,1.56081673722,0.2,0.2,0,0.2,0,5.51021624968,0.771664861078,-2.31976384193,1.0924635805,-0.0169139604498,0.00543530233957,0.00543530233957,860.574225739,3.15879344616,0,-0.0259606798531,-0.0259606798531,2,964
arbitrary_scm,2,shifted,20,5000,14,7bfcd383,rct_aipw,fixed_lambda_0_omega_0,0,0.268715705111,0.439059437195,-0.170343732083,0.35383038488,20,5000,not_applicable,0,0,0,0,0,0,0,0,0,0,7.46347128577,0.506896009788,-6.90359804566,0.159263644169,0.288810907365,0.00901038976785,0.00901135724933,614.19416305,8.78308663721,0.0002,-0.0245346800624,-0.0245383530373,2,969
arbitrary_scm,2,shifted,20,5000,14,7bfcd383,haipw_only,restricted_omega_0,0,-0.131809526654,0.439059437195,-0.570868963848,0.154299230849,20,5000,not_applicable,0,0.939780397939,0,0.939780397939,0,0,0,0,0,0,7.46347128577,0.506896009788,-6.90359804566,0.159263644169,0.288810907365,0.00901038976785,0.00901135724933,614.19416305,8.78308663721,0.0002,-0.0245346800624,-0.0245383530373,2,969
arbitrary_scm,2,shifted,20,5000,14,7bfcd383,ppi_power_tuned_only,restricted_lambda_0,1,0.252655071043,0.439059437195,-0.186404366152,0.508065850579,20,5000,not_applicable,0,0,0.423704768846,0,0.423704768846,0,0,0,0,0,7.46347128577,0.506896009788,-6.90359804566,0.159263644169,0.288810907365,0.00901038976785,0.00901135724933,614.19416305,8.78308663721,0.0002,-0.0245346800624,-0.0245383530373,2,969
arbitrary_scm,2,shifted,20,5000,14,7bfcd383,full_datafusionppi,joint_box_lambda_omega,1,-0.226019451543,0.439059437195,-0.665078888738,0.16797131425,20,5000,not_applicable,0,0.983001067661,0.940777817431,0.983001067661,0.940777817431,0,0,0,0,0,7.46347128577,0.506896009788,-6.90359804566,0.159263644169,0.288810907365,0.00901038976785,0.00901135724933,614.19416305,8.78308663721,0.0002,-0.0245346800624,-0.0245383530373,2,969
arbitrary_scm,2,shifted,20,5000,15,e058dd9d,rct_aipw,fixed_lambda_0_omega_0,0,0.108491158642,0.439059437195,-0.330568278553,0.410699289135,20,5000,not_applicable,0,0,0,0,0,0,0,0,0,0,11.5047990124,1.04686386134,-12.4002064694,1.33158551361,0.522395895968,0.00539574443722,0.00539574443722,889.467411371,3.2192139262,0,0.0829512829753,0.0829512829753,1,936
arbitrary_scm,2,shifted,20,5000,15,e058dd9d,haipw_only,restricted_omega_0,0,0.234412261201,0.439059437195,-0.204647175994,0.32531233508,20,5000,not_applicable,0,1.07559679823,0,1.07559679823,0,0,0,0,0,0,11.5047990124,1.04686386134,-12.4002064694,1.33158551361,0.522395895968,0.00539574443722,0.00539574443722,889.467411371,3.2192139262,0,0.0829512829753,0.0829512829753,1,936
arbitrary_scm,2,shifted,20,5000,15,e058dd9d,ppi_power_tuned_only,restricted_lambda_0,1,0.0261141369238,0.439059437195,-0.412945300271,0.393553756746,20,5000,not_applicable,0,0,1.31181315838,0,1.1709420772,0,0.4,0,0.4,0,11.5047990124,1.04686386134,-12.4002064694,1.33158551361,0.522395895968,0.00539574443722,0.00539574443722,889.467411371,3.2192139262,0,0.0829512829753,0.0829512829753,1,936
arbitrary_scm,2,shifted,20,5000,15,e058dd9d,full_datafusionppi,joint_box_lambda_omega,1,0.681324594079,0.439059437195,0.242265156885,0.174285328848,20,5000,not_applicable,0,1.24349040755,1.88257120871,1.23410579237,1.82198317575,0.4,0.4,0,0.4,0,11.5047990124,1.04686386134,-12.4002064694,1.33158551361,0.522395895968,0.00539574443722,0.00539574443722,889.467411371,3.2192139262,0,0.0829512829753,0.0829512829753,1,936
arbitrary_scm,2,shifted,20,5000,16,e79cff4b,rct_aipw,fixed_lambda_0_omega_0,0,0.113255448413,0.439059437195,-0.325803988782,0.72378766362,20,5000,not_applicable,0,0,0,0,0,0,0,0,0,0,5.85292798357,0.508281250347,-4.14589092594,0.684113250622,-0.157999308501,0.00552169755583,0.00552169755583,854.095575428,3.18045064238,0,-0.0401696855332,-0.0401696855332,1,938
arbitrary_scm,2,shifted,20,5000,16,e79cff4b,haipw_only,restricted_omega_0,0,0.71725888112,0.439059437195,0.278199443926,0.261025181374,20,5000,not_applicable,0,0.640904937604,0,0.640904937604,0,0,0,0,0,0,5.85292798357,0.508281250347,-4.14589092594,0.684113250622,-0.157999308501,0.00552169755583,0.00552169755583,854.095575428,3.18045064238,0,-0.0401696855332,-0.0401696855332,1,938
arbitrary_scm,2,shifted,20,5000,16,e79cff4b,ppi_power_tuned_only,restricted_lambda_0,1,0.357284382931,0.439059437195,-0.0817750542633,0.773763929977,20,5000,not_applicable,0,0,1.58315781672,0,1.26135454945,0,0.4,0,0.4,0,5.85292798357,0.508281250347,-4.14589092594,0.684113250622,-0.157999308501,0.00552169755583,0.00552169755583,854.095575428,3.18045064238,0,-0.0401696855332,-0.0401696855332,1,938
arbitrary_scm,2,shifted,20,5000,16,e79cff4b,full_datafusionppi,joint_box_lambda_omega,1,0.748622566913,0.439059437195,0.309563129719,0.350083777835,20,5000,not_applicable,0,0.591079906087,1.32731444462,0.5940084103,1.17480291875,0.4,0.4,0,0.4,0,5.85292798357,0.508281250347,-4.14589092594,0.684113250622,-0.157999308501,0.00552169755583,0.00552169755583,854.095575428,3.18045064238,0,-0.0401696855332,-0.0401696855332,1,938
arbitrary_scm,2,shifted,20,5000,17,7a916fd1,rct_aipw,fixed_lambda_0_omega_0,0,-0.584485704205,0.439059437195,-1.0235451414,2.00758168669,20,5000,not_applicable,0,0,0,0,0,0,0,0,0,0,35.6861379571,0.337113608006,-30.3618729058,0.749508419223,-0.598768649543,0.00562492045638,0.00563593701061,589.334716164,6.97312284569,0.0008,0.00801548806816,0.00801208262519,2,924
arbitrary_scm,2,shifted,20,5000,17,7a916fd1,haipw_only,restricted_omega_0,0,0.714131894879,0.439059437195,0.275072457685,0.323463774877,20,5000,not_applicable,0,0.857060043114,0,0.857060043114,0,0,0,0,0,0,35.6861379571,0.337113608006,-30.3618729058,0.749508419223,-0.598768649543,0.00562492045638,0.00563593701061,589.334716164,6.97312284569,0.0008,0.00801548806816,0.00801208262519,2,924
arbitrary_scm,2,shifted,20,5000,17,7a916fd1,ppi_power_tuned_only,restricted_lambda_0,1,-0.606193026806,0.439059437195,-1.045252464,2.03856087149,20,5000,not_applicable,0,0,2.64266076945,0,1.33716469165,0,0.4,0,0.4,0,35.6861379571,0.337113608006,-30.3618729058,0.749508419223,-0.598768649543,0.00562492045638,0.00563593701061,589.334716164,6.97312284569,0.0008,0.00801548806816,0.00801208262519,2,924
arbitrary_scm,2,shifted,20,5000,17,7a916fd1,full_datafusionppi,joint_box_lambda_omega,1,0.677184360711,0.439059437195,0.238124923516,0.356864279664,20,5000,not_applicable,0,0.830408633002,0.863048577337,0.831878869551,0.802776059036,0.2,0.2,0,0.2,0,35.6861379571,0.337113608006,-30.3618729058,0.749508419223,-0.598768649543,0.00562492045638,0.00563593701061,589.334716164,6.97312284569,0.0008,0.00801548806816,0.00801208262519,2,924
arbitrary_scm,2,shifted,20,5000,18,b92a4b57,rct_aipw,fixed_lambda_0_omega_0,0,0.44068282479,0.439059437195,0.00162338759564,0.162825324386,20,5000,not_applicable,0,0,0,0,0,0,0,0,0,0,17.0770134333,0.279634096076,-14.4218393819,-0.359065703821,0.313724239916,-0.000801559594342,-0.000801559594342,733.260666105,5.11043843807,0,0.0356460274156,0.0356460274156,1,961
arbitrary_scm,2,shifted,20,5000,18,b92a4b57,haipw_only,restricted_omega_0,0,0.731088986668,0.439059437195,0.292029549474,0.131831459299,20,5000,not_applicable,0,0.849487199404,0,0.849487199404,0,0,0,0,0,0,17.0770134333,0.279634096076,-14.4218393819,-0.359065703821,0.313724239916,-0.000801559594342,-0.000801559594342,733.260666105,5.11043843807,0,0.0356460274156,0.0356460274156,1,961
arbitrary_scm,2,shifted,20,5000,18,b92a4b57,ppi_power_tuned_only,restricted_lambda_0,1,0.424311413161,0.439059437195,-0.014748024034,0.200558989161,20,5000,not_applicable,0,0,-1.26946912547,0,-1.14646153092,0,0.2,0,0.2,0,17.0770134333,0.279634096076,-14.4218393819,-0.359065703821,0.313724239916,-0.000801559594342,-0.000801559594342,733.260666105,5.11043843807,0,0.0356460274156,0.0356460274156,1,961
arbitrary_scm,2,shifted,20,5000,18,b92a4b57,full_datafusionppi,joint_box_lambda_omega,1,0.664332167438,0.439059437195,0.225272730244,0.171246583465,20,5000,not_applicable,0,0.842949185974,-0.446036676125,0.842949185974,-0.446036676125,0,0,0,0,0,17.0770134333,0.279634096076,-14.4218393819,-0.359065703821,0.313724239916,-0.000801559594342,-0.000801559594342,733.260666105,5.11043843807,0,0.0356460274156,0.0356460274156,1,961
arbitrary_scm,2,shifted,20,5000,19,e7c8b247,rct_aipw,fixed_lambda_0_omega_0,0,-0.301054506079,0.439059437195,-0.740113943274,1.47888111986,20,5000,not_applicable,0,0,0,0,0,0,0,0,0,0,13.6270913728,0.484575143779,-15.0021424767,1.81330292521,-1.00725195882,-0.00552989834245,-0.00666290650513,531.712936307,11.7253783716,0.0006,-0.0975421930165,-0.0976787139403,1,917
arbitrary_scm,2,shifted,20,5000,19,e7c8b247,haipw_only,restricted_omega_0,0,0.806702382053,0.439059437195,0.367642944858,0.463698971954,20,5000,not_applicable,0,1.12948447436,0,1.12948447436,0,0,0,0,0,0,13.6270913728,0.484575143779,-15.0021424767,1.81330292521,-1.00725195882,-0.00552989834245,-0.00666290650513,531.712936307,11.7253783716,0.0006,-0.0975421930165,-0.0976787139403,1,917
arbitrary_scm,2,shifted,20,5000,19,e7c8b247,ppi_power_tuned_only,restricted_lambda_0,1,-0.0508716291236,0.439059437195,-0.489931066318,1.20023553249,20,5000,not_applicable,0,0,3.8709507667,0,1.85155015688,0,0.8,0,0.8,0,13.6270913728,0.484575143779,-15.0021424767,1.81330292521,-1.00725195882,-0.00552989834245,-0.00666290650513,531.712936307,11.7253783716,0.0006,-0.0975421930165,-0.0976787139403,1,917
arbitrary_scm,2,shifted,20,5000,19,e7c8b247,full_datafusionppi,joint_box_lambda_omega,1,0.859654765835,0.439059437195,0.42059532864,0.470452264344,20,5000,not_applicable,0,0.990247283371,1.72153185689,1.00091808564,1.53717560702,0.2,0.2,0,0.2,0,13.6270913728,0.484575143779,-15.0021424767,1.81330292521,-1.00725195882,-0.00552989834245,-0.00666290650513,531.712936307,11.7253783716,0.0006,-0.0975421930165,-0.0976787139403,1,917
arbitrary_scm,2,shifted,30,5000,0,5324e11d,rct_aipw,fixed_lambda_0_omega_0,0,0.422768670363,0.439059437195,-0.016290766832,0.381827866591,30,5000,not_applicable,0,0,0,0,0,0,0,0,0,0,4.46590045957,0.533147442689,-3.84901585116,0.0541676450761,0.18845691024,0.0216321689527,0.0216321689527,744.894279845,5.14459190736,0,0.00975451094337,0.00975451094337,2,923
arbitrary_scm,2,shifted,30,5000,0,5324e11d,haipw_only,restricted_omega_0,0,0.70481705094,0.439059437195,0.265757613745,0.180246914955,30,5000,not_applicable,0,0.877217700678,0,0.877217700678,0,0,0,0,0,0,4.46590045957,0.533147442689,-3.84901585116,0.0541676450761,0.18845691024,0.0216321689527,0.0216321689527,744.894279845,5.14459190736,0,0.00975451094337,0.00975451094337,2,923
arbitrary_scm,2,shifted,30,5000,0,5324e11d,ppi_power_tuned_only,restricted_lambda_0,1,0.235986598548,0.439059437195,-0.203072838647,0.368097660046,30,5000,not_applicable,0,0,0.0584582810277,0,0.0584582810277,0,0,0,0,0,4.46590045957,0.533147442689,-3.84901585116,0.0541676450761,0.18845691024,0.0216321689527,0.0216321689527,744.894279845,5.14459190736,0,0.00975451094337,0.00975451094337,2,923
arbitrary_scm,2,shifted,30,5000,0,5324e11d,full_datafusionppi,joint_box_lambda_omega,1,0.622596213968,0.439059437195,0.183536776774,0.181573225798,30,5000,not_applicable,0,0.871800017699,0.383894092201,0.871800017699,0.383894092201,0,0,0,0,0,4.46590045957,0.533147442689,-3.84901585116,0.0541676450761,0.18845691024,0.0216321689527,0.0216321689527,744.894279845,5.14459190736,0,0.00975451094337,0.00975451094337,2,923
arbitrary_scm,2,shifted,30,5000,1,b2610b0d,rct_aipw,fixed_lambda_0_omega_0,0,0.181225962121,0.439059437195,-0.257833475073,0.288825406971,30,5000,not_applicable,0,0,0,0,0,0,0,0,0,0,2.22763902646,0.329018663202,-2.85231595785,0.437127891371,0.0271910423462,0.00743668734278,0.00743668734278,698.305868942,8.03406530247,0,0.0615975858124,0.0615975858124,2,962
arbitrary_scm,2,shifted,30,5000,1,b2610b0d,haipw_only,restricted_omega_0,0,0.63466551691,0.439059437195,0.195606079715,0.198689682287,30,5000,not_applicable,0,1.33792221523,0,1.33792221523,0,0,0,0,0,0,2.22763902646,0.329018663202,-2.85231595785,0.437127891371,0.0271910423462,0.00743668734278,0.00743668734278,698.305868942,8.03406530247,0,0.0615975858124,0.0615975858124,2,962
arbitrary_scm,2,shifted,30,5000,1,b2610b0d,ppi_power_tuned_only,restricted_lambda_0,1,0.0924389096411,0.439059437195,-0.346620527554,0.28123404973,30,5000,not_applicable,0,0,1.32548360179,0,1.32548360179,0,0,0,0,0,2.22763902646,0.329018663202,-2.85231595785,0.437127891371,0.0271910423462,0.00743668734278,0.00743668734278,698.305868942,8.03406530247,0,0.0615975858124,0.0615975858124,2,962
arbitrary_scm,2,shifted,30,5000,1,b2610b0d,full_datafusionppi,joint_box_lambda_omega,1,0.550000348481,0.439059437195,0.110940911286,0.177756400155,30,5000,not_applicable,0,1.3512075798,1.43962129004,1.3512075798,1.43962129004,0,0,0,0,0,2.22763902646,0.329018663202,-2.85231595785,0.437127891371,0.0271910423462,0.00743668734278,0.00743668734278,698.305868942,8.03406530247,0,0.0615975858124,0.0615975858124,2,962
arbitrary_scm,2,shifted,30,5000,2,20e95292,rct_aipw,fixed_lambda_0_omega_0,0,0.586018116091,0.439059437195,0.146958678896,0.2562062217,30,5000,not_applicable,0,0,0,0,0,0,0,0,0,0,2.93140254512,0.575820301803,-2.9349345822,0.396539620757,-0.200770513378,0.0125238078922,0.0125318659669,614.652166151,8.01987659526,0.0004,-0.134841575161,-0.134842382161,2,941
arbitrary_scm,2,shifted,30,5000,2,20e95292,haipw_only,restricted_omega_0,0,0.0837799232001,0.439059437195,-0.355279513995,0.174428825619,30,5000,not_applicable,0,0.998997656951,0,0.998997656951,0,0,0,0,0,0,2.93140254512,0.575820301803,-2.9349345822,0.396539620757,-0.200770513378,0.0125238078922,0.0125318659669,614.652166151,8.01987659526,0.0004,-0.134841575161,-0.134842382161,2,941
arbitrary_scm,2,shifted,30,5000,2,20e95292,ppi_power_tuned_only,restricted_lambda_0,1,0.623087023356,0.439059437195,0.184027586161,0.27660613967,30,5000,not_applicable,0,0,0.637938400552,0,0.637938400552,0,0,0,0,0,2.93140254512,0.575820301803,-2.9349345822,0.396539620757,-0.200770513378,0.0125238078922,0.0125318659669,614.652166151,8.01987659526,0.0004,-0.134841575161,-0.134842382161,2,941
arbitrary_scm,2,shifted,30,5000,2,20e95292,full_datafusionppi,joint_box_lambda_omega,1,0.0719995923199,0.439059437195,-0.367059844875,0.170605663953,30,5000,not_applicable,0,1.00429119812,0.243536108356,1.00429119812,0.243536108356,0,0,0,0,0,2.93140254512,0.575820301803,-2.9349345822,0.396539620757,-0.200770513378,0.0125238078922,0.0125318659669,614.652166151,8.01987659526,0.0004,-0.134841575161,-0.134842382161,2,941
arbitrary_scm,2,shifted,30,5000,3,ea2945fc,rct_aipw,fixed_lambda_0_omega_0,0,-0.279120656906,0.439059437195,-0.718180094101,0.213960315686,30,5000,not_applicable,0,0,0,0,0,0,0,0,0,0,9.75237730951,1.36487310676,-6.97602271882,0.539522290876,1.19323362138,0.00766438010441,0.00766438010441,679.951966766,5.75580761726,0,-0.0368662615522,-0.0368662615522,2,960
arbitrary_scm,2,shifted,30,5000,3,ea2945fc,haipw_only,restricted_omega_0,0,-0.317439493553,0.439059437195,-0.756498930748,0.203808849951,30,5000,not_applicable,0,0.783925007691,0,0.783925007691,0,0,0,0,0,0,9.75237730951,1.36487310676,-6.97602271882,0.539522290876,1.19323362138,0.00766438010441,0.00766438010441,679.951966766,5.75580761726,0,-0.0368662615522,-0.0368662615522,2,960
arbitrary_scm,2,shifted,30,5000,3,ea2945fc,ppi_power_tuned_only,restricted_lambda_0,1,-0.147905970012,0.439059437195,-0.586965407206,0.245679095016,30,5000,not_applicable,0,0,0.364428941515,0,0.364428941515,0,0,0,0,0,9.75237730951,1.36487310676,-6.97602271882,0.539522290876,1.19323362138,0.00766438010441,0.00766438010441,679.951966766,5.75580761726,0,-0.0368662615522,-0.0368662615522,2,960
arbitrary_scm,2,shifted,30,5000,3,ea2945fc,full_datafusionppi,joint_box_lambda_omega,1,-0.045701925461,0.439059437195,-0.484761362656,0.1344811161,30,5000,not_applicable,0,0.899447710157,1.10953835053,0.899447710157,1.10953835053,0,0,0,0,0,9.75237730951,1.36487310676,-6.97602271882,0.539522290876,1.19323362138,0.00766438010441,0.00766438010441,679.951966766,5.75580761726,0,-0.0368662615522,-0.0368662615522,2,960
arbitrary_scm,2,shifted,30,5000,4,83f25220,rct_aipw,fixed_lambda_0_omega_0,0,0.088143084601,0.439059437195,-0.350916352594,0.199669878445,30,5000,not_applicable,0,0,0,0,0,0,0,0,0,0,4.65575882491,0.64229720643,-4.27693054808,0.0610161689048,0.206482887364,0.00917955340229,0.00918498604979,577.576925975,10.0450639532,0.0008,-0.0484931978968,-0.0484923052537,2,962
arbitrary_scm,2,shifted,30,5000,4,83f25220,haipw_only,restricted_omega_0,0,0.619590343253,0.439059437195,0.180530906058,0.116566808002,30,5000,not_applicable,0,0.897551958318,0,0.897551958318,0,0,0,0,0,0,4.65575882491,0.64229720643,-4.27693054808,0.0610161689048,0.206482887364,0.00917955340229,0.00918498604979,577.576925975,10.0450639532,0.0008,-0.0484931978968,-0.0484923052537,2,962
arbitrary_scm,2,shifted,30,5000,4,83f25220,ppi_power_tuned_only,restricted_lambda_0,1,0.191065801786,0.439059437195,-0.247993635408,0.235083223482,30,5000,not_applicable,0,0,0.0516139761425,0,0.0516139761425,0,0,0,0,0,4.65575882491,0.64229720643,-4.27693054808,0.0610161689048,0.206482887364,0.00917955340229,0.00918498604979,577.576925975,10.0450639532,0.0008,-0.0484931978968,-0.0484923052537,2,962
arbitrary_scm,2,shifted,30,5000,4,83f25220,full_datafusionppi,joint_box_lambda_omega,1,0.57563923676,0.439059437195,0.136579799566,0.125739837773,30,5000,not_applicable,0,0.911508668647,0.366060233995,0.911508668647,0.366060233995,0,0,0,0,0,4.65575882491,0.64229720643,-4.27693054808,0.0610161689048,0.206482887364,0.00917955340229,0.00918498604979,577.576925975,10.0450639532,0.0008,-0.0484931978968,-0.0484923052537,2,962
arbitrary_scm,2,shifted,30,5000,5,278137e6,rct_aipw,fixed_lambda_0_omega_0,0,-0.261888304841,0.439059437195,-0.700947742036,0.378929223188,30,5000,not_applicable,0,0,0,0,0,0,0,0,0,0,5.26557344285,0.383778783185,-4.55592775083,0.205624215763,0.00878377855244,0.00756851189875,0.00756851189875,560.509453066,8.40601424368,0,-0.18021562273,-0.18021562273,3,917
arbitrary_scm,2,shifted,30,5000,5,278137e6,haipw_only,restricted_omega_0,0,0.381326343493,0.439059437195,-0.0577330937016,0.230454067751,30,5000,not_applicable,0,0.884976557911,0,0.884976557911,0,0,0,0,0,0,5.26557344285,0.383778783185,-4.55592775083,0.205624215763,0.00878377855244,0.00756851189875,0.00756851189875,560.509453066,8.40601424368,0,-0.18021562273,-0.18021562273,3,917
arbitrary_scm,2,shifted,30,5000,5,278137e6,ppi_power_tuned_only,restricted_lambda_0,1,-0.276791837826,0.439059437195,-0.715851275021,0.395450587401,30,5000,not_applicable,0,0,0.485200848726,0,0.485200848726,0,0,0,0,0,5.26557344285,0.383778783185,-4.55592775083,0.205624215763,0.00878377855244,0.00756851189875,0.00756851189875,560.509453066,8.40601424368,0,-0.18021562273,-0.18021562273,3,917
arbitrary_scm,2,shifted,30,5000,5,278137e6,full_datafusionppi,joint_box_lambda_omega,1,0.359831009968,0.439059437195,-0.079228427227,0.23025140703,30,5000,not_applicable,0,0.856695174981,0.495084086369,0.856695174981,0.495084086369,0,0,0,0,0,5.26557344285,0.383778783185,-4.55592775083,0.205624215763,0.00878377855244,0.00756851189875,0.00756851189875,560.509453066,8.40601424368,0,-0.18021562273,-0.18021562273,3,917
arbitrary_scm,2,shifted,30,5000,6,d50af2b4,rct_aipw,fixed_lambda_0_omega_0,0,-0.0162164111615,0.439059437195,-0.455275848356,0.202761848569,30,5000,not_applicable,0,0,0,0,0,0,0,0,0,0,3.4638351764,1.00069378613,-3.51538610502,1.29488764108,-0.193749305769,0.00847306256937,0.00847306256937,763.083752057,5.03934798711,0,-0.0301872240484,-0.0301872240484,3,960
arbitrary_scm,2,shifted,30,5000,6,d50af2b4,haipw_only,restricted_omega_0,0,-0.106536628666,0.439059437195,-0.545596065861,0.181852022802,30,5000,not_applicable,0,1.04248098722,0,1.04248098722,0,0,0,0,0,0,3.4638351764,1.00069378613,-3.51538610502,1.29488764108,-0.193749305769,0.00847306256937,0.00847306256937,763.083752057,5.03934798711,0,-0.0301872240484,-0.0301872240484,3,960
arbitrary_scm,2,shifted,30,5000,6,d50af2b4,ppi_power_tuned_only,restricted_lambda_0,1,0.2134442464,0.439059437195,-0.225615190795,0.187749673319,30,5000,not_applicable,0,0,1.31032628357,0,1.31032628357,0,0,0,0,0,3.4638351764,1.00069378613,-3.51538610502,1.29488764108,-0.193749305769,0.00847306256937,0.00847306256937,763.083752057,5.03934798711,0,-0.0301872240484,-0.0301872240484,3,960
arbitrary_scm,2,shifted,30,5000,6,d50af2b4,full_datafusionppi,joint_box_lambda_omega,1,-0.00303082423694,0.439059437195,-0.442090261432,0.156100952156,30,5000,not_applicable,0,0.965367603119,1.14260375201,0.965367603119,1.14260375201,0,0,0,0,0,3.4638351764,1.00069378613,-3.51538610502,1.29488764108,-0.193749305769,0.00847306256937,0.00847306256937,763.083752057,5.03934798711,0,-0.0301872240484,-0.0301872240484,3,960
arbitrary_scm,2,shifted,30,5000,7,90461452,rct_aipw,fixed_lambda_0_omega_0,0,-0.91138974502,0.439059437195,-1.35044918221,0.549103820963,30,5000,not_applicable,0,0,0,0,0,0,0,0,0,0,6.81326961997,0.378950416278,-8.58478027148,-0.000799433602415,0.053513610615,0.00981789374568,0.00981789374568,756.018281938,4.58054736991,0,-0.0208991905151,-0.0208991905151,3,943
arbitrary_scm,2,shifted,30,5000,7,90461452,haipw_only,restricted_omega_0,0,-0.00158887794984,0.439059437195,-0.440648315144,0.226624997532,30,5000,not_applicable,0,1.28001200165,0,1.28001200165,0,0,0,0,0,0,6.81326961997,0.378950416278,-8.58478027148,-0.000799433602415,0.053513610615,0.00981789374568,0.00981789374568,756.018281938,4.58054736991,0,-0.0208991905151,-0.0208991905151,3,943
arbitrary_scm,2,shifted,30,5000,7,90461452,ppi_power_tuned_only,restricted_lambda_0,1,-1.01739985925,0.439059437195,-1.45645929644,0.573968408273,30,5000,not_applicable,0,0,-0.00707853686805,0,-0.00707853686805,0,0,0,0,0,6.81326961997,0.378950416278,-8.58478027148,-0.000799433602415,0.053513610615,0.00981789374568,0.00981789374568,756.018281938,4.58054736991,0,-0.0208991905151,-0.0208991905151,3,943
arbitrary_scm,2,shifted,30,5000,7,90461452,full_datafusionppi,joint_box_lambda_omega,1,-0.124238476347,0.439059437195,-0.563297913541,0.241379369418,30,5000,not_applicable,0,1.27991621229,0.0731015525027,1.27991621229,0.0731015525027,0,0,0,0,0,6.81326961997,0.378950416278,-8.58478027148,-0.000799433602415,0.053513610615,0.00981789374568,0.00981789374568,756.018281938,4.58054736991,0,-0.0208991905151,-0.0208991905151,3,943
arbitrary_scm,2,shifted,30,5000,8,69c5c820,rct_aipw,fixed_lambda_0_omega_0,0,0.326858149056,0.439059437195,-0.112201288139,0.257635920657,30,5000,not_applicable,0,0,0,0,0,0,0,0,0,0,6.44388472092,0.464798138159,-6.73816536549,0.178773441321,0.317922528347,0.0066067584317,0.00662138780047,629.741376341,7.02344865415,0.0018,-0.0406792308885,-0.0406946129801,3,920
arbitrary_scm,2,shifted,30,5000,8,69c5c820,haipw_only,restricted_omega_0,0,-0.000859956326043,0.439059437195,-0.439919393521,0.186308758897,30,5000,not_applicable,0,1.06914934867,0,1.06914934867,0,0,0,0,0,0,6.44388472092,0.464798138159,-6.73816536549,0.178773441321,0.317922528347,0.0066067584317,0.00662138780047,629.741376341,7.02344865415,0.0018,-0.0406792308885,-0.0406946129801,3,920
arbitrary_scm,2,shifted,30,5000,8,69c5c820,ppi_power_tuned_only,restricted_lambda_0,1,0.356092394412,0.439059437195,-0.0829670427829,0.249237594728,30,5000,not_applicable,0,0,0.374402689819,0,0.374402689819,0,0,0,0,0,6.44388472092,0.464798138159,-6.73816536549,0.178773441321,0.317922528347,0.0066067584317,0.00662138780047,629.741376341,7.02344865415,0.0018,-0.0406792308885,-0.0406946129801,3,920
arbitrary_scm,2,shifted,30,5000,8,69c5c820,full_datafusionppi,joint_box_lambda_omega,1,0.212312322474,0.439059437195,-0.226747114721,0.176010303296,30,5000,not_applicable,0,1.12909989442,1.15523112619,1.12828431671,1.14223674166,0.2,0.2,0,0.2,0,6.44388472092,0.464798138159,-6.73816536549,0.178773441321,0.317922528347,0.0066067584317,0.00662138780047,629.741376341,7.02344865415,0.0018,-0.0406792308885,-0.0406946129801,3,920
arbitrary_scm,2,shifted,30,5000,9,a47ef6a3,rct_aipw,fixed_lambda_0_omega_0,0,0.325843708434,0.439059437195,-0.113215728761,0.203748775192,30,5000,not_applicable,0,0,0,0,0,0,0,0,0,0,7.68605268303,1.04783719372,-5.96319913068,-0.0630232145803,0.255579427057,0.00604786100095,0.00604786100095,718.405878762,5.76839675998,0,-0.107524331949,-0.107524331949,2,931
arbitrary_scm,2,shifted,30,5000,9,a47ef6a3,haipw_only,restricted_omega_0,0,0.405271911455,0.439059437195,-0.0337875257399,0.143525450245,30,5000,not_applicable,0,0.76222335841,0,0.76222335841,0,0,0,0,0,0,7.68605268303,1.04783719372,-5.96319913068,-0.0630232145803,0.255579427057,0.00604786100095,0.00604786100095,718.405878762,5.76839675998,0,-0.107524331949,-0.107524331949,2,931
arbitrary_scm,2,shifted,30,5000,9,a47ef6a3,ppi_power_tuned_only,restricted_lambda_0,1,0.301824696766,0.439059437195,-0.137234740429,0.239747345209,30,5000,not_applicable,0,0,-0.0912905674969,0,-0.0912905674969,0,0,0,0,0,7.68605268303,1.04783719372,-5.96319913068,-0.0630232145803,0.255579427057,0.00604786100095,0.00604786100095,718.405878762,5.76839675998,0,-0.107524331949,-0.107524331949,2,931
arbitrary_scm,2,shifted,30,5000,9,a47ef6a3,full_datafusionppi,joint_box_lambda_omega,1,0.39837785549,0.439059437195,-0.040681581705,0.160670145633,30,5000,not_applicable,0,0.758816094063,0.131019141092,0.758816094063,0.131019141092,0,0,0,0,0,7.68605268303,1.04783719372,-5.96319913068,-0.0630232145803,0.255579427057,0.00604786100095,0.00604786100095,718.405878762,5.76839675998,0,-0.107524331949,-0.107524331949,2,931
arbitrary_scm,2,shifted,30,5000,10,f3bac6dd,rct_aipw,fixed_lambda_0_omega_0,0,0.028668164686,0.439059437195,-0.410391272509,0.333436729649,30,5000,not_applicable,0,0,0,0,0,0,0,0,0,0,12.6608011786,0.448266321336,-15.1872890168,0.574812278423,0.0560113542623,0.00804652689582,0.00804652689582,713.527512747,6.2095766604,0,0.0218411189771,0.0218411189771,4,927
arbitrary_scm,2,shifted,30,5000,10,f3bac6dd,haipw_only,restricted_omega_0,0,0.415373232651,0.439059437195,-0.0236862045431,0.423262969606,30,5000,not_applicable,0,1.03294040164,0,1.03294040164,0,0,0,0,0,0,12.6608011786,0.448266321336,-15.1872890168,0.574812278423,0.0560113542623,0.00804652689582,0.00804652689582,713.527512747,6.2095766604,0,0.0218411189771,0.0218411189771,4,927
arbitrary_scm,2,shifted,30,5000,10,f3bac6dd,ppi_power_tuned_only,restricted_lambda_0,1,0.147909833559,0.439059437195,-0.291149603636,0.303366067964,30,5000,not_applicable,0,0,1.38322385012,0,1.38322385012,0,0,0,0,0,12.6608011786,0.448266321336,-15.1872890168,0.574812278423,0.0560113542623,0.00804652689582,0.00804652689582,713.527512747,6.2095766604,0,0.0218411189771,0.0218411189771,4,927
arbitrary_scm,2,shifted,30,5000,10,f3bac6dd,full_datafusionppi,joint_box_lambda_omega,1,0.578670860221,0.439059437195,0.139611423026,0.406288502455,30,5000,not_applicable,0,1.05544181898,1.53712304244,1.05301703143,1.49710773036,0.2,0.2,0,0.2,0,12.6608011786,0.448266321336,-15.1872890168,0.574812278423,0.0560113542623,0.00804652689582,0.00804652689582,713.527512747,6.2095766604,0,0.0218411189771,0.0218411189771,4,927
arbitrary_scm,2,shifted,30,5000,11,5508897b,rct_aipw,fixed_lambda_0_omega_0,0,-0.354414638407,0.439059437195,-0.793474075602,0.291309098958,30,5000,not_applicable,0,0,0,0,0,0,0,0,0,0,10.1629981693,0.848366770349,-10.7268913236,0.83496544773,-0.0356562144564,0.00713498902573,0.00713498902573,837.223167183,4.21693012614,0,0.0914093420849,0.0914093420849,3,941
arbitrary_scm,2,shifted,30,5000,11,5508897b,haipw_only,restricted_omega_0,0,-0.473002394579,0.439059437195,-0.912061831774,0.172323610775,30,5000,not_applicable,0,1.04630635593,0,1.04630635593,0,0,0,0,0,0,10.1629981693,0.848366770349,-10.7268913236,0.83496544773,-0.0356562144564,0.00713498902573,0.00713498902573,837.223167183,4.21693012614,0,0.0914093420849,0.0914093420849,3,941
arbitrary_scm,2,shifted,30,5000,11,5508897b,ppi_power_tuned_only,restricted_lambda_0,1,-0.187164880439,0.439059437195,-0.626224317634,0.305563951362,30,5000,not_applicable,0,0,1.02915871191,0,0.962243190437,0,0.2,0,0.2,0,10.1629981693,0.848366770349,-10.7268913236,0.83496544773,-0.0356562144564,0.00713498902573,0.00713498902573,837.223167183,4.21693012614,0,0.0914093420849,0.0914093420849,3,941
arbitrary_scm,2,shifted,30,5000,11,5508897b,full_datafusionppi,joint_box_lambda_omega,1,-0.37683116902,0.439059437195,-0.815890606215,0.18686501131,30,5000,not_applicable,0,1.0118827307,1.03516203703,1.0118827307,1.03516203703,0,0,0,0,0,10.1629981693,0.848366770349,-10.7268913236,0.83496544773,-0.0356562144564,0.00713498902573,0.00713498902573,837.223167183,4.21693012614,0,0.0914093420849,0.0914093420849,3,941
arbitrary_scm,2,shifted,30,5000,12,86d6a89a,rct_aipw,fixed_lambda_0_omega_0,0,0.221051995836,0.439059437195,-0.218007441358,0.270878650731,30,5000,not_applicable,0,0,0,0,0,0,0,0,0,0,4.09541612065,0.401201105629,-3.50555786967,0.840665951979,-0.0144351161385,0.0071768597526,0.0071768597526,854.527065087,3.63569706749,0,0.0242776038979,0.0242776038979,2,956
arbitrary_scm,2,shifted,30,5000,12,86d6a89a,haipw_only,restricted_omega_0,0,-0.132940769602,0.439059437195,-0.572000206797,0.214375089026,30,5000,not_applicable,0,0.823213853683,0,0.823213853683,0,0,0,0,0,0,4.09541612065,0.401201105629,-3.50555786967,0.840665951979,-0.0144351161385,0.0071768597526,0.0071768597526,854.527065087,3.63569706749,0,0.0242776038979,0.0242776038979,2,956
arbitrary_scm,2,shifted,30,5000,12,86d6a89a,ppi_power_tuned_only,restricted_lambda_0,1,0.0260086061786,0.439059437195,-0.413050831016,0.191384315013,30,5000,not_applicable,0,0,2.08554665307,0,1.79399636167,0,0.4,0,0.4,0,4.09541612065,0.401201105629,-3.50555786967,0.840665951979,-0.0144351161385,0.0071768597526,0.0071768597526,854.527065087,3.63569706749,0,0.0242776038979,0.0242776038979,2,956
arbitrary_scm,2,shifted,30,5000,12,86d6a89a,full_datafusionppi,joint_box_lambda_omega,1,-0.371256355698,0.439059437195,-0.810315792892,0.124674894609,30,5000,not_applicable,0,0.845276219446,2.0850559187,0.842666390224,1.93093310261,0.6,0.6,0,0.6,0,4.09541612065,0.401201105629,-3.50555786967,0.840665951979,-0.0144351161385,0.0071768597526,0.0071768597526,854.527065087,3.63569706749,0,0.0242776038979,0.0242776038979,2,956
arbitrary_scm,2,shifted,30,5000,13,00a04f7b,rct_aipw,fixed_lambda_0_omega_0,0,-0.176320895238,0.439059437195,-0.615380332433,0.304884794759,30,5000,not_applicable,0,0,0,0,0,0,0,0,0,0,6.20984671132,0.715353869528,-6.41724212643,0.398910978267,0.0686077351351,0.00888884825777,0.00888884825777,637.299540757,6.84790748184,0,0.00203311827807,0.00203311827807,3,968
arbitrary_scm,2,shifted,30,5000,13,00a04f7b,haipw_only,restricted_omega_0,0,0.0644981722942,0.439059437195,-0.3745612649,0.164607202646,30,5000,not_applicable,0,1.00265540555,0,1.00265540555,0,0,0,0,0,0,6.20984671132,0.715353869528,-6.41724212643,0.398910978267,0.0686077351351,0.00888884825777,0.00888884825777,637.299540757,6.84790748184,0,0.00203311827807,0.00203311827807,3,968
arbitrary_scm,2,shifted,30,5000,13,00a04f7b,ppi_power_tuned_only,restricted_lambda_0,1,-0.214082320249,0.439059437195,-0.653141757444,0.319316105411,30,5000,not_applicable,0,0,0.573352016995,0,0.573352016995,0,0,0,0,0,6.20984671132,0.715353869528,-6.41724212643,0.398910978267,0.0686077351351,0.00888884825777,0.00888884825777,637.299540757,6.84790748184,0,0.00203311827807,0.00203311827807,3,968
arbitrary_scm,2,shifted,30,5000,13,00a04f7b,full_datafusionppi,joint_box_lambda_omega,1,0.0884705564909,0.439059437195,-0.350588880704,0.156920955905,30,5000,not_applicable,0,1.0198472158,0.620513654847,1.0198472158,0.620513654847,0,0,0,0,0,6.20984671132,0.715353869528,-6.41724212643,0.398910978267,0.0686077351351,0.00888884825777,0.00888884825777,637.299540757,6.84790748184,0,0.00203311827807,0.00203311827807,3,968
arbitrary_scm,2,shifted,30,5000,14,96a7d5c2,rct_aipw,fixed_lambda_0_omega_0,0,0.602866321894,0.439059437195,0.1638068847,0.565318330142,30,5000,not_applicable,0,0,0,0,0,0,0,0,0,0,5.66624365246,0.427362325218,-6.56055273088,0.238752433841,0.133895655689,0.00917305201591,0.00917305201591,946.078660313,2.03917940035,0,0.0830006767874,0.0830006767874,4,913
arbitrary_scm,2,shifted,30,5000,14,96a7d5c2,haipw_only,restricted_omega_0,0,0.414321070277,0.439059437195,-0.0247383669179,0.15348597955,30,5000,not_applicable,0,1.16039594019,0,1.16039594019,0,0,0,0,0,0,5.66624365246,0.427362325218,-6.56055273088,0.238752433841,0.133895655689,0.00917305201591,0.00917305201591,946.078660313,2.03917940035,0,0.0830006767874,0.0830006767874,4,913
arbitrary_scm,2,shifted,30,5000,14,96a7d5c2,ppi_power_tuned_only,restricted_lambda_0,1,0.579357261285,0.439059437195,0.14029782409,0.603050222343,30,5000,not_applicable,0,0,0.521925650189,0,0.521925650189,0,0,0,0,0,5.66624365246,0.427362325218,-6.56055273088,0.238752433841,0.133895655689,0.00917305201591,0.00917305201591,946.078660313,2.03917940035,0,0.0830006767874,0.0830006767874,4,913
arbitrary_scm,2,shifted,30,5000,14,96a7d5c2,full_datafusionppi,joint_box_lambda_omega,1,0.359667849226,0.439059437195,-0.0793915879686,0.160995335143,30,5000,not_applicable,0,1.18346068649,0.892808061388,1.18346068649,0.892808061388,0,0,0,0,0,5.66624365246,0.427362325218,-6.56055273088,0.238752433841,0.133895655689,0.00917305201591,0.00917305201591,946.078660313,2.03917940035,0,0.0830006767874,0.0830006767874,4,913
arbitrary_scm,2,shifted,30,5000,15,409574bb,rct_aipw,fixed_lambda_0_omega_0,0,0.442025730815,0.439059437195,0.00296629362051,0.591339424575,30,5000,not_applicable,0,0,0,0,0,0,0,0,0,0,5.52133095533,0.451176506604,-6.2269112401,0.410246850603,0.128145538594,0.00899491203165,0.00899491203165,808.921351185,4.23628070109,0,0.068533147837,0.068533147837,3,941
arbitrary_scm,2,shifted,30,5000,15,409574bb,haipw_only,restricted_omega_0,0,0.502355691408,0.439059437195,0.0632962542134,0.318422652453,30,5000,not_applicable,0,1.10196860925,0,1.10196860925,0,0,0,0,0,0,5.52133095533,0.451176506604,-6.2269112401,0.410246850603,0.128145538594,0.00899491203165,0.00899491203165,808.921351185,4.23628070109,0,0.068533147837,0.068533147837,3,941
arbitrary_scm,2,shifted,30,5000,15,409574bb,ppi_power_tuned_only,restricted_lambda_0,1,0.348456988872,0.439059437195,-0.090602448323,0.577872571282,30,5000,not_applicable,0,0,1.04081892896,0,0.922526609827,0,0.2,0,0.2,0,5.52133095533,0.451176506604,-6.2269112401,0.410246850603,0.128145538594,0.00899491203165,0.00899491203165,808.921351185,4.23628070109,0,0.068533147837,0.068533147837,3,941
arbitrary_scm,2,shifted,30,5000,15,409574bb,full_datafusionppi,joint_box_lambda_omega,1,0.496829532605,0.439059437195,0.05777009541,0.324576617388,30,5000,not_applicable,0,1.15636494659,1.19315893414,1.15607872344,1.1896142392,0.2,0.2,0,0.2,0,5.52133095533,0.451176506604,-6.2269112401,0.410246850603,0.128145538594,0.00899491203165,0.00899491203165,808.921351185,4.23628070109,0,0.068533147837,0.068533147837,3,941
arbitrary_scm,2,shifted,30,5000,16,06f9a869,rct_aipw,fixed_lambda_0_omega_0,0,0.2967331098,0.439059437195,-0.142326327395,0.24907150801,30,5000,not_applicable,0,0,0,0,0,0,0,0,0,0,4.18900274182,0.263400877844,-5.1023574808,-0.0487838794227,-0.0972480281162,0.00891091415317,0.00870587136843,592.053033724,10.3362216923,0.0008,-0.107800391997,-0.107239750541,2,922
arbitrary_scm,2,shifted,30,5000,16,06f9a869,haipw_only,restricted_omega_0,0,-0.0115786926284,0.439059437195,-0.450638129823,0.108375986709,30,5000,not_applicable,0,1.21452696238,0,1.21452696238,0,0,0,0,0,0,4.18900274182,0.263400877844,-5.1023574808,-0.0487838794227,-0.0972480281162,0.00891091415317,0.00870587136843,592.053033724,10.3362216923,0.0008,-0.107800391997,-0.107239750541,2,922
arbitrary_scm,2,shifted,30,5000,16,06f9a869,ppi_power_tuned_only,restricted_lambda_0,1,0.363985086606,0.439059437195,-0.0750743505886,0.277836371114,30,5000,not_applicable,0,0,-0.17663148996,0,-0.17663148996,0,0,0,0,0,4.18900274182,0.263400877844,-5.1023574808,-0.0487838794227,-0.0972480281162,0.00891091415317,0.00870587136843,592.053033724,10.3362216923,0.0008,-0.107800391997,-0.107239750541,2,922
arbitrary_scm,2,shifted,30,5000,16,06f9a869,full_datafusionppi,joint_box_lambda_omega,1,0.138421092432,0.439059437195,-0.300638344762,0.116225614707,30,5000,not_applicable,0,1.23069803934,-0.629359268143,1.23069803934,-0.629359268143,0,0,0,0,0,4.18900274182,0.263400877844,-5.1023574808,-0.0487838794227,-0.0972480281162,0.00891091415317,0.00870587136843,592.053033724,10.3362216923,0.0008,-0.107800391997,-0.107239750541,2,922
arbitrary_scm,2,shifted,30,5000,17,93046bd5,rct_aipw,fixed_lambda_0_omega_0,0,0.981368344996,0.439059437195,0.542308907801,0.216753266163,30,5000,not_applicable,0,0,0,0,0,0,0,0,0,0,2.75137826503,0.482260686175,-2.36121766473,0.357520321783,-0.0206431177156,0.00933890692881,0.00933890692881,947.339735912,1.94689868284,0,0.0406199262777,0.0406199262777,2,944
arbitrary_scm,2,shifted,30,5000,17,93046bd5,haipw_only,restricted_omega_0,0,0.373095080632,0.439059437195,-0.0659643565628,0.165393972696,30,5000,not_applicable,0,0.913481249788,0,0.913481249788,0,0,0,0,0,0,2.75137826503,0.482260686175,-2.36121766473,0.357520321783,-0.0206431177156,0.00933890692881,0.00933890692881,947.339735912,1.94689868284,0,0.0406199262777,0.0406199262777,2,944
arbitrary_scm,2,shifted,30,5000,17,93046bd5,ppi_power_tuned_only,restricted_lambda_0,1,0.882433274302,0.439059437195,0.443373837108,0.239162768314,30,5000,not_applicable,0,0,0.761498053647,0,0.761498053647,0,0,0,0,0,2.75137826503,0.482260686175,-2.36121766473,0.357520321783,-0.0206431177156,0.00933890692881,0.00933890692881,947.339735912,1.94689868284,0,0.0406199262777,0.0406199262777,2,944
arbitrary_scm,2,shifted,30,5000,17,93046bd5,full_datafusionppi,joint_box_lambda_omega,1,0.347074051243,0.439059437195,-0.0919853859515,0.178888828946,30,5000,not_applicable,0,0.930647114246,0.693146190129,0.930647114246,0.693146190129,0,0,0,0,0,2.75137826503,0.482260686175,-2.36121766473,0.357520321783,-0.0206431177156,0.00933890692881,0.00933890692881,947.339735912,1.94689868284,0,0.0406199262777,0.0406199262777,2,944
arbitrary_scm,2,shifted,30,5000,18,37b1a24d,rct_aipw,fixed_lambda_0_omega_0,0,0.792742893067,0.439059437195,0.353683455873,0.173337439442,30,5000,not_applicable,0,0,0,0,0,0,0,0,0,0,4.89094477716,0.28866233833,-4.40963544939,-0.0293145436003,-0.0145977543929,0.0138969603915,0.0138969603915,669.81583646,6.11119909241,0,-0.0529398358226,-0.0529398358226,3,935
arbitrary_scm,2,shifted,30,5000,18,37b1a24d,haipw_only,restricted_omega_0,0,0.653516447174,0.439059437195,0.214457009979,0.229193755701,30,5000,not_applicable,0,0.897185478997,0,0.897185478997,0,0,0,0,0,0,4.89094477716,0.28866233833,-4.40963544939,-0.0293145436003,-0.0145977543929,0.0138969603915,0.0138969603915,669.81583646,6.11119909241,0,-0.0529398358226,-0.0529398358226,3,935
arbitrary_scm,2,shifted,30,5000,18,37b1a24d,ppi_power_tuned_only,restricted_lambda_0,1,0.761133869657,0.439059437195,0.322074432462,0.208079569039,30,5000,not_applicable,0,0,-0.160158966084,0,-0.160158966084,0,0,0,0,0,4.89094477716,0.28866233833,-4.40963544939,-0.0293145436003,-0.0145977543929,0.0138969603915,0.0138969603915,669.81583646,6.11119909241,0,-0.0529398358226,-0.0529398358226,3,935
arbitrary_scm,2,shifted,30,5000,18,37b1a24d,full_datafusionppi,joint_box_lambda_omega,1,0.644054779925,0.439059437195,0.204995342731,0.263577983459,30,5000,not_applicable,0,0.899864537077,0.24551972987,0.899864537077,0.24551972987,0,0,0,0,0,4.89094477716,0.28866233833,-4.40963544939,-0.0293145436003,-0.0145977543929,0.0138969603915,0.0138969603915,669.81583646,6.11119909241,0,-0.0529398358226,-0.0529398358226,3,935
arbitrary_scm,2,shifted,30,5000,19,7b66197f,rct_aipw,fixed_lambda_0_omega_0,0,0.394783305344,0.439059437195,-0.0442761318507,0.419439186926,30,5000,not_applicable,0,0,0,0,0,0,0,0,0,0,15.0404490872,0.566333118902,-13.5856892449,1.16566542241,-1.31496517787,0.00922513984314,0.00922513984314,916.487021204,2.38190707351,0,0.0819692336504,0.0819692336504,3,917
arbitrary_scm,2,shifted,30,5000,19,7b66197f,haipw_only,restricted_omega_0,0,0.74611719788,0.439059437195,0.307057760686,0.182918235417,30,5000,not_applicable,0,0.845265815535,0,0.845265815535,0,0,0,0,0,0,15.0404490872,0.566333118902,-13.5856892449,1.16566542241,-1.31496517787,0.00922513984314,0.00922513984314,916.487021204,2.38190707351,0,0.0819692336504,0.0819692336504,3,917
arbitrary_scm,2,shifted,30,5000,19,7b66197f,ppi_power_tuned_only,restricted_lambda_0,1,0.359142286544,0.439059437195,-0.0799171506509,0.3486917106,30,5000,not_applicable,0,0,1.96420323847,0,0.90722053058,0,0.2,0,0.2,0,15.0404490872,0.566333118902,-13.5856892449,1.16566542241,-1.31496517787,0.00922513984314,0.00922513984314,916.487021204,2.38190707351,0,0.0819692336504,0.0819692336504,3,917
arbitrary_scm,2,shifted,30,5000,19,7b66197f,full_datafusionppi,joint_box_lambda_omega,1,0.70451780819,0.439059437195,0.265458370995,0.183120550793,30,5000,not_applicable,0,0.770453912075,0.449205632699,0.770453912075,0.449205632699,0,0,0,0,0,15.0404490872,0.566333118902,-13.5856892449,1.16566542241,-1.31496517787,0.00922513984314,0.00922513984314,916.487021204,2.38190707351,0,0.0819692336504,0.0819692336504,3,917
star_real_x,0,shared,20,5000,0,817769aa,rct_aipw,fixed_lambda_0_omega_0,0,0.284963476134,1,-0.715036523866,0.295241860892,20,5000,0e8b179ea3d883730b25008ca1293c4c8f886aa8d5d299c03ab6ff05d0123ae6,11598,0,0,0,0,0,0,0,0,0,9.54593648528,0.0727351832676,-10.1073519993,0.0822038061786,-0.11131125814,0.00537852803396,0.0063039304148,553.148351974,6.00853945054,0.0658,0.0166610978877,0.0181754433079,2,895
star_real_x,0,shared,20,5000,0,817769aa,haipw_only,restricted_omega_0,0,0.547156515798,1,-0.452843484202,0.248878610562,20,5000,0e8b179ea3d883730b25008ca1293c4c8f886aa8d5d299c03ab6ff05d0123ae6,11598,1.10817701465,0,1.10817701465,0,0,0,0,0,0,9.54593648528,0.0727351832676,-10.1073519993,0.0822038061786,-0.11131125814,0.00537852803396,0.0063039304148,553.148351974,6.00853945054,0.0658,0.0166610978877,0.0181754433079,2,895
star_real_x,0,shared,20,5000,0,817769aa,ppi_power_tuned_only,restricted_lambda_0,1,0.364929125229,1,-0.635070874771,0.321142963109,20,5000,0e8b179ea3d883730b25008ca1293c4c8f886aa8d5d299c03ab6ff05d0123ae6,11598,0,-0.741429197661,0,-0.4,0,1,0,1,0,9.54593648528,0.0727351832676,-10.1073519993,0.0822038061786,-0.11131125814,0.00537852803396,0.0063039304148,553.148351974,6.00853945054,0.0658,0.0166610978877,0.0181754433079,2,895
star_real_x,0,shared,20,5000,0,817769aa,full_datafusionppi,joint_box_lambda_omega,1,0.605061537188,1,-0.394938462812,0.251255030376,20,5000,0e8b179ea3d883730b25008ca1293c4c8f886aa8d5d299c03ab6ff05d0123ae6,11598,1.09062402017,-1.00013474433,1.08756584686,-0.827081969123,0.2,0.2,0,0.2,0,9.54593648528,0.0727351832676,-10.1073519993,0.0822038061786,-0.11131125814,0.00537852803396,0.0063039304148,553.148351974,6.00853945054,0.0658,0.0166610978877,0.0181754433079,2,895
star_real_x,0,shared,20,5000,1,27435b4a,rct_aipw,fixed_lambda_0_omega_0,0,0.795532098842,1,-0.204467901158,0.22531998303,20,5000,0e8b179ea3d883730b25008ca1293c4c8f886aa8d5d299c03ab6ff05d0123ae6,11598,0,0,0,0,0,0,0,0,0,2.36570389995,0.0275133402753,-2.61880442198,-0.0371491589865,0.0106421446226,0.00214903547283,0.00268739219098,592.293924653,7.20121760754,0.0254,0.0100556815839,0.010842253529,1,930
star_real_x,0,shared,20,5000,1,27435b4a,haipw_only,restricted_omega_0,0,0.998584130875,1,-0.00141586912537,0.150665810376,20,5000,0e8b179ea3d883730b25008ca1293c4c8f886aa8d5d299c03ab6ff05d0123ae6,11598,1.12980690955,0,1.12980690955,0,0,0,0,0,0,2.36570389995,0.0275133402753,-2.61880442198,-0.0371491589865,0.0106421446226,0.00214903547283,0.00268739219098,592.293924653,7.20121760754,0.0254,0.0100556815839,0.010842253529,1,930
star_real_x,0,shared,20,5000,1,27435b4a,ppi_power_tuned_only,restricted_lambda_0,1,0.691285552519,1,-0.308714447481,0.229221402279,20,5000,0e8b179ea3d883730b25008ca1293c4c8f886aa8d5d299c03ab6ff05d0123ae6,11598,0,-0.893641656451,0,-0.268742308118,0,0.4,0,0.4,0,2.36570389995,0.0275133402753,-2.61880442198,-0.0371491589865,0.0106421446226,0.00214903547283,0.00268739219098,592.293924653,7.20121760754,0.0254,0.0100556815839,0.010842253529,1,930
star_real_x,0,shared,20,5000,1,27435b4a,full_datafusionppi,joint_box_lambda_omega,1,0.952932760561,1,-0.0470672394393,0.155752210197,20,5000,0e8b179ea3d883730b25008ca1293c4c8f886aa8d5d299c03ab6ff05d0123ae6,11598,1.11179801479,-0.92905711503,1.11940127205,-0.517095921764,0.2,0.2,0,0.2,0,2.36570389995,0.0275133402753,-2.61880442198,-0.0371491589865,0.0106421446226,0.00214903547283,0.00268739219098,592.293924653,7.20121760754,0.0254,0.0100556815839,0.010842253529,1,930
star_real_x,0,shared,20,5000,2,9e7fdce3,rct_aipw,fixed_lambda_0_omega_0,0,0.498886482895,1,-0.501113517105,0.359736889954,20,5000,0e8b179ea3d883730b25008ca1293c4c8f886aa8d5d299c03ab6ff05d0123ae6,11598,0,0,0,0,0,0,0,0,0,4.11182940133,0.0313499095409,-3.04742524698,-0.0322932846947,0.095536177938,0.00892772790424,0.00920930247652,693.528818098,2.49542921465,0.0268,0.0150102445779,0.0153513718736,2,881
star_real_x,0,shared,20,5000,2,9e7fdce3,haipw_only,restricted_omega_0,0,0.762405004475,1,-0.237594995525,0.288262801716,20,5000,0e8b179ea3d883730b25008ca1293c4c8f886aa8d5d299c03ab6ff05d0123ae6,11598,0.718404529697,0,0.718404529697,0,0,0,0,0,0,4.11182940133,0.0313499095409,-3.04742524698,-0.0322932846947,0.095536177938,0.00892772790424,0.00920930247652,693.528818098,2.49542921465,0.0268,0.0150102445779,0.0153513718736,2,881
star_real_x,0,shared,20,5000,2,9e7fdce3,ppi_power_tuned_only,restricted_lambda_0,1,0.405240204664,1,-0.594759795336,0.391789036114,20,5000,0e8b179ea3d883730b25008ca1293c4c8f886aa8d5d299c03ab6ff05d0123ae6,11598,0,-1.21498170046,0,0.130551001585,0,0.8,0,0.8,0,4.11182940133,0.0313499095409,-3.04742524698,-0.0322932846947,0.095536177938,0.00892772790424,0.00920930247652,693.528818098,2.49542921465,0.0268,0.0150102445779,0.0153513718736,2,881
star_real_x,0,shared,20,5000,2,9e7fdce3,full_datafusionppi,joint_box_lambda_omega,1,0.724030142399,1,-0.275969857601,0.311006348169,20,5000,0e8b179ea3d883730b25008ca1293c4c8f886aa8d5d299c03ab6ff05d0123ae6,11598,0.726574540931,1.22034161045,0.72205558402,0.787618264836,0.6,0.6,0,0.6,0,4.11182940133,0.0313499095409,-3.04742524698,-0.0322932846947,0.095536177938,0.00892772790424,0.00920930247652,693.528818098,2.49542921465,0.0268,0.0150102445779,0.0153513718736,2,881
star_real_x,0,shared,20,5000,3,8dc22ceb,rct_aipw,fixed_lambda_0_omega_0,0,0.949627106697,1,-0.0503728933035,0.799770767155,20,5000,0e8b179ea3d883730b25008ca1293c4c8f886aa8d5d299c03ab6ff05d0123ae6,11598,0,0,0,0,0,0,0,0,0,14.5676041128,0.381712935999,-9.62885633106,0.71151608786,-1.6214651338,0.00126665522367,-0.0116004408764,510.483068663,23.6803585027,0.019,-0.00488128161892,-0.0128583493756,1,887
star_real_x,0,shared,20,5000,3,8dc22ceb,haipw_only,restricted_omega_0,0,1.56182291078,1,0.561822910785,0.319714673626,20,5000,0e8b179ea3d883730b25008ca1293c4c8f886aa8d5d299c03ab6ff05d0123ae6,11598,0.80709577029,0,0.80709577029,0,0,0,0,0,0,14.5676041128,0.381712935999,-9.62885633106,0.71151608786,-1.6214651338,0.00126665522367,-0.0116004408764,510.483068663,23.6803585027,0.019,-0.00488128161892,-0.0128583493756,1,887
star_real_x,0,shared,20,5000,3,8dc22ceb,ppi_power_tuned_only,restricted_lambda_0,1,1.11471685265,1,0.114716852651,0.642166445553,20,5000,0e8b179ea3d883730b25008ca1293c4c8f886aa8d5d299c03ab6ff05d0123ae6,11598,0,1.10243627044,0,1.17117511602,0,0.8,0,0.8,0,14.5676041128,0.381712935999,-9.62885633106,0.71151608786,-1.6214651338,0.00126665522367,-0.0116004408764,510.483068663,23.6803585027,0.019,-0.00488128161892,-0.0128583493756,1,887
star_real_x,0,shared,20,5000,3,8dc22ceb,full_datafusionppi,joint_box_lambda_omega,1,1.58834918897,1,0.588349188966,0.295910169929,20,5000,0e8b179ea3d883730b25008ca1293c4c8f886aa8d5d299c03ab6ff05d0123ae6,11598,0.941066668882,-1.2613256617,0.91896964003,-1.09664385447,0.4,0.4,0,0.4,0,14.5676041128,0.381712935999,-9.62885633106,0.71151608786,-1.6214651338,0.00126665522367,-0.0116004408764,510.483068663,23.6803585027,0.019,-0.00488128161892,-0.0128583493756,1,887
star_real_x,0,shared,20,5000,4,2f3bc91e,rct_aipw,fixed_lambda_0_omega_0,0,1.1327149976,1,0.132714997602,0.326008652299,20,5000,0e8b179ea3d883730b25008ca1293c4c8f886aa8d5d299c03ab6ff05d0123ae6,11598,0,0,0,0,0,0,0,0,0,2.86346899782,0.0708892047586,-3.9487747028,0.130059117558,-0.0474204824444,-0.00933275749118,-0.00930547357627,791.09919478,1.76944322711,0.0024,-0.0196110063308,-0.0195467027084,1,880
star_real_x,0,shared,20,5000,4,2f3bc91e,haipw_only,restricted_omega_0,0,0.790827331929,1,-0.209172668071,0.19417323657,20,5000,0e8b179ea3d883730b25008ca1293c4c8f886aa8d5d299c03ab6ff05d0123ae6,11598,1.39030618709,0,1.39030618709,0,0,0,0,0,0,2.86346899782,0.0708892047586,-3.9487747028,0.130059117558,-0.0474204824444,-0.00933275749118,-0.00930547357627,791.09919478,1.76944322711,0.0024,-0.0196110063308,-0.0195467027084,1,880
star_real_x,0,shared,20,5000,4,2f3bc91e,ppi_power_tuned_only,restricted_lambda_0,1,1.10334693843,1,0.103346938435,0.345210364111,20,5000,0e8b179ea3d883730b25008ca1293c4c8f886aa8d5d299c03ab6ff05d0123ae6,11598,0,1.66994409519,0,1.2106232293,0,0.4,0,0.4,0,2.86346899782,0.0708892047586,-3.9487747028,0.130059117558,-0.0474204824444,-0.00933275749118,-0.00930547357627,791.09919478,1.76944322711,0.0024,-0.0196110063308,-0.0195467027084,1,880
star_real_x,0,shared,20,5000,4,2f3bc91e,full_datafusionppi,joint_box_lambda_omega,1,0.773048419341,1,-0.226951580659,0.208669310105,20,5000,0e8b179ea3d883730b25008ca1293c4c8f886aa8d5d299c03ab6ff05d0123ae6,11598,1.36217897016,1.03356808026,1.36473205223,0.943382051831,0.2,0.2,0,0.2,0,2.86346899782,0.0708892047586,-3.9487747028,0.130059117558,-0.0474204824444,-0.00933275749118,-0.00930547357627,791.09919478,1.76944322711,0.0024,-0.0196110063308,-0.0195467027084,1,880
star_real_x,0,shared,20,5000,5,4919f0fa,rct_aipw,fixed_lambda_0_omega_0,0,1.32367630202,1,0.323676302015,0.514735128351,20,5000,0e8b179ea3d883730b25008ca1293c4c8f886aa8d5d299c03ab6ff05d0123ae6,11598,0,0,0,0,0,0,0,0,0,3.41714679892,0.102356555379,-4.18321740054,-0.0226392528562,0.0055502931748,-0.00504872681219,-0.00504872681219,713.700982078,3.68800476282,0,0.0573321862438,0.0573321862438,0,869
star_real_x,0,shared,20,5000,5,4919f0fa,haipw_only,restricted_omega_0,0,0.78832056303,1,-0.21167943697,0.216388204914,20,5000,0e8b179ea3d883730b25008ca1293c4c8f886aa8d5d299c03ab6ff05d0123ae6,11598,1.14400084438,0,1.14400084438,0,0,0,0,0,0,3.41714679892,0.102356555379,-4.18321740054,-0.0226392528562,0.0055502931748,-0.00504872681219,-0.00504872681219,713.700982078,3.68800476282,0,0.0573321862438,0.0573321862438,0,869
star_real_x,0,shared,20,5000,5,4919f0fa,ppi_power_tuned_only,restricted_lambda_0,1,1.32126616967,1,0.321266169671,0.523204352654,20,5000,0e8b179ea3d883730b25008ca1293c4c8f886aa8d5d299c03ab6ff05d0123ae6,11598,0,-0.221165208572,0,-0.221165208572,0,0,0,0,0,3.41714679892,0.102356555379,-4.18321740054,-0.0226392528562,0.0055502931748,-0.00504872681219,-0.00504872681219,713.700982078,3.68800476282,0,0.0573321862438,0.0573321862438,0,869
star_real_x,0,shared,20,5000,5,4919f0fa,full_datafusionppi,joint_box_lambda_omega,1,0.763311663571,1,-0.236688336429,0.23430098084,20,5000,0e8b179ea3d883730b25008ca1293c4c8f886aa8d5d299c03ab6ff05d0123ae6,11598,1.15856505944,-0.230193269581,1.15856505944,-0.230193269581,0,0,0,0,0,3.41714679892,0.102356555379,-4.18321740054,-0.0226392528562,0.0055502931748,-0.00504872681219,-0.00504872681219,713.700982078,3.68800476282,0,0.0573321862438,0.0573321862438,0,869
star_real_x,0,shared,20,5000,6,729b12cc,rct_aipw,fixed_lambda_0_omega_0,0,0.417446788109,1,-0.582553211891,0.598729815285,20,5000,0e8b179ea3d883730b25008ca1293c4c8f886aa8d5d299c03ab6ff05d0123ae6,11598,0,0,0,0,0,0,0,0,0,4.11792379744,0.0465559276438,-4.80165567034,0.0317527554172,0.0818462187968,-0.00773833101373,-0.00772250835584,671.421861712,2.75297040367,0.002,0.00079373036791,0.00082099752201,2,889
star_real_x,0,shared,20,5000,6,729b12cc,haipw_only,restricted_omega_0,0,0.746482832339,1,-0.253517167661,0.32300076227,20,5000,0e8b179ea3d883730b25008ca1293c4c8f886aa8d5d299c03ab6ff05d0123ae6,11598,1.18555437427,0,1.18555437427,0,0,0,0,0,0,4.11792379744,0.0465559276438,-4.80165567034,0.0317527554172,0.0818462187968,-0.00773833101373,-0.00772250835584,671.421861712,2.75297040367,0.002,0.00079373036791,0.00082099752201,2,889
star_real_x,0,shared,20,5000,6,729b12cc,ppi_power_tuned_only,restricted_lambda_0,1,0.474011475487,1,-0.525988524513,0.597305902345,20,5000,0e8b179ea3d883730b25008ca1293c4c8f886aa8d5d299c03ab6ff05d0123ae6,11598,0,0.828324155499,0,0.744999573412,0,0.6,0,0.6,0,4.11792379744,0.0465559276438,-4.80165567034,0.0317527554172,0.0818462187968,-0.00773833101373,-0.00772250835584,671.421861712,2.75297040367,0.002,0.00079373036791,0.00082099752201,2,889
star_real_x,0,shared,20,5000,6,729b12cc,full_datafusionppi,joint_box_lambda_omega,1,0.756674808398,1,-0.243325191602,0.305712791889,20,5000,0e8b179ea3d883730b25008ca1293c4c8f886aa8d5d299c03ab6ff05d0123ae6,11598,1.23586386872,3.15069395445,1.21590197243,1.62345075727,0.4,0.4,0,0.4,0,4.11792379744,0.0465559276438,-4.80165567034,0.0317527554172,0.0818462187968,-0.00773833101373,-0.00772250835584,671.421861712,2.75297040367,0.002,0.00079373036791,0.00082099752201,2,889
star_real_x,0,shared,20,5000,7,932a3518,rct_aipw,fixed_lambda_0_omega_0,0,-0.261752639137,1,-1.26175263914,1.30250975028,20,5000,0e8b179ea3d883730b25008ca1293c4c8f886aa8d5d299c03ab6ff05d0123ae6,11598,0,0,0,0,0,0,0,0,0,17.740342155,0.443842802806,-19.2899052977,-0.12101351547,0.472548444113,0.0371288745602,-0.0261325851459,415.979281226,52.0197148707,0.0046,0.109704302782,-0.0342422743008,1,887
star_real_x,0,shared,20,5000,7,932a3518,haipw_only,restricted_omega_0,0,0.659751008129,1,-0.340248991871,0.36475556823,20,5000,0e8b179ea3d883730b25008ca1293c4c8f886aa8d5d299c03ab6ff05d0123ae6,11598,1.11860099748,0,1.11860099748,0,0,0,0,0,0,17.740342155,0.443842802806,-19.2899052977,-0.12101351547,0.472548444113,0.0371288745602,-0.0261325851459,415.979281226,52.0197148707,0.0046,0.109704302782,-0.0342422743008,1,887
star_real_x,0,shared,20,5000,7,932a3518,ppi_power_tuned_only,restricted_lambda_0,1,0.0204137274452,1,-0.979586272555,1.23747000176,20,5000,0e8b179ea3d883730b25008ca1293c4c8f886aa8d5d299c03ab6ff05d0123ae6,11598,0,-4.25782181057,0,-1.21768389329,0,0.8,0,0.8,0,17.740342155,0.443842802806,-19.2899052977,-0.12101351547,0.472548444113,0.0371288745602,-0.0261325851459,415.979281226,52.0197148707,0.0046,0.109704302782,-0.0342422743008,1,887
star_real_x,0,shared,20,5000,7,932a3518,full_datafusionppi,joint_box_lambda_omega,1,0.689822326728,1,-0.310177673272,0.370012836539,20,5000,0e8b179ea3d883730b25008ca1293c4c8f886aa8d5d299c03ab6ff05d0123ae6,11598,1.1621801076,0.817985182051,1.15691877285,0.758254761481,0.2,0.2,0,0.2,0,17.740342155,0.443842802806,-19.2899052977,-0.12101351547,0.472548444113,0.0371288745602,-0.0261325851459,415.979281226,52.0197148707,0.0046,0.109704302782,-0.0342422743008,1,887
star_real_x,0,shared,20,5000,8,4b293141,rct_aipw,fixed_lambda_0_omega_0,0,0.287907762478,1,-0.712092237522,0.13843047235,20,5000,0e8b179ea3d883730b25008ca1293c4c8f886aa8d5d299c03ab6ff05d0123ae6,11598,0,0,0,0,0,0,0,0,0,4.07910371422,0.0601686137221,-3.69959361647,-0.0204638910754,-0.0207532209809,-0.00489297246932,-0.00489211079879,771.733715195,3.14867387122,0.0002,-0.0410129106155,-0.0410154235017,2,893
star_real_x,0,shared,20,5000,8,4b293141,haipw_only,restricted_omega_0,0,0.671368475279,1,-0.328631524721,0.142528863039,20,5000,0e8b179ea3d883730b25008ca1293c4c8f886aa8d5d299c03ab6ff05d0123ae6,11598,0.934808277857,0,0.934808277857,0,0,0,0,0,0,4.07910371422,0.0601686137221,-3.69959361647,-0.0204638910754,-0.0207532209809,-0.00489297246932,-0.00489211079879,771.733715195,3.14867387122,0.0002,-0.0410129106155,-0.0410154235017,2,893
star_real_x,0,shared,20,5000,8,4b293141,ppi_power_tuned_only,restricted_lambda_0,1,0.363188923078,1,-0.636811076922,0.133675551581,20,5000,0e8b179ea3d883730b25008ca1293c4c8f886aa8d5d299c03ab6ff05d0123ae6,11598,0,-0.637338365252,0,-0.469383420896,0,0.2,0,0.2,0,4.07910371422,0.0601686137221,-3.69959361647,-0.0204638910754,-0.0207532209809,-0.00489297246932,-0.00489211079879,771.733715195,3.14867387122,0.0002,-0.0410129106155,-0.0410154235017,2,893
star_real_x,0,shared,20,5000,8,4b293141,full_datafusionppi,joint_box_lambda_omega,1,0.664334333197,1,-0.335665666803,0.160343559134,20,5000,0e8b179ea3d883730b25008ca1293c4c8f886aa8d5d299c03ab6ff05d0123ae6,11598,0.953088544559,-0.463459267046,0.949740160499,-0.283546290209,0.2,0.2,0,0.2,0,4.07910371422,0.0601686137221,-3.69959361647,-0.0204638910754,-0.0207532209809,-0.00489297246932,-0.00489211079879,771.733715195,3.14867387122,0.0002,-0.0410129106155,-0.0410154235017,2,893
star_real_x,0,shared,20,5000,9,97a07936,rct_aipw,fixed_lambda_0_omega_0,0,1.22338824191,1,0.22338824191,0.710716590541,20,5000,0e8b179ea3d883730b25008ca1293c4c8f886aa8d5d299c03ab6ff05d0123ae6,11598,0,0,0,0,0,0,0,0,0,5.26017277886,0.0452150180333,-5.18214870362,0.0929581521905,0.0333900685819,0.00679673253434,0.00679673253434,584.263511049,6.53294546354,0,-0.0589875393224,-0.0589875393224,2,909
star_real_x,0,shared,20,5000,9,97a07936,haipw_only,restricted_omega_0,0,0.55402770602,1,-0.44597229398,0.388614475971,20,5000,0e8b179ea3d883730b25008ca1293c4c8f886aa8d5d299c03ab6ff05d0123ae6,11598,0.926059654647,0,0.926059654647,0,0,0,0,0,0,5.26017277886,0.0452150180333,-5.18214870362,0.0929581521905,0.0333900685819,0.00679673253434,0.00679673253434,584.263511049,6.53294546354,0,-0.0589875393224,-0.0589875393224,2,909
star_real_x,0,shared,20,5000,9,97a07936,ppi_power_tuned_only,restricted_lambda_0,1,1.25071301212,1,0.250713012122,0.686923485107,20,5000,0e8b179ea3d883730b25008ca1293c4c8f886aa8d5d299c03ab6ff05d0123ae6,11598,0,2.66129380001,0,1.20224920662,0,0.6,0,0.6,0,5.26017277886,0.0452150180333,-5.18214870362,0.0929581521905,0.0333900685819,0.00679673253434,0.00679673253434,584.263511049,6.53294546354,0,-0.0589875393224,-0.0589875393224,2,909
star_real_x,0,shared,20,5000,9,97a07936,full_datafusionppi,joint_box_lambda_omega,1,0.536342924366,1,-0.463657075634,0.414393958418,20,5000,0e8b179ea3d883730b25008ca1293c4c8f886aa8d5d299c03ab6ff05d0123ae6,11598,0.951993221162,2.97156564002,0.945541385176,1.40093426162,0.8,0.8,0,0.8,0,5.26017277886,0.0452150180333,-5.18214870362,0.0929581521905,0.0333900685819,0.00679673253434,0.00679673253434,584.263511049,6.53294546354,0,-0.0589875393224,-0.0589875393224,2,909
star_real_x,0,shared,20,5000,10,9b0165a5,rct_aipw,fixed_lambda_0_omega_0,0,1.08312669345,1,0.0831266934511,0.593170489771,20,5000,0e8b179ea3d883730b25008ca1293c4c8f886aa8d5d299c03ab6ff05d0123ae6,11598,0,0,0,0,0,0,0,0,0,11.5585612832,0.363403952859,-10.998027603,-0.106288209948,0.394026749304,0.00140526515908,-0.0243641610167,547.904658095,25.3482354963,0.0052,-0.0178855301706,-0.0549227937349,2,876
star_real_x,0,shared,20,5000,10,9b0165a5,haipw_only,restricted_omega_0,0,0.640389649755,1,-0.359610350245,0.215385793917,20,5000,0e8b179ea3d883730b25008ca1293c4c8f886aa8d5d299c03ab6ff05d0123ae6,11598,0.999558447264,0,0.999558447264,0,0,0,0,0,0,11.5585612832,0.363403952859,-10.998027603,-0.106288209948,0.394026749304,0.00140526515908,-0.0243641610167,547.904658095,25.3482354963,0.0052,-0.0178855301706,-0.0549227937349,2,876
star_real_x,0,shared,20,5000,10,9b0165a5,ppi_power_tuned_only,restricted_lambda_0,1,1.07989001467,1,0.0798900146728,0.619291907492,20,5000,0e8b179ea3d883730b25008ca1293c4c8f886aa8d5d299c03ab6ff05d0123ae6,11598,0,-0.180167065106,0,-0.180167065106,0,0,0,0,0,11.5585612832,0.363403952859,-10.998027603,-0.106288209948,0.394026749304,0.00140526515908,-0.0243641610167,547.904658095,25.3482354963,0.0052,-0.0178855301706,-0.0549227937349,2,876
star_real_x,0,shared,20,5000,10,9b0165a5,full_datafusionppi,joint_box_lambda_omega,1,0.680129460589,1,-0.319870539411,0.206058638673,20,5000,0e8b179ea3d883730b25008ca1293c4c8f886aa8d5d299c03ab6ff05d0123ae6,11598,1.06812786072,0.309848582352,1.06812786072,0.309848582352,0,0,0,0,0,11.5585612832,0.363403952859,-10.998027603,-0.106288209948,0.394026749304,0.00140526515908,-0.0243641610167,547.904658095,25.3482354963,0.0052,-0.0178855301706,-0.0549227937349,2,876
star_real_x,0,shared,20,5000,11,2f03a7cc,rct_aipw,fixed_lambda_0_omega_0,0,-0.252398444714,1,-1.25239844471,0.514753442748,20,5000,0e8b179ea3d883730b25008ca1293c4c8f886aa8d5d299c03ab6ff05d0123ae6,11598,0,0,0,0,0,0,0,0,0,3.45902587804,0.0711593402004,-3.47398013694,0.334727171536,-0.156269058193,-0.00227360995106,-0.00217659136246,613.668085594,10.5839199581,0.0042,0.0100939811413,0.00967656083361,2,887
star_real_x,0,shared,20,5000,11,2f03a7cc,haipw_only,restricted_omega_0,0,0.660692357622,1,-0.339307642378,0.407709414209,20,5000,0e8b179ea3d883730b25008ca1293c4c8f886aa8d5d299c03ab6ff05d0123ae6,11598,1.01972589663,0,1.01972589663,0,0,0,0,0,0,3.45902587804,0.0711593402004,-3.47398013694,0.334727171536,-0.156269058193,-0.00227360995106,-0.00217659136246,613.668085594,10.5839199581,0.0042,0.0100939811413,0.00967656083361,2,887
star_real_x,0,shared,20,5000,11,2f03a7cc,ppi_power_tuned_only,restricted_lambda_0,1,-0.330365063137,1,-1.33036506314,0.420400913483,20,5000,0e8b179ea3d883730b25008ca1293c4c8f886aa8d5d299c03ab6ff05d0123ae6,11598,0,4.71965105179,0,2,0,1,0,1,0,3.45902587804,0.0711593402004,-3.47398013694,0.334727171536,-0.156269058193,-0.00227360995106,-0.00217659136246,613.668085594,10.5839199581,0.0042,0.0100939811413,0.00967656083361,2,887
star_real_x,0,shared,20,5000,11,2f03a7cc,full_datafusionppi,joint_box_lambda_omega,1,0.535740244448,1,-0.464259755552,0.400086414528,20,5000,0e8b179ea3d883730b25008ca1293c4c8f886aa8d5d299c03ab6ff05d0123ae6,11598,0.91357693281,2.80325910388,0.938935708055,1.8726058631,0.6,0.6,0,0.6,0,3.45902587804,0.0711593402004,-3.47398013694,0.334727171536,-0.156269058193,-0.00227360995106,-0.00217659136246,613.668085594,10.5839199581,0.0042,0.0100939811413,0.00967656083361,2,887
star_real_x,0,shared,20,5000,12,c39a5e37,rct_aipw,fixed_lambda_0_omega_0,0,0.0674389521282,1,-0.932561047872,0.299557231822,20,5000,0e8b179ea3d883730b25008ca1293c4c8f886aa8d5d299c03ab6ff05d0123ae6,11598,0,0,0,0,0,0,0,0,0,4.15724504676,0.060387805098,-3.90962315692,0.0383742482261,-0.00741648678185,-0.00465808824697,-0.00465808824697,753.28880235,2.67028196142,0,-0.0735249930932,-0.0735249930932,3,921
star_real_x,0,shared,20,5000,12,c39a5e37,haipw_only,restricted_omega_0,0,-0.0695700205493,1,-1.06957002055,0.313589311846,20,5000,0e8b179ea3d883730b25008ca1293c4c8f886aa8d5d299c03ab6ff05d0123ae6,11598,1.01975926199,0,1.01975926199,0,0,0,0,0,0,4.15724504676,0.060387805098,-3.90962315692,0.0383742482261,-0.00741648678185,-0.00465808824697,-0.00465808824697,753.28880235,2.67028196142,0,-0.0735249930932,-0.0735249930932,3,921
star_real_x,0,shared,20,5000,12,c39a5e37,ppi_power_tuned_only,restricted_lambda_0,1,0.102563410751,1,-0.897436589249,0.308947900681,20,5000,0e8b179ea3d883730b25008ca1293c4c8f886aa8d5d299c03ab6ff05d0123ae6,11598,0,0.81957161156,0,0.371532172024,0,0.4,0,0.4,0,4.15724504676,0.060387805098,-3.90962315692,0.0383742482261,-0.00741648678185,-0.00465808824697,-0.00465808824697,753.28880235,2.67028196142,0,-0.0735249930932,-0.0735249930932,3,921
star_real_x,0,shared,20,5000,12,c39a5e37,full_datafusionppi,joint_box_lambda_omega,1,0.0147199670714,1,-0.985280032929,0.316435184991,20,5000,0e8b179ea3d883730b25008ca1293c4c8f886aa8d5d299c03ab6ff05d0123ae6,11598,1.01091306743,0.419067106195,1.01091306743,0.419067106195,0,0,0,0,0,4.15724504676,0.060387805098,-3.90962315692,0.0383742482261,-0.00741648678185,-0.00465808824697,-0.00465808824697,753.28880235,2.67028196142,0,-0.0735249930932,-0.0735249930932,3,921
star_real_x,0,shared,20,5000,13,7abb7a44,rct_aipw,fixed_lambda_0_omega_0,0,3.0102697885,1,2.0102697885,0.479493821902,20,5000,0e8b179ea3d883730b25008ca1293c4c8f886aa8d5d299c03ab6ff05d0123ae6,11598,0,0,0,0,0,0,0,0,0,9.19380342188,0.071286198691,-9.44305414439,0.063142947297,0.0881384985493,-0.00527019958401,-0.00524952025622,695.514311266,5.20961960439,0.003,0.0470536719323,0.0470764710428,1,880
star_real_x,0,shared,20,5000,13,7abb7a44,haipw_only,restricted_omega_0,0,1.93020693653,1,0.930206936532,0.298090666654,20,5000,0e8b179ea3d883730b25008ca1293c4c8f886aa8d5d299c03ab6ff05d0123ae6,11598,1.04024922419,0,1.04024922419,0,0,0,0,0,0,9.19380342188,0.071286198691,-9.44305414439,0.063142947297,0.0881384985493,-0.00527019958401,-0.00524952025622,695.514311266,5.20961960439,0.003,0.0470536719323,0.0470764710428,1,880
star_real_x,0,shared,20,5000,13,7abb7a44,ppi_power_tuned_only,restricted_lambda_0,1,3.19238591585,1,2.19238591585,0.555916569278,20,5000,0e8b179ea3d883730b25008ca1293c4c8f886aa8d5d299c03ab6ff05d0123ae6,11598,0,0.977717802778,0,0.4,0,1,0,1,0,9.19380342188,0.071286198691,-9.44305414439,0.063142947297,0.0881384985493,-0.00527019958401,-0.00524952025622,695.514311266,5.20961960439,0.003,0.0470536719323,0.0470764710428,1,880
star_real_x,0,shared,20,5000,13,7abb7a44,full_datafusionppi,joint_box_lambda_omega,1,1.92313671577,1,0.92313671577,0.323673259233,20,5000,0e8b179ea3d883730b25008ca1293c4c8f886aa8d5d299c03ab6ff05d0123ae6,11598,1.08718181508,2.15497749309,1.06080424859,1.05180368089,0.6,0.6,0,0.6,0,9.19380342188,0.071286198691,-9.44305414439,0.063142947297,0.0881384985493,-0.00527019958401,-0.00524952025622,695.514311266,5.20961960439,0.003,0.0470536719323,0.0470764710428,1,880
star_real_x,0,shared,20,5000,14,a7e01ee8,rct_aipw,fixed_lambda_0_omega_0,0,0.252541029789,1,-0.747458970211,2.36719968382,20,5000,0e8b179ea3d883730b25008ca1293c4c8f886aa8d5d299c03ab6ff05d0123ae6,11598,0,0,0,0,0,0,0,0,0,39.1895970805,0.064817038736,-42.3242749226,0.394815174828,-0.190762695641,0.00269703290887,0.00277178000332,638.163022503,6.1399069452,0.0054,0.0687357686378,0.068834548837,2,896
star_real_x,0,shared,20,5000,14,a7e01ee8,haipw_only,restricted_omega_0,0,1.80834838701,1,0.808348387009,0.463364289656,20,5000,0e8b179ea3d883730b25008ca1293c4c8f886aa8d5d299c03ab6ff05d0123ae6,11598,1.06938675548,0,1.06938675548,0,0,0,0,0,0,39.1895970805,0.064817038736,-42.3242749226,0.394815174828,-0.190762695641,0.00269703290887,0.00277178000332,638.163022503,6.1399069452,0.0054,0.0687357686378,0.068834548837,2,896
star_real_x,0,shared,20,5000,14,a7e01ee8,ppi_power_tuned_only,restricted_lambda_0,1,0.201659693887,1,-0.798340306113,2.08590287784,20,5000,0e8b179ea3d883730b25008ca1293c4c8f886aa8d5d299c03ab6ff05d0123ae6,11598,0,7.10738316908,0,1.2,0,1,0,1,0,39.1895970805,0.064817038736,-42.3242749226,0.394815174828,-0.190762695641,0.00269703290887,0.00277178000332,638.163022503,6.1399069452,0.0054,0.0687357686378,0.068834548837,2,896
star_real_x,0,shared,20,5000,14,a7e01ee8,full_datafusionppi,joint_box_lambda_omega,1,1.77337484787,1,0.773374847869,0.453951058569,20,5000,0e8b179ea3d883730b25008ca1293c4c8f886aa8d5d299c03ab6ff05d0123ae6,11598,1.09731432799,1.98266483004,1.07873979694,1.28684547288,0.4,0.4,0,0.4,0,39.1895970805,0.064817038736,-42.3242749226,0.394815174828,-0.190762695641,0.00269703290887,0.00277178000332,638.163022503,6.1399069452,0.0054,0.0687357686378,0.068834548837,2,896
star_real_x,0,shared,20,5000,15,35287fc3,rct_aipw,fixed_lambda_0_omega_0,0,0.245887305001,1,-0.754112694999,0.313773732402,20,5000,0e8b179ea3d883730b25008ca1293c4c8f886aa8d5d299c03ab6ff05d0123ae6,11598,0,0,0,0,0,0,0,0,0,4.22131943825,0.0333090054505,-0.731649812902,-0.0982096544354,-0.0609601161335,-0.00313666993773,-0.0030751318778,749.518854493,2.6041446674,0.003,0.0357969643341,0.0358888028668,0,874
star_real_x,0,shared,20,5000,15,35287fc3,haipw_only,restricted_omega_0,0,0.402967602968,1,-0.597032397032,0.30393135348,20,5000,0e8b179ea3d883730b25008ca1293c4c8f886aa8d5d299c03ab6ff05d0123ae6,11598,0.111617920267,0,0.111617920267,0,0,0,0,0,0,4.22131943825,0.0333090054505,-0.731649812902,-0.0982096544354,-0.0609601161335,-0.00313666993773,-0.0030751318778,749.518854493,2.6041446674,0.003,0.0357969643341,0.0358888028668,0,874
star_real_x,0,shared,20,5000,15,35287fc3,ppi_power_tuned_only,restricted_lambda_0,1,0.140823869971,1,-0.859176130029,0.301919614996,20,5000,0e8b179ea3d883730b25008ca1293c4c8f886aa8d5d299c03ab6ff05d0123ae6,11598,0,-1.80253087,0,-0.834227093915,0,0.6,0,0.6,0,4.22131943825,0.0333090054505,-0.731649812902,-0.0982096544354,-0.0609601161335,-0.00313666993773,-0.0030751318778,749.518854493,2.6041446674,0.003,0.0357969643341,0.0358888028668,0,874
star_real_x,0,shared,20,5000,15,35287fc3,full_datafusionppi,joint_box_lambda_omega,1,0.306601164096,1,-0.693398835904,0.288196208548,20,5000,0e8b179ea3d883730b25008ca1293c4c8f886aa8d5d299c03ab6ff05d0123ae6,11598,0.149254699026,-2.31720136047,0.13688445008,-1.2,1,1,0,1,0,4.22131943825,0.0333090054505,-0.731649812902,-0.0982096544354,-0.0609601161335,-0.00313666993773,-0.0030751318778,749.518854493,2.6041446674,0.003,0.0357969643341,0.0358888028668,0,874
star_real_x,0,shared,20,5000,16,a4e3eff4,rct_aipw,fixed_lambda_0_omega_0,0,0.246984388013,1,-0.753015611987,0.562078818232,20,5000,0e8b179ea3d883730b25008ca1293c4c8f886aa8d5d299c03ab6ff05d0123ae6,11598,0,0,0,0,0,0,0,0,0,8.36587313705,0.0489070851803,-10.1477515166,0.0263047945368,-0.0321841325466,-0.00410501587113,-0.003923602229,594.73137082,2.83663298928,0.0112,-0.0269186425583,-0.026761620642,0,888
star_real_x,0,shared,20,5000,16,a4e3eff4,haipw_only,restricted_omega_0,0,1.81264400344,1,0.812644003436,0.441947523657,20,5000,0e8b179ea3d883730b25008ca1293c4c8f886aa8d5d299c03ab6ff05d0123ae6,11598,1.19144825613,0,1.19144825613,0,0,0,0,0,0,8.36587313705,0.0489070851803,-10.1477515166,0.0263047945368,-0.0321841325466,-0.00410501587113,-0.003923602229,594.73137082,2.83663298928,0.0112,-0.0269186425583,-0.026761620642,0,888
star_real_x,0,shared,20,5000,16,a4e3eff4,ppi_power_tuned_only,restricted_lambda_0,1,0.256124478916,1,-0.743875521084,0.551826497399,20,5000,0e8b179ea3d883730b25008ca1293c4c8f886aa8d5d299c03ab6ff05d0123ae6,11598,0,0.253051894016,0,0.360643422178,0,0.6,0,0.6,0,8.36587313705,0.0489070851803,-10.1477515166,0.0263047945368,-0.0321841325466,-0.00410501587113,-0.003923602229,594.73137082,2.83663298928,0.0112,-0.0269186425583,-0.026761620642,0,888
star_real_x,0,shared,20,5000,16,a4e3eff4,full_datafusionppi,joint_box_lambda_omega,1,1.67073855506,1,0.670738555058,0.457739806131,20,5000,0e8b179ea3d883730b25008ca1293c4c8f886aa8d5d299c03ab6ff05d0123ae6,11598,1.19822795038,-0.221743372713,1.19452276032,0.284265517349,0.2,0.2,0,0.2,0,8.36587313705,0.0489070851803,-10.1477515166,0.0263047945368,-0.0321841325466,-0.00410501587113,-0.003923602229,594.73137082,2.83663298928,0.0112,-0.0269186425583,-0.026761620642,0,888
star_real_x,0,shared,20,5000,17,66c2cfb0,rct_aipw,fixed_lambda_0_omega_0,0,0.161956378787,1,-0.838043621213,0.496754857712,20,5000,0e8b179ea3d883730b25008ca1293c4c8f886aa8d5d299c03ab6ff05d0123ae6,11598,0,0,0,0,0,0,0,0,0,2.33473981111,0.0523101537129,-2.41227443452,-0.0890797421015,0.0482688737194,-0.00817444495277,-0.00450068297006,574.548652308,9.84157439126,0.1198,0.0245474995693,0.029473795017,2,865
star_real_x,0,shared,20,5000,17,66c2cfb0,haipw_only,restricted_omega_0,0,0.309152996977,1,-0.690847003023,0.226776076926,20,5000,0e8b179ea3d883730b25008ca1293c4c8f886aa8d5d299c03ab6ff05d0123ae6,11598,0.973929122941,0,0.973929122941,0,0,0,0,0,0,2.33473981111,0.0523101537129,-2.41227443452,-0.0890797421015,0.0482688737194,-0.00817444495277,-0.00450068297006,574.548652308,9.84157439126,0.1198,0.0245474995693,0.029473795017,2,865
star_real_x,0,shared,20,5000,17,66c2cfb0,ppi_power_tuned_only,restricted_lambda_0,1,0.0698259014023,1,-0.930174098598,0.502470125889,20,5000,0e8b179ea3d883730b25008ca1293c4c8f886aa8d5d299c03ab6ff05d0123ae6,11598,0,-1.70813250121,0,-0.841169163942,0,0.6,0,0.6,0,2.33473981111,0.0523101537129,-2.41227443452,-0.0890797421015,0.0482688737194,-0.00817444495277,-0.00450068297006,574.548652308,9.84157439126,0.1198,0.0245474995693,0.029473795017,2,865
star_real_x,0,shared,20,5000,17,66c2cfb0,full_datafusionppi,joint_box_lambda_omega,1,0.159266260191,1,-0.840733739809,0.245212176137,20,5000,0e8b179ea3d883730b25008ca1293c4c8f886aa8d5d299c03ab6ff05d0123ae6,11598,0.979880846165,-0.574040832866,0.973073263734,-0.667373224568,0.6,0.6,0,0.6,0,2.33473981111,0.0523101537129,-2.41227443452,-0.0890797421015,0.0482688737194,-0.00817444495277,-0.00450068297006,574.548652308,9.84157439126,0.1198,0.0245474995693,0.029473795017,2,865
star_real_x,0,shared,20,5000,18,9e65fba3,rct_aipw,fixed_lambda_0_omega_0,0,-0.064379613156,1,-1.06437961316,0.568313083909,20,5000,0e8b179ea3d883730b25008ca1293c4c8f886aa8d5d299c03ab6ff05d0123ae6,11598,0,0,0,0,0,0,0,0,0,5.48003120659,0.0419760888798,-6.73058069861,0.20492104392,-0.0829370135267,-0.00658551451936,-0.00656500976315,736.662948436,3.82115039605,0.0006,0.0695918595772,0.0696459965777,2,894
star_real_x,0,shared,20,5000,18,9e65fba3,haipw_only,restricted_omega_0,0,0.16558163484,1,-0.83441836516,0.434482980504,20,5000,0e8b179ea3d883730b25008ca1293c4c8f886aa8d5d299c03ab6ff05d0123ae6,11598,1.3012966068,0,1.3012966068,0,0,0,0,0,0,5.48003120659,0.0419760888798,-6.73058069861,0.20492104392,-0.0829370135267,-0.00658551451936,-0.00656500976315,736.662948436,3.82115039605,0.0006,0.0695918595772,0.0696459965777,2,894
star_real_x,0,shared,20,5000,18,9e65fba3,ppi_power_tuned_only,restricted_lambda_0,1,-0.056655963542,1,-1.05665596354,0.548414727623,20,5000,0e8b179ea3d883730b25008ca1293c4c8f886aa8d5d299c03ab6ff05d0123ae6,11598,0,5.85498617753,0,1.67880434025,0,0.8,0,0.8,0,5.48003120659,0.0419760888798,-6.73058069861,0.20492104392,-0.0829370135267,-0.00658551451936,-0.00656500976315,736.662948436,3.82115039605,0.0006,0.0695918595772,0.0696459965777,2,894
star_real_x,0,shared,20,5000,18,9e65fba3,full_datafusionppi,joint_box_lambda_omega,1,0.204839605936,1,-0.795160394064,0.4454759269,20,5000,0e8b179ea3d883730b25008ca1293c4c8f886aa8d5d299c03ab6ff05d0123ae6,11598,1.27014406391,2.23204561771,1.28061919415,1.37389756389,0.8,0.8,0,0.8,0,5.48003120659,0.0419760888798,-6.73058069861,0.20492104392,-0.0829370135267,-0.00658551451936,-0.00656500976315,736.662948436,3.82115039605,0.0006,0.0695918595772,0.0696459965777,2,894
star_real_x,0,shared,20,5000,19,67e7c781,rct_aipw,fixed_lambda_0_omega_0,0,-0.705104306003,1,-1.705104306,0.373643686608,20,5000,0e8b179ea3d883730b25008ca1293c4c8f886aa8d5d299c03ab6ff05d0123ae6,11598,0,0,0,0,0,0,0,0,0,4.81656652873,0.0461352337343,-6.34930314781,-0.215616077889,0.056231226059,-0.0105498455105,-0.0105339824591,844.995365296,2.32035563685,0.0016,0.0090589132987,0.00899348528064,1,866
star_real_x,0,shared,20,5000,19,67e7c781,haipw_only,restricted_omega_0,0,0.182284609852,1,-0.817715390148,0.286107756372,20,5000,0e8b179ea3d883730b25008ca1293c4c8f886aa8d5d299c03ab6ff05d0123ae6,11598,1.36311485263,0,1.36311485263,0,0,0,0,0,0,4.81656652873,0.0461352337343,-6.34930314781,-0.215616077889,0.056231226059,-0.0105498455105,-0.0105339824591,844.995365296,2.32035563685,0.0016,0.0090589132987,0.00899348528064,1,866
star_real_x,0,shared,20,5000,19,67e7c781,ppi_power_tuned_only,restricted_lambda_0,1,-0.629246768237,1,-1.62924676824,0.362687131646,20,5000,0e8b179ea3d883730b25008ca1293c4c8f886aa8d5d299c03ab6ff05d0123ae6,11598,0,-4.94755585322,0,-1.93529226701,0,0.8,0,0.8,0,4.81656652873,0.0461352337343,-6.34930314781,-0.215616077889,0.056231226059,-0.0105498455105,-0.0105339824591,844.995365296,2.32035563685,0.0016,0.0090589132987,0.00899348528064,1,866
star_real_x,0,shared,20,5000,19,67e7c781,full_datafusionppi,joint_box_lambda_omega,1,0.221390492004,1,-0.778609507996,0.252188612866,20,5000,0e8b179ea3d883730b25008ca1293c4c8f886aa8d5d299c03ab6ff05d0123ae6,11598,1.32766538738,-3.18828580597,1.34579651981,-2,1,1,0,1,0,4.81656652873,0.0461352337343,-6.34930314781,-0.215616077889,0.056231226059,-0.0105498455105,-0.0105339824591,844.995365296,2.32035563685,0.0016,0.0090589132987,0.00899348528064,1,866
star_real_x,0,shared,30,5000,0,c40756cd,rct_aipw,fixed_lambda_0_omega_0,0,1.53080352906,1,0.530803529064,0.334187298715,30,5000,0e8b179ea3d883730b25008ca1293c4c8f886aa8d5d299c03ab6ff05d0123ae6,11598,0,0,0,0,0,0,0,0,0,14.1500676784,0.623051539944,-13.6766832421,-1.26531944422,1.14800741414,0.0136922158243,-0.0206341635244,671.976282248,21.2449924061,0.0008,0.179074963576,0.0219970957793,3,881
star_real_x,0,shared,30,5000,0,c40756cd,haipw_only,restricted_omega_0,0,1.3559253103,1,0.355925310304,0.220337802384,30,5000,0e8b179ea3d883730b25008ca1293c4c8f886aa8d5d299c03ab6ff05d0123ae6,11598,0.991244846636,0,0.991244846636,0,0,0,0,0,0,14.1500676784,0.623051539944,-13.6766832421,-1.26531944422,1.14800741414,0.0136922158243,-0.0206341635244,671.976282248,21.2449924061,0.0008,0.179074963576,0.0219970957793,3,881
star_real_x,0,shared,30,5000,0,c40756cd,ppi_power_tuned_only,restricted_lambda_0,1,1.4186801094,1,0.418680109396,0.294304836355,30,5000,0e8b179ea3d883730b25008ca1293c4c8f886aa8d5d299c03ab6ff05d0123ae6,11598,0,-1.38538429182,0,-1.14829351689,0,0.4,0,0.4,0,14.1500676784,0.623051539944,-13.6766832421,-1.26531944422,1.14800741414,0.0136922158243,-0.0206341635244,671.976282248,21.2449924061,0.0008,0.179074963576,0.0219970957793,3,881
star_real_x,0,shared,30,5000,0,c40756cd,full_datafusionppi,joint_box_lambda_omega,1,1.30113523433,1,0.30113523433,0.197489404625,30,5000,0e8b179ea3d883730b25008ca1293c4c8f886aa8d5d299c03ab6ff05d0123ae6,11598,0.990392434389,0.034349748288,0.990392434389,0.034349748288,0,0,0,0,0,14.1500676784,0.623051539944,-13.6766832421,-1.26531944422,1.14800741414,0.0136922158243,-0.0206341635244,671.976282248,21.2449924061,0.0008,0.179074963576,0.0219970957793,3,881
star_real_x,0,shared,30,5000,1,e6232ff0,rct_aipw,fixed_lambda_0_omega_0,0,1.00244330816,1,0.00244330815778,0.245841840007,30,5000,0e8b179ea3d883730b25008ca1293c4c8f886aa8d5d299c03ab6ff05d0123ae6,11598,0,0,0,0,0,0,0,0,0,8.76696452558,0.0537255629075,-8.40283877385,0.0822767668546,-0.0554945133212,-0.00442520764804,-0.00434501424667,555.010024638,7.23049167779,0.0026,0.0350752573779,0.0351528414431,3,900
star_real_x,0,shared,30,5000,1,e6232ff0,haipw_only,restricted_omega_0,0,2.0463565484,1,1.0463565484,0.175190075089,30,5000,0e8b179ea3d883730b25008ca1293c4c8f886aa8d5d299c03ab6ff05d0123ae6,11598,0.923736891955,0,0.923736891955,0,0,0,0,0,0,8.76696452558,0.0537255629075,-8.40283877385,0.0822767668546,-0.0554945133212,-0.00442520764804,-0.00434501424667,555.010024638,7.23049167779,0.0026,0.0350752573779,0.0351528414431,3,900
star_real_x,0,shared,30,5000,1,e6232ff0,ppi_power_tuned_only,restricted_lambda_0,1,0.96901452091,1,-0.0309854790897,0.232947044239,30,5000,0e8b179ea3d883730b25008ca1293c4c8f886aa8d5d299c03ab6ff05d0123ae6,11598,0,1.50544382325,0,1.1208519037,0,0.2,0,0.2,0,8.76696452558,0.0537255629075,-8.40283877385,0.0822767668546,-0.0554945133212,-0.00442520764804,-0.00434501424667,555.010024638,7.23049167779,0.0026,0.0350752573779,0.0351528414431,3,900
star_real_x,0,shared,30,5000,1,e6232ff0,full_datafusionppi,joint_box_lambda_omega,1,2.00637049504,1,1.00637049504,0.17620695163,30,5000,0e8b179ea3d883730b25008ca1293c4c8f886aa8d5d299c03ab6ff05d0123ae6,11598,0.926906639858,0.832207124973,0.924752125928,0.694302294771,0.2,0.2,0,0.2,0,8.76696452558,0.0537255629075,-8.40283877385,0.0822767668546,-0.0554945133212,-0.00442520764804,-0.00434501424667,555.010024638,7.23049167779,0.0026,0.0350752573779,0.0351528414431,3,900
star_real_x,0,shared,30,5000,2,38a1d76e,rct_aipw,fixed_lambda_0_omega_0,0,1.37582667931,1,0.37582667931,0.213319462919,30,5000,0e8b179ea3d883730b25008ca1293c4c8f886aa8d5d299c03ab6ff05d0123ae6,11598,0,0,0,0,0,0,0,0,0,3.62948158626,0.0656670667431,-4.24299382636,0.0971183481995,-0.02640505903,-0.00127694738035,-0.00125162236734,740.634603411,3.17547003499,0.003,0.0804546803744,0.0804344311552,4,929
star_real_x,0,shared,30,5000,2,38a1d76e,haipw_only,restricted_omega_0,0,1.17097065579,1,0.170970655785,0.125219569327,30,5000,0e8b179ea3d883730b25008ca1293c4c8f886aa8d5d299c03ab6ff05d0123ae6,11598,1.1503195583,0,1.1503195583,0,0,0,0,0,0,3.62948158626,0.0656670667431,-4.24299382636,0.0971183481995,-0.02640505903,-0.00127694738035,-0.00125162236734,740.634603411,3.17547003499,0.003,0.0804546803744,0.0804344311552,4,929
star_real_x,0,shared,30,5000,2,38a1d76e,ppi_power_tuned_only,restricted_lambda_0,1,1.42443776656,1,0.424437766563,0.222541135959,30,5000,0e8b179ea3d883730b25008ca1293c4c8f886aa8d5d299c03ab6ff05d0123ae6,11598,0,1.2661134879,0,0.785528364386,0,0.2,0,0.2,0,3.62948158626,0.0656670667431,-4.24299382636,0.0971183481995,-0.02640505903,-0.00127694738035,-0.00125162236734,740.634603411,3.17547003499,0.003,0.0804546803744,0.0804344311552,4,929
star_real_x,0,shared,30,5000,2,38a1d76e,full_datafusionppi,joint_box_lambda_omega,1,1.21525191127,1,0.215251911269,0.129997182369,30,5000,0e8b179ea3d883730b25008ca1293c4c8f886aa8d5d299c03ab6ff05d0123ae6,11598,1.14327705461,0.940988901006,1.14327705461,0.940988901006,0,0,0,0,0,3.62948158626,0.0656670667431,-4.24299382636,0.0971183481995,-0.02640505903,-0.00127694738035,-0.00125162236734,740.634603411,3.17547003499,0.003,0.0804546803744,0.0804344311552,4,929
star_real_x,0,shared,30,5000,3,4a02f3a9,rct_aipw,fixed_lambda_0_omega_0,0,0.557430319015,1,-0.442569680985,0.488233112914,30,5000,0e8b179ea3d883730b25008ca1293c4c8f886aa8d5d299c03ab6ff05d0123ae6,11598,0,0,0,0,0,0,0,0,0,11.137786307,0.110949369942,-11.3075538747,-0.654826946061,0.446520194808,-0.0088024149501,-0.0113843400925,567.921450508,15.178015333,0.0046,-0.0525509444099,-0.0580274628278,4,890
star_real_x,0,shared,30,5000,3,4a02f3a9,haipw_only,restricted_omega_0,0,0.986339718265,1,-0.0136602817346,0.197036540824,30,5000,0e8b179ea3d883730b25008ca1293c4c8f886aa8d5d299c03ab6ff05d0123ae6,11598,1.00471438536,0,1.00471438536,0,0,0,0,0,0,11.137786307,0.110949369942,-11.3075538747,-0.654826946061,0.446520194808,-0.0088024149501,-0.0113843400925,567.921450508,15.178015333,0.0046,-0.0525509444099,-0.0580274628278,4,890
star_real_x,0,shared,30,5000,3,4a02f3a9,ppi_power_tuned_only,restricted_lambda_0,1,0.644899386289,1,-0.355100613711,0.494997120237,30,5000,0e8b179ea3d883730b25008ca1293c4c8f886aa8d5d299c03ab6ff05d0123ae6,11598,0,-4.9941372334,0,-1.61255120365,0,0.8,0,0.8,0,11.137786307,0.110949369942,-11.3075538747,-0.654826946061,0.446520194808,-0.0088024149501,-0.0113843400925,567.921450508,15.178015333,0.0046,-0.0525509444099,-0.0580274628278,4,890
star_real_x,0,shared,30,5000,3,4a02f3a9,full_datafusionppi,joint_box_lambda_omega,1,1.10476437562,1,0.104764375623,0.203094691977,30,5000,0e8b179ea3d883730b25008ca1293c4c8f886aa8d5d299c03ab6ff05d0123ae6,11598,0.890713007594,-2.4425870007,0.927768935765,-1.70871278826,0.8,0.8,0,0.8,0,11.137786307,0.110949369942,-11.3075538747,-0.654826946061,0.446520194808,-0.0088024149501,-0.0113843400925,567.921450508,15.178015333,0.0046,-0.0525509444099,-0.0580274628278,4,890
star_real_x,0,shared,30,5000,4,3ac738b3,rct_aipw,fixed_lambda_0_omega_0,0,0.93233774277,1,-0.0676622572296,0.573498504519,30,5000,0e8b179ea3d883730b25008ca1293c4c8f886aa8d5d299c03ab6ff05d0123ae6,11598,0,0,0,0,0,0,0,0,0,12.2498275636,0.0653079625978,-12.6040135737,-0.101183767352,0.0427144929282,0.00444102828335,0.00444652245976,882.249537099,2.67831699511,0.0004,0.0341965561112,0.0341440636824,3,882
star_real_x,0,shared,30,5000,4,3ac738b3,haipw_only,restricted_omega_0,0,0.778358318175,1,-0.221641681825,0.328970961772,30,5000,0e8b179ea3d883730b25008ca1293c4c8f886aa8d5d299c03ab6ff05d0123ae6,11598,1.00010889495,0,1.00010889495,0,0,0,0,0,0,12.2498275636,0.0653079625978,-12.6040135737,-0.101183767352,0.0427144929282,0.00444102828335,0.00444652245976,882.249537099,2.67831699511,0.0004,0.0341965561112,0.0341440636824,3,882
star_real_x,0,shared,30,5000,4,3ac738b3,ppi_power_tuned_only,restricted_lambda_0,1,0.867069336198,1,-0.132930663802,0.602198227367,30,5000,0e8b179ea3d883730b25008ca1293c4c8f886aa8d5d299c03ab6ff05d0123ae6,11598,0,-0.979089163585,0,-0.587984457461,0,0.6,0,0.6,0,12.2498275636,0.0653079625978,-12.6040135737,-0.101183767352,0.0427144929282,0.00444102828335,0.00444652245976,882.249537099,2.67831699511,0.0004,0.0341965561112,0.0341440636824,3,882
star_real_x,0,shared,30,5000,4,3ac738b3,full_datafusionppi,joint_box_lambda_omega,1,0.748391897858,1,-0.251608102142,0.337848168095,30,5000,0e8b179ea3d883730b25008ca1293c4c8f886aa8d5d299c03ab6ff05d0123ae6,11598,0.998864348043,-1.5761388272,0.995477309065,-1.20360144497,0.2,0.2,0,0.2,0,12.2498275636,0.0653079625978,-12.6040135737,-0.101183767352,0.0427144929282,0.00444102828335,0.00444652245976,882.249537099,2.67831699511,0.0004,0.0341965561112,0.0341440636824,3,882
star_real_x,0,shared,30,5000,5,9b31bd73,rct_aipw,fixed_lambda_0_omega_0,0,1.80239193295,1,0.802391932946,0.906791850066,30,5000,0e8b179ea3d883730b25008ca1293c4c8f886aa8d5d299c03ab6ff05d0123ae6,11598,0,0,0,0,0,0,0,0,0,7.18175508801,0.0560957249623,-8.14188502153,0.112659957415,0.0294312410091,-0.0087791234623,-0.00877485231917,851.048530847,2.29169589447,0.0006,0.0107406502072,0.0107516728183,2,889
star_real_x,0,shared,30,5000,5,9b31bd73,haipw_only,restricted_omega_0,0,1.98712899627,1,0.987128996273,0.241129247151,30,5000,0e8b179ea3d883730b25008ca1293c4c8f886aa8d5d299c03ab6ff05d0123ae6,11598,1.11928738202,0,1.11928738202,0,0,0,0,0,0,7.18175508801,0.0560957249623,-8.14188502153,0.112659957415,0.0294312410091,-0.0087791234623,-0.00877485231917,851.048530847,2.29169589447,0.0006,0.0107406502072,0.0107516728183,2,889
star_real_x,0,shared,30,5000,5,9b31bd73,ppi_power_tuned_only,restricted_lambda_0,1,1.86662773779,1,0.866627737785,0.913242645059,30,5000,0e8b179ea3d883730b25008ca1293c4c8f886aa8d5d299c03ab6ff05d0123ae6,11598,0,2.14872147273,0,1.2,0,1,0,1,0,7.18175508801,0.0560957249623,-8.14188502153,0.112659957415,0.0294312410091,-0.0087791234623,-0.00877485231917,851.048530847,2.29169589447,0.0006,0.0107406502072,0.0107516728183,2,889
star_real_x,0,shared,30,5000,5,9b31bd73,full_datafusionppi,joint_box_lambda_omega,1,1.96098492975,1,0.960984929754,0.252011096579,30,5000,0e8b179ea3d883730b25008ca1293c4c8f886aa8d5d299c03ab6ff05d0123ae6,11598,1.18168821746,2.85588901763,1.14293551717,1.36722248612,0.8,0.8,0,0.8,0,7.18175508801,0.0560957249623,-8.14188502153,0.112659957415,0.0294312410091,-0.0087791234623,-0.00877485231917,851.048530847,2.29169589447,0.0006,0.0107406502072,0.0107516728183,2,889
star_real_x,0,shared,30,5000,6,e38b23e2,rct_aipw,fixed_lambda_0_omega_0,0,0.750487899151,1,-0.249512100849,0.261047021838,30,5000,0e8b179ea3d883730b25008ca1293c4c8f886aa8d5d299c03ab6ff05d0123ae6,11598,0,0,0,0,0,0,0,0,0,4.72921211008,0.0936699758517,-3.66799772669,-0.067766862762,0.0841299377157,-0.00522386569865,-0.0052162846662,781.44458867,3.80683226676,0.001,0.00361776800239,0.00362684134988,3,900
star_real_x,0,shared,30,5000,6,e38b23e2,haipw_only,restricted_omega_0,0,0.539909755686,1,-0.460090244314,0.174408628498,30,5000,0e8b179ea3d883730b25008ca1293c4c8f886aa8d5d299c03ab6ff05d0123ae6,11598,0.748883865247,0,0.748883865247,0,0,0,0,0,0,4.72921211008,0.0936699758517,-3.66799772669,-0.067766862762,0.0841299377157,-0.00522386569865,-0.0052162846662,781.44458867,3.80683226676,0.001,0.00361776800239,0.00362684134988,3,900
star_real_x,0,shared,30,5000,6,e38b23e2,ppi_power_tuned_only,restricted_lambda_0,1,0.710898469116,1,-0.289101530884,0.268830078319,30,5000,0e8b179ea3d883730b25008ca1293c4c8f886aa8d5d299c03ab6ff05d0123ae6,11598,0,-0.849785314824,0,-0.806687683183,0,0.2,0,0.2,0,4.72921211008,0.0936699758517,-3.66799772669,-0.067766862762,0.0841299377157,-0.00522386569865,-0.0052162846662,781.44458867,3.80683226676,0.001,0.00361776800239,0.00362684134988,3,900
star_real_x,0,shared,30,5000,6,e38b23e2,full_datafusionppi,joint_box_lambda_omega,1,0.52032080377,1,-0.47967919623,0.178483084365,30,5000,0e8b179ea3d883730b25008ca1293c4c8f886aa8d5d299c03ab6ff05d0123ae6,11598,0.748504538269,-0.120057473153,0.748504538269,-0.120057473153,0,0,0,0,0,4.72921211008,0.0936699758517,-3.66799772669,-0.067766862762,0.0841299377157,-0.00522386569865,-0.0052162846662,781.44458867,3.80683226676,0.001,0.00361776800239,0.00362684134988,3,900
star_real_x,0,shared,30,5000,7,0e032319,rct_aipw,fixed_lambda_0_omega_0,0,0.349086702236,1,-0.650913297764,0.218660833403,30,5000,0e8b179ea3d883730b25008ca1293c4c8f886aa8d5d299c03ab6ff05d0123ae6,11598,0,0,0,0,0,0,0,0,0,3.86229501204,0.0326143490258,-3.22553652661,0.0406701852179,-0.0354055954491,-0.00681903276479,-0.00679950106393,705.709347909,2.34686249496,0.0014,0.00943694360087,0.00939009926462,2,890
star_real_x,0,shared,30,5000,7,0e032319,haipw_only,restricted_omega_0,0,0.564956718443,1,-0.435043281557,0.180944664564,30,5000,0e8b179ea3d883730b25008ca1293c4c8f886aa8d5d299c03ab6ff05d0123ae6,11598,0.897527124093,0,0.897527124093,0,0,0,0,0,0,3.86229501204,0.0326143490258,-3.22553652661,0.0406701852179,-0.0354055954491,-0.00681903276479,-0.00679950106393,705.709347909,2.34686249496,0.0014,0.00943694360087,0.00939009926462,2,890
star_real_x,0,shared,30,5000,7,0e032319,ppi_power_tuned_only,restricted_lambda_0,1,0.330299176421,1,-0.669700823579,0.216139720522,30,5000,0e8b179ea3d883730b25008ca1293c4c8f886aa8d5d299c03ab6ff05d0123ae6,11598,0,1.22731288975,0,0.849409643595,0,0.6,0,0.6,0,3.86229501204,0.0326143490258,-3.22553652661,0.0406701852179,-0.0354055954491,-0.00681903276479,-0.00679950106393,705.709347909,2.34686249496,0.0014,0.00943694360087,0.00939009926462,2,890
star_real_x,0,shared,30,5000,7,0e032319,full_datafusionppi,joint_box_lambda_omega,1,0.580486822656,1,-0.419513177344,0.181831689524,30,5000,0e8b179ea3d883730b25008ca1293c4c8f886aa8d5d299c03ab6ff05d0123ae6,11598,0.903410199704,0.131840548765,0.903535236441,-0.0115671299675,0.2,0.2,0,0.2,0,3.86229501204,0.0326143490258,-3.22553652661,0.0406701852179,-0.0354055954491,-0.00681903276479,-0.00679950106393,705.709347909,2.34686249496,0.0014,0.00943694360087,0.00939009926462,2,890
star_real_x,0,shared,30,5000,8,8a632c68,rct_aipw,fixed_lambda_0_omega_0,0,1.49958336666,1,0.499583366662,0.282841898685,30,5000,0e8b179ea3d883730b25008ca1293c4c8f886aa8d5d299c03ab6ff05d0123ae6,11598,0,0,0,0,0,0,0,0,0,4.65823081265,0.0462277014209,-5.40344173755,0.0846259061878,-0.00783026823286,0.0022017259731,0.00221820057871,653.595898706,4.34469661846,0.0012,0.0213451962446,0.0213754958098,3,876
star_real_x,0,shared,30,5000,8,8a632c68,haipw_only,restricted_omega_0,0,1.13528537436,1,0.135285374358,0.201495985893,30,5000,0e8b179ea3d883730b25008ca1293c4c8f886aa8d5d299c03ab6ff05d0123ae6,11598,1.17902196354,0,1.17902196354,0,0,0,0,0,0,4.65823081265,0.0462277014209,-5.40344173755,0.0846259061878,-0.00783026823286,0.0022017259731,0.00221820057871,653.595898706,4.34469661846,0.0012,0.0213451962446,0.0213754958098,3,876
star_real_x,0,shared,30,5000,8,8a632c68,ppi_power_tuned_only,restricted_lambda_0,1,1.52167378377,1,0.521673783766,0.292740718881,30,5000,0e8b179ea3d883730b25008ca1293c4c8f886aa8d5d299c03ab6ff05d0123ae6,11598,0,1.50493665711,0,1.00536609716,0,0.4,0,0.4,0,4.65823081265,0.0462277014209,-5.40344173755,0.0846259061878,-0.00783026823286,0.0022017259731,0.00221820057871,653.595898706,4.34469661846,0.0012,0.0213451962446,0.0213754958098,3,876
star_real_x,0,shared,30,5000,8,8a632c68,full_datafusionppi,joint_box_lambda_omega,1,1.15351556269,1,0.153515562685,0.205314185777,30,5000,0e8b179ea3d883730b25008ca1293c4c8f886aa8d5d299c03ab6ff05d0123ae6,11598,1.18628738395,1.36525197362,1.18414383277,0.986306669802,0.2,0.2,0,0.2,0,4.65823081265,0.0462277014209,-5.40344173755,0.0846259061878,-0.00783026823286,0.0022017259731,0.00221820057871,653.595898706,4.34469661846,0.0012,0.0213451962446,0.0213754958098,3,876
star_real_x,0,shared,30,5000,9,934bc2e1,rct_aipw,fixed_lambda_0_omega_0,0,0.447598020138,1,-0.552401979862,0.350020297325,30,5000,0e8b179ea3d883730b25008ca1293c4c8f886aa8d5d299c03ab6ff05d0123ae6,11598,0,0,0,0,0,0,0,0,0,4.2181368494,0.0609632112529,-4.66201493903,-0.014881099368,-0.00732004448906,0.00302343924499,0.00303740259892,727.65425741,3.14538534268,0.0018,0.0966856960433,0.0967035934612,3,886
star_real_x,0,shared,30,5000,9,934bc2e1,haipw_only,restricted_omega_0,0,0.0989257578551,1,-0.901074242145,0.19730347366,30,5000,0e8b179ea3d883730b25008ca1293c4c8f886aa8d5d299c03ab6ff05d0123ae6,11598,1.07211633848,0,1.07211633848,0,0,0,0,0,0,4.2181368494,0.0609632112529,-4.66201493903,-0.014881099368,-0.00732004448906,0.00302343924499,0.00303740259892,727.65425741,3.14538534268,0.0018,0.0966856960433,0.0967035934612,3,886
star_real_x,0,shared,30,5000,9,934bc2e1,ppi_power_tuned_only,restricted_lambda_0,1,0.394949545545,1,-0.605050454455,0.353506525071,30,5000,0e8b179ea3d883730b25008ca1293c4c8f886aa8d5d299c03ab6ff05d0123ae6,11598,0,-0.191070854299,0,-0.136855894265,0,0.6,0,0.6,0,4.2181368494,0.0609632112529,-4.66201493903,-0.014881099368,-0.00732004448906,0.00302343924499,0.00303740259892,727.65425741,3.14538534268,0.0018,0.0966856960433,0.0967035934612,3,886
star_real_x,0,shared,30,5000,9,934bc2e1,full_datafusionppi,joint_box_lambda_omega,1,0.0524457317812,1,-0.947554268219,0.208891762996,30,5000,0e8b179ea3d883730b25008ca1293c4c8f886aa8d5d299c03ab6ff05d0123ae6,11598,1.06245069791,-0.892923627528,1.06537809369,-0.810023769062,0.2,0.2,0,0.2,0,4.2181368494,0.0609632112529,-4.66201493903,-0.014881099368,-0.00732004448906,0.00302343924499,0.00303740259892,727.65425741,3.14538534268,0.0018,0.0966856960433,0.0967035934612,3,886
star_real_x,0,shared,30,5000,10,f87f80f7,rct_aipw,fixed_lambda_0_omega_0,0,12.5779514143,1,11.5779514143,133.637249102,30,5000,0e8b179ea3d883730b25008ca1293c4c8f886aa8d5d299c03ab6ff05d0123ae6,11598,0,0,0,0,0,0,0,0,0,4781.48521129,4.14441697733,-4739.43800761,-111.108190193,112.259093554,0.00357006930813,-0.0142218712464,572.937585794,16.879263301,0.0164,-0.347588843635,-0.198308203632,3,901
star_real_x,0,shared,30,5000,10,f87f80f7,haipw_only,restricted_omega_0,0,1.98754981892,1,0.987549818917,0.913932980876,30,5000,0e8b179ea3d883730b25008ca1293c4c8f886aa8d5d299c03ab6ff05d0123ae6,11598,0.972009370918,0,0.972009370918,0,0,0,0,0,0,4781.48521129,4.14441697733,-4739.43800761,-111.108190193,112.259093554,0.00357006930813,-0.0142218712464,572.937585794,16.879263301,0.0164,-0.347588843635,-0.198308203632,3,901
star_real_x,0,shared,30,5000,10,f87f80f7,ppi_power_tuned_only,restricted_lambda_0,1,13.6755062079,1,12.6755062079,149.996294005,30,5000,0e8b179ea3d883730b25008ca1293c4c8f886aa8d5d299c03ab6ff05d0123ae6,11598,0,-19.4914129296,0,-1.2,0,1,0,1,0,4781.48521129,4.14441697733,-4739.43800761,-111.108190193,112.259093554,0.00357006930813,-0.0142218712464,572.937585794,16.879263301,0.0164,-0.347588843635,-0.198308203632,3,901
star_real_x,0,shared,30,5000,10,f87f80f7,full_datafusionppi,joint_box_lambda_omega,1,1.86495234801,1,0.86495234801,0.666327732099,30,5000,0e8b179ea3d883730b25008ca1293c4c8f886aa8d5d299c03ab6ff05d0123ae6,11598,0.98934683085,-0.0629974031465,0.98934683085,-0.0629974031465,0,0,0,0,0,4781.48521129,4.14441697733,-4739.43800761,-111.108190193,112.259093554,0.00357006930813,-0.0142218712464,572.937585794,16.879263301,0.0164,-0.347588843635,-0.198308203632,3,901
star_real_x,0,shared,30,5000,11,9019f6a1,rct_aipw,fixed_lambda_0_omega_0,0,1.14746134922,1,0.147461349224,0.276301220137,30,5000,0e8b179ea3d883730b25008ca1293c4c8f886aa8d5d299c03ab6ff05d0123ae6,11598,0,0,0,0,0,0,0,0,0,8.9375669705,0.0515531262571,-8.23219356661,0.19570711994,-0.0827923738125,0.00198515760667,0.00198515760667,662.877164027,4.59500426324,0,0.0288147163624,0.0288147163624,2,873
star_real_x,0,shared,30,5000,11,9019f6a1,haipw_only,restricted_omega_0,0,1.19241730067,1,0.192417300667,0.207227038472,30,5000,0e8b179ea3d883730b25008ca1293c4c8f886aa8d5d299c03ab6ff05d0123ae6,11598,0.912889063041,0,0.912889063041,0,0,0,0,0,0,8.9375669705,0.0515531262571,-8.23219356661,0.19570711994,-0.0827923738125,0.00198515760667,0.00198515760667,662.877164027,4.59500426324,0,0.0288147163624,0.0288147163624,2,873
star_real_x,0,shared,30,5000,11,9019f6a1,ppi_power_tuned_only,restricted_lambda_0,1,1.15913083662,1,0.159130836621,0.287034761114,30,5000,0e8b179ea3d883730b25008ca1293c4c8f886aa8d5d299c03ab6ff05d0123ae6,11598,0,3.05969571263,0,1.0401645879,0,0.8,0,0.8,0,8.9375669705,0.0515531262571,-8.23219356661,0.19570711994,-0.0827923738125,0.00198515760667,0.00198515760667,662.877164027,4.59500426324,0,0.0288147163624,0.0288147163624,2,873
star_real_x,0,shared,30,5000,11,9019f6a1,full_datafusionppi,joint_box_lambda_omega,1,1.18233741607,1,0.182337416073,0.198721672107,30,5000,0e8b179ea3d883730b25008ca1293c4c8f886aa8d5d299c03ab6ff05d0123ae6,11598,0.908788621612,2.41125675284,0.907075638121,1.36279982394,0.4,0.4,0,0.4,0,8.9375669705,0.0515531262571,-8.23219356661,0.19570711994,-0.0827923738125,0.00198515760667,0.00198515760667,662.877164027,4.59500426324,0,0.0288147163624,0.0288147163624,2,873
star_real_x,0,shared,30,5000,12,5318db85,rct_aipw,fixed_lambda_0_omega_0,0,1.02777361611,1,0.0277736161095,0.525313570336,30,5000,0e8b179ea3d883730b25008ca1293c4c8f886aa8d5d299c03ab6ff05d0123ae6,11598,0,0,0,0,0,0,0,0,0,8.07819703561,0.0623160555053,-9.04886241173,0.0310654811798,0.0319422537239,0.00282631798082,0.00282863436128,839.862383952,4.05057410252,0.0002,0.0481902591028,0.0481710815185,2,878
star_real_x,0,shared,30,5000,12,5318db85,haipw_only,restricted_omega_0,0,2.24448800111,1,1.24448800111,0.256243664023,30,5000,0e8b179ea3d883730b25008ca1293c4c8f886aa8d5d299c03ab6ff05d0123ae6,11598,1.09116856814,0,1.09116856814,0,0,0,0,0,0,8.07819703561,0.0623160555053,-9.04886241173,0.0310654811798,0.0319422537239,0.00282631798082,0.00282863436128,839.862383952,4.05057410252,0.0002,0.0481902591028,0.0481710815185,2,878
star_real_x,0,shared,30,5000,12,5318db85,ppi_power_tuned_only,restricted_lambda_0,1,1.15763581875,1,0.15763581875,0.555686897681,30,5000,0e8b179ea3d883730b25008ca1293c4c8f886aa8d5d299c03ab6ff05d0123ae6,11598,0,1.17613363104,0,0.335451513366,0,0.8,0,0.8,0,8.07819703561,0.0623160555053,-9.04886241173,0.0310654811798,0.0319422537239,0.00282631798082,0.00282863436128,839.862383952,4.05057410252,0.0002,0.0481902591028,0.0481710815185,2,878
star_real_x,0,shared,30,5000,12,5318db85,full_datafusionppi,joint_box_lambda_omega,1,2.33013907225,1,1.33013907225,0.270599205131,30,5000,0e8b179ea3d883730b25008ca1293c4c8f886aa8d5d299c03ab6ff05d0123ae6,11598,1.08111930797,1.19269254525,1.08321617628,0.775643539078,0.4,0.4,0,0.4,0,8.07819703561,0.0623160555053,-9.04886241173,0.0310654811798,0.0319422537239,0.00282631798082,0.00282863436128,839.862383952,4.05057410252,0.0002,0.0481902591028,0.0481710815185,2,878
star_real_x,0,shared,30,5000,13,d8162cb6,rct_aipw,fixed_lambda_0_omega_0,0,0.392715270566,1,-0.607284729434,0.31378825636,30,5000,0e8b179ea3d883730b25008ca1293c4c8f886aa8d5d299c03ab6ff05d0123ae6,11598,0,0,0,0,0,0,0,0,0,3.49586398094,0.0436943101138,-4.53925305656,0.131619780547,0.0106834274449,-0.00297105123514,-0.00296385122771,851.736024184,2.06854167047,0.0004,0.00476388331394,0.00470400148821,3,889
star_real_x,0,shared,30,5000,13,d8162cb6,haipw_only,restricted_omega_0,0,0.736337379,1,-0.263662621,0.244200007406,30,5000,0e8b179ea3d883730b25008ca1293c4c8f886aa8d5d299c03ab6ff05d0123ae6,11598,1.2562134641,0,1.2562134641,0,0,0,0,0,0,3.49586398094,0.0436943101138,-4.53925305656,0.131619780547,0.0106834274449,-0.00297105123514,-0.00296385122771,851.736024184,2.06854167047,0.0004,0.00476388331394,0.00470400148821,3,889
star_real_x,0,shared,30,5000,13,d8162cb6,ppi_power_tuned_only,restricted_lambda_0,1,0.338620611463,1,-0.661379388537,0.301677889586,30,5000,0e8b179ea3d883730b25008ca1293c4c8f886aa8d5d299c03ab6ff05d0123ae6,11598,0,2.63425252981,0,1.42382595517,0,0.6,0,0.6,0,3.49586398094,0.0436943101138,-4.53925305656,0.131619780547,0.0106834274449,-0.00297105123514,-0.00296385122771,851.736024184,2.06854167047,0.0004,0.00476388331394,0.00470400148821,3,889
star_real_x,0,shared,30,5000,13,d8162cb6,full_datafusionppi,joint_box_lambda_omega,1,0.77541425108,1,-0.22458574892,0.226108059849,30,5000,0e8b179ea3d883730b25008ca1293c4c8f886aa8d5d299c03ab6ff05d0123ae6,11598,1.30229781025,3.48837500253,1.27015399543,1.86238633712,0.8,0.8,0,0.8,0,3.49586398094,0.0436943101138,-4.53925305656,0.131619780547,0.0106834274449,-0.00297105123514,-0.00296385122771,851.736024184,2.06854167047,0.0004,0.00476388331394,0.00470400148821,3,889
star_real_x,0,shared,30,5000,14,e4d4e551,rct_aipw,fixed_lambda_0_omega_0,0,2.14926037785,1,1.14926037785,0.267475989199,30,5000,0e8b179ea3d883730b25008ca1293c4c8f886aa8d5d299c03ab6ff05d0123ae6,11598,0,0,0,0,0,0,0,0,0,7.01267669494,0.0510664279622,-7.15819426817,0.124111730215,-0.0178855626063,0.000540498074979,0.000540498074979,817.61937293,3.55264930628,0,0.00434032622802,0.00434032622802,3,889
star_real_x,0,shared,30,5000,14,e4d4e551,haipw_only,restricted_omega_0,0,1.37901952488,1,0.379019524879,0.189614986609,30,5000,0e8b179ea3d883730b25008ca1293c4c8f886aa8d5d299c03ab6ff05d0123ae6,11598,1.01832890408,0,1.01832890408,0,0,0,0,0,0,7.01267669494,0.0510664279622,-7.15819426817,0.124111730215,-0.0178855626063,0.000540498074979,0.000540498074979,817.61937293,3.55264930628,0,0.00434032622802,0.00434032622802,3,889
star_real_x,0,shared,30,5000,14,e4d4e551,ppi_power_tuned_only,restricted_lambda_0,1,2.12385420873,1,1.12385420873,0.28250516591,30,5000,0e8b179ea3d883730b25008ca1293c4c8f886aa8d5d299c03ab6ff05d0123ae6,11598,0,2.42591776196,0,1.73580267537,0,0.6,0,0.6,0,7.01267669494,0.0510664279622,-7.15819426817,0.124111730215,-0.0178855626063,0.000540498074979,0.000540498074979,817.61937293,3.55264930628,0,0.00434032622802,0.00434032622802,3,889
star_real_x,0,shared,30,5000,14,e4d4e551,full_datafusionppi,joint_box_lambda_omega,1,1.34660928914,1,0.346609289139,0.181914810944,30,5000,0e8b179ea3d883730b25008ca1293c4c8f886aa8d5d299c03ab6ff05d0123ae6,11598,1.01249699325,2.04460937359,1.01303984243,1.78619088158,0.4,0.4,0,0.4,0,7.01267669494,0.0510664279622,-7.15819426817,0.124111730215,-0.0178855626063,0.000540498074979,0.000540498074979,817.61937293,3.55264930628,0,0.00434032622802,0.00434032622802,3,889
star_real_x,0,shared,30,5000,15,01aec306,rct_aipw,fixed_lambda_0_omega_0,0,1.46095343608,1,0.460953436075,0.406136879014,30,5000,0e8b179ea3d883730b25008ca1293c4c8f886aa8d5d299c03ab6ff05d0123ae6,11598,0,0,0,0,0,0,0,0,0,11.2964810222,0.234496494067,-11.9445479011,0.291447745242,-0.189428026227,0.0102446774553,6.99860006394e-05,581.98649525,20.7170807157,0.012,0.0482228313763,0.0278709222267,2,893
star_real_x,0,shared,30,5000,15,01aec306,haipw_only,restricted_omega_0,0,1.42362575498,1,0.42362575498,0.285222325137,30,5000,0e8b179ea3d883730b25008ca1293c4c8f886aa8d5d299c03ab6ff05d0123ae6,11598,1.13996127529,0,1.13996127529,0,0,0,0,0,0,11.2964810222,0.234496494067,-11.9445479011,0.291447745242,-0.189428026227,0.0102446774553,6.99860006394e-05,581.98649525,20.7170807157,0.012,0.0482228313763,0.0278709222267,2,893
star_real_x,0,shared,30,5000,15,01aec306,ppi_power_tuned_only,restricted_lambda_0,1,1.56090916634,1,0.560909166341,0.40452769767,30,5000,0e8b179ea3d883730b25008ca1293c4c8f886aa8d5d299c03ab6ff05d0123ae6,11598,0,-1.27364423839,0,-0.4,0,1,0,1,0,11.2964810222,0.234496494067,-11.9445479011,0.291447745242,-0.189428026227,0.0102446774553,6.99860006394e-05,581.98649525,20.7170807157,0.012,0.0482228313763,0.0278709222267,2,893
star_real_x,0,shared,30,5000,15,01aec306,full_datafusionppi,joint_box_lambda_omega,1,1.43802106047,1,0.438021060471,0.290075098342,30,5000,0e8b179ea3d883730b25008ca1293c4c8f886aa8d5d299c03ab6ff05d0123ae6,11598,1.13262594782,-0.184920147403,1.13262594782,-0.184920147403,0,0,0,0,0,11.2964810222,0.234496494067,-11.9445479011,0.291447745242,-0.189428026227,0.0102446774553,6.99860006394e-05,581.98649525,20.7170807157,0.012,0.0482228313763,0.0278709222267,2,893
star_real_x,0,shared,30,5000,16,e33e3b6f,rct_aipw,fixed_lambda_0_omega_0,0,0.316066875231,1,-0.683933124769,0.281847497757,30,5000,0e8b179ea3d883730b25008ca1293c4c8f886aa8d5d299c03ab6ff05d0123ae6,11598,0,0,0,0,0,0,0,0,0,9.40677605834,1.25787809298,-6.31369352188,-0.803313740887,0.670340750998,0.0197795133258,-0.0361782408766,613.226659305,63.4876963116,0.0094,-0.259951784823,-0.0911989041751,3,871
star_real_x,0,shared,30,5000,16,e33e3b6f,haipw_only,restricted_omega_0,0,0.627394948999,1,-0.372605051001,0.179995271718,30,5000,0e8b179ea3d883730b25008ca1293c4c8f886aa8d5d299c03ab6ff05d0123ae6,11598,0.789260895035,0,0.789260895035,0,0,0,0,0,0,9.40677605834,1.25787809298,-6.31369352188,-0.803313740887,0.670340750998,0.0197795133258,-0.0361782408766,613.226659305,63.4876963116,0.0094,-0.259951784823,-0.0911989041751,3,871
star_real_x,0,shared,30,5000,16,e33e3b6f,ppi_power_tuned_only,restricted_lambda_0,1,0.620339972363,1,-0.379660027637,0.469237900991,30,5000,0e8b179ea3d883730b25008ca1293c4c8f886aa8d5d299c03ab6ff05d0123ae6,11598,0,-0.0778483471096,0,-0.0778483471096,0,0,0,0,0,9.40677605834,1.25787809298,-6.31369352188,-0.803313740887,0.670340750998,0.0197795133258,-0.0361782408766,613.226659305,63.4876963116,0.0094,-0.259951784823,-0.0911989041751,3,871
star_real_x,0,shared,30,5000,16,e33e3b6f,full_datafusionppi,joint_box_lambda_omega,1,0.632252983185,1,-0.367747016815,0.17323954621,30,5000,0e8b179ea3d883730b25008ca1293c4c8f886aa8d5d299c03ab6ff05d0123ae6,11598,0.763495751112,-0.230411516648,0.763495751112,-0.230411516648,0,0,0,0,0,9.40677605834,1.25787809298,-6.31369352188,-0.803313740887,0.670340750998,0.0197795133258,-0.0361782408766,613.226659305,63.4876963116,0.0094,-0.259951784823,-0.0911989041751,3,871
star_real_x,0,shared,30,5000,17,d54d4163,rct_aipw,fixed_lambda_0_omega_0,0,0.874951009162,1,-0.125048990838,0.251373717287,30,5000,0e8b179ea3d883730b25008ca1293c4c8f886aa8d5d299c03ab6ff05d0123ae6,11598,0,0,0,0,0,0,0,0,0,9.18120587839,2.39199005502,-5.66327731726,0.218926683022,-0.962783288069,-0.00131539480333,-0.000507449497446,591.302748316,14.0157592578,0.0778,-0.0128193958017,-0.0113573869411,4,900
star_real_x,0,shared,30,5000,17,d54d4163,haipw_only,restricted_omega_0,0,1.38683404506,1,0.386834045059,0.183823100902,30,5000,0e8b179ea3d883730b25008ca1293c4c8f886aa8d5d299c03ab6ff05d0123ae6,11598,0.608655888965,0,0.608655888965,0,0,0,0,0,0,9.18120587839,2.39199005502,-5.66327731726,0.218926683022,-0.962783288069,-0.00131539480333,-0.000507449497446,591.302748316,14.0157592578,0.0778,-0.0128193958017,-0.0113573869411,4,900
star_real_x,0,shared,30,5000,17,d54d4163,ppi_power_tuned_only,restricted_lambda_0,1,0.867237926946,1,-0.132762073054,0.247247487558,30,5000,0e8b179ea3d883730b25008ca1293c4c8f886aa8d5d299c03ab6ff05d0123ae6,11598,0,0.022108492392,0,0.022108492392,0,0,0,0,0,9.18120587839,2.39199005502,-5.66327731726,0.218926683022,-0.962783288069,-0.00131539480333,-0.000507449497446,591.302748316,14.0157592578,0.0778,-0.0128193958017,-0.0113573869411,4,900
star_real_x,0,shared,30,5000,17,d54d4163,full_datafusionppi,joint_box_lambda_omega,1,1.32056715223,1,0.320567152232,0.185904442245,30,5000,0e8b179ea3d883730b25008ca1293c4c8f886aa8d5d299c03ab6ff05d0123ae6,11598,0.629804436201,0.254832226994,0.629804436201,0.254832226994,0,0,0,0,0,9.18120587839,2.39199005502,-5.66327731726,0.218926683022,-0.962783288069,-0.00131539480333,-0.000507449497446,591.302748316,14.0157592578,0.0778,-0.0128193958017,-0.0113573869411,4,900
star_real_x,0,shared,30,5000,18,f4170179,rct_aipw,fixed_lambda_0_omega_0,0,0.515768269497,1,-0.484231730503,0.274863010872,30,5000,0e8b179ea3d883730b25008ca1293c4c8f886aa8d5d299c03ab6ff05d0123ae6,11598,0,0,0,0,0,0,0,0,0,4.66616232147,0.0763605232012,-5.51112523903,0.0375694483638,-0.0557030845307,0.0125424922692,-0.0253440545581,699.088262386,50.5920130719,0.002,0.0455387217069,-0.0106565514908,4,903
star_real_x,0,shared,30,5000,18,f4170179,haipw_only,restricted_omega_0,0,1.44196653707,1,0.44196653707,0.148707125928,30,5000,0e8b179ea3d883730b25008ca1293c4c8f886aa8d5d299c03ab6ff05d0123ae6,11598,1.16162941351,0,1.16162941351,0,0,0,0,0,0,4.66616232147,0.0763605232012,-5.51112523903,0.0375694483638,-0.0557030845307,0.0125424922692,-0.0253440545581,699.088262386,50.5920130719,0.002,0.0455387217069,-0.0106565514908,4,903
star_real_x,0,shared,30,5000,18,f4170179,ppi_power_tuned_only,restricted_lambda_0,1,0.4455189599,1,-0.5544810401,0.294986384946,30,5000,0e8b179ea3d883730b25008ca1293c4c8f886aa8d5d299c03ab6ff05d0123ae6,11598,0,0.43873886849,0,0.248522276483,0,0.2,0,0.2,0,4.66616232147,0.0763605232012,-5.51112523903,0.0375694483638,-0.0557030845307,0.0125424922692,-0.0253440545581,699.088262386,50.5920130719,0.002,0.0455387217069,-0.0106565514908,4,903
star_real_x,0,shared,30,5000,18,f4170179,full_datafusionppi,joint_box_lambda_omega,1,1.45147070185,1,0.451470701853,0.15723982378,30,5000,0e8b179ea3d883730b25008ca1293c4c8f886aa8d5d299c03ab6ff05d0123ae6,11598,1.17902711234,-0.358120939317,1.17377241252,-0.194673160164,0.2,0.2,0,0.2,0,4.66616232147,0.0763605232012,-5.51112523903,0.0375694483638,-0.0557030845307,0.0125424922692,-0.0253440545581,699.088262386,50.5920130719,0.002,0.0455387217069,-0.0106565514908,4,903
star_real_x,0,shared,30,5000,19,29da63c1,rct_aipw,fixed_lambda_0_omega_0,0,0.745217614168,1,-0.254782385831,0.699940561244,30,5000,0e8b179ea3d883730b25008ca1293c4c8f886aa8d5d299c03ab6ff05d0123ae6,11598,0,0,0,0,0,0,0,0,0,13.5438744798,1.13040594913,-14.2905293446,-0.359868149693,0.834389209807,0.00842690448196,0.00576962322793,615.098549475,15.6245998783,0.0008,0.0152535026805,0.00956391669384,3,891
star_real_x,0,shared,30,5000,19,29da63c1,haipw_only,restricted_omega_0,0,-0.469883780954,1,-1.46988378095,1.13954497452,30,5000,0e8b179ea3d883730b25008ca1293c4c8f886aa8d5d299c03ab6ff05d0123ae6,11598,1.16122838623,0,1.16122838623,0,0,0,0,0,0,13.5438744798,1.13040594913,-14.2905293446,-0.359868149693,0.834389209807,0.00842690448196,0.00576962322793,615.098549475,15.6245998783,0.0008,0.0152535026805,0.00956391669384,3,891
star_real_x,0,shared,30,5000,19,29da63c1,ppi_power_tuned_only,restricted_lambda_0,1,0.612690031794,1,-0.387309968206,0.5664851809,30,5000,0e8b179ea3d883730b25008ca1293c4c8f886aa8d5d299c03ab6ff05d0123ae6,11598,0,1.19687864039,0,0.892563838402,0,0.4,0,0.4,0,13.5438744798,1.13040594913,-14.2905293446,-0.359868149693,0.834389209807,0.00842690448196,0.00576962322793,615.098549475,15.6245998783,0.0008,0.0152535026805,0.00956391669384,3,891
star_real_x,0,shared,30,5000,19,29da63c1,full_datafusionppi,joint_box_lambda_omega,1,0.189522346463,1,-0.810477653537,0.286255815405,30,5000,0e8b179ea3d883730b25008ca1293c4c8f886aa8d5d299c03ab6ff05d0123ae6,11598,1.22746875616,0.442741491401,1.22693747122,0.405958735359,0.2,0.2,0,0.2,0,13.5438744798,1.13040594913,-14.2905293446,-0.359868149693,0.834389209807,0.00842690448196,0.00576962322793,615.098549475,15.6245998783,0.0008,0.0152535026805,0.00956391669384,3,891
star_real_x,0,shifted,20,5000,0,4c3a89f7,rct_aipw,fixed_lambda_0_omega_0,0,1.18107550386,1.08150981907,0.0995656847961,0.616433304138,20,5000,0e8b179ea3d883730b25008ca1293c4c8f886aa8d5d299c03ab6ff05d0123ae6,11598,0,0,0,0,0,0,0,0,0,5.16002467268,0.0603788278645,-6.84767477835,0.0610018233111,-0.0847962599452,0.00261677180035,0.00289071460534,552.454270467,6.94042867613,0.0174,0.0451843720585,0.0454276141601,1,896
star_real_x,0,shifted,20,5000,0,4c3a89f7,haipw_only,restricted_omega_0,0,0.85248054299,1.08150981907,-0.229029276077,0.435934669411,20,5000,0e8b179ea3d883730b25008ca1293c4c8f886aa8d5d299c03ab6ff05d0123ae6,11598,1.36699393962,0,1.36699393962,0,0,0,0,0,0,5.16002467268,0.0603788278645,-6.84767477835,0.0610018233111,-0.0847962599452,0.00261677180035,0.00289071460534,552.454270467,6.94042867613,0.0174,0.0451843720585,0.0454276141601,1,896
star_real_x,0,shifted,20,5000,0,4c3a89f7,ppi_power_tuned_only,restricted_lambda_0,1,0.957318679835,1.08150981907,-0.124191139232,0.638464194261,20,5000,0e8b179ea3d883730b25008ca1293c4c8f886aa8d5d299c03ab6ff05d0123ae6,11598,0,0.883451495147,0,0.705985314855,0,0.6,0,0.6,0,5.16002467268,0.0603788278645,-6.84767477835,0.0610018233111,-0.0847962599452,0.00261677180035,0.00289071460534,552.454270467,6.94042867613,0.0174,0.0451843720585,0.0454276141601,1,896
star_real_x,0,shifted,20,5000,0,4c3a89f7,full_datafusionppi,joint_box_lambda_omega,1,0.652899293002,1.08150981907,-0.428610526065,0.438124225789,20,5000,0e8b179ea3d883730b25008ca1293c4c8f886aa8d5d299c03ab6ff05d0123ae6,11598,1.3751523566,-1.01659130234,1.37210359458,-0.467712297214,0.2,0.2,0,0.2,0,5.16002467268,0.0603788278645,-6.84767477835,0.0610018233111,-0.0847962599452,0.00261677180035,0.00289071460534,552.454270467,6.94042867613,0.0174,0.0451843720585,0.0454276141601,1,896
star_real_x,0,shifted,20,5000,1,2f0e8d99,rct_aipw,fixed_lambda_0_omega_0,0,2.27247328191,1.08150981907,1.19096346284,0.573074582614,20,5000,0e8b179ea3d883730b25008ca1293c4c8f886aa8d5d299c03ab6ff05d0123ae6,11598,0,0,0,0,0,0,0,0,0,14.2290583011,0.964462909794,-9.03566235859,-0.279289053051,0.389570716932,0.045760523338,-0.0783860170915,566.018262579,135.424964936,0.001,-0.320312899755,0.00715122862057,2,866
star_real_x,0,shifted,20,5000,1,2f0e8d99,haipw_only,restricted_omega_0,0,1.99354101213,1.08150981907,0.912031193065,0.483875915206,20,5000,0e8b179ea3d883730b25008ca1293c4c8f886aa8d5d299c03ab6ff05d0123ae6,11598,0.584511001927,0,0.584511001927,0,0,0,0,0,0,14.2290583011,0.964462909794,-9.03566235859,-0.279289053051,0.389570716932,0.045760523338,-0.0783860170915,566.018262579,135.424964936,0.001,-0.320312899755,0.00715122862057,2,866
star_real_x,0,shifted,20,5000,1,2f0e8d99,ppi_power_tuned_only,restricted_lambda_0,1,1.86711440031,1.08150981907,0.785604581245,0.375820823553,20,5000,0e8b179ea3d883730b25008ca1293c4c8f886aa8d5d299c03ab6ff05d0123ae6,11598,0,0.491208112981,0,0.0294376926266,0,0.2,0,0.2,0,14.2290583011,0.964462909794,-9.03566235859,-0.279289053051,0.389570716932,0.045760523338,-0.0783860170915,566.018262579,135.424964936,0.001,-0.320312899755,0.00715122862057,2,866
star_real_x,0,shifted,20,5000,1,2f0e8d99,full_datafusionppi,joint_box_lambda_omega,1,1.5495863889,1.08150981907,0.468076569831,0.322484258159,20,5000,0e8b179ea3d883730b25008ca1293c4c8f886aa8d5d299c03ab6ff05d0123ae6,11598,0.580149482912,0.770083583564,0.581738219493,0.418418909831,0.2,0.2,0,0.2,0,14.2290583011,0.964462909794,-9.03566235859,-0.279289053051,0.389570716932,0.045760523338,-0.0783860170915,566.018262579,135.424964936,0.001,-0.320312899755,0.00715122862057,2,866
star_real_x,0,shifted,20,5000,2,d4c5d262,rct_aipw,fixed_lambda_0_omega_0,0,1.24620167894,1.08150981907,0.164691859876,0.51999672978,20,5000,0e8b179ea3d883730b25008ca1293c4c8f886aa8d5d299c03ab6ff05d0123ae6,11598,0,0,0,0,0,0,0,0,0,14.5439066351,1.64645488208,-9.85670645868,-1.72412262092,3.25374197629,-0.0141871599291,-0.0643656148855,467.120689515,70.023108447,0.0232,0.140277500077,-0.0462330810216,1,918
star_real_x,0,shifted,20,5000,2,d4c5d262,haipw_only,restricted_omega_0,0,1.47163808219,1.08150981907,0.390128263121,0.30383629466,20,5000,0e8b179ea3d883730b25008ca1293c4c8f886aa8d5d299c03ab6ff05d0123ae6,11598,0.732162924774,0,0.732162924774,0,0,0,0,0,0,14.5439066351,1.64645488208,-9.85670645868,-1.72412262092,3.25374197629,-0.0141871599291,-0.0643656148855,467.120689515,70.023108447,0.0232,0.140277500077,-0.0462330810216,1,918
star_real_x,0,shifted,20,5000,2,d4c5d262,ppi_power_tuned_only,restricted_lambda_0,1,1.24152942338,1.08150981907,0.160019604314,0.712620407008,20,5000,0e8b179ea3d883730b25008ca1293c4c8f886aa8d5d299c03ab6ff05d0123ae6,11598,0,-0.108550335224,0,-0.523037161464,0,0.2,0,0.2,0,14.5439066351,1.64645488208,-9.85670645868,-1.72412262092,3.25374197629,-0.0141871599291,-0.0643656148855,467.120689515,70.023108447,0.0232,0.140277500077,-0.0462330810216,1,918
star_real_x,0,shifted,20,5000,2,d4c5d262,full_datafusionppi,joint_box_lambda_omega,1,1.25874663104,1.08150981907,0.177236811974,0.497530939047,20,5000,0e8b179ea3d883730b25008ca1293c4c8f886aa8d5d299c03ab6ff05d0123ae6,11598,0.823526096304,1.24698846019,0.838960259062,0.908571675202,0.2,0.2,0,0.2,0,14.5439066351,1.64645488208,-9.85670645868,-1.72412262092,3.25374197629,-0.0141871599291,-0.0643656148855,467.120689515,70.023108447,0.0232,0.140277500077,-0.0462330810216,1,918
star_real_x,0,shifted,20,5000,3,804acc96,rct_aipw,fixed_lambda_0_omega_0,0,0.414718795099,1.08150981907,-0.666791023968,0.372762178818,20,5000,0e8b179ea3d883730b25008ca1293c4c8f886aa8d5d299c03ab6ff05d0123ae6,11598,0,0,0,0,0,0,0,0,0,3.65856442623,0.380319904079,-1.62875770221,-1.03835985341,-0.189059146985,0.0422644085678,-0.0354916683461,610.173736278,87.9307270821,0.0024,-0.112820046508,0.00489286987163,1,891
star_real_x,0,shifted,20,5000,3,804acc96,haipw_only,restricted_omega_0,0,0.38122246667,1.08150981907,-0.700287352397,0.343524610336,20,5000,0e8b179ea3d883730b25008ca1293c4c8f886aa8d5d299c03ab6ff05d0123ae6,11598,0.45169164377,0,0.45169164377,0,0,0,0,0,0,3.65856442623,0.380319904079,-1.62875770221,-1.03835985341,-0.189059146985,0.0422644085678,-0.0354916683461,610.173736278,87.9307270821,0.0024,-0.112820046508,0.00489286987163,1,891
star_real_x,0,shifted,20,5000,3,804acc96,ppi_power_tuned_only,restricted_lambda_0,1,0.482179914291,1.08150981907,-0.599329904776,0.37176618346,20,5000,0e8b179ea3d883730b25008ca1293c4c8f886aa8d5d299c03ab6ff05d0123ae6,11598,0,-1.52744845335,0,-0.928197720264,0,0.6,0,0.6,0,3.65856442623,0.380319904079,-1.62875770221,-1.03835985341,-0.189059146985,0.0422644085678,-0.0354916683461,610.173736278,87.9307270821,0.0024,-0.112820046508,0.00489286987163,1,891
star_real_x,0,shifted,20,5000,3,804acc96,full_datafusionppi,joint_box_lambda_omega,1,0.499152500987,1.08150981907,-0.58235731808,0.344657780235,20,5000,0e8b179ea3d883730b25008ca1293c4c8f886aa8d5d299c03ab6ff05d0123ae6,11598,0.662742714093,-1.43478182433,0.583814181217,-0.669282719983,0.8,0.8,0,0.8,0,3.65856442623,0.380319904079,-1.62875770221,-1.03835985341,-0.189059146985,0.0422644085678,-0.0354916683461,610.173736278,87.9307270821,0.0024,-0.112820046508,0.00489286987163,1,891
star_real_x,0,shifted,20,5000,4,69f24644,rct_aipw,fixed_lambda_0_omega_0,0,2.01815883952,1.08150981907,0.936649020454,0.358915166909,20,5000,0e8b179ea3d883730b25008ca1293c4c8f886aa8d5d299c03ab6ff05d0123ae6,11598,0,0,0,0,0,0,0,0,0,12.2283070032,0.681459751113,-11.2417521497,0.647334852905,-0.663157350142,-0.000611850686154,-0.0405387437291,480.376565505,49.0467084823,0.0018,0.1048769315,-0.0101747385885,3,872
star_real_x,0,shifted,20,5000,4,69f24644,haipw_only,restricted_omega_0,0,2.05505241512,1.08150981907,0.973542596056,0.269801583909,20,5000,0e8b179ea3d883730b25008ca1293c4c8f886aa8d5d299c03ab6ff05d0123ae6,11598,0.89889273214,0,0.89889273214,0,0,0,0,0,0,12.2283070032,0.681459751113,-11.2417521497,0.647334852905,-0.663157350142,-0.000611850686154,-0.0405387437291,480.376565505,49.0467084823,0.0018,0.1048769315,-0.0101747385885,3,872
star_real_x,0,shifted,20,5000,4,69f24644,ppi_power_tuned_only,restricted_lambda_0,1,1.39255808872,1.08150981907,0.311048269649,0.730667076701,20,5000,0e8b179ea3d883730b25008ca1293c4c8f886aa8d5d299c03ab6ff05d0123ae6,11598,0,-0.0981208680345,0,-0.0206022776014,0,0.4,0,0.4,0,12.2283070032,0.681459751113,-11.2417521497,0.647334852905,-0.663157350142,-0.000611850686154,-0.0405387437291,480.376565505,49.0467084823,0.0018,0.1048769315,-0.0101747385885,3,872
star_real_x,0,shifted,20,5000,4,69f24644,full_datafusionppi,joint_box_lambda_omega,1,1.82237657497,1.08150981907,0.740866755899,0.288679246765,20,5000,0e8b179ea3d883730b25008ca1293c4c8f886aa8d5d299c03ab6ff05d0123ae6,11598,0.92215413688,0.0918291069493,0.916575045376,-0.083419715089,0.2,0.2,0,0.2,0,12.2283070032,0.681459751113,-11.2417521497,0.647334852905,-0.663157350142,-0.000611850686154,-0.0405387437291,480.376565505,49.0467084823,0.0018,0.1048769315,-0.0101747385885,3,872
star_real_x,0,shifted,20,5000,5,ec3bedb1,rct_aipw,fixed_lambda_0_omega_0,0,0.307999185482,1.08150981907,-0.773510633585,0.621521060684,20,5000,0e8b179ea3d883730b25008ca1293c4c8f886aa8d5d299c03ab6ff05d0123ae6,11598,0,0,0,0,0,0,0,0,0,7.87748806308,0.0886512494344,-6.63510098878,0.139965784058,0.00517651996215,0.00509711314085,0.00509711314085,675.354580084,5.26054804497,0,0.00168901453167,0.00168901453167,1,868
star_real_x,0,shifted,20,5000,5,ec3bedb1,haipw_only,restricted_omega_0,0,0.909388758251,1.08150981907,-0.172121060816,0.339480028468,20,5000,0e8b179ea3d883730b25008ca1293c4c8f886aa8d5d299c03ab6ff05d0123ae6,11598,0.850473266148,0,0.850473266148,0,0,0,0,0,0,7.87748806308,0.0886512494344,-6.63510098878,0.139965784058,0.00517651996215,0.00509711314085,0.00509711314085,675.354580084,5.26054804497,0,0.00168901453167,0.00168901453167,1,868
star_real_x,0,shifted,20,5000,5,ec3bedb1,ppi_power_tuned_only,restricted_lambda_0,1,0.247134672808,1.08150981907,-0.834375146259,0.637215611829,20,5000,0e8b179ea3d883730b25008ca1293c4c8f886aa8d5d299c03ab6ff05d0123ae6,11598,0,1.38135368242,0,0.828278385213,0,0.4,0,0.4,0,7.87748806308,0.0886512494344,-6.63510098878,0.139965784058,0.00517651996215,0.00509711314085,0.00509711314085,675.354580084,5.26054804497,0,0.00168901453167,0.00168901453167,1,868
star_real_x,0,shifted,20,5000,5,ec3bedb1,full_datafusionppi,joint_box_lambda_omega,1,1.0149740178,1.08150981907,-0.066535801271,0.359171627061,20,5000,0e8b179ea3d883730b25008ca1293c4c8f886aa8d5d299c03ab6ff05d0123ae6,11598,0.852247697302,2.22813784597,0.855813107357,1.58429851003,0.6,0.6,0,0.6,0,7.87748806308,0.0886512494344,-6.63510098878,0.139965784058,0.00517651996215,0.00509711314085,0.00509711314085,675.354580084,5.26054804497,0,0.00168901453167,0.00168901453167,1,868
star_real_x,0,shifted,20,5000,6,f7a5af72,rct_aipw,fixed_lambda_0_omega_0,0,0.172881587291,1.08150981907,-0.908628231776,0.281237046899,20,5000,0e8b179ea3d883730b25008ca1293c4c8f886aa8d5d299c03ab6ff05d0123ae6,11598,0,0,0,0,0,0,0,0,0,7.23141489596,0.0880125877865,-4.35149160599,0.0425842152904,0.320645991142,-9.12175221237e-05,0.000308687492252,664.284080021,7.2353235063,0.0186,-0.0682967136739,-0.0674926679695,1,897
star_real_x,0,shifted,20,5000,6,f7a5af72,haipw_only,restricted_omega_0,0,0.444217211315,1.08150981907,-0.637292607752,0.332219996869,20,5000,0e8b179ea3d883730b25008ca1293c4c8f886aa8d5d299c03ab6ff05d0123ae6,11598,0.513076354218,0,0.513076354218,0,0,0,0,0,0,7.23141489596,0.0880125877865,-4.35149160599,0.0425842152904,0.320645991142,-9.12175221237e-05,0.000308687492252,664.284080021,7.2353235063,0.0186,-0.0682967136739,-0.0674926679695,1,897
star_real_x,0,shifted,20,5000,6,f7a5af72,ppi_power_tuned_only,restricted_lambda_0,1,0.278377213984,1.08150981907,-0.803132605083,0.261917959254,20,5000,0e8b179ea3d883730b25008ca1293c4c8f886aa8d5d299c03ab6ff05d0123ae6,11598,0,1.09275146191,0,1.01339896523,0,0.2,0,0.2,0,7.23141489596,0.0880125877865,-4.35149160599,0.0425842152904,0.320645991142,-9.12175221237e-05,0.000308687492252,664.284080021,7.2353235063,0.0186,-0.0682967136739,-0.0674926679695,1,897
star_real_x,0,shifted,20,5000,6,f7a5af72,full_datafusionppi,joint_box_lambda_omega,1,0.565607674742,1.08150981907,-0.515902144325,0.307075131944,20,5000,0e8b179ea3d883730b25008ca1293c4c8f886aa8d5d299c03ab6ff05d0123ae6,11598,0.629212417655,3.34401281841,0.580726837663,1.92142919839,0.8,0.8,0,0.8,0,7.23141489596,0.0880125877865,-4.35149160599,0.0425842152904,0.320645991142,-9.12175221237e-05,0.000308687492252,664.284080021,7.2353235063,0.0186,-0.0682967136739,-0.0674926679695,1,897
star_real_x,0,shifted,20,5000,7,6d45404f,rct_aipw,fixed_lambda_0_omega_0,0,0.143874359416,1.08150981907,-0.937635459651,0.839263806863,20,5000,0e8b179ea3d883730b25008ca1293c4c8f886aa8d5d299c03ab6ff05d0123ae6,11598,0,0,0,0,0,0,0,0,0,13.763476812,0.677760251248,-11.5754136031,0.311045223969,0.866664894217,0.0132325456035,-0.0335566506616,422.615444362,44.9110693565,0.0032,-0.0404960949281,-0.0914100433346,2,935
star_real_x,0,shifted,20,5000,7,6d45404f,haipw_only,restricted_omega_0,0,0.179605020409,1.08150981907,-0.901904798658,0.378765423364,20,5000,0e8b179ea3d883730b25008ca1293c4c8f886aa8d5d299c03ab6ff05d0123ae6,11598,0.869129172439,0,0.869129172439,0,0,0,0,0,0,13.763476812,0.677760251248,-11.5754136031,0.311045223969,0.866664894217,0.0132325456035,-0.0335566506616,422.615444362,44.9110693565,0.0032,-0.0404960949281,-0.0914100433346,2,935
star_real_x,0,shifted,20,5000,7,6d45404f,ppi_power_tuned_only,restricted_lambda_0,1,-0.0584042501937,1.08150981907,-1.13991406926,0.802072513595,20,5000,0e8b179ea3d883730b25008ca1293c4c8f886aa8d5d299c03ab6ff05d0123ae6,11598,0,2.05165505418,0,0.76863453593,0,0.4,0,0.4,0,13.763476812,0.677760251248,-11.5754136031,0.311045223969,0.866664894217,0.0132325456035,-0.0335566506616,422.615444362,44.9110693565,0.0032,-0.0404960949281,-0.0914100433346,2,935
star_real_x,0,shifted,20,5000,7,6d45404f,full_datafusionppi,joint_box_lambda_omega,1,0.184473235187,1.08150981907,-0.89703658388,0.360703676055,20,5000,0e8b179ea3d883730b25008ca1293c4c8f886aa8d5d299c03ab6ff05d0123ae6,11598,0.930372732171,1.31630394884,0.921903626181,1.25575487145,0.2,0.2,0,0.2,0,13.763476812,0.677760251248,-11.5754136031,0.311045223969,0.866664894217,0.0132325456035,-0.0335566506616,422.615444362,44.9110693565,0.0032,-0.0404960949281,-0.0914100433346,2,935
star_real_x,0,shifted,20,5000,8,ae57c041,rct_aipw,fixed_lambda_0_omega_0,0,1.11261831464,1.08150981907,0.0311084955765,0.695087496808,20,5000,0e8b179ea3d883730b25008ca1293c4c8f886aa8d5d299c03ab6ff05d0123ae6,11598,0,0,0,0,0,0,0,0,0,17.1403038901,2.92578996411,-10.2998711742,-1.28790603845,-0.749520567452,0.0671416595607,-0.105119651302,523.057987216,130.164055955,0.0108,-0.597660790113,-0.095085515185,2,868
star_real_x,0,shifted,20,5000,8,ae57c041,haipw_only,restricted_omega_0,0,1.32801559966,1.08150981907,0.246505780589,0.392942908417,20,5000,0e8b179ea3d883730b25008ca1293c4c8f886aa8d5d299c03ab6ff05d0123ae6,11598,0.582580016094,0,0.582580016094,0,0,0,0,0,0,17.1403038901,2.92578996411,-10.2998711742,-1.28790603845,-0.749520567452,0.0671416595607,-0.105119651302,523.057987216,130.164055955,0.0108,-0.597660790113,-0.095085515185,2,868
star_real_x,0,shifted,20,5000,8,ae57c041,ppi_power_tuned_only,restricted_lambda_0,1,0.899927050146,1.08150981907,-0.181582768921,1.09456605804,20,5000,0e8b179ea3d883730b25008ca1293c4c8f886aa8d5d299c03ab6ff05d0123ae6,11598,0,-0.466492746923,0,-0.466492746923,0,0,0,0,0,17.1403038901,2.92578996411,-10.2998711742,-1.28790603845,-0.749520567452,0.0671416595607,-0.105119651302,523.057987216,130.164055955,0.0108,-0.597660790113,-0.095085515185,2,868
star_real_x,0,shifted,20,5000,8,ae57c041,full_datafusionppi,joint_box_lambda_omega,1,0.852093189912,1.08150981907,-0.229416629155,0.391266411815,20,5000,0e8b179ea3d883730b25008ca1293c4c8f886aa8d5d299c03ab6ff05d0123ae6,11598,0.596178920408,-0.707144128567,0.596178920408,-0.707144128567,0,0,0,0,0,17.1403038901,2.92578996411,-10.2998711742,-1.28790603845,-0.749520567452,0.0671416595607,-0.105119651302,523.057987216,130.164055955,0.0108,-0.597660790113,-0.095085515185,2,868
star_real_x,0,shifted,20,5000,9,333058b1,rct_aipw,fixed_lambda_0_omega_0,0,1.44137792738,1.08150981907,0.359868108308,0.462359458051,20,5000,0e8b179ea3d883730b25008ca1293c4c8f886aa8d5d299c03ab6ff05d0123ae6,11598,0,0,0,0,0,0,0,0,0,15.5482139667,0.0367322309065,-14.5252431678,-0.036105319027,0.00058505838238,0.00231557085406,0.00232905445038,653.637298182,3.43069535468,0.001,0.0855417215278,0.0855686081314,1,876
star_real_x,0,shifted,20,5000,9,333058b1,haipw_only,restricted_omega_0,0,2.02478034742,1.08150981907,0.943270528354,0.316578735284,20,5000,0e8b179ea3d883730b25008ca1293c4c8f886aa8d5d299c03ab6ff05d0123ae6,11598,0.919033682791,0,0.919033682791,0,0,0,0,0,0,15.5482139667,0.0367322309065,-14.5252431678,-0.036105319027,0.00058505838238,0.00231557085406,0.00232905445038,653.637298182,3.43069535468,0.001,0.0855417215278,0.0855686081314,1,876
star_real_x,0,shifted,20,5000,9,333058b1,ppi_power_tuned_only,restricted_lambda_0,1,1.46429934782,1.08150981907,0.382789528751,0.462194847393,20,5000,0e8b179ea3d883730b25008ca1293c4c8f886aa8d5d299c03ab6ff05d0123ae6,11598,0,-0.929763482097,0,-0.878436315475,0,0.6,0,0.6,0,15.5482139667,0.0367322309065,-14.5252431678,-0.036105319027,0.00058505838238,0.00231557085406,0.00232905445038,653.637298182,3.43069535468,0.001,0.0855417215278,0.0855686081314,1,876
star_real_x,0,shifted,20,5000,9,333058b1,full_datafusionppi,joint_box_lambda_omega,1,2.03038978712,1.08150981907,0.948879968049,0.307834676017,20,5000,0e8b179ea3d883730b25008ca1293c4c8f886aa8d5d299c03ab6ff05d0123ae6,11598,0.924163426946,-1.07566024566,0.923343185468,-0.987096620389,0.2,0.2,0,0.2,0,15.5482139667,0.0367322309065,-14.5252431678,-0.036105319027,0.00058505838238,0.00231557085406,0.00232905445038,653.637298182,3.43069535468,0.001,0.0855417215278,0.0855686081314,1,876
star_real_x,0,shifted,20,5000,10,ac815f0f,rct_aipw,fixed_lambda_0_omega_0,0,2.16838007598,1.08150981907,1.08687025691,0.794108481677,20,5000,0e8b179ea3d883730b25008ca1293c4c8f886aa8d5d299c03ab6ff05d0123ae6,11598,0,0,0,0,0,0,0,0,0,23.1578079867,0.874479473707,-26.505881747,-2.34243128106,2.6226987861,0.0227189504248,-0.0277280030305,402.373848083,37.4980427759,0.0028,-0.0268470516405,-0.152345753945,1,894
star_real_x,0,shifted,20,5000,10,ac815f0f,haipw_only,restricted_omega_0,0,0.980339023893,1.08150981907,-0.101170795174,0.264128422557,20,5000,0e8b179ea3d883730b25008ca1293c4c8f886aa8d5d299c03ab6ff05d0123ae6,11598,1.12127537193,0,1.12127537193,0,0,0,0,0,0,23.1578079867,0.874479473707,-26.505881747,-2.34243128106,2.6226987861,0.0227189504248,-0.0277280030305,402.373848083,37.4980427759,0.0028,-0.0268470516405,-0.152345753945,1,894
star_real_x,0,shifted,20,5000,10,ac815f0f,ppi_power_tuned_only,restricted_lambda_0,1,2.35728628639,1.08150981907,1.27577646732,0.853511673234,20,5000,0e8b179ea3d883730b25008ca1293c4c8f886aa8d5d299c03ab6ff05d0123ae6,11598,0,-0.447404232159,0,-0.909040463428,0,0.8,0,0.8,0,23.1578079867,0.874479473707,-26.505881747,-2.34243128106,2.6226987861,0.0227189504248,-0.0277280030305,402.373848083,37.4980427759,0.0028,-0.0268470516405,-0.152345753945,1,894
star_real_x,0,shifted,20,5000,10,ac815f0f,full_datafusionppi,joint_box_lambda_omega,1,0.557635488689,1.08150981907,-0.523874330378,0.241451102031,20,5000,0e8b179ea3d883730b25008ca1293c4c8f886aa8d5d299c03ab6ff05d0123ae6,11598,1.29140347825,1.24909869775,1.2877409881,1.17957401043,0.2,0.2,0,0.2,0,23.1578079867,0.874479473707,-26.505881747,-2.34243128106,2.6226987861,0.0227189504248,-0.0277280030305,402.373848083,37.4980427759,0.0028,-0.0268470516405,-0.152345753945,1,894
star_real_x,0,shifted,20,5000,11,9b3074e7,rct_aipw,fixed_lambda_0_omega_0,0,1.28301166218,1.08150981907,0.201501843114,0.64313924881,20,5000,0e8b179ea3d883730b25008ca1293c4c8f886aa8d5d299c03ab6ff05d0123ae6,11598,0,0,0,0,0,0,0,0,0,4.83742915275,0.0860816486546,-5.36487432774,-0.192398731302,0.0742204018141,-0.00419989837016,-0.00409981052358,686.240506768,3.7033777299,0.0106,-0.0225346830254,-0.0223952149031,1,845
star_real_x,0,shifted,20,5000,11,9b3074e7,haipw_only,restricted_omega_0,0,0.622097520246,1.08150981907,-0.459412298821,0.487809273875,20,5000,0e8b179ea3d883730b25008ca1293c4c8f886aa8d5d299c03ab6ff05d0123ae6,11598,1.1453544944,0,1.1453544944,0,0,0,0,0,0,4.83742915275,0.0860816486546,-5.36487432774,-0.192398731302,0.0742204018141,-0.00419989837016,-0.00409981052358,686.240506768,3.7033777299,0.0106,-0.0225346830254,-0.0223952149031,1,845
star_real_x,0,shifted,20,5000,11,9b3074e7,ppi_power_tuned_only,restricted_lambda_0,1,1.37270530118,1.08150981907,0.291195482109,0.607684130787,20,5000,0e8b179ea3d883730b25008ca1293c4c8f886aa8d5d299c03ab6ff05d0123ae6,11598,0,-2.26487038808,0,-1.29905826818,0,0.4,0,0.4,0,4.83742915275,0.0860816486546,-5.36487432774,-0.192398731302,0.0742204018141,-0.00419989837016,-0.00409981052358,686.240506768,3.7033777299,0.0106,-0.0225346830254,-0.0223952149031,1,845
star_real_x,0,shifted,20,5000,11,9b3074e7,full_datafusionppi,joint_box_lambda_omega,1,0.698150219254,1.08150981907,-0.383359599813,0.49029510322,20,5000,0e8b179ea3d883730b25008ca1293c4c8f886aa8d5d299c03ab6ff05d0123ae6,11598,1.11464635122,-1.46087962213,1.12349191285,-1.17270973603,0.2,0.2,0,0.2,0,4.83742915275,0.0860816486546,-5.36487432774,-0.192398731302,0.0742204018141,-0.00419989837016,-0.00409981052358,686.240506768,3.7033777299,0.0106,-0.0225346830254,-0.0223952149031,1,845
star_real_x,0,shifted,20,5000,12,c7274d50,rct_aipw,fixed_lambda_0_omega_0,0,1.1242716285,1.08150981907,0.0427618094374,0.509228710042,20,5000,0e8b179ea3d883730b25008ca1293c4c8f886aa8d5d299c03ab6ff05d0123ae6,11598,0,0,0,0,0,0,0,0,0,4.1963636613,0.0647162336246,-3.59979973144,-0.0458325438598,-0.0372505005092,-0.00887277789339,-0.00886627407589,786.148858313,2.5258543252,0.0004,0.00473848039761,0.00474493948898,1,895
star_real_x,0,shifted,20,5000,12,c7274d50,haipw_only,restricted_omega_0,0,0.824717369886,1.08150981907,-0.256792449181,0.20121322559,20,5000,0e8b179ea3d883730b25008ca1293c4c8f886aa8d5d299c03ab6ff05d0123ae6,11598,1.00030387045,0,1.00030387045,0,0,0,0,0,0,4.1963636613,0.0647162336246,-3.59979973144,-0.0458325438598,-0.0372505005092,-0.00887277789339,-0.00886627407589,786.148858313,2.5258543252,0.0004,0.00473848039761,0.00474493948898,1,895
star_real_x,0,shifted,20,5000,12,c7274d50,ppi_power_tuned_only,restricted_lambda_0,1,1.17013338145,1.08150981907,0.0886235623836,0.504507391714,20,5000,0e8b179ea3d883730b25008ca1293c4c8f886aa8d5d299c03ab6ff05d0123ae6,11598,0,-0.940086155012,0,-0.718067606437,0,0.4,0,0.4,0,4.1963636613,0.0647162336246,-3.59979973144,-0.0458325438598,-0.0372505005092,-0.00887277789339,-0.00886627407589,786.148858313,2.5258543252,0.0004,0.00473848039761,0.00474493948898,1,895
star_real_x,0,shifted,20,5000,12,c7274d50,full_datafusionppi,joint_box_lambda_omega,1,0.75657277085,1.08150981907,-0.324937048217,0.217668727418,20,5000,0e8b179ea3d883730b25008ca1293c4c8f886aa8d5d299c03ab6ff05d0123ae6,11598,0.998576211487,-0.56468305743,0.998343544287,-0.524013192513,0.2,0.2,0,0.2,0,4.1963636613,0.0647162336246,-3.59979973144,-0.0458325438598,-0.0372505005092,-0.00887277789339,-0.00886627407589,786.148858313,2.5258543252,0.0004,0.00473848039761,0.00474493948898,1,895
star_real_x,0,shifted,20,5000,13,14cd7899,rct_aipw,fixed_lambda_0_omega_0,0,1.34566149097,1.08150981907,0.264151671904,0.532895932251,20,5000,0e8b179ea3d883730b25008ca1293c4c8f886aa8d5d299c03ab6ff05d0123ae6,11598,0,0,0,0,0,0,0,0,0,5.77031122082,0.0491032022551,-4.71330721359,0.00492075318187,0.0608572075876,5.92428646654e-05,0.000151161710669,627.300417369,4.0665968183,0.0076,0.0211237234644,0.0211030327859,1,889
star_real_x,0,shifted,20,5000,13,14cd7899,haipw_only,restricted_omega_0,0,1.15162998072,1.08150981907,0.0701201616519,0.325600382257,20,5000,0e8b179ea3d883730b25008ca1293c4c8f886aa8d5d299c03ab6ff05d0123ae6,11598,0.825402265468,0,0.825402265468,0,0,0,0,0,0,5.77031122082,0.0491032022551,-4.71330721359,0.00492075318187,0.0608572075876,5.92428646654e-05,0.000151161710669,627.300417369,4.0665968183,0.0076,0.0211237234644,0.0211030327859,1,889
star_real_x,0,shifted,20,5000,13,14cd7899,ppi_power_tuned_only,restricted_lambda_0,1,1.26110254486,1.08150981907,0.179592725795,0.531072957341,20,5000,0e8b179ea3d883730b25008ca1293c4c8f886aa8d5d299c03ab6ff05d0123ae6,11598,0,0.378225896713,0,0.206608318825,0,0.2,0,0.2,0,5.77031122082,0.0491032022551,-4.71330721359,0.00492075318187,0.0608572075876,5.92428646654e-05,0.000151161710669,627.300417369,4.0665968183,0.0076,0.0211237234644,0.0211030327859,1,889
star_real_x,0,shifted,20,5000,13,14cd7899,full_datafusionppi,joint_box_lambda_omega,1,1.07460700746,1.08150981907,-0.00690281161203,0.323621098607,20,5000,0e8b179ea3d883730b25008ca1293c4c8f886aa8d5d299c03ab6ff05d0123ae6,11598,0.835956630359,1.27609441428,0.836042056527,1.12488024942,0.2,0.2,0,0.2,0,5.77031122082,0.0491032022551,-4.71330721359,0.00492075318187,0.0608572075876,5.92428646654e-05,0.000151161710669,627.300417369,4.0665968183,0.0076,0.0211237234644,0.0211030327859,1,889
star_real_x,0,shifted,20,5000,14,4b3bc8cd,rct_aipw,fixed_lambda_0_omega_0,0,-0.449946464035,1.08150981907,-1.5314562831,0.460104947854,20,5000,0e8b179ea3d883730b25008ca1293c4c8f886aa8d5d299c03ab6ff05d0123ae6,11598,0,0,0,0,0,0,0,0,0,7.60960226875,2.09220383614,-3.87511342669,-0.0386631359718,-2.07817502112,-0.0116305505885,-0.114347556628,416.932067672,70.1540020457,0.0034,-0.0219844628163,-0.263337204436,1,848
star_real_x,0,shifted,20,5000,14,4b3bc8cd,haipw_only,restricted_omega_0,0,0.161075958775,1.08150981907,-0.920433860292,0.284944489181,20,5000,0e8b179ea3d883730b25008ca1293c4c8f886aa8d5d299c03ab6ff05d0123ae6,11598,0.542781689206,0,0.542781689206,0,0,0,0,0,0,7.60960226875,2.09220383614,-3.87511342669,-0.0386631359718,-2.07817502112,-0.0116305505885,-0.114347556628,416.932067672,70.1540020457,0.0034,-0.0219844628163,-0.263337204436,1,848
star_real_x,0,shifted,20,5000,14,4b3bc8cd,ppi_power_tuned_only,restricted_lambda_0,1,-0.494225056076,1.08150981907,-1.57573487514,0.411758823151,20,5000,0e8b179ea3d883730b25008ca1293c4c8f886aa8d5d299c03ab6ff05d0123ae6,11598,0,-0.0076059271152,0,-0.0076059271152,0,0,0,0,0,7.60960226875,2.09220383614,-3.87511342669,-0.0386631359718,-2.07817502112,-0.0116305505885,-0.114347556628,416.932067672,70.1540020457,0.0034,-0.0219844628163,-0.263337204436,1,848
star_real_x,0,shifted,20,5000,14,4b3bc8cd,full_datafusionppi,joint_box_lambda_omega,1,0.917167842018,1.08150981907,-0.164341977049,0.455691854475,20,5000,0e8b179ea3d883730b25008ca1293c4c8f886aa8d5d299c03ab6ff05d0123ae6,11598,1.05586085761,-0.632310671372,1.01826223283,-0.560520372295,0.2,0.2,0,0.2,0,7.60960226875,2.09220383614,-3.87511342669,-0.0386631359718,-2.07817502112,-0.0116305505885,-0.114347556628,416.932067672,70.1540020457,0.0034,-0.0219844628163,-0.263337204436,1,848
star_real_x,0,shifted,20,5000,15,162d7437,rct_aipw,fixed_lambda_0_omega_0,0,2.19661268489,1.08150981907,1.11510286583,0.967268716882,20,5000,0e8b179ea3d883730b25008ca1293c4c8f886aa8d5d299c03ab6ff05d0123ae6,11598,0,0,0,0,0,0,0,0,0,20.2626123719,0.657755833704,-18.7237907881,0.376831684214,-0.051826958466,0.0308170651786,-0.0357484650622,509.477817626,55.7394936418,0.0112,0.14081433821,-0.15276166396,2,901
star_real_x,0,shifted,20,5000,15,162d7437,haipw_only,restricted_omega_0,0,1.59952856981,1.08150981907,0.518018750743,0.409060541395,20,5000,0e8b179ea3d883730b25008ca1293c4c8f886aa8d5d299c03ab6ff05d0123ae6,11598,0.772213290508,0,0.772213290508,0,0,0,0,0,0,20.2626123719,0.657755833704,-18.7237907881,0.376831684214,-0.051826958466,0.0308170651786,-0.0357484650622,509.477817626,55.7394936418,0.0112,0.14081433821,-0.15276166396,2,901
star_real_x,0,shifted,20,5000,15,162d7437,ppi_power_tuned_only,restricted_lambda_0,1,1.89212244896,1.08150981907,0.810612629891,1.0237449247,20,5000,0e8b179ea3d883730b25008ca1293c4c8f886aa8d5d299c03ab6ff05d0123ae6,11598,0,3.33003847752,0,0.788951143715,0,0.2,0,0.2,0,20.2626123719,0.657755833704,-18.7237907881,0.376831684214,-0.051826958466,0.0308170651786,-0.0357484650622,509.477817626,55.7394936418,0.0112,0.14081433821,-0.15276166396,2,901
star_real_x,0,shifted,20,5000,15,162d7437,full_datafusionppi,joint_box_lambda_omega,1,1.33495158798,1.08150981907,0.253441768917,0.382795007591,20,5000,0e8b179ea3d883730b25008ca1293c4c8f886aa8d5d299c03ab6ff05d0123ae6,11598,0.792604952505,0.783219917189,0.792604952505,0.783219917189,0,0,0,0,0,20.2626123719,0.657755833704,-18.7237907881,0.376831684214,-0.051826958466,0.0308170651786,-0.0357484650622,509.477817626,55.7394936418,0.0112,0.14081433821,-0.15276166396,2,901
star_real_x,0,shifted,20,5000,16,9da00123,rct_aipw,fixed_lambda_0_omega_0,0,2.77167440361,1.08150981907,1.69016458454,0.96060632036,20,5000,0e8b179ea3d883730b25008ca1293c4c8f886aa8d5d299c03ab6ff05d0123ae6,11598,0,0,0,0,0,0,0,0,0,13.4709043574,1.099849442,-9.82850664753,1.19423371202,-2.27494540992,0.00171424292258,-0.0268677451685,522.917764022,41.7739562222,0.0292,-0.0899535665985,-0.00657353642627,2,888
star_real_x,0,shifted,20,5000,16,9da00123,haipw_only,restricted_omega_0,0,2.48592277069,1.08150981907,1.40441295162,0.334604591761,20,5000,0e8b179ea3d883730b25008ca1293c4c8f886aa8d5d299c03ab6ff05d0123ae6,11598,0.722061664632,0,0.722061664632,0,0,0,0,0,0,13.4709043574,1.099849442,-9.82850664753,1.19423371202,-2.27494540992,0.00171424292258,-0.0268677451685,522.917764022,41.7739562222,0.0292,-0.0899535665985,-0.00657353642627,2,888
star_real_x,0,shifted,20,5000,16,9da00123,ppi_power_tuned_only,restricted_lambda_0,1,3.05177746547,1.08150981907,1.9702676464,0.773663018267,20,5000,0e8b179ea3d883730b25008ca1293c4c8f886aa8d5d299c03ab6ff05d0123ae6,11598,0,1.39552560652,0,1.25301256572,0,0.2,0,0.2,0,13.4709043574,1.099849442,-9.82850664753,1.19423371202,-2.27494540992,0.00171424292258,-0.0268677451685,522.917764022,41.7739562222,0.0292,-0.0899535665985,-0.00657353642627,2,888
star_real_x,0,shifted,20,5000,16,9da00123,full_datafusionppi,joint_box_lambda_omega,1,2.92807064185,1.08150981907,1.84656082278,0.581742151882,20,5000,0e8b179ea3d883730b25008ca1293c4c8f886aa8d5d299c03ab6ff05d0123ae6,11598,0.858588124189,0.140712050998,0.850565273369,-0.216397203513,0.2,0.2,0,0.2,0,13.4709043574,1.099849442,-9.82850664753,1.19423371202,-2.27494540992,0.00171424292258,-0.0268677451685,522.917764022,41.7739562222,0.0292,-0.0899535665985,-0.00657353642627,2,888
star_real_x,0,shifted,20,5000,17,745c2131,rct_aipw,fixed_lambda_0_omega_0,0,-0.977387932051,1.08150981907,-2.05889775112,1.31517646746,20,5000,0e8b179ea3d883730b25008ca1293c4c8f886aa8d5d299c03ab6ff05d0123ae6,11598,0,0,0,0,0,0,0,0,0,30.3215938992,0.0548709073087,-31.7929062934,-0.17751915623,0.0660367089389,-0.00752478850731,-0.00749980782633,653.625039127,5.10567813648,0.002,0.257891242479,0.25792001138,2,892
star_real_x,0,shifted,20,5000,17,745c2131,haipw_only,restricted_omega_0,0,-0.0133351950618,1.08150981907,-1.09484501413,0.151192685922,20,5000,0e8b179ea3d883730b25008ca1293c4c8f886aa8d5d299c03ab6ff05d0123ae6,11598,1.09897407502,0,1.09897407502,0,0,0,0,0,0,30.3215938992,0.0548709073087,-31.7929062934,-0.17751915623,0.0660367089389,-0.00752478850731,-0.00749980782633,653.625039127,5.10567813648,0.002,0.257891242479,0.25792001138,2,892
star_real_x,0,shifted,20,5000,17,745c2131,ppi_power_tuned_only,restricted_lambda_0,1,-1.09712560009,1.08150981907,-2.17863541916,1.36435545914,20,5000,0e8b179ea3d883730b25008ca1293c4c8f886aa8d5d299c03ab6ff05d0123ae6,11598,0,-2.48356055007,0,-0.704322240381,0,0.6,0,0.6,0,30.3215938992,0.0548709073087,-31.7929062934,-0.17751915623,0.0660367089389,-0.00752478850731,-0.00749980782633,653.625039127,5.10567813648,0.002,0.257891242479,0.25792001138,2,892
star_real_x,0,shifted,20,5000,17,745c2131,full_datafusionppi,joint_box_lambda_omega,1,-0.0122297732565,1.08150981907,-1.09373959232,0.158242786126,20,5000,0e8b179ea3d883730b25008ca1293c4c8f886aa8d5d299c03ab6ff05d0123ae6,11598,1.10820072905,-2.21901021089,1.11186017634,-1.65412696826,0.6,0.6,0,0.6,0,30.3215938992,0.0548709073087,-31.7929062934,-0.17751915623,0.0660367089389,-0.00752478850731,-0.00749980782633,653.625039127,5.10567813648,0.002,0.257891242479,0.25792001138,2,892
star_real_x,0,shifted,20,5000,18,41d56069,rct_aipw,fixed_lambda_0_omega_0,0,3.0259739784,1.08150981907,1.94446415934,1.19620158948,20,5000,0e8b179ea3d883730b25008ca1293c4c8f886aa8d5d299c03ab6ff05d0123ae6,11598,0,0,0,0,0,0,0,0,0,11.0304970747,0.206292075159,-11.1966619085,-0.471052161688,0.407028794317,0.0607788181894,-0.0328557878808,579.286211889,107.1480367,0.0018,0.328678432433,-0.0114122471981,2,871
star_real_x,0,shifted,20,5000,18,41d56069,haipw_only,restricted_omega_0,0,1.68325273133,1.08150981907,0.601742912262,0.55515740674,20,5000,0e8b179ea3d883730b25008ca1293c4c8f886aa8d5d299c03ab6ff05d0123ae6,11598,1.04281586168,0,1.04281586168,0,0,0,0,0,0,11.0304970747,0.206292075159,-11.1966619085,-0.471052161688,0.407028794317,0.0607788181894,-0.0328557878808,579.286211889,107.1480367,0.0018,0.328678432433,-0.0114122471981,2,871
star_real_x,0,shifted,20,5000,18,41d56069,ppi_power_tuned_only,restricted_lambda_0,1,3.12186739419,1.08150981907,2.04035757513,1.12661094851,20,5000,0e8b179ea3d883730b25008ca1293c4c8f886aa8d5d299c03ab6ff05d0123ae6,11598,0,-2.88311033485,0,-1.68628447179,0,0.6,0,0.6,0,11.0304970747,0.206292075159,-11.1966619085,-0.471052161688,0.407028794317,0.0607788181894,-0.0328557878808,579.286211889,107.1480367,0.0018,0.328678432433,-0.0114122471981,2,871
star_real_x,0,shifted,20,5000,18,41d56069,full_datafusionppi,joint_box_lambda_omega,1,1.79256516301,1.08150981907,0.711055343946,0.589423482331,20,5000,0e8b179ea3d883730b25008ca1293c4c8f886aa8d5d299c03ab6ff05d0123ae6,11598,1.05146889216,-1.02819344475,1.05416937791,-0.629724612336,0.4,0.4,0,0.4,0,11.0304970747,0.206292075159,-11.1966619085,-0.471052161688,0.407028794317,0.0607788181894,-0.0328557878808,579.286211889,107.1480367,0.0018,0.328678432433,-0.0114122471981,2,871
star_real_x,0,shifted,20,5000,19,cf46847f,rct_aipw,fixed_lambda_0_omega_0,0,2.27084473025,1.08150981907,1.18933491118,1.49550303631,20,5000,0e8b179ea3d883730b25008ca1293c4c8f886aa8d5d299c03ab6ff05d0123ae6,11598,0,0,0,0,0,0,0,0,0,18.7460662082,0.675117416143,-19.0521800831,-0.558960924111,1.23212539762,-0.019237104473,-0.0364874243653,475.242848591,25.337801318,0.0032,-0.0373918253874,-0.109821724197,2,917
star_real_x,0,shifted,20,5000,19,cf46847f,haipw_only,restricted_omega_0,0,2.30155225123,1.08150981907,1.22004243216,0.55111407693,20,5000,0e8b179ea3d883730b25008ca1293c4c8f886aa8d5d299c03ab6ff05d0123ae6,11598,1.03813629736,0,1.03813629736,0,0,0,0,0,0,18.7460662082,0.675117416143,-19.0521800831,-0.558960924111,1.23212539762,-0.019237104473,-0.0364874243653,475.242848591,25.337801318,0.0032,-0.0373918253874,-0.109821724197,2,917
star_real_x,0,shifted,20,5000,19,cf46847f,ppi_power_tuned_only,restricted_lambda_0,1,2.34744482184,1.08150981907,1.26593500277,1.56291608873,20,5000,0e8b179ea3d883730b25008ca1293c4c8f886aa8d5d299c03ab6ff05d0123ae6,11598,0,-0.017347004806,0,0.0130093727276,0,0.6,0,0.6,0,18.7460662082,0.675117416143,-19.0521800831,-0.558960924111,1.23212539762,-0.019237104473,-0.0364874243653,475.242848591,25.337801318,0.0032,-0.0373918253874,-0.109821724197,2,917
star_real_x,0,shifted,20,5000,19,cf46847f,full_datafusionppi,joint_box_lambda_omega,1,1.96700602955,1.08150981907,0.885496210484,0.520976773698,20,5000,0e8b179ea3d883730b25008ca1293c4c8f886aa8d5d299c03ab6ff05d0123ae6,11598,1.08476613212,1.76236637191,1.08112191835,1.51445188979,0.6,0.6,0,0.6,0,18.7460662082,0.675117416143,-19.0521800831,-0.558960924111,1.23212539762,-0.019237104473,-0.0364874243653,475.242848591,25.337801318,0.0032,-0.0373918253874,-0.109821724197,2,917
star_real_x,0,shifted,30,5000,0,0a082184,rct_aipw,fixed_lambda_0_omega_0,0,0.0571572217593,1.08150981907,-1.02435259731,0.502672764307,30,5000,0e8b179ea3d883730b25008ca1293c4c8f886aa8d5d299c03ab6ff05d0123ae6,11598,0,0,0,0,0,0,0,0,0,9.28598542741,1.15825594917,-7.50846524552,0.373069138462,-0.583479363415,0.00605277758468,-0.0457273636431,470.392971031,54.6061099916,0.0154,0.216393776724,-0.0163190935576,3,875
star_real_x,0,shifted,30,5000,0,0a082184,haipw_only,restricted_omega_0,0,0.896761365415,1.08150981907,-0.184748453652,0.551244038317,30,5000,0e8b179ea3d883730b25008ca1293c4c8f886aa8d5d299c03ab6ff05d0123ae6,11598,0.832951932397,0,0.832951932397,0,0,0,0,0,0,9.28598542741,1.15825594917,-7.50846524552,0.373069138462,-0.583479363415,0.00605277758468,-0.0457273636431,470.392971031,54.6061099916,0.0154,0.216393776724,-0.0163190935576,3,875
star_real_x,0,shifted,30,5000,0,0a082184,ppi_power_tuned_only,restricted_lambda_0,1,0.517517509676,1.08150981907,-0.563992309392,0.606179936196,30,5000,0e8b179ea3d883730b25008ca1293c4c8f886aa8d5d299c03ab6ff05d0123ae6,11598,0,0.544054992526,0,0.544054992526,0,0,0,0,0,9.28598542741,1.15825594917,-7.50846524552,0.373069138462,-0.583479363415,0.00605277758468,-0.0457273636431,470.392971031,54.6061099916,0.0154,0.216393776724,-0.0163190935576,3,875
star_real_x,0,shifted,30,5000,0,0a082184,full_datafusionppi,joint_box_lambda_omega,1,0.941255839059,1.08150981907,-0.140253980008,0.502071605077,30,5000,0e8b179ea3d883730b25008ca1293c4c8f886aa8d5d299c03ab6ff05d0123ae6,11598,0.914188800977,-0.0654634422318,0.914188800977,-0.0654634422318,0,0,0,0,0,9.28598542741,1.15825594917,-7.50846524552,0.373069138462,-0.583479363415,0.00605277758468,-0.0457273636431,470.392971031,54.6061099916,0.0154,0.216393776724,-0.0163190935576,3,875
star_real_x,0,shifted,30,5000,1,034e480f,rct_aipw,fixed_lambda_0_omega_0,0,2.23498069626,1.08150981907,1.15347087719,0.680842563602,30,5000,0e8b179ea3d883730b25008ca1293c4c8f886aa8d5d299c03ab6ff05d0123ae6,11598,0,0,0,0,0,0,0,0,0,16.4775623944,0.919589772242,-11.9981101393,-0.107555137906,0.494923181356,0.0393073075935,-0.0701042605727,466.462314243,95.4409047709,0.002,0.251082220081,-0.109254566224,5,874
star_real_x,0,shifted,30,5000,1,034e480f,haipw_only,restricted_omega_0,0,1.88508137511,1.08150981907,0.803571556045,0.280190081112,30,5000,0e8b179ea3d883730b25008ca1293c4c8f886aa8d5d299c03ab6ff05d0123ae6,11598,0.737167265496,0,0.737167265496,0,0,0,0,0,0,16.4775623944,0.919589772242,-11.9981101393,-0.107555137906,0.494923181356,0.0393073075935,-0.0701042605727,466.462314243,95.4409047709,0.002,0.251082220081,-0.109254566224,5,874
star_real_x,0,shifted,30,5000,1,034e480f,ppi_power_tuned_only,restricted_lambda_0,1,2.03676675497,1.08150981907,0.955256935903,0.703683491323,30,5000,0e8b179ea3d883730b25008ca1293c4c8f886aa8d5d299c03ab6ff05d0123ae6,11598,0,0.271116397942,0,0.271116397942,0,0,0,0,0,16.4775623944,0.919589772242,-11.9981101393,-0.107555137906,0.494923181356,0.0393073075935,-0.0701042605727,466.462314243,95.4409047709,0.002,0.251082220081,-0.109254566224,5,874
star_real_x,0,shifted,30,5000,1,034e480f,full_datafusionppi,joint_box_lambda_omega,1,1.67211992281,1.08150981907,0.590610103738,0.288351814487,30,5000,0e8b179ea3d883730b25008ca1293c4c8f886aa8d5d299c03ab6ff05d0123ae6,11598,0.779700872567,0.185669848559,0.779700872567,0.185669848559,0,0,0,0,0,16.4775623944,0.919589772242,-11.9981101393,-0.107555137906,0.494923181356,0.0393073075935,-0.0701042605727,466.462314243,95.4409047709,0.002,0.251082220081,-0.109254566224,5,874
star_real_x,0,shifted,30,5000,2,e68c3510,rct_aipw,fixed_lambda_0_omega_0,0,0.93533963185,1.08150981907,-0.146170187217,0.310183207304,30,5000,0e8b179ea3d883730b25008ca1293c4c8f886aa8d5d299c03ab6ff05d0123ae6,11598,0,0,0,0,0,0,0,0,0,11.0320533576,0.257958985269,-6.47982398033,-0.0625789348802,0.202603126331,0.00857610223414,-0.00104472909421,650.61103422,23.6781448703,0.0014,0.0200179922535,0.0262412781075,3,881
star_real_x,0,shifted,30,5000,2,e68c3510,haipw_only,restricted_omega_0,0,0.648062801544,1.08150981907,-0.433447017523,0.294385750845,30,5000,0e8b179ea3d883730b25008ca1293c4c8f886aa8d5d299c03ab6ff05d0123ae6,11598,0.557711880384,0,0.557711880384,0,0,0,0,0,0,11.0320533576,0.257958985269,-6.47982398033,-0.0625789348802,0.202603126331,0.00857610223414,-0.00104472909421,650.61103422,23.6781448703,0.0014,0.0200179922535,0.0262412781075,3,881
star_real_x,0,shifted,30,5000,2,e68c3510,ppi_power_tuned_only,restricted_lambda_0,1,0.965291570752,1.08150981907,-0.116218248315,0.318090533733,30,5000,0e8b179ea3d883730b25008ca1293c4c8f886aa8d5d299c03ab6ff05d0123ae6,11598,0,-1.08768879386,0,-1.00644083082,0,0.2,0,0.2,0,11.0320533576,0.257958985269,-6.47982398033,-0.0625789348802,0.202603126331,0.00857610223414,-0.00104472909421,650.61103422,23.6781448703,0.0014,0.0200179922535,0.0262412781075,3,881
star_real_x,0,shifted,30,5000,2,e68c3510,full_datafusionppi,joint_box_lambda_omega,1,0.648684067388,1.08150981907,-0.432825751679,0.31081937133,30,5000,0e8b179ea3d883730b25008ca1293c4c8f886aa8d5d299c03ab6ff05d0123ae6,11598,0.602990554491,-1.03599818415,0.60266638171,-0.852664797016,0.4,0.4,0,0.4,0,11.0320533576,0.257958985269,-6.47982398033,-0.0625789348802,0.202603126331,0.00857610223414,-0.00104472909421,650.61103422,23.6781448703,0.0014,0.0200179922535,0.0262412781075,3,881
star_real_x,0,shifted,30,5000,3,9e9a62c1,rct_aipw,fixed_lambda_0_omega_0,0,1.58446117339,1.08150981907,0.502951354325,0.353324482677,30,5000,0e8b179ea3d883730b25008ca1293c4c8f886aa8d5d299c03ab6ff05d0123ae6,11598,0,0,0,0,0,0,0,0,0,5.14094055475,0.0517783524635,-5.90792995266,0.0144517048206,0.0447750272548,-0.00434974067919,-0.00434974067919,633.613028043,5.52466984413,0,0.252289863615,0.252289863615,1,889
star_real_x,0,shifted,30,5000,3,9e9a62c1,haipw_only,restricted_omega_0,0,0.635731213346,1.08150981907,-0.445778605722,0.227737610273,30,5000,0e8b179ea3d883730b25008ca1293c4c8f886aa8d5d299c03ab6ff05d0123ae6,11598,1.18692802433,0,1.18692802433,0,0,0,0,0,0,5.14094055475,0.0517783524635,-5.90792995266,0.0144517048206,0.0447750272548,-0.00434974067919,-0.00434974067919,633.613028043,5.52466984413,0,0.252289863615,0.252289863615,1,889
star_real_x,0,shifted,30,5000,3,9e9a62c1,ppi_power_tuned_only,restricted_lambda_0,1,1.53832706139,1.08150981907,0.456817242322,0.366036866081,30,5000,0e8b179ea3d883730b25008ca1293c4c8f886aa8d5d299c03ab6ff05d0123ae6,11598,0,0.260866821174,0,0.0490140726849,0,0.6,0,0.6,0,5.14094055475,0.0517783524635,-5.90792995266,0.0144517048206,0.0447750272548,-0.00434974067919,-0.00434974067919,633.613028043,5.52466984413,0,0.252289863615,0.252289863615,1,889
star_real_x,0,shifted,30,5000,3,9e9a62c1,full_datafusionppi,joint_box_lambda_omega,1,0.644306077625,1.08150981907,-0.437203741442,0.243108364984,30,5000,0e8b179ea3d883730b25008ca1293c4c8f886aa8d5d299c03ab6ff05d0123ae6,11598,1.19269634583,1.11591082886,1.191380562,0.981155734169,0.4,0.4,0,0.4,0,5.14094055475,0.0517783524635,-5.90792995266,0.0144517048206,0.0447750272548,-0.00434974067919,-0.00434974067919,633.613028043,5.52466984413,0,0.252289863615,0.252289863615,1,889
star_real_x,0,shifted,30,5000,4,a947559b,rct_aipw,fixed_lambda_0_omega_0,0,1.66282274036,1.08150981907,0.581312921294,0.298651448978,30,5000,0e8b179ea3d883730b25008ca1293c4c8f886aa8d5d299c03ab6ff05d0123ae6,11598,0,0,0,0,0,0,0,0,0,7.19360959587,0.438308567425,-6.08434590377,0.448524561463,-0.626365676337,0.0408960220665,-0.0348860862871,545.967855416,54.9559051382,0.0238,0.175784948202,-0.0656507783929,4,875
star_real_x,0,shifted,30,5000,4,a947559b,haipw_only,restricted_omega_0,0,1.63021047335,1.08150981907,0.548700654285,0.191999822007,30,5000,0e8b179ea3d883730b25008ca1293c4c8f886aa8d5d299c03ab6ff05d0123ae6,11598,0.834981353326,0,0.834981353326,0,0,0,0,0,0,7.19360959587,0.438308567425,-6.08434590377,0.448524561463,-0.626365676337,0.0408960220665,-0.0348860862871,545.967855416,54.9559051382,0.0238,0.175784948202,-0.0656507783929,4,875
star_real_x,0,shifted,30,5000,4,a947559b,ppi_power_tuned_only,restricted_lambda_0,1,1.53868432609,1.08150981907,0.457174507024,0.323743867053,30,5000,0e8b179ea3d883730b25008ca1293c4c8f886aa8d5d299c03ab6ff05d0123ae6,11598,0,0.798150405175,0,0.745456709052,0,0.2,0,0.2,0,7.19360959587,0.438308567425,-6.08434590377,0.448524561463,-0.626365676337,0.0408960220665,-0.0348860862871,545.967855416,54.9559051382,0.0238,0.175784948202,-0.0656507783929,4,875
star_real_x,0,shifted,30,5000,4,a947559b,full_datafusionppi,joint_box_lambda_omega,1,1.58662492764,1.08150981907,0.505115108574,0.202482394505,30,5000,0e8b179ea3d883730b25008ca1293c4c8f886aa8d5d299c03ab6ff05d0123ae6,11598,0.845450537706,-0.114121754643,0.845450537706,-0.114121754643,0,0,0,0,0,7.19360959587,0.438308567425,-6.08434590377,0.448524561463,-0.626365676337,0.0408960220665,-0.0348860862871,545.967855416,54.9559051382,0.0238,0.175784948202,-0.0656507783929,4,875
star_real_x,0,shifted,30,5000,5,4a90bc82,rct_aipw,fixed_lambda_0_omega_0,0,0.953376284208,1.08150981907,-0.128133534859,0.470838284756,30,5000,0e8b179ea3d883730b25008ca1293c4c8f886aa8d5d299c03ab6ff05d0123ae6,11598,0,0,0,0,0,0,0,0,0,7.32953313409,0.665947981392,-7.33119976812,0.429838038092,-1.18726130207,-0.0122273957893,-0.0311741652205,573.808218681,32.9875346773,0.0048,-0.0576455521064,-0.00182269222156,3,900
star_real_x,0,shifted,30,5000,5,4a90bc82,haipw_only,restricted_omega_0,0,1.40385433533,1.08150981907,0.322344516264,0.285909259299,30,5000,0e8b179ea3d883730b25008ca1293c4c8f886aa8d5d299c03ab6ff05d0123ae6,11598,0.990510380378,0,0.990510380378,0,0,0,0,0,0,7.32953313409,0.665947981392,-7.33119976812,0.429838038092,-1.18726130207,-0.0122273957893,-0.0311741652205,573.808218681,32.9875346773,0.0048,-0.0576455521064,-0.00182269222156,3,900
star_real_x,0,shifted,30,5000,5,4a90bc82,ppi_power_tuned_only,restricted_lambda_0,1,0.596855843583,1.08150981907,-0.484653975484,0.709045795984,30,5000,0e8b179ea3d883730b25008ca1293c4c8f886aa8d5d299c03ab6ff05d0123ae6,11598,0,-0.73569428148,0,0.19626845809,0,0.2,0,0.2,0,7.32953313409,0.665947981392,-7.33119976812,0.429838038092,-1.18726130207,-0.0122273957893,-0.0311741652205,573.808218681,32.9875346773,0.0048,-0.0576455521064,-0.00182269222156,3,900
star_real_x,0,shifted,30,5000,5,4a90bc82,full_datafusionppi,joint_box_lambda_omega,1,1.2008788397,1.08150981907,0.119369020631,0.282446363626,30,5000,0e8b179ea3d883730b25008ca1293c4c8f886aa8d5d299c03ab6ff05d0123ae6,11598,1.17063413658,-1.81591747281,1.1706645575,-1.47947968865,0.4,0.4,0,0.4,0,7.32953313409,0.665947981392,-7.33119976812,0.429838038092,-1.18726130207,-0.0122273957893,-0.0311741652205,573.808218681,32.9875346773,0.0048,-0.0576455521064,-0.00182269222156,3,900
star_real_x,0,shifted,30,5000,6,c039bc5c,rct_aipw,fixed_lambda_0_omega_0,0,1.55015016396,1.08150981907,0.468640344892,0.241465860131,30,5000,0e8b179ea3d883730b25008ca1293c4c8f886aa8d5d299c03ab6ff05d0123ae6,11598,0,0,0,0,0,0,0,0,0,18.5795664135,0.0862908016612,-14.5575176984,-0.108890697124,0.0241218952776,0.00323463462384,0.00325618221446,742.502680984,3.72297237162,0.0014,-0.112818037408,-0.112780763449,3,873
star_real_x,0,shifted,30,5000,6,c039bc5c,haipw_only,restricted_omega_0,0,0.806629876212,1.08150981907,-0.274879942855,0.151589328281,30,5000,0e8b179ea3d883730b25008ca1293c4c8f886aa8d5d299c03ab6ff05d0123ae6,11598,0.812498156608,0,0.812498156608,0,0,0,0,0,0,18.5795664135,0.0862908016612,-14.5575176984,-0.108890697124,0.0241218952776,0.00323463462384,0.00325618221446,742.502680984,3.72297237162,0.0014,-0.112818037408,-0.112780763449,3,873
star_real_x,0,shifted,30,5000,6,c039bc5c,ppi_power_tuned_only,restricted_lambda_0,1,1.42117545088,1.08150981907,0.339665631814,0.248058856852,30,5000,0e8b179ea3d883730b25008ca1293c4c8f886aa8d5d299c03ab6ff05d0123ae6,11598,0,-3.27305325626,0,-0.676292979289,0,0.6,0,0.6,0,18.5795664135,0.0862908016612,-14.5575176984,-0.108890697124,0.0241218952776,0.00323463462384,0.00325618221446,742.502680984,3.72297237162,0.0014,-0.112818037408,-0.112780763449,3,873
star_real_x,0,shifted,30,5000,6,c039bc5c,full_datafusionppi,joint_box_lambda_omega,1,0.748929885395,1.08150981907,-0.332579933673,0.167483942352,30,5000,0e8b179ea3d883730b25008ca1293c4c8f886aa8d5d299c03ab6ff05d0123ae6,11598,0.84557141905,-1.14763365767,0.84557141905,-1.14763365767,0,0,0,0,0,18.5795664135,0.0862908016612,-14.5575176984,-0.108890697124,0.0241218952776,0.00323463462384,0.00325618221446,742.502680984,3.72297237162,0.0014,-0.112818037408,-0.112780763449,3,873
star_real_x,0,shifted,30,5000,7,86bc6a1e,rct_aipw,fixed_lambda_0_omega_0,0,1.35098415012,1.08150981907,0.269474331048,0.372959678767,30,5000,0e8b179ea3d883730b25008ca1293c4c8f886aa8d5d299c03ab6ff05d0123ae6,11598,0,0,0,0,0,0,0,0,0,10.2757927559,0.730051305672,-8.6895582476,-0.892855556735,1.26788061315,0.0354731395429,-0.026313621413,560.704517953,38.7107420874,0.0056,-0.0668453725325,-0.0208135076845,2,884
star_real_x,0,shifted,30,5000,7,86bc6a1e,haipw_only,restricted_omega_0,0,1.22088432592,1.08150981907,0.139374506857,0.288065255251,30,5000,0e8b179ea3d883730b25008ca1293c4c8f886aa8d5d299c03ab6ff05d0123ae6,11598,0.724573310326,0,0.724573310326,0,0,0,0,0,0,10.2757927559,0.730051305672,-8.6895582476,-0.892855556735,1.26788061315,0.0354731395429,-0.026313621413,560.704517953,38.7107420874,0.0056,-0.0668453725325,-0.0208135076845,2,884
star_real_x,0,shifted,30,5000,7,86bc6a1e,ppi_power_tuned_only,restricted_lambda_0,1,1.44318810856,1.08150981907,0.361678289491,0.377262592665,30,5000,0e8b179ea3d883730b25008ca1293c4c8f886aa8d5d299c03ab6ff05d0123ae6,11598,0,-0.551828785632,0,-0.390912442673,0,0.2,0,0.2,0,10.2757927559,0.730051305672,-8.6895582476,-0.892855556735,1.26788061315,0.0354731395429,-0.026313621413,560.704517953,38.7107420874,0.0056,-0.0668453725325,-0.0208135076845,2,884
star_real_x,0,shifted,30,5000,7,86bc6a1e,full_datafusionppi,joint_box_lambda_omega,1,1.13558426519,1.08150981907,0.0540744461241,0.28175122638,30,5000,0e8b179ea3d883730b25008ca1293c4c8f886aa8d5d299c03ab6ff05d0123ae6,11598,0.794473923718,0.776212240657,0.794473923718,0.776212240657,0,0,0,0,0,10.2757927559,0.730051305672,-8.6895582476,-0.892855556735,1.26788061315,0.0354731395429,-0.026313621413,560.704517953,38.7107420874,0.0056,-0.0668453725325,-0.0208135076845,2,884
star_real_x,0,shifted,30,5000,8,48f0ff29,rct_aipw,fixed_lambda_0_omega_0,0,1.56053951895,1.08150981907,0.479029699878,0.378755711959,30,5000,0e8b179ea3d883730b25008ca1293c4c8f886aa8d5d299c03ab6ff05d0123ae6,11598,0,0,0,0,0,0,0,0,0,8.51676564514,0.975482536914,-7.6618228006,0.259276709075,0.441762376287,0.0100361283143,-0.0308033676697,381.234630454,41.3318259132,0.1388,0.0887193361301,-0.103127084373,4,901
star_real_x,0,shifted,30,5000,8,48f0ff29,haipw_only,restricted_omega_0,0,1.61067432221,1.08150981907,0.529164503139,0.308508113903,30,5000,0e8b179ea3d883730b25008ca1293c4c8f886aa8d5d299c03ab6ff05d0123ae6,11598,1.02136671434,0,1.02136671434,0,0,0,0,0,0,8.51676564514,0.975482536914,-7.6618228006,0.259276709075,0.441762376287,0.0100361283143,-0.0308033676697,381.234630454,41.3318259132,0.1388,0.0887193361301,-0.103127084373,4,901
star_real_x,0,shifted,30,5000,8,48f0ff29,ppi_power_tuned_only,restricted_lambda_0,1,1.5379694653,1.08150981907,0.456459646236,0.363417796332,30,5000,0e8b179ea3d883730b25008ca1293c4c8f886aa8d5d299c03ab6ff05d0123ae6,11598,0,0.29576107906,0,0.29576107906,0,0,0,0,0,8.51676564514,0.975482536914,-7.6618228006,0.259276709075,0.441762376287,0.0100361283143,-0.0308033676697,381.234630454,41.3318259132,0.1388,0.0887193361301,-0.103127084373,4,901
star_real_x,0,shifted,30,5000,8,48f0ff29,full_datafusionppi,joint_box_lambda_omega,1,1.30891730434,1.08150981907,0.22740748527,0.328498318131,30,5000,0e8b179ea3d883730b25008ca1293c4c8f886aa8d5d299c03ab6ff05d0123ae6,11598,1.09146310331,0.758767438466,1.08282179761,0.694849389214,0.2,0.2,0,0.2,0,8.51676564514,0.975482536914,-7.6618228006,0.259276709075,0.441762376287,0.0100361283143,-0.0308033676697,381.234630454,41.3318259132,0.1388,0.0887193361301,-0.103127084373,4,901
star_real_x,0,shifted,30,5000,9,8766ba4f,rct_aipw,fixed_lambda_0_omega_0,0,0.262754343036,1.08150981907,-0.818755476031,0.308544451507,30,5000,0e8b179ea3d883730b25008ca1293c4c8f886aa8d5d299c03ab6ff05d0123ae6,11598,0,0,0,0,0,0,0,0,0,1.94461018567,0.0625352953275,-2.230008085,0.253751864383,-0.0473083395801,0.00186986492642,0.00199874134278,594.425624727,4.15960601457,0.0148,0.107497881588,0.107676446839,3,896
star_real_x,0,shifted,30,5000,9,8766ba4f,haipw_only,restricted_omega_0,0,-0.0428098028211,1.08150981907,-1.12431962189,0.212048724194,30,5000,0e8b179ea3d883730b25008ca1293c4c8f886aa8d5d299c03ab6ff05d0123ae6,11598,1.08175334082,0,1.08175334082,0,0,0,0,0,0,1.94461018567,0.0625352953275,-2.230008085,0.253751864383,-0.0473083395801,0.00186986492642,0.00199874134278,594.425624727,4.15960601457,0.0148,0.107497881588,0.107676446839,3,896
star_real_x,0,shifted,30,5000,9,8766ba4f,ppi_power_tuned_only,restricted_lambda_0,1,0.274579874261,1.08150981907,-0.806929944806,0.279685403739,30,5000,0e8b179ea3d883730b25008ca1293c4c8f886aa8d5d299c03ab6ff05d0123ae6,11598,0,4.39738306025,0,2,0,1,0,1,0,1.94461018567,0.0625352953275,-2.230008085,0.253751864383,-0.0473083395801,0.00186986492642,0.00199874134278,594.425624727,4.15960601457,0.0148,0.107497881588,0.107676446839,3,896
star_real_x,0,shifted,30,5000,9,8766ba4f,full_datafusionppi,joint_box_lambda_omega,1,-0.00849613902408,1.08150981907,-1.09000595809,0.191456623534,30,5000,0e8b179ea3d883730b25008ca1293c4c8f886aa8d5d299c03ab6ff05d0123ae6,11598,1.06197822539,2.95601729502,1.0560094983,1.94672097544,0.8,0.8,0,0.8,0,1.94461018567,0.0625352953275,-2.230008085,0.253751864383,-0.0473083395801,0.00186986492642,0.00199874134278,594.425624727,4.15960601457,0.0148,0.107497881588,0.107676446839,3,896
star_real_x,0,shifted,30,5000,10,8e0be307,rct_aipw,fixed_lambda_0_omega_0,0,0.00564756333291,1.08150981907,-1.07586225573,0.892496789593,30,5000,0e8b179ea3d883730b25008ca1293c4c8f886aa8d5d299c03ab6ff05d0123ae6,11598,0,0,0,0,0,0,0,0,0,11.2428741034,1.06856833363,-7.96619940087,0.908592016416,-1.65431946025,-0.00717194494839,-0.0237887177682,478.010040141,28.1175458583,0.0124,0.106280670351,0.0895599220314,4,884
star_real_x,0,shifted,30,5000,10,8e0be307,haipw_only,restricted_omega_0,0,0.97616981817,1.08150981907,-0.105340000897,0.308335273554,30,5000,0e8b179ea3d883730b25008ca1293c4c8f886aa8d5d299c03ab6ff05d0123ae6,11598,0.788148624341,0,0.788148624341,0,0,0,0,0,0,11.2428741034,1.06856833363,-7.96619940087,0.908592016416,-1.65431946025,-0.00717194494839,-0.0237887177682,478.010040141,28.1175458583,0.0124,0.106280670351,0.0895599220314,4,884
star_real_x,0,shifted,30,5000,10,8e0be307,ppi_power_tuned_only,restricted_lambda_0,1,0.238628183788,1.08150981907,-0.842881635279,0.868867677379,30,5000,0e8b179ea3d883730b25008ca1293c4c8f886aa8d5d299c03ab6ff05d0123ae6,11598,0,1.20452911063,0,1.04564904665,0,0.2,0,0.2,0,11.2428741034,1.06856833363,-7.96619940087,0.908592016416,-1.65431946025,-0.00717194494839,-0.0237887177682,478.010040141,28.1175458583,0.0124,0.106280670351,0.0895599220314,4,884
star_real_x,0,shifted,30,5000,10,8e0be307,full_datafusionppi,joint_box_lambda_omega,1,1.3458217987,1.08150981907,0.264311979634,0.389640795361,30,5000,0e8b179ea3d883730b25008ca1293c4c8f886aa8d5d299c03ab6ff05d0123ae6,11598,0.833579383337,0.136069746594,0.833579383337,0.136069746594,0,0,0,0,0,11.2428741034,1.06856833363,-7.96619940087,0.908592016416,-1.65431946025,-0.00717194494839,-0.0237887177682,478.010040141,28.1175458583,0.0124,0.106280670351,0.0895599220314,4,884
star_real_x,0,shifted,30,5000,11,92c73155,rct_aipw,fixed_lambda_0_omega_0,0,1.35888282312,1.08150981907,0.277373004052,0.345749550427,30,5000,0e8b179ea3d883730b25008ca1293c4c8f886aa8d5d299c03ab6ff05d0123ae6,11598,0,0,0,0,0,0,0,0,0,12.1568185142,0.150505958235,-8.58652908763,0.106616482319,-0.506218379433,-0.000945809128223,-0.000895334538341,561.01309013,12.6778155801,0.0036,-0.0334511366325,-0.0335124091568,3,864
star_real_x,0,shifted,30,5000,11,92c73155,haipw_only,restricted_omega_0,0,1.39480994677,1.08150981907,0.313300127699,0.203888796994,30,5000,0e8b179ea3d883730b25008ca1293c4c8f886aa8d5d299c03ab6ff05d0123ae6,11598,0.597274540673,0,0.597274540673,0,0,0,0,0,0,12.1568185142,0.150505958235,-8.58652908763,0.106616482319,-0.506218379433,-0.000945809128223,-0.000895334538341,561.01309013,12.6778155801,0.0036,-0.0334511366325,-0.0335124091568,3,864
star_real_x,0,shifted,30,5000,11,92c73155,ppi_power_tuned_only,restricted_lambda_0,1,1.27788697552,1.08150981907,0.196377156458,0.366374205155,30,5000,0e8b179ea3d883730b25008ca1293c4c8f886aa8d5d299c03ab6ff05d0123ae6,11598,0,1.78015754342,0,0.434570639915,0,0.4,0,0.4,0,12.1568185142,0.150505958235,-8.58652908763,0.106616482319,-0.506218379433,-0.000945809128223,-0.000895334538341,561.01309013,12.6778155801,0.0036,-0.0334511366325,-0.0335124091568,3,864
star_real_x,0,shifted,30,5000,11,92c73155,full_datafusionppi,joint_box_lambda_omega,1,1.34303207184,1.08150981907,0.261522252773,0.199749098674,30,5000,0e8b179ea3d883730b25008ca1293c4c8f886aa8d5d299c03ab6ff05d0123ae6,11598,0.705855168,-1.66727582966,0.699457169492,-1.36526431706,0.4,0.4,0,0.4,0,12.1568185142,0.150505958235,-8.58652908763,0.106616482319,-0.506218379433,-0.000945809128223,-0.000895334538341,561.01309013,12.6778155801,0.0036,-0.0334511366325,-0.0335124091568,3,864
star_real_x,0,shifted,30,5000,12,bfba282a,rct_aipw,fixed_lambda_0_omega_0,0,0.0766686109935,1.08150981907,-1.00484120807,0.632929579064,30,5000,0e8b179ea3d883730b25008ca1293c4c8f886aa8d5d299c03ab6ff05d0123ae6,11598,0,0,0,0,0,0,0,0,0,7.26011418016,0.700411836421,-7.22969729996,0.596037600984,-1.19468331625,-0.00302009183696,-0.0150381452346,656.802052515,25.1922336055,0.0008,0.00692189014368,0.0428056916148,3,858
star_real_x,0,shifted,30,5000,12,bfba282a,haipw_only,restricted_omega_0,0,0.56619501101,1.08150981907,-0.515314808057,0.427402355033,30,5000,0e8b179ea3d883730b25008ca1293c4c8f886aa8d5d299c03ab6ff05d0123ae6,11598,0.935135559082,0,0.935135559082,0,0,0,0,0,0,7.26011418016,0.700411836421,-7.22969729996,0.596037600984,-1.19468331625,-0.00302009183696,-0.0150381452346,656.802052515,25.1922336055,0.0008,0.00692189014368,0.0428056916148,3,858
star_real_x,0,shifted,30,5000,12,bfba282a,ppi_power_tuned_only,restricted_lambda_0,1,0.254062791515,1.08150981907,-0.827447027552,0.645396766397,30,5000,0e8b179ea3d883730b25008ca1293c4c8f886aa8d5d299c03ab6ff05d0123ae6,11598,0,1.24872455346,0,1.06586343309,0,0.2,0,0.2,0,7.26011418016,0.700411836421,-7.22969729996,0.596037600984,-1.19468331625,-0.00302009183696,-0.0150381452346,656.802052515,25.1922336055,0.0008,0.00692189014368,0.0428056916148,3,858
star_real_x,0,shifted,30,5000,12,bfba282a,full_datafusionppi,joint_box_lambda_omega,1,0.835064501925,1.08150981907,-0.246445317142,0.535665361881,30,5000,0e8b179ea3d883730b25008ca1293c4c8f886aa8d5d299c03ab6ff05d0123ae6,11598,1.08334935847,-0.48161351358,1.08334935847,-0.48161351358,0,0,0,0,0,7.26011418016,0.700411836421,-7.22969729996,0.596037600984,-1.19468331625,-0.00302009183696,-0.0150381452346,656.802052515,25.1922336055,0.0008,0.00692189014368,0.0428056916148,3,858
star_real_x,0,shifted,30,5000,13,c7f4f8c8,rct_aipw,fixed_lambda_0_omega_0,0,0.746871053756,1.08150981907,-0.334638765311,0.174747266932,30,5000,0e8b179ea3d883730b25008ca1293c4c8f886aa8d5d299c03ab6ff05d0123ae6,11598,0,0,0,0,0,0,0,0,0,2.63539048755,0.101488091235,-1.60389904435,-0.117824403928,0.16589256195,-0.00451998266263,-0.00719788976551,629.802144995,15.9138935063,0.0032,0.257301135511,0.256483683058,4,880
star_real_x,0,shifted,30,5000,13,c7f4f8c8,haipw_only,restricted_omega_0,0,0.892753656493,1.08150981907,-0.188756162574,0.143544170458,30,5000,0e8b179ea3d883730b25008ca1293c4c8f886aa8d5d299c03ab6ff05d0123ae6,11598,0.610843016257,0,0.610843016257,0,0,0,0,0,0,2.63539048755,0.101488091235,-1.60389904435,-0.117824403928,0.16589256195,-0.00451998266263,-0.00719788976551,629.802144995,15.9138935063,0.0032,0.257301135511,0.256483683058,4,880
star_real_x,0,shifted,30,5000,13,c7f4f8c8,ppi_power_tuned_only,restricted_lambda_0,1,0.802718763231,1.08150981907,-0.278791055836,0.176486472433,30,5000,0e8b179ea3d883730b25008ca1293c4c8f886aa8d5d299c03ab6ff05d0123ae6,11598,0,-0.839647566071,0,-0.839647566071,0,0,0,0,0,2.63539048755,0.101488091235,-1.60389904435,-0.117824403928,0.16589256195,-0.00451998266263,-0.00719788976551,629.802144995,15.9138935063,0.0032,0.257301135511,0.256483683058,4,880
star_real_x,0,shifted,30,5000,13,c7f4f8c8,full_datafusionppi,joint_box_lambda_omega,1,0.91812931335,1.08150981907,-0.163380505717,0.146231572305,30,5000,0e8b179ea3d883730b25008ca1293c4c8f886aa8d5d299c03ab6ff05d0123ae6,11598,0.595863324913,0.0107169025725,0.595863324913,0.0107169025725,0,0,0,0,0,2.63539048755,0.101488091235,-1.60389904435,-0.117824403928,0.16589256195,-0.00451998266263,-0.00719788976551,629.802144995,15.9138935063,0.0032,0.257301135511,0.256483683058,4,880
star_real_x,0,shifted,30,5000,14,aebc72f3,rct_aipw,fixed_lambda_0_omega_0,0,-0.108481030691,1.08150981907,-1.18999084976,0.257293810309,30,5000,0e8b179ea3d883730b25008ca1293c4c8f886aa8d5d299c03ab6ff05d0123ae6,11598,0,0,0,0,0,0,0,0,0,2.51519629858,0.0736255146106,-1.75938353649,0.0212275921849,-0.00407617949361,0.000964103489812,0.000604396962685,634.96949289,13.8980726457,0.0014,-0.0634794036865,-0.0640443013392,3,893
star_real_x,0,shifted,30,5000,14,aebc72f3,haipw_only,restricted_omega_0,0,0.0746018776328,1.08150981907,-1.00690794143,0.222735748724,30,5000,0e8b179ea3d883730b25008ca1293c4c8f886aa8d5d299c03ab6ff05d0123ae6,11598,0.634091053217,0,0.634091053217,0,0,0,0,0,0,2.51519629858,0.0736255146106,-1.75938353649,0.0212275921849,-0.00407617949361,0.000964103489812,0.000604396962685,634.96949289,13.8980726457,0.0014,-0.0634794036865,-0.0640443013392,3,893
star_real_x,0,shifted,30,5000,14,aebc72f3,ppi_power_tuned_only,restricted_lambda_0,1,-0.103901372038,1.08150981907,-1.1854111911,0.249456958565,30,5000,0e8b179ea3d883730b25008ca1293c4c8f886aa8d5d299c03ab6ff05d0123ae6,11598,0,1.2028857709,0,0.813817533292,0,0.4,0,0.4,0,2.51519629858,0.0736255146106,-1.75938353649,0.0212275921849,-0.00407617949361,0.000964103489812,0.000604396962685,634.96949289,13.8980726457,0.0014,-0.0634794036865,-0.0640443013392,3,893
star_real_x,0,shifted,30,5000,14,aebc72f3,full_datafusionppi,joint_box_lambda_omega,1,0.0636981722287,1.08150981907,-1.01781164684,0.222363366858,30,5000,0e8b179ea3d883730b25008ca1293c4c8f886aa8d5d299c03ab6ff05d0123ae6,11598,0.591120583821,0.93997515746,0.591120583821,0.93997515746,0,0,0,0,0,2.51519629858,0.0736255146106,-1.75938353649,0.0212275921849,-0.00407617949361,0.000964103489812,0.000604396962685,634.96949289,13.8980726457,0.0014,-0.0634794036865,-0.0640443013392,3,893
star_real_x,0,shifted,30,5000,15,a32a9d92,rct_aipw,fixed_lambda_0_omega_0,0,0.979305434239,1.08150981907,-0.102204384828,0.325223039619,30,5000,0e8b179ea3d883730b25008ca1293c4c8f886aa8d5d299c03ab6ff05d0123ae6,11598,0,0,0,0,0,0,0,0,0,12.4046244639,0.761615072562,-8.29875252529,-0.88732563929,1.94874878724,0.0339298566302,-0.0102381671315,445.713143076,47.9666224426,0.0352,0.143444073889,0.180211042146,4,899
star_real_x,0,shifted,30,5000,15,a32a9d92,haipw_only,restricted_omega_0,0,0.891236939743,1.08150981907,-0.190272879324,0.113862796245,30,5000,0e8b179ea3d883730b25008ca1293c4c8f886aa8d5d299c03ab6ff05d0123ae6,11598,0.664351016341,0,0.664351016341,0,0,0,0,0,0,12.4046244639,0.761615072562,-8.29875252529,-0.88732563929,1.94874878724,0.0339298566302,-0.0102381671315,445.713143076,47.9666224426,0.0352,0.143444073889,0.180211042146,4,899
star_real_x,0,shifted,30,5000,15,a32a9d92,ppi_power_tuned_only,restricted_lambda_0,1,0.783015963098,1.08150981907,-0.298493855969,0.357137779451,30,5000,0e8b179ea3d883730b25008ca1293c4c8f886aa8d5d299c03ab6ff05d0123ae6,11598,0,-1.33094630916,0,-1.27420834795,0,0.2,0,0.2,0,12.4046244639,0.761615072562,-8.29875252529,-0.88732563929,1.94874878724,0.0339298566302,-0.0102381671315,445.713143076,47.9666224426,0.0352,0.143444073889,0.180211042146,4,899
star_real_x,0,shifted,30,5000,15,a32a9d92,full_datafusionppi,joint_box_lambda_omega,1,0.946817697827,1.08150981907,-0.13469212124,0.0910265968296,30,5000,0e8b179ea3d883730b25008ca1293c4c8f886aa8d5d299c03ab6ff05d0123ae6,11598,0.833033510799,0.98290853102,0.833033510799,0.98290853102,0,0,0,0,0,12.4046244639,0.761615072562,-8.29875252529,-0.88732563929,1.94874878724,0.0339298566302,-0.0102381671315,445.713143076,47.9666224426,0.0352,0.143444073889,0.180211042146,4,899
star_real_x,0,shifted,30,5000,16,0090cbef,rct_aipw,fixed_lambda_0_omega_0,0,1.30852117161,1.08150981907,0.227011352547,0.217967296908,30,5000,0e8b179ea3d883730b25008ca1293c4c8f886aa8d5d299c03ab6ff05d0123ae6,11598,0,0,0,0,0,0,0,0,0,10.8134039893,0.709540253455,-9.27148876877,-0.920794994692,1.42794793304,0.015725353015,-0.0464124971191,485.750218137,45.4541409762,0.0026,-0.0241647373579,-0.0832657020193,3,889
star_real_x,0,shifted,30,5000,16,0090cbef,haipw_only,restricted_omega_0,0,1.08908836028,1.08150981907,0.00757854120933,0.180931598819,30,5000,0e8b179ea3d883730b25008ca1293c4c8f886aa8d5d299c03ab6ff05d0123ae6,11598,0.861770804532,0,0.861770804532,0,0,0,0,0,0,10.8134039893,0.709540253455,-9.27148876877,-0.920794994692,1.42794793304,0.015725353015,-0.0464124971191,485.750218137,45.4541409762,0.0026,-0.0241647373579,-0.0832657020193,3,889
star_real_x,0,shifted,30,5000,16,0090cbef,ppi_power_tuned_only,restricted_lambda_0,1,1.04427312735,1.08150981907,-0.0372366917121,0.363509211876,30,5000,0e8b179ea3d883730b25008ca1293c4c8f886aa8d5d299c03ab6ff05d0123ae6,11598,0,-1.35498529647,0,-1.07181045968,0,0.2,0,0.2,0,10.8134039893,0.709540253455,-9.27148876877,-0.920794994692,1.42794793304,0.015725353015,-0.0464124971191,485.750218137,45.4541409762,0.0026,-0.0241647373579,-0.0832657020193,3,889
star_real_x,0,shifted,30,5000,16,0090cbef,full_datafusionppi,joint_box_lambda_omega,1,1.1577858361,1.08150981907,0.0762760170342,0.182083397172,30,5000,0e8b179ea3d883730b25008ca1293c4c8f886aa8d5d299c03ab6ff05d0123ae6,11598,0.943988235777,0.716603131313,0.943988235777,0.716603131313,0,0,0,0,0,10.8134039893,0.709540253455,-9.27148876877,-0.920794994692,1.42794793304,0.015725353015,-0.0464124971191,485.750218137,45.4541409762,0.0026,-0.0241647373579,-0.0832657020193,3,889
star_real_x,0,shifted,30,5000,17,6dcd3067,rct_aipw,fixed_lambda_0_omega_0,0,0.534928386458,1.08150981907,-0.546581432609,0.184070160377,30,5000,0e8b179ea3d883730b25008ca1293c4c8f886aa8d5d299c03ab6ff05d0123ae6,11598,0,0,0,0,0,0,0,0,0,8.9455898227,1.00982431913,-3.25253489584,-0.739888377766,1.83209682616,0.050910287243,-0.0242687391119,454.800768444,52.1211370822,0.006,0.0840805338368,-0.110879563855,2,913
star_real_x,0,shifted,30,5000,17,6dcd3067,haipw_only,restricted_omega_0,0,0.592601900744,1.08150981907,-0.488907918323,0.157253657161,30,5000,0e8b179ea3d883730b25008ca1293c4c8f886aa8d5d299c03ab6ff05d0123ae6,11598,0.378751098503,0,0.378751098503,0,0,0,0,0,0,8.9455898227,1.00982431913,-3.25253489584,-0.739888377766,1.83209682616,0.050910287243,-0.0242687391119,454.800768444,52.1211370822,0.006,0.0840805338368,-0.110879563855,2,913
star_real_x,0,shifted,30,5000,17,6dcd3067,ppi_power_tuned_only,restricted_lambda_0,1,0.675634415226,1.08150981907,-0.405875403841,0.167349690906,30,5000,0e8b179ea3d883730b25008ca1293c4c8f886aa8d5d299c03ab6ff05d0123ae6,11598,0,-0.65928604103,0,-0.65928604103,0,0,0,0,0,8.9455898227,1.00982431913,-3.25253489584,-0.739888377766,1.83209682616,0.050910287243,-0.0242687391119,454.800768444,52.1211370822,0.006,0.0840805338368,-0.110879563855,2,913
star_real_x,0,shifted,30,5000,17,6dcd3067,full_datafusionppi,joint_box_lambda_omega,1,0.68743528907,1.08150981907,-0.394074529997,0.167342230699,30,5000,0e8b179ea3d883730b25008ca1293c4c8f886aa8d5d299c03ab6ff05d0123ae6,11598,0.344406844318,-0.254453230587,0.344406844318,-0.254453230587,0,0,0,0,0,8.9455898227,1.00982431913,-3.25253489584,-0.739888377766,1.83209682616,0.050910287243,-0.0242687391119,454.800768444,52.1211370822,0.006,0.0840805338368,-0.110879563855,2,913
star_real_x,0,shifted,30,5000,18,b7d7a218,rct_aipw,fixed_lambda_0_omega_0,0,1.14695006442,1.08150981907,0.065440245355,0.365366382066,30,5000,0e8b179ea3d883730b25008ca1293c4c8f886aa8d5d299c03ab6ff05d0123ae6,11598,0,0,0,0,0,0,0,0,0,8.42437025312,0.31184070512,-7.59199891999,-0.310353291625,0.177103902508,0.00367432858593,-0.00527019694394,620.316459988,22.3868639163,0.0012,-0.039866491002,-0.0570293857085,3,880
star_real_x,0,shifted,30,5000,18,b7d7a218,haipw_only,restricted_omega_0,0,1.48607040089,1.08150981907,0.404560581825,0.204450743476,30,5000,0e8b179ea3d883730b25008ca1293c4c8f886aa8d5d299c03ab6ff05d0123ae6,11598,0.922691193259,0,0.922691193259,0,0,0,0,0,0,8.42437025312,0.31184070512,-7.59199891999,-0.310353291625,0.177103902508,0.00367432858593,-0.00527019694394,620.316459988,22.3868639163,0.0012,-0.039866491002,-0.0570293857085,3,880
star_real_x,0,shifted,30,5000,18,b7d7a218,ppi_power_tuned_only,restricted_lambda_0,1,1.25532673161,1.08150981907,0.17381691254,0.376726133924,30,5000,0e8b179ea3d883730b25008ca1293c4c8f886aa8d5d299c03ab6ff05d0123ae6,11598,0,-1.1924226336,0,-1.02117518175,0,0.2,0,0.2,0,8.42437025312,0.31184070512,-7.59199891999,-0.310353291625,0.177103902508,0.00367432858593,-0.00527019694394,620.316459988,22.3868639163,0.0012,-0.039866491002,-0.0570293857085,3,880
star_real_x,0,shifted,30,5000,18,b7d7a218,full_datafusionppi,joint_box_lambda_omega,1,1.5033343122,1.08150981907,0.421824493129,0.25003999093,30,5000,0e8b179ea3d883730b25008ca1293c4c8f886aa8d5d299c03ab6ff05d0123ae6,11598,1.05447580843,-0.134926471337,1.03361579109,-0.00121803503358,0.4,0.4,0,0.4,0,8.42437025312,0.31184070512,-7.59199891999,-0.310353291625,0.177103902508,0.00367432858593,-0.00527019694394,620.316459988,22.3868639163,0.0012,-0.039866491002,-0.0570293857085,3,880
star_real_x,0,shifted,30,5000,19,869d45cd,rct_aipw,fixed_lambda_0_omega_0,0,1.17147812322,1.08150981907,0.0899683041564,0.468640753835,30,5000,0e8b179ea3d883730b25008ca1293c4c8f886aa8d5d299c03ab6ff05d0123ae6,11598,0,0,0,0,0,0,0,0,0,12.6578679485,1.24753729729,-12.0393197515,-1.65197342752,1.12852487712,0.0087100508402,-0.035916421662,475.73453081,40.2048728443,0.0018,-0.151267487617,-0.0202276889355,3,898
star_real_x,0,shifted,30,5000,19,869d45cd,haipw_only,restricted_omega_0,0,0.652798448257,1.08150981907,-0.42871137081,0.266685311923,30,5000,0e8b179ea3d883730b25008ca1293c4c8f886aa8d5d299c03ab6ff05d0123ae6,11598,0.990097931987,0,0.990097931987,0,0,0,0,0,0,12.6578679485,1.24753729729,-12.0393197515,-1.65197342752,1.12852487712,0.0087100508402,-0.035916421662,475.73453081,40.2048728443,0.0018,-0.151267487617,-0.0202276889355,3,898
star_real_x,0,shifted,30,5000,19,869d45cd,ppi_power_tuned_only,restricted_lambda_0,1,1.21980274511,1.08150981907,0.138292926043,0.561002276428,30,5000,0e8b179ea3d883730b25008ca1293c4c8f886aa8d5d299c03ab6ff05d0123ae6,11598,0,-1.24671174546,0,-1.06894453058,0,0.2,0,0.2,0,12.6578679485,1.24753729729,-12.0393197515,-1.65197342752,1.12852487712,0.0087100508402,-0.035916421662,475.73453081,40.2048728443,0.0018,-0.151267487617,-0.0202276889355,3,898
star_real_x,0,shifted,30,5000,19,869d45cd,full_datafusionppi,joint_box_lambda_omega,1,0.617448377858,1.08150981907,-0.464061441209,0.389229627156,30,5000,0e8b179ea3d883730b25008ca1293c4c8f886aa8d5d299c03ab6ff05d0123ae6,11598,1.00650150129,-0.522584315298,1.00650150129,-0.522584315298,0,0,0,0,0,12.6578679485,1.24753729729,-12.0393197515,-1.65197342752,1.12852487712,0.0087100508402,-0.035916421662,475.73453081,40.2048728443,0.0018,-0.151267487617,-0.0202276889355,3,898
